season,month,age_group,budget_level,outdoor_preferred,city_context,event_type,indoor_outdoor,title,description,suggested_location,requires_authorization,price,relevance_label
PRINTEMPS,MARCH,2-3 ans,HIGH,True,Tunis,SORTIE,OUTDOOR,Sortie decouverte au Parc du Belvedere,"Activite encadree avec decouverte, observation et temps de repos adaptes aux enfants.","Parc du Belvedere, Tunis, Tunisie",True,19.1,HIGH
PRINTEMPS,MARCH,2-3 ans,HIGH,True,Tunis,SORTIE,OUTDOOR,Visite educative a la Cite des Sciences,"Activite encadree avec decouverte, observation et temps de repos adaptes aux enfants.","Cite des Sciences, Tunis, Tunisie",True,20.8,HIGH
PRINTEMPS,MARCH,2-3 ans,LOW,True,Tunis,SORTIE,OUTDOOR,Visite marine au Musee Oceanographique,"Activite encadree avec decouverte, observation et temps de repos adaptes aux enfants.","Musee Oceanographique de Salammbô, La Goulette, Tunisie",True,4.8,HIGH
PRINTEMPS,MARCH,2-3 ans,LOW,True,Tunis,SORTIE,OUTDOOR,Balade sensorielle au Jardin Japonais,"Activite encadree avec decouverte, observation et temps de repos adaptes aux enfants.","Jardin Japonais, Tunis, Tunisie",True,8.1,HIGH
PRINTEMPS,MARCH,4-5 ans,HIGH,True,Tunis,SORTIE,OUTDOOR,Sortie decouverte au Parc du Belvedere,"Activite encadree avec decouverte, observation et temps de repos adaptes aux enfants.","Parc du Belvedere, Tunis, Tunisie",True,18.9,HIGH
PRINTEMPS,MARCH,4-5 ans,MEDIUM,True,Tunis,SORTIE,OUTDOOR,Visite educative a la Cite des Sciences,"Activite encadree avec decouverte, observation et temps de repos adaptes aux enfants.","Cite des Sciences, Tunis, Tunisie",True,10.3,HIGH
PRINTEMPS,MARCH,4-5 ans,LOW,True,Tunis,SORTIE,OUTDOOR,Visite marine au Musee Oceanographique,"Activite encadree avec decouverte, observation et temps de repos adaptes aux enfants.","Musee Oceanographique de Salammbô, La Goulette, Tunisie",True,5.3,HIGH
PRINTEMPS,MARCH,4-5 ans,HIGH,True,Tunis,SORTIE,OUTDOOR,Balade sensorielle au Jardin Japonais,"Activite encadree avec decouverte, observation et temps de repos adaptes aux enfants.","Jardin Japonais, Tunis, Tunisie",True,24.0,HIGH
PRINTEMPS,MARCH,2-6 ans,HIGH,True,Tunis,SORTIE,OUTDOOR,Sortie decouverte au Parc du Belvedere,"Activite encadree avec decouverte, observation et temps de repos adaptes aux enfants.","Parc du Belvedere, Tunis, Tunisie",True,20.0,HIGH
PRINTEMPS,MARCH,2-6 ans,HIGH,True,Tunis,SORTIE,OUTDOOR,Visite educative a la Cite des Sciences,"Activite encadree avec decouverte, observation et temps de repos adaptes aux enfants.","Cite des Sciences, Tunis, Tunisie",True,25.0,HIGH
PRINTEMPS,MARCH,2-6 ans,MEDIUM,True,Tunis,SORTIE,OUTDOOR,Visite marine au Musee Oceanographique,"Activite encadree avec decouverte, observation et temps de repos adaptes aux enfants.","Musee Oceanographique de Salammbô, La Goulette, Tunisie",True,11.8,HIGH
PRINTEMPS,MARCH,2-6 ans,HIGH,True,Tunis,SORTIE,OUTDOOR,Balade sensorielle au Jardin Japonais,"Activite encadree avec decouverte, observation et temps de repos adaptes aux enfants.","Jardin Japonais, Tunis, Tunisie",True,20.8,HIGH
PRINTEMPS,APRIL,2-3 ans,LOW,True,Tunis,SORTIE,OUTDOOR,Sortie decouverte au Parc du Belvedere,"Activite encadree avec decouverte, observation et temps de repos adaptes aux enfants.","Parc du Belvedere, Tunis, Tunisie",True,8.6,HIGH
PRINTEMPS,APRIL,2-3 ans,LOW,True,Tunis,SORTIE,OUTDOOR,Visite educative a la Cite des Sciences,"Activite encadree avec decouverte, observation et temps de repos adaptes aux enfants.","Cite des Sciences, Tunis, Tunisie",True,8.2,HIGH
PRINTEMPS,APRIL,2-3 ans,MEDIUM,True,Tunis,SORTIE,OUTDOOR,Visite marine au Musee Oceanographique,"Activite encadree avec decouverte, observation et temps de repos adaptes aux enfants.","Musee Oceanographique de Salammbô, La Goulette, Tunisie",True,12.2,HIGH
PRINTEMPS,APRIL,2-3 ans,LOW,True,Tunis,SORTIE,OUTDOOR,Balade sensorielle au Jardin Japonais,"Activite encadree avec decouverte, observation et temps de repos adaptes aux enfants.","Jardin Japonais, Tunis, Tunisie",True,9.7,HIGH
PRINTEMPS,APRIL,4-5 ans,MEDIUM,True,Tunis,SORTIE,OUTDOOR,Sortie decouverte au Parc du Belvedere,"Activite encadree avec decouverte, observation et temps de repos adaptes aux enfants.","Parc du Belvedere, Tunis, Tunisie",True,10.8,HIGH
PRINTEMPS,APRIL,4-5 ans,MEDIUM,True,Tunis,SORTIE,OUTDOOR,Visite educative a la Cite des Sciences,"Activite encadree avec decouverte, observation et temps de repos adaptes aux enfants.","Cite des Sciences, Tunis, Tunisie",True,10.8,HIGH
PRINTEMPS,APRIL,4-5 ans,MEDIUM,True,Tunis,SORTIE,OUTDOOR,Visite marine au Musee Oceanographique,"Activite encadree avec decouverte, observation et temps de repos adaptes aux enfants.","Musee Oceanographique de Salammbô, La Goulette, Tunisie",True,14.8,HIGH
PRINTEMPS,APRIL,4-5 ans,LOW,True,Tunis,SORTIE,OUTDOOR,Balade sensorielle au Jardin Japonais,"Activite encadree avec decouverte, observation et temps de repos adaptes aux enfants.","Jardin Japonais, Tunis, Tunisie",True,8.4,HIGH
PRINTEMPS,APRIL,2-6 ans,HIGH,True,Tunis,SORTIE,OUTDOOR,Sortie decouverte au Parc du Belvedere,"Activite encadree avec decouverte, observation et temps de repos adaptes aux enfants.","Parc du Belvedere, Tunis, Tunisie",True,19.2,HIGH
PRINTEMPS,APRIL,2-6 ans,MEDIUM,True,Tunis,SORTIE,OUTDOOR,Visite educative a la Cite des Sciences,"Activite encadree avec decouverte, observation et temps de repos adaptes aux enfants.","Cite des Sciences, Tunis, Tunisie",True,10.6,HIGH
PRINTEMPS,APRIL,2-6 ans,MEDIUM,True,Tunis,SORTIE,OUTDOOR,Visite marine au Musee Oceanographique,"Activite encadree avec decouverte, observation et temps de repos adaptes aux enfants.","Musee Oceanographique de Salammbô, La Goulette, Tunisie",True,16.6,HIGH
PRINTEMPS,APRIL,2-6 ans,HIGH,True,Tunis,SORTIE,OUTDOOR,Balade sensorielle au Jardin Japonais,"Activite encadree avec decouverte, observation et temps de repos adaptes aux enfants.","Jardin Japonais, Tunis, Tunisie",True,26.9,HIGH
PRINTEMPS,MAY,2-3 ans,MEDIUM,True,Tunis,SORTIE,OUTDOOR,Sortie decouverte au Parc du Belvedere,"Activite encadree avec decouverte, observation et temps de repos adaptes aux enfants.","Parc du Belvedere, Tunis, Tunisie",True,14.6,HIGH
PRINTEMPS,MAY,2-3 ans,HIGH,True,Tunis,SORTIE,OUTDOOR,Visite educative a la Cite des Sciences,"Activite encadree avec decouverte, observation et temps de repos adaptes aux enfants.","Cite des Sciences, Tunis, Tunisie",True,18.7,HIGH
PRINTEMPS,MAY,2-3 ans,HIGH,True,Tunis,SORTIE,OUTDOOR,Visite marine au Musee Oceanographique,"Activite encadree avec decouverte, observation et temps de repos adaptes aux enfants.","Musee Oceanographique de Salammbô, La Goulette, Tunisie",True,20.3,HIGH
PRINTEMPS,MAY,2-3 ans,MEDIUM,True,Tunis,SORTIE,OUTDOOR,Balade sensorielle au Jardin Japonais,"Activite encadree avec decouverte, observation et temps de repos adaptes aux enfants.","Jardin Japonais, Tunis, Tunisie",True,17.9,HIGH
PRINTEMPS,MAY,4-5 ans,LOW,True,Tunis,SORTIE,OUTDOOR,Sortie decouverte au Parc du Belvedere,"Activite encadree avec decouverte, observation et temps de repos adaptes aux enfants.","Parc du Belvedere, Tunis, Tunisie",True,9.2,HIGH
PRINTEMPS,MAY,4-5 ans,MEDIUM,True,Tunis,SORTIE,OUTDOOR,Visite educative a la Cite des Sciences,"Activite encadree avec decouverte, observation et temps de repos adaptes aux enfants.","Cite des Sciences, Tunis, Tunisie",True,12.2,HIGH
PRINTEMPS,MAY,4-5 ans,HIGH,True,Tunis,SORTIE,OUTDOOR,Visite marine au Musee Oceanographique,"Activite encadree avec decouverte, observation et temps de repos adaptes aux enfants.","Musee Oceanographique de Salammbô, La Goulette, Tunisie",True,26.3,HIGH
PRINTEMPS,MAY,4-5 ans,LOW,True,Tunis,SORTIE,OUTDOOR,Balade sensorielle au Jardin Japonais,"Activite encadree avec decouverte, observation et temps de repos adaptes aux enfants.","Jardin Japonais, Tunis, Tunisie",True,6.2,HIGH
PRINTEMPS,MAY,2-6 ans,LOW,True,Tunis,SORTIE,OUTDOOR,Sortie decouverte au Parc du Belvedere,"Activite encadree avec decouverte, observation et temps de repos adaptes aux enfants.","Parc du Belvedere, Tunis, Tunisie",True,8.0,HIGH
PRINTEMPS,MAY,2-6 ans,HIGH,True,Tunis,SORTIE,OUTDOOR,Visite educative a la Cite des Sciences,"Activite encadree avec decouverte, observation et temps de repos adaptes aux enfants.","Cite des Sciences, Tunis, Tunisie",True,27.4,HIGH
PRINTEMPS,MAY,2-6 ans,HIGH,True,Tunis,SORTIE,OUTDOOR,Visite marine au Musee Oceanographique,"Activite encadree avec decouverte, observation et temps de repos adaptes aux enfants.","Musee Oceanographique de Salammbô, La Goulette, Tunisie",True,18.7,HIGH
PRINTEMPS,MAY,2-6 ans,HIGH,True,Tunis,SORTIE,OUTDOOR,Balade sensorielle au Jardin Japonais,"Activite encadree avec decouverte, observation et temps de repos adaptes aux enfants.","Jardin Japonais, Tunis, Tunisie",True,19.7,HIGH
ETE,JUNE,2-3 ans,HIGH,True,Tunis,SORTIE,OUTDOOR,Sortie decouverte au Parc du Belvedere,"Activite encadree avec decouverte, observation et temps de repos adaptes aux enfants.","Parc du Belvedere, Tunis, Tunisie",True,20.4,HIGH
ETE,JUNE,2-3 ans,MEDIUM,True,Tunis,SORTIE,OUTDOOR,Visite educative a la Cite des Sciences,"Activite encadree avec decouverte, observation et temps de repos adaptes aux enfants.","Cite des Sciences, Tunis, Tunisie",True,13.0,HIGH
ETE,JUNE,2-3 ans,HIGH,True,Tunis,SORTIE,OUTDOOR,Visite marine au Musee Oceanographique,"Activite encadree avec decouverte, observation et temps de repos adaptes aux enfants.","Musee Oceanographique de Salammbô, La Goulette, Tunisie",True,24.9,HIGH
ETE,JUNE,2-3 ans,LOW,True,Tunis,SORTIE,OUTDOOR,Balade sensorielle au Jardin Japonais,"Activite encadree avec decouverte, observation et temps de repos adaptes aux enfants.","Jardin Japonais, Tunis, Tunisie",True,8.1,HIGH
ETE,JUNE,4-5 ans,LOW,True,Tunis,SORTIE,OUTDOOR,Sortie decouverte au Parc du Belvedere,"Activite encadree avec decouverte, observation et temps de repos adaptes aux enfants.","Parc du Belvedere, Tunis, Tunisie",True,5.4,HIGH
ETE,JUNE,4-5 ans,LOW,True,Tunis,SORTIE,OUTDOOR,Visite educative a la Cite des Sciences,"Activite encadree avec decouverte, observation et temps de repos adaptes aux enfants.","Cite des Sciences, Tunis, Tunisie",True,8.8,HIGH
ETE,JUNE,4-5 ans,MEDIUM,True,Tunis,SORTIE,OUTDOOR,Visite marine au Musee Oceanographique,"Activite encadree avec decouverte, observation et temps de repos adaptes aux enfants.","Musee Oceanographique de Salammbô, La Goulette, Tunisie",True,12.1,HIGH
ETE,JUNE,4-5 ans,LOW,True,Tunis,SORTIE,OUTDOOR,Balade sensorielle au Jardin Japonais,"Activite encadree avec decouverte, observation et temps de repos adaptes aux enfants.","Jardin Japonais, Tunis, Tunisie",True,9.5,HIGH
ETE,JUNE,2-6 ans,HIGH,True,Tunis,SORTIE,OUTDOOR,Sortie decouverte au Parc du Belvedere,"Activite encadree avec decouverte, observation et temps de repos adaptes aux enfants.","Parc du Belvedere, Tunis, Tunisie",True,26.8,HIGH
ETE,JUNE,2-6 ans,MEDIUM,True,Tunis,SORTIE,OUTDOOR,Visite educative a la Cite des Sciences,"Activite encadree avec decouverte, observation et temps de repos adaptes aux enfants.","Cite des Sciences, Tunis, Tunisie",True,11.7,HIGH
ETE,JUNE,2-6 ans,MEDIUM,True,Tunis,SORTIE,OUTDOOR,Visite marine au Musee Oceanographique,"Activite encadree avec decouverte, observation et temps de repos adaptes aux enfants.","Musee Oceanographique de Salammbô, La Goulette, Tunisie",True,13.2,HIGH
ETE,JUNE,2-6 ans,HIGH,True,Tunis,SORTIE,OUTDOOR,Balade sensorielle au Jardin Japonais,"Activite encadree avec decouverte, observation et temps de repos adaptes aux enfants.","Jardin Japonais, Tunis, Tunisie",True,22.6,HIGH
ETE,JULY,2-3 ans,MEDIUM,True,Tunis,SORTIE,OUTDOOR,Sortie decouverte au Parc du Belvedere,"Activite encadree avec decouverte, observation et temps de repos adaptes aux enfants.","Parc du Belvedere, Tunis, Tunisie",True,11.1,HIGH
ETE,JULY,2-3 ans,HIGH,True,Tunis,SORTIE,OUTDOOR,Visite educative a la Cite des Sciences,"Activite encadree avec decouverte, observation et temps de repos adaptes aux enfants.","Cite des Sciences, Tunis, Tunisie",True,23.6,HIGH
ETE,JULY,2-3 ans,MEDIUM,True,Tunis,SORTIE,OUTDOOR,Visite marine au Musee Oceanographique,"Activite encadree avec decouverte, observation et temps de repos adaptes aux enfants.","Musee Oceanographique de Salammbô, La Goulette, Tunisie",True,16.0,HIGH
ETE,JULY,2-3 ans,MEDIUM,True,Tunis,SORTIE,OUTDOOR,Balade sensorielle au Jardin Japonais,"Activite encadree avec decouverte, observation et temps de repos adaptes aux enfants.","Jardin Japonais, Tunis, Tunisie",True,17.2,HIGH
ETE,JULY,4-5 ans,MEDIUM,True,Tunis,SORTIE,OUTDOOR,Sortie decouverte au Parc du Belvedere,"Activite encadree avec decouverte, observation et temps de repos adaptes aux enfants.","Parc du Belvedere, Tunis, Tunisie",True,12.9,HIGH
ETE,JULY,4-5 ans,LOW,True,Tunis,SORTIE,OUTDOOR,Visite educative a la Cite des Sciences,"Activite encadree avec decouverte, observation et temps de repos adaptes aux enfants.","Cite des Sciences, Tunis, Tunisie",True,7.1,HIGH
ETE,JULY,4-5 ans,LOW,True,Tunis,SORTIE,OUTDOOR,Visite marine au Musee Oceanographique,"Activite encadree avec decouverte, observation et temps de repos adaptes aux enfants.","Musee Oceanographique de Salammbô, La Goulette, Tunisie",True,8.5,HIGH
ETE,JULY,4-5 ans,LOW,True,Tunis,SORTIE,OUTDOOR,Balade sensorielle au Jardin Japonais,"Activite encadree avec decouverte, observation et temps de repos adaptes aux enfants.","Jardin Japonais, Tunis, Tunisie",True,4.9,HIGH
ETE,JULY,2-6 ans,LOW,True,Tunis,SORTIE,OUTDOOR,Sortie decouverte au Parc du Belvedere,"Activite encadree avec decouverte, observation et temps de repos adaptes aux enfants.","Parc du Belvedere, Tunis, Tunisie",True,8.8,HIGH
ETE,JULY,2-6 ans,MEDIUM,True,Tunis,SORTIE,OUTDOOR,Visite educative a la Cite des Sciences,"Activite encadree avec decouverte, observation et temps de repos adaptes aux enfants.","Cite des Sciences, Tunis, Tunisie",True,14.8,HIGH
ETE,JULY,2-6 ans,MEDIUM,True,Tunis,SORTIE,OUTDOOR,Visite marine au Musee Oceanographique,"Activite encadree avec decouverte, observation et temps de repos adaptes aux enfants.","Musee Oceanographique de Salammbô, La Goulette, Tunisie",True,13.1,HIGH
ETE,JULY,2-6 ans,MEDIUM,True,Tunis,SORTIE,OUTDOOR,Balade sensorielle au Jardin Japonais,"Activite encadree avec decouverte, observation et temps de repos adaptes aux enfants.","Jardin Japonais, Tunis, Tunisie",True,14.2,HIGH
ETE,AUGUST,2-3 ans,HIGH,True,Tunis,SORTIE,OUTDOOR,Sortie decouverte au Parc du Belvedere,"Activite encadree avec decouverte, observation et temps de repos adaptes aux enfants.","Parc du Belvedere, Tunis, Tunisie",True,26.6,HIGH
ETE,AUGUST,2-3 ans,LOW,True,Tunis,SORTIE,OUTDOOR,Visite educative a la Cite des Sciences,"Activite encadree avec decouverte, observation et temps de repos adaptes aux enfants.","Cite des Sciences, Tunis, Tunisie",True,8.1,HIGH
ETE,AUGUST,2-3 ans,LOW,True,Tunis,SORTIE,OUTDOOR,Visite marine au Musee Oceanographique,"Activite encadree avec decouverte, observation et temps de repos adaptes aux enfants.","Musee Oceanographique de Salammbô, La Goulette, Tunisie",True,8.1,HIGH
ETE,AUGUST,2-3 ans,HIGH,True,Tunis,SORTIE,OUTDOOR,Balade sensorielle au Jardin Japonais,"Activite encadree avec decouverte, observation et temps de repos adaptes aux enfants.","Jardin Japonais, Tunis, Tunisie",True,25.5,HIGH
ETE,AUGUST,4-5 ans,HIGH,True,Tunis,SORTIE,OUTDOOR,Sortie decouverte au Parc du Belvedere,"Activite encadree avec decouverte, observation et temps de repos adaptes aux enfants.","Parc du Belvedere, Tunis, Tunisie",True,21.4,HIGH
ETE,AUGUST,4-5 ans,MEDIUM,True,Tunis,SORTIE,OUTDOOR,Visite educative a la Cite des Sciences,"Activite encadree avec decouverte, observation et temps de repos adaptes aux enfants.","Cite des Sciences, Tunis, Tunisie",True,13.5,HIGH
ETE,AUGUST,4-5 ans,MEDIUM,True,Tunis,SORTIE,OUTDOOR,Visite marine au Musee Oceanographique,"Activite encadree avec decouverte, observation et temps de repos adaptes aux enfants.","Musee Oceanographique de Salammbô, La Goulette, Tunisie",True,10.0,HIGH
ETE,AUGUST,4-5 ans,HIGH,True,Tunis,SORTIE,OUTDOOR,Balade sensorielle au Jardin Japonais,"Activite encadree avec decouverte, observation et temps de repos adaptes aux enfants.","Jardin Japonais, Tunis, Tunisie",True,26.8,HIGH
ETE,AUGUST,2-6 ans,MEDIUM,True,Tunis,SORTIE,OUTDOOR,Sortie decouverte au Parc du Belvedere,"Activite encadree avec decouverte, observation et temps de repos adaptes aux enfants.","Parc du Belvedere, Tunis, Tunisie",True,17.8,HIGH
ETE,AUGUST,2-6 ans,LOW,True,Tunis,SORTIE,OUTDOOR,Visite educative a la Cite des Sciences,"Activite encadree avec decouverte, observation et temps de repos adaptes aux enfants.","Cite des Sciences, Tunis, Tunisie",True,7.0,HIGH
ETE,AUGUST,2-6 ans,LOW,True,Tunis,SORTIE,OUTDOOR,Visite marine au Musee Oceanographique,"Activite encadree avec decouverte, observation et temps de repos adaptes aux enfants.","Musee Oceanographique de Salammbô, La Goulette, Tunisie",True,9.2,HIGH
ETE,AUGUST,2-6 ans,MEDIUM,True,Tunis,SORTIE,OUTDOOR,Balade sensorielle au Jardin Japonais,"Activite encadree avec decouverte, observation et temps de repos adaptes aux enfants.","Jardin Japonais, Tunis, Tunisie",True,16.7,HIGH
AUTOMNE,SEPTEMBER,2-3 ans,HIGH,True,Tunis,SORTIE,OUTDOOR,Sortie decouverte au Parc du Belvedere,"Activite encadree avec decouverte, observation et temps de repos adaptes aux enfants.","Parc du Belvedere, Tunis, Tunisie",True,24.1,HIGH
AUTOMNE,SEPTEMBER,2-3 ans,LOW,True,Tunis,SORTIE,OUTDOOR,Visite educative a la Cite des Sciences,"Activite encadree avec decouverte, observation et temps de repos adaptes aux enfants.","Cite des Sciences, Tunis, Tunisie",True,6.2,HIGH
AUTOMNE,SEPTEMBER,2-3 ans,LOW,True,Tunis,SORTIE,OUTDOOR,Visite marine au Musee Oceanographique,"Activite encadree avec decouverte, observation et temps de repos adaptes aux enfants.","Musee Oceanographique de Salammbô, La Goulette, Tunisie",True,7.2,HIGH
AUTOMNE,SEPTEMBER,2-3 ans,HIGH,True,Tunis,SORTIE,OUTDOOR,Balade sensorielle au Jardin Japonais,"Activite encadree avec decouverte, observation et temps de repos adaptes aux enfants.","Jardin Japonais, Tunis, Tunisie",True,27.2,HIGH
AUTOMNE,SEPTEMBER,4-5 ans,HIGH,True,Tunis,SORTIE,OUTDOOR,Sortie decouverte au Parc du Belvedere,"Activite encadree avec decouverte, observation et temps de repos adaptes aux enfants.","Parc du Belvedere, Tunis, Tunisie",True,21.2,HIGH
AUTOMNE,SEPTEMBER,4-5 ans,LOW,True,Tunis,SORTIE,OUTDOOR,Visite educative a la Cite des Sciences,"Activite encadree avec decouverte, observation et temps de repos adaptes aux enfants.","Cite des Sciences, Tunis, Tunisie",True,4.7,HIGH
AUTOMNE,SEPTEMBER,4-5 ans,MEDIUM,True,Tunis,SORTIE,OUTDOOR,Visite marine au Musee Oceanographique,"Activite encadree avec decouverte, observation et temps de repos adaptes aux enfants.","Musee Oceanographique de Salammbô, La Goulette, Tunisie",True,17.0,HIGH
AUTOMNE,SEPTEMBER,4-5 ans,MEDIUM,True,Tunis,SORTIE,OUTDOOR,Balade sensorielle au Jardin Japonais,"Activite encadree avec decouverte, observation et temps de repos adaptes aux enfants.","Jardin Japonais, Tunis, Tunisie",True,11.9,HIGH
AUTOMNE,SEPTEMBER,2-6 ans,LOW,True,Tunis,SORTIE,OUTDOOR,Sortie decouverte au Parc du Belvedere,"Activite encadree avec decouverte, observation et temps de repos adaptes aux enfants.","Parc du Belvedere, Tunis, Tunisie",True,9.3,HIGH
AUTOMNE,SEPTEMBER,2-6 ans,LOW,True,Tunis,SORTIE,OUTDOOR,Visite educative a la Cite des Sciences,"Activite encadree avec decouverte, observation et temps de repos adaptes aux enfants.","Cite des Sciences, Tunis, Tunisie",True,4.5,HIGH
AUTOMNE,SEPTEMBER,2-6 ans,MEDIUM,True,Tunis,SORTIE,OUTDOOR,Visite marine au Musee Oceanographique,"Activite encadree avec decouverte, observation et temps de repos adaptes aux enfants.","Musee Oceanographique de Salammbô, La Goulette, Tunisie",True,16.5,HIGH
AUTOMNE,SEPTEMBER,2-6 ans,HIGH,True,Tunis,SORTIE,OUTDOOR,Balade sensorielle au Jardin Japonais,"Activite encadree avec decouverte, observation et temps de repos adaptes aux enfants.","Jardin Japonais, Tunis, Tunisie",True,25.7,HIGH
AUTOMNE,OCTOBER,2-3 ans,LOW,True,Tunis,SORTIE,OUTDOOR,Sortie decouverte au Parc du Belvedere,"Activite encadree avec decouverte, observation et temps de repos adaptes aux enfants.","Parc du Belvedere, Tunis, Tunisie",True,8.0,HIGH
AUTOMNE,OCTOBER,2-3 ans,HIGH,True,Tunis,SORTIE,OUTDOOR,Visite educative a la Cite des Sciences,"Activite encadree avec decouverte, observation et temps de repos adaptes aux enfants.","Cite des Sciences, Tunis, Tunisie",True,19.7,HIGH
AUTOMNE,OCTOBER,2-3 ans,HIGH,True,Tunis,SORTIE,OUTDOOR,Visite marine au Musee Oceanographique,"Activite encadree avec decouverte, observation et temps de repos adaptes aux enfants.","Musee Oceanographique de Salammbô, La Goulette, Tunisie",True,26.7,HIGH
AUTOMNE,OCTOBER,2-3 ans,MEDIUM,True,Tunis,SORTIE,OUTDOOR,Balade sensorielle au Jardin Japonais,"Activite encadree avec decouverte, observation et temps de repos adaptes aux enfants.","Jardin Japonais, Tunis, Tunisie",True,17.7,HIGH
AUTOMNE,OCTOBER,4-5 ans,HIGH,True,Tunis,SORTIE,OUTDOOR,Sortie decouverte au Parc du Belvedere,"Activite encadree avec decouverte, observation et temps de repos adaptes aux enfants.","Parc du Belvedere, Tunis, Tunisie",True,25.6,HIGH
AUTOMNE,OCTOBER,4-5 ans,HIGH,True,Tunis,SORTIE,OUTDOOR,Visite educative a la Cite des Sciences,"Activite encadree avec decouverte, observation et temps de repos adaptes aux enfants.","Cite des Sciences, Tunis, Tunisie",True,20.0,HIGH
AUTOMNE,OCTOBER,4-5 ans,MEDIUM,True,Tunis,SORTIE,OUTDOOR,Visite marine au Musee Oceanographique,"Activite encadree avec decouverte, observation et temps de repos adaptes aux enfants.","Musee Oceanographique de Salammbô, La Goulette, Tunisie",True,13.2,HIGH
AUTOMNE,OCTOBER,4-5 ans,HIGH,True,Tunis,SORTIE,OUTDOOR,Balade sensorielle au Jardin Japonais,"Activite encadree avec decouverte, observation et temps de repos adaptes aux enfants.","Jardin Japonais, Tunis, Tunisie",True,24.5,HIGH
AUTOMNE,OCTOBER,2-6 ans,MEDIUM,True,Tunis,SORTIE,OUTDOOR,Sortie decouverte au Parc du Belvedere,"Activite encadree avec decouverte, observation et temps de repos adaptes aux enfants.","Parc du Belvedere, Tunis, Tunisie",True,17.2,HIGH
AUTOMNE,OCTOBER,2-6 ans,MEDIUM,True,Tunis,SORTIE,OUTDOOR,Visite educative a la Cite des Sciences,"Activite encadree avec decouverte, observation et temps de repos adaptes aux enfants.","Cite des Sciences, Tunis, Tunisie",True,11.0,HIGH
AUTOMNE,OCTOBER,2-6 ans,LOW,True,Tunis,SORTIE,OUTDOOR,Visite marine au Musee Oceanographique,"Activite encadree avec decouverte, observation et temps de repos adaptes aux enfants.","Musee Oceanographique de Salammbô, La Goulette, Tunisie",True,4.4,HIGH
AUTOMNE,OCTOBER,2-6 ans,LOW,True,Tunis,SORTIE,OUTDOOR,Balade sensorielle au Jardin Japonais,"Activite encadree avec decouverte, observation et temps de repos adaptes aux enfants.","Jardin Japonais, Tunis, Tunisie",True,7.5,HIGH
AUTOMNE,NOVEMBER,2-3 ans,LOW,True,Tunis,SORTIE,OUTDOOR,Sortie decouverte au Parc du Belvedere,"Activite encadree avec decouverte, observation et temps de repos adaptes aux enfants.","Parc du Belvedere, Tunis, Tunisie",True,7.5,HIGH
AUTOMNE,NOVEMBER,2-3 ans,LOW,True,Tunis,SORTIE,OUTDOOR,Visite educative a la Cite des Sciences,"Activite encadree avec decouverte, observation et temps de repos adaptes aux enfants.","Cite des Sciences, Tunis, Tunisie",True,4.4,HIGH
AUTOMNE,NOVEMBER,2-3 ans,HIGH,True,Tunis,SORTIE,OUTDOOR,Visite marine au Musee Oceanographique,"Activite encadree avec decouverte, observation et temps de repos adaptes aux enfants.","Musee Oceanographique de Salammbô, La Goulette, Tunisie",True,18.6,HIGH
AUTOMNE,NOVEMBER,2-3 ans,LOW,True,Tunis,SORTIE,OUTDOOR,Balade sensorielle au Jardin Japonais,"Activite encadree avec decouverte, observation et temps de repos adaptes aux enfants.","Jardin Japonais, Tunis, Tunisie",True,9.4,HIGH
AUTOMNE,NOVEMBER,4-5 ans,MEDIUM,True,Tunis,SORTIE,OUTDOOR,Sortie decouverte au Parc du Belvedere,"Activite encadree avec decouverte, observation et temps de repos adaptes aux enfants.","Parc du Belvedere, Tunis, Tunisie",True,10.6,HIGH
AUTOMNE,NOVEMBER,4-5 ans,LOW,True,Tunis,SORTIE,OUTDOOR,Visite educative a la Cite des Sciences,"Activite encadree avec decouverte, observation et temps de repos adaptes aux enfants.","Cite des Sciences, Tunis, Tunisie",True,5.7,HIGH
AUTOMNE,NOVEMBER,4-5 ans,MEDIUM,True,Tunis,SORTIE,OUTDOOR,Visite marine au Musee Oceanographique,"Activite encadree avec decouverte, observation et temps de repos adaptes aux enfants.","Musee Oceanographique de Salammbô, La Goulette, Tunisie",True,11.7,HIGH
AUTOMNE,NOVEMBER,4-5 ans,LOW,True,Tunis,SORTIE,OUTDOOR,Balade sensorielle au Jardin Japonais,"Activite encadree avec decouverte, observation et temps de repos adaptes aux enfants.","Jardin Japonais, Tunis, Tunisie",True,8.3,HIGH
AUTOMNE,NOVEMBER,2-6 ans,HIGH,True,Tunis,SORTIE,OUTDOOR,Sortie decouverte au Parc du Belvedere,"Activite encadree avec decouverte, observation et temps de repos adaptes aux enfants.","Parc du Belvedere, Tunis, Tunisie",True,23.8,HIGH
AUTOMNE,NOVEMBER,2-6 ans,LOW,True,Tunis,SORTIE,OUTDOOR,Visite educative a la Cite des Sciences,"Activite encadree avec decouverte, observation et temps de repos adaptes aux enfants.","Cite des Sciences, Tunis, Tunisie",True,8.7,HIGH
AUTOMNE,NOVEMBER,2-6 ans,MEDIUM,True,Tunis,SORTIE,OUTDOOR,Visite marine au Musee Oceanographique,"Activite encadree avec decouverte, observation et temps de repos adaptes aux enfants.","Musee Oceanographique de Salammbô, La Goulette, Tunisie",True,11.5,HIGH
AUTOMNE,NOVEMBER,2-6 ans,LOW,True,Tunis,SORTIE,OUTDOOR,Balade sensorielle au Jardin Japonais,"Activite encadree avec decouverte, observation et temps de repos adaptes aux enfants.","Jardin Japonais, Tunis, Tunisie",True,8.0,HIGH
HIVER,DECEMBER,2-3 ans,MEDIUM,True,Tunis,SORTIE,OUTDOOR,Sortie decouverte au Parc du Belvedere,"Activite encadree avec decouverte, observation et temps de repos adaptes aux enfants.","Parc du Belvedere, Tunis, Tunisie",True,13.4,HIGH
HIVER,DECEMBER,2-3 ans,MEDIUM,True,Tunis,SORTIE,OUTDOOR,Visite educative a la Cite des Sciences,"Activite encadree avec decouverte, observation et temps de repos adaptes aux enfants.","Cite des Sciences, Tunis, Tunisie",True,16.9,HIGH
HIVER,DECEMBER,2-3 ans,LOW,True,Tunis,SORTIE,OUTDOOR,Visite marine au Musee Oceanographique,"Activite encadree avec decouverte, observation et temps de repos adaptes aux enfants.","Musee Oceanographique de Salammbô, La Goulette, Tunisie",True,8.0,HIGH
HIVER,DECEMBER,2-3 ans,HIGH,True,Tunis,SORTIE,OUTDOOR,Balade sensorielle au Jardin Japonais,"Activite encadree avec decouverte, observation et temps de repos adaptes aux enfants.","Jardin Japonais, Tunis, Tunisie",True,19.0,HIGH
HIVER,DECEMBER,4-5 ans,MEDIUM,True,Tunis,SORTIE,OUTDOOR,Sortie decouverte au Parc du Belvedere,"Activite encadree avec decouverte, observation et temps de repos adaptes aux enfants.","Parc du Belvedere, Tunis, Tunisie",True,15.8,HIGH
HIVER,DECEMBER,4-5 ans,LOW,True,Tunis,SORTIE,OUTDOOR,Visite educative a la Cite des Sciences,"Activite encadree avec decouverte, observation et temps de repos adaptes aux enfants.","Cite des Sciences, Tunis, Tunisie",True,5.5,HIGH
HIVER,DECEMBER,4-5 ans,LOW,True,Tunis,SORTIE,OUTDOOR,Visite marine au Musee Oceanographique,"Activite encadree avec decouverte, observation et temps de repos adaptes aux enfants.","Musee Oceanographique de Salammbô, La Goulette, Tunisie",True,7.2,HIGH
HIVER,DECEMBER,4-5 ans,LOW,True,Tunis,SORTIE,OUTDOOR,Balade sensorielle au Jardin Japonais,"Activite encadree avec decouverte, observation et temps de repos adaptes aux enfants.","Jardin Japonais, Tunis, Tunisie",True,6.5,HIGH
HIVER,DECEMBER,2-6 ans,MEDIUM,True,Tunis,SORTIE,OUTDOOR,Sortie decouverte au Parc du Belvedere,"Activite encadree avec decouverte, observation et temps de repos adaptes aux enfants.","Parc du Belvedere, Tunis, Tunisie",True,13.7,HIGH
HIVER,DECEMBER,2-6 ans,LOW,True,Tunis,SORTIE,OUTDOOR,Visite educative a la Cite des Sciences,"Activite encadree avec decouverte, observation et temps de repos adaptes aux enfants.","Cite des Sciences, Tunis, Tunisie",True,6.7,HIGH
HIVER,DECEMBER,2-6 ans,HIGH,True,Tunis,SORTIE,OUTDOOR,Visite marine au Musee Oceanographique,"Activite encadree avec decouverte, observation et temps de repos adaptes aux enfants.","Musee Oceanographique de Salammbô, La Goulette, Tunisie",True,19.0,HIGH
HIVER,DECEMBER,2-6 ans,HIGH,True,Tunis,SORTIE,OUTDOOR,Balade sensorielle au Jardin Japonais,"Activite encadree avec decouverte, observation et temps de repos adaptes aux enfants.","Jardin Japonais, Tunis, Tunisie",True,28.0,HIGH
HIVER,JANUARY,2-3 ans,LOW,True,Tunis,SORTIE,OUTDOOR,Sortie decouverte au Parc du Belvedere,"Activite encadree avec decouverte, observation et temps de repos adaptes aux enfants.","Parc du Belvedere, Tunis, Tunisie",True,9.8,HIGH
HIVER,JANUARY,2-3 ans,LOW,True,Tunis,SORTIE,OUTDOOR,Visite educative a la Cite des Sciences,"Activite encadree avec decouverte, observation et temps de repos adaptes aux enfants.","Cite des Sciences, Tunis, Tunisie",True,5.0,HIGH
HIVER,JANUARY,2-3 ans,MEDIUM,True,Tunis,SORTIE,OUTDOOR,Visite marine au Musee Oceanographique,"Activite encadree avec decouverte, observation et temps de repos adaptes aux enfants.","Musee Oceanographique de Salammbô, La Goulette, Tunisie",True,13.9,HIGH
HIVER,JANUARY,2-3 ans,MEDIUM,True,Tunis,SORTIE,OUTDOOR,Balade sensorielle au Jardin Japonais,"Activite encadree avec decouverte, observation et temps de repos adaptes aux enfants.","Jardin Japonais, Tunis, Tunisie",True,17.2,HIGH
HIVER,JANUARY,4-5 ans,LOW,True,Tunis,SORTIE,OUTDOOR,Sortie decouverte au Parc du Belvedere,"Activite encadree avec decouverte, observation et temps de repos adaptes aux enfants.","Parc du Belvedere, Tunis, Tunisie",True,6.3,HIGH
HIVER,JANUARY,4-5 ans,MEDIUM,True,Tunis,SORTIE,OUTDOOR,Visite educative a la Cite des Sciences,"Activite encadree avec decouverte, observation et temps de repos adaptes aux enfants.","Cite des Sciences, Tunis, Tunisie",True,12.1,HIGH
HIVER,JANUARY,4-5 ans,MEDIUM,True,Tunis,SORTIE,OUTDOOR,Visite marine au Musee Oceanographique,"Activite encadree avec decouverte, observation et temps de repos adaptes aux enfants.","Musee Oceanographique de Salammbô, La Goulette, Tunisie",True,12.3,HIGH
HIVER,JANUARY,4-5 ans,HIGH,True,Tunis,SORTIE,OUTDOOR,Balade sensorielle au Jardin Japonais,"Activite encadree avec decouverte, observation et temps de repos adaptes aux enfants.","Jardin Japonais, Tunis, Tunisie",True,27.6,HIGH
HIVER,JANUARY,2-6 ans,HIGH,True,Tunis,SORTIE,OUTDOOR,Sortie decouverte au Parc du Belvedere,"Activite encadree avec decouverte, observation et temps de repos adaptes aux enfants.","Parc du Belvedere, Tunis, Tunisie",True,24.6,HIGH
HIVER,JANUARY,2-6 ans,MEDIUM,True,Tunis,SORTIE,OUTDOOR,Visite educative a la Cite des Sciences,"Activite encadree avec decouverte, observation et temps de repos adaptes aux enfants.","Cite des Sciences, Tunis, Tunisie",True,11.2,HIGH
HIVER,JANUARY,2-6 ans,MEDIUM,True,Tunis,SORTIE,OUTDOOR,Visite marine au Musee Oceanographique,"Activite encadree avec decouverte, observation et temps de repos adaptes aux enfants.","Musee Oceanographique de Salammbô, La Goulette, Tunisie",True,11.7,HIGH
HIVER,JANUARY,2-6 ans,LOW,True,Tunis,SORTIE,OUTDOOR,Balade sensorielle au Jardin Japonais,"Activite encadree avec decouverte, observation et temps de repos adaptes aux enfants.","Jardin Japonais, Tunis, Tunisie",True,7.5,HIGH
HIVER,FEBRUARY,2-3 ans,HIGH,True,Tunis,SORTIE,OUTDOOR,Sortie decouverte au Parc du Belvedere,"Activite encadree avec decouverte, observation et temps de repos adaptes aux enfants.","Parc du Belvedere, Tunis, Tunisie",True,18.6,HIGH
HIVER,FEBRUARY,2-3 ans,MEDIUM,True,Tunis,SORTIE,OUTDOOR,Visite educative a la Cite des Sciences,"Activite encadree avec decouverte, observation et temps de repos adaptes aux enfants.","Cite des Sciences, Tunis, Tunisie",True,10.5,HIGH
HIVER,FEBRUARY,2-3 ans,HIGH,True,Tunis,SORTIE,OUTDOOR,Visite marine au Musee Oceanographique,"Activite encadree avec decouverte, observation et temps de repos adaptes aux enfants.","Musee Oceanographique de Salammbô, La Goulette, Tunisie",True,22.8,HIGH
HIVER,FEBRUARY,2-3 ans,HIGH,True,Tunis,SORTIE,OUTDOOR,Balade sensorielle au Jardin Japonais,"Activite encadree avec decouverte, observation et temps de repos adaptes aux enfants.","Jardin Japonais, Tunis, Tunisie",True,19.6,HIGH
HIVER,FEBRUARY,4-5 ans,HIGH,True,Tunis,SORTIE,OUTDOOR,Sortie decouverte au Parc du Belvedere,"Activite encadree avec decouverte, observation et temps de repos adaptes aux enfants.","Parc du Belvedere, Tunis, Tunisie",True,18.8,HIGH
HIVER,FEBRUARY,4-5 ans,LOW,True,Tunis,SORTIE,OUTDOOR,Visite educative a la Cite des Sciences,"Activite encadree avec decouverte, observation et temps de repos adaptes aux enfants.","Cite des Sciences, Tunis, Tunisie",True,4.4,HIGH
HIVER,FEBRUARY,4-5 ans,LOW,True,Tunis,SORTIE,OUTDOOR,Visite marine au Musee Oceanographique,"Activite encadree avec decouverte, observation et temps de repos adaptes aux enfants.","Musee Oceanographique de Salammbô, La Goulette, Tunisie",True,8.1,HIGH
HIVER,FEBRUARY,4-5 ans,LOW,True,Tunis,SORTIE,OUTDOOR,Balade sensorielle au Jardin Japonais,"Activite encadree avec decouverte, observation et temps de repos adaptes aux enfants.","Jardin Japonais, Tunis, Tunisie",True,6.4,HIGH
HIVER,FEBRUARY,2-6 ans,HIGH,True,Tunis,SORTIE,OUTDOOR,Sortie decouverte au Parc du Belvedere,"Activite encadree avec decouverte, observation et temps de repos adaptes aux enfants.","Parc du Belvedere, Tunis, Tunisie",True,20.5,HIGH
HIVER,FEBRUARY,2-6 ans,HIGH,True,Tunis,SORTIE,OUTDOOR,Visite educative a la Cite des Sciences,"Activite encadree avec decouverte, observation et temps de repos adaptes aux enfants.","Cite des Sciences, Tunis, Tunisie",True,18.4,HIGH
HIVER,FEBRUARY,2-6 ans,LOW,True,Tunis,SORTIE,OUTDOOR,Visite marine au Musee Oceanographique,"Activite encadree avec decouverte, observation et temps de repos adaptes aux enfants.","Musee Oceanographique de Salammbô, La Goulette, Tunisie",True,6.5,HIGH
HIVER,FEBRUARY,2-6 ans,HIGH,True,Tunis,SORTIE,OUTDOOR,Balade sensorielle au Jardin Japonais,"Activite encadree avec decouverte, observation et temps de repos adaptes aux enfants.","Jardin Japonais, Tunis, Tunisie",True,23.7,HIGH
PRINTEMPS,MARCH,2-3 ans,MEDIUM,False,Tunis,ATELIER,INDOOR,Atelier sciences ludiques,Activite creatrice et sensorielle adaptee au rythme des enfants avec materiel simple.,"Cite des Sciences, Tunis, Tunisie",False,14.5,HIGH
PRINTEMPS,MARCH,2-3 ans,LOW,False,Tunis,ATELIER,INDOOR,Atelier creatif en salle,Activite creatrice et sensorielle adaptee au rythme des enfants avec materiel simple.,"Maison de la Culture Ibn Rachiq, Tunis, Tunisie",False,6.3,HIGH
PRINTEMPS,MARCH,2-3 ans,MEDIUM,False,Tunis,ATELIER,INDOOR,Atelier lecture et contes,Activite creatrice et sensorielle adaptee au rythme des enfants avec materiel simple.,"Bibliotheque pour enfants, Tunis, Tunisie",False,9.7,HIGH
PRINTEMPS,MARCH,4-5 ans,MEDIUM,False,Tunis,ATELIER,INDOOR,Atelier sciences ludiques,Activite creatrice et sensorielle adaptee au rythme des enfants avec materiel simple.,"Cite des Sciences, Tunis, Tunisie",False,8.9,HIGH
PRINTEMPS,MARCH,4-5 ans,MEDIUM,False,Tunis,ATELIER,INDOOR,Atelier creatif en salle,Activite creatrice et sensorielle adaptee au rythme des enfants avec materiel simple.,"Maison de la Culture Ibn Rachiq, Tunis, Tunisie",False,11.2,HIGH
PRINTEMPS,MARCH,4-5 ans,LOW,False,Tunis,ATELIER,INDOOR,Atelier lecture et contes,Activite creatrice et sensorielle adaptee au rythme des enfants avec materiel simple.,"Bibliotheque pour enfants, Tunis, Tunisie",False,3.0,HIGH
PRINTEMPS,MARCH,2-6 ans,LOW,False,Tunis,ATELIER,INDOOR,Atelier sciences ludiques,Activite creatrice et sensorielle adaptee au rythme des enfants avec materiel simple.,"Cite des Sciences, Tunis, Tunisie",False,3.4,HIGH
PRINTEMPS,MARCH,2-6 ans,LOW,False,Tunis,ATELIER,INDOOR,Atelier creatif en salle,Activite creatrice et sensorielle adaptee au rythme des enfants avec materiel simple.,"Maison de la Culture Ibn Rachiq, Tunis, Tunisie",False,5.5,HIGH
PRINTEMPS,MARCH,2-6 ans,LOW,False,Tunis,ATELIER,INDOOR,Atelier lecture et contes,Activite creatrice et sensorielle adaptee au rythme des enfants avec materiel simple.,"Bibliotheque pour enfants, Tunis, Tunisie",False,7.7,HIGH
PRINTEMPS,APRIL,2-3 ans,LOW,False,Tunis,ATELIER,INDOOR,Atelier sciences ludiques,Activite creatrice et sensorielle adaptee au rythme des enfants avec materiel simple.,"Cite des Sciences, Tunis, Tunisie",False,7.4,HIGH
PRINTEMPS,APRIL,2-3 ans,MEDIUM,False,Tunis,ATELIER,INDOOR,Atelier creatif en salle,Activite creatrice et sensorielle adaptee au rythme des enfants avec materiel simple.,"Maison de la Culture Ibn Rachiq, Tunis, Tunisie",False,10.0,HIGH
PRINTEMPS,APRIL,2-3 ans,MEDIUM,False,Tunis,ATELIER,INDOOR,Atelier lecture et contes,Activite creatrice et sensorielle adaptee au rythme des enfants avec materiel simple.,"Bibliotheque pour enfants, Tunis, Tunisie",False,13.8,HIGH
PRINTEMPS,APRIL,4-5 ans,MEDIUM,False,Tunis,ATELIER,INDOOR,Atelier sciences ludiques,Activite creatrice et sensorielle adaptee au rythme des enfants avec materiel simple.,"Cite des Sciences, Tunis, Tunisie",False,12.3,HIGH
PRINTEMPS,APRIL,4-5 ans,LOW,False,Tunis,ATELIER,INDOOR,Atelier creatif en salle,Activite creatrice et sensorielle adaptee au rythme des enfants avec materiel simple.,"Maison de la Culture Ibn Rachiq, Tunis, Tunisie",False,6.3,HIGH
PRINTEMPS,APRIL,4-5 ans,MEDIUM,False,Tunis,ATELIER,INDOOR,Atelier lecture et contes,Activite creatrice et sensorielle adaptee au rythme des enfants avec materiel simple.,"Bibliotheque pour enfants, Tunis, Tunisie",False,14.5,HIGH
PRINTEMPS,APRIL,2-6 ans,LOW,False,Tunis,ATELIER,INDOOR,Atelier sciences ludiques,Activite creatrice et sensorielle adaptee au rythme des enfants avec materiel simple.,"Cite des Sciences, Tunis, Tunisie",False,7.7,HIGH
PRINTEMPS,APRIL,2-6 ans,LOW,False,Tunis,ATELIER,INDOOR,Atelier creatif en salle,Activite creatrice et sensorielle adaptee au rythme des enfants avec materiel simple.,"Maison de la Culture Ibn Rachiq, Tunis, Tunisie",False,4.3,HIGH
PRINTEMPS,APRIL,2-6 ans,LOW,False,Tunis,ATELIER,INDOOR,Atelier lecture et contes,Activite creatrice et sensorielle adaptee au rythme des enfants avec materiel simple.,"Bibliotheque pour enfants, Tunis, Tunisie",False,6.7,HIGH
PRINTEMPS,MAY,2-3 ans,LOW,False,Tunis,ATELIER,INDOOR,Atelier sciences ludiques,Activite creatrice et sensorielle adaptee au rythme des enfants avec materiel simple.,"Cite des Sciences, Tunis, Tunisie",False,4.4,HIGH
PRINTEMPS,MAY,2-3 ans,LOW,False,Tunis,ATELIER,INDOOR,Atelier creatif en salle,Activite creatrice et sensorielle adaptee au rythme des enfants avec materiel simple.,"Maison de la Culture Ibn Rachiq, Tunis, Tunisie",False,6.6,HIGH
PRINTEMPS,MAY,2-3 ans,LOW,False,Tunis,ATELIER,INDOOR,Atelier lecture et contes,Activite creatrice et sensorielle adaptee au rythme des enfants avec materiel simple.,"Bibliotheque pour enfants, Tunis, Tunisie",False,6.4,HIGH
PRINTEMPS,MAY,4-5 ans,MEDIUM,False,Tunis,ATELIER,INDOOR,Atelier sciences ludiques,Activite creatrice et sensorielle adaptee au rythme des enfants avec materiel simple.,"Cite des Sciences, Tunis, Tunisie",False,11.5,HIGH
PRINTEMPS,MAY,4-5 ans,MEDIUM,False,Tunis,ATELIER,INDOOR,Atelier creatif en salle,Activite creatrice et sensorielle adaptee au rythme des enfants avec materiel simple.,"Maison de la Culture Ibn Rachiq, Tunis, Tunisie",False,14.3,HIGH
PRINTEMPS,MAY,4-5 ans,LOW,False,Tunis,ATELIER,INDOOR,Atelier lecture et contes,Activite creatrice et sensorielle adaptee au rythme des enfants avec materiel simple.,"Bibliotheque pour enfants, Tunis, Tunisie",False,3.5,HIGH
PRINTEMPS,MAY,2-6 ans,MEDIUM,False,Tunis,ATELIER,INDOOR,Atelier sciences ludiques,Activite creatrice et sensorielle adaptee au rythme des enfants avec materiel simple.,"Cite des Sciences, Tunis, Tunisie",False,13.8,HIGH
PRINTEMPS,MAY,2-6 ans,LOW,False,Tunis,ATELIER,INDOOR,Atelier creatif en salle,Activite creatrice et sensorielle adaptee au rythme des enfants avec materiel simple.,"Maison de la Culture Ibn Rachiq, Tunis, Tunisie",False,3.0,HIGH
PRINTEMPS,MAY,2-6 ans,LOW,False,Tunis,ATELIER,INDOOR,Atelier lecture et contes,Activite creatrice et sensorielle adaptee au rythme des enfants avec materiel simple.,"Bibliotheque pour enfants, Tunis, Tunisie",False,6.2,HIGH
ETE,JUNE,2-3 ans,MEDIUM,False,Tunis,ATELIER,INDOOR,Atelier sciences ludiques,Activite creatrice et sensorielle adaptee au rythme des enfants avec materiel simple.,"Cite des Sciences, Tunis, Tunisie",False,9.1,HIGH
ETE,JUNE,2-3 ans,MEDIUM,False,Tunis,ATELIER,INDOOR,Atelier creatif en salle,Activite creatrice et sensorielle adaptee au rythme des enfants avec materiel simple.,"Maison de la Culture Ibn Rachiq, Tunis, Tunisie",False,11.9,HIGH
ETE,JUNE,2-3 ans,MEDIUM,False,Tunis,ATELIER,INDOOR,Atelier lecture et contes,Activite creatrice et sensorielle adaptee au rythme des enfants avec materiel simple.,"Bibliotheque pour enfants, Tunis, Tunisie",False,11.9,HIGH
ETE,JUNE,4-5 ans,LOW,False,Tunis,ATELIER,INDOOR,Atelier sciences ludiques,Activite creatrice et sensorielle adaptee au rythme des enfants avec materiel simple.,"Cite des Sciences, Tunis, Tunisie",False,3.4,HIGH
ETE,JUNE,4-5 ans,LOW,False,Tunis,ATELIER,INDOOR,Atelier creatif en salle,Activite creatrice et sensorielle adaptee au rythme des enfants avec materiel simple.,"Maison de la Culture Ibn Rachiq, Tunis, Tunisie",False,5.7,HIGH
ETE,JUNE,4-5 ans,MEDIUM,False,Tunis,ATELIER,INDOOR,Atelier lecture et contes,Activite creatrice et sensorielle adaptee au rythme des enfants avec materiel simple.,"Bibliotheque pour enfants, Tunis, Tunisie",False,12.1,HIGH
ETE,JUNE,2-6 ans,LOW,False,Tunis,ATELIER,INDOOR,Atelier sciences ludiques,Activite creatrice et sensorielle adaptee au rythme des enfants avec materiel simple.,"Cite des Sciences, Tunis, Tunisie",False,5.1,HIGH
ETE,JUNE,2-6 ans,LOW,False,Tunis,ATELIER,INDOOR,Atelier creatif en salle,Activite creatrice et sensorielle adaptee au rythme des enfants avec materiel simple.,"Maison de la Culture Ibn Rachiq, Tunis, Tunisie",False,4.5,HIGH
ETE,JUNE,2-6 ans,LOW,False,Tunis,ATELIER,INDOOR,Atelier lecture et contes,Activite creatrice et sensorielle adaptee au rythme des enfants avec materiel simple.,"Bibliotheque pour enfants, Tunis, Tunisie",False,7.5,HIGH
ETE,JULY,2-3 ans,LOW,False,Tunis,ATELIER,INDOOR,Atelier sciences ludiques,Activite creatrice et sensorielle adaptee au rythme des enfants avec materiel simple.,"Cite des Sciences, Tunis, Tunisie",False,6.4,HIGH
ETE,JULY,2-3 ans,LOW,False,Tunis,ATELIER,INDOOR,Atelier creatif en salle,Activite creatrice et sensorielle adaptee au rythme des enfants avec materiel simple.,"Maison de la Culture Ibn Rachiq, Tunis, Tunisie",False,4.8,HIGH
ETE,JULY,2-3 ans,MEDIUM,False,Tunis,ATELIER,INDOOR,Atelier lecture et contes,Activite creatrice et sensorielle adaptee au rythme des enfants avec materiel simple.,"Bibliotheque pour enfants, Tunis, Tunisie",False,14.8,HIGH
ETE,JULY,4-5 ans,LOW,False,Tunis,ATELIER,INDOOR,Atelier sciences ludiques,Activite creatrice et sensorielle adaptee au rythme des enfants avec materiel simple.,"Cite des Sciences, Tunis, Tunisie",False,7.6,HIGH
ETE,JULY,4-5 ans,LOW,False,Tunis,ATELIER,INDOOR,Atelier creatif en salle,Activite creatrice et sensorielle adaptee au rythme des enfants avec materiel simple.,"Maison de la Culture Ibn Rachiq, Tunis, Tunisie",False,7.3,HIGH
ETE,JULY,4-5 ans,LOW,False,Tunis,ATELIER,INDOOR,Atelier lecture et contes,Activite creatrice et sensorielle adaptee au rythme des enfants avec materiel simple.,"Bibliotheque pour enfants, Tunis, Tunisie",False,7.4,HIGH
ETE,JULY,2-6 ans,LOW,False,Tunis,ATELIER,INDOOR,Atelier sciences ludiques,Activite creatrice et sensorielle adaptee au rythme des enfants avec materiel simple.,"Cite des Sciences, Tunis, Tunisie",False,3.9,HIGH
ETE,JULY,2-6 ans,MEDIUM,False,Tunis,ATELIER,INDOOR,Atelier creatif en salle,Activite creatrice et sensorielle adaptee au rythme des enfants avec materiel simple.,"Maison de la Culture Ibn Rachiq, Tunis, Tunisie",False,13.5,HIGH
ETE,JULY,2-6 ans,MEDIUM,False,Tunis,ATELIER,INDOOR,Atelier lecture et contes,Activite creatrice et sensorielle adaptee au rythme des enfants avec materiel simple.,"Bibliotheque pour enfants, Tunis, Tunisie",False,13.6,HIGH
ETE,AUGUST,2-3 ans,LOW,False,Tunis,ATELIER,INDOOR,Atelier sciences ludiques,Activite creatrice et sensorielle adaptee au rythme des enfants avec materiel simple.,"Cite des Sciences, Tunis, Tunisie",False,4.3,HIGH
ETE,AUGUST,2-3 ans,LOW,False,Tunis,ATELIER,INDOOR,Atelier creatif en salle,Activite creatrice et sensorielle adaptee au rythme des enfants avec materiel simple.,"Maison de la Culture Ibn Rachiq, Tunis, Tunisie",False,4.9,HIGH
ETE,AUGUST,2-3 ans,LOW,False,Tunis,ATELIER,INDOOR,Atelier lecture et contes,Activite creatrice et sensorielle adaptee au rythme des enfants avec materiel simple.,"Bibliotheque pour enfants, Tunis, Tunisie",False,7.3,HIGH
ETE,AUGUST,4-5 ans,LOW,False,Tunis,ATELIER,INDOOR,Atelier sciences ludiques,Activite creatrice et sensorielle adaptee au rythme des enfants avec materiel simple.,"Cite des Sciences, Tunis, Tunisie",False,4.0,HIGH
ETE,AUGUST,4-5 ans,MEDIUM,False,Tunis,ATELIER,INDOOR,Atelier creatif en salle,Activite creatrice et sensorielle adaptee au rythme des enfants avec materiel simple.,"Maison de la Culture Ibn Rachiq, Tunis, Tunisie",False,10.4,HIGH
ETE,AUGUST,4-5 ans,LOW,False,Tunis,ATELIER,INDOOR,Atelier lecture et contes,Activite creatrice et sensorielle adaptee au rythme des enfants avec materiel simple.,"Bibliotheque pour enfants, Tunis, Tunisie",False,4.1,HIGH
ETE,AUGUST,2-6 ans,LOW,False,Tunis,ATELIER,INDOOR,Atelier sciences ludiques,Activite creatrice et sensorielle adaptee au rythme des enfants avec materiel simple.,"Cite des Sciences, Tunis, Tunisie",False,5.0,HIGH
ETE,AUGUST,2-6 ans,MEDIUM,False,Tunis,ATELIER,INDOOR,Atelier creatif en salle,Activite creatrice et sensorielle adaptee au rythme des enfants avec materiel simple.,"Maison de la Culture Ibn Rachiq, Tunis, Tunisie",False,14.1,HIGH
ETE,AUGUST,2-6 ans,MEDIUM,False,Tunis,ATELIER,INDOOR,Atelier lecture et contes,Activite creatrice et sensorielle adaptee au rythme des enfants avec materiel simple.,"Bibliotheque pour enfants, Tunis, Tunisie",False,10.5,HIGH
AUTOMNE,SEPTEMBER,2-3 ans,MEDIUM,False,Tunis,ATELIER,INDOOR,Atelier sciences ludiques,Activite creatrice et sensorielle adaptee au rythme des enfants avec materiel simple.,"Cite des Sciences, Tunis, Tunisie",False,12.8,HIGH
AUTOMNE,SEPTEMBER,2-3 ans,MEDIUM,False,Tunis,ATELIER,INDOOR,Atelier creatif en salle,Activite creatrice et sensorielle adaptee au rythme des enfants avec materiel simple.,"Maison de la Culture Ibn Rachiq, Tunis, Tunisie",False,14.6,HIGH
AUTOMNE,SEPTEMBER,2-3 ans,LOW,False,Tunis,ATELIER,INDOOR,Atelier lecture et contes,Activite creatrice et sensorielle adaptee au rythme des enfants avec materiel simple.,"Bibliotheque pour enfants, Tunis, Tunisie",False,7.4,HIGH
AUTOMNE,SEPTEMBER,4-5 ans,MEDIUM,False,Tunis,ATELIER,INDOOR,Atelier sciences ludiques,Activite creatrice et sensorielle adaptee au rythme des enfants avec materiel simple.,"Cite des Sciences, Tunis, Tunisie",False,9.2,HIGH
AUTOMNE,SEPTEMBER,4-5 ans,MEDIUM,False,Tunis,ATELIER,INDOOR,Atelier creatif en salle,Activite creatrice et sensorielle adaptee au rythme des enfants avec materiel simple.,"Maison de la Culture Ibn Rachiq, Tunis, Tunisie",False,8.3,HIGH
AUTOMNE,SEPTEMBER,4-5 ans,MEDIUM,False,Tunis,ATELIER,INDOOR,Atelier lecture et contes,Activite creatrice et sensorielle adaptee au rythme des enfants avec materiel simple.,"Bibliotheque pour enfants, Tunis, Tunisie",False,10.4,HIGH
AUTOMNE,SEPTEMBER,2-6 ans,MEDIUM,False,Tunis,ATELIER,INDOOR,Atelier sciences ludiques,Activite creatrice et sensorielle adaptee au rythme des enfants avec materiel simple.,"Cite des Sciences, Tunis, Tunisie",False,11.1,HIGH
AUTOMNE,SEPTEMBER,2-6 ans,LOW,False,Tunis,ATELIER,INDOOR,Atelier creatif en salle,Activite creatrice et sensorielle adaptee au rythme des enfants avec materiel simple.,"Maison de la Culture Ibn Rachiq, Tunis, Tunisie",False,4.9,HIGH
AUTOMNE,SEPTEMBER,2-6 ans,LOW,False,Tunis,ATELIER,INDOOR,Atelier lecture et contes,Activite creatrice et sensorielle adaptee au rythme des enfants avec materiel simple.,"Bibliotheque pour enfants, Tunis, Tunisie",False,4.3,HIGH
AUTOMNE,OCTOBER,2-3 ans,MEDIUM,False,Tunis,ATELIER,INDOOR,Atelier sciences ludiques,Activite creatrice et sensorielle adaptee au rythme des enfants avec materiel simple.,"Cite des Sciences, Tunis, Tunisie",False,8.0,HIGH
AUTOMNE,OCTOBER,2-3 ans,LOW,False,Tunis,ATELIER,INDOOR,Atelier creatif en salle,Activite creatrice et sensorielle adaptee au rythme des enfants avec materiel simple.,"Maison de la Culture Ibn Rachiq, Tunis, Tunisie",False,4.8,HIGH
AUTOMNE,OCTOBER,2-3 ans,LOW,False,Tunis,ATELIER,INDOOR,Atelier lecture et contes,Activite creatrice et sensorielle adaptee au rythme des enfants avec materiel simple.,"Bibliotheque pour enfants, Tunis, Tunisie",False,7.7,HIGH
AUTOMNE,OCTOBER,4-5 ans,MEDIUM,False,Tunis,ATELIER,INDOOR,Atelier sciences ludiques,Activite creatrice et sensorielle adaptee au rythme des enfants avec materiel simple.,"Cite des Sciences, Tunis, Tunisie",False,12.4,HIGH
AUTOMNE,OCTOBER,4-5 ans,LOW,False,Tunis,ATELIER,INDOOR,Atelier creatif en salle,Activite creatrice et sensorielle adaptee au rythme des enfants avec materiel simple.,"Maison de la Culture Ibn Rachiq, Tunis, Tunisie",False,6.6,HIGH
AUTOMNE,OCTOBER,4-5 ans,MEDIUM,False,Tunis,ATELIER,INDOOR,Atelier lecture et contes,Activite creatrice et sensorielle adaptee au rythme des enfants avec materiel simple.,"Bibliotheque pour enfants, Tunis, Tunisie",False,11.5,HIGH
AUTOMNE,OCTOBER,2-6 ans,MEDIUM,False,Tunis,ATELIER,INDOOR,Atelier sciences ludiques,Activite creatrice et sensorielle adaptee au rythme des enfants avec materiel simple.,"Cite des Sciences, Tunis, Tunisie",False,10.3,HIGH
AUTOMNE,OCTOBER,2-6 ans,MEDIUM,False,Tunis,ATELIER,INDOOR,Atelier creatif en salle,Activite creatrice et sensorielle adaptee au rythme des enfants avec materiel simple.,"Maison de la Culture Ibn Rachiq, Tunis, Tunisie",False,11.9,HIGH
AUTOMNE,OCTOBER,2-6 ans,LOW,False,Tunis,ATELIER,INDOOR,Atelier lecture et contes,Activite creatrice et sensorielle adaptee au rythme des enfants avec materiel simple.,"Bibliotheque pour enfants, Tunis, Tunisie",False,5.1,HIGH
AUTOMNE,NOVEMBER,2-3 ans,MEDIUM,False,Tunis,ATELIER,INDOOR,Atelier sciences ludiques,Activite creatrice et sensorielle adaptee au rythme des enfants avec materiel simple.,"Cite des Sciences, Tunis, Tunisie",False,12.7,HIGH
AUTOMNE,NOVEMBER,2-3 ans,LOW,False,Tunis,ATELIER,INDOOR,Atelier creatif en salle,Activite creatrice et sensorielle adaptee au rythme des enfants avec materiel simple.,"Maison de la Culture Ibn Rachiq, Tunis, Tunisie",False,6.1,HIGH
AUTOMNE,NOVEMBER,2-3 ans,MEDIUM,False,Tunis,ATELIER,INDOOR,Atelier lecture et contes,Activite creatrice et sensorielle adaptee au rythme des enfants avec materiel simple.,"Bibliotheque pour enfants, Tunis, Tunisie",False,10.8,HIGH
AUTOMNE,NOVEMBER,4-5 ans,LOW,False,Tunis,ATELIER,INDOOR,Atelier sciences ludiques,Activite creatrice et sensorielle adaptee au rythme des enfants avec materiel simple.,"Cite des Sciences, Tunis, Tunisie",False,4.5,HIGH
AUTOMNE,NOVEMBER,4-5 ans,LOW,False,Tunis,ATELIER,INDOOR,Atelier creatif en salle,Activite creatrice et sensorielle adaptee au rythme des enfants avec materiel simple.,"Maison de la Culture Ibn Rachiq, Tunis, Tunisie",False,5.1,HIGH
AUTOMNE,NOVEMBER,4-5 ans,MEDIUM,False,Tunis,ATELIER,INDOOR,Atelier lecture et contes,Activite creatrice et sensorielle adaptee au rythme des enfants avec materiel simple.,"Bibliotheque pour enfants, Tunis, Tunisie",False,11.3,HIGH
AUTOMNE,NOVEMBER,2-6 ans,MEDIUM,False,Tunis,ATELIER,INDOOR,Atelier sciences ludiques,Activite creatrice et sensorielle adaptee au rythme des enfants avec materiel simple.,"Cite des Sciences, Tunis, Tunisie",False,12.7,HIGH
AUTOMNE,NOVEMBER,2-6 ans,MEDIUM,False,Tunis,ATELIER,INDOOR,Atelier creatif en salle,Activite creatrice et sensorielle adaptee au rythme des enfants avec materiel simple.,"Maison de la Culture Ibn Rachiq, Tunis, Tunisie",False,13.6,HIGH
AUTOMNE,NOVEMBER,2-6 ans,LOW,False,Tunis,ATELIER,INDOOR,Atelier lecture et contes,Activite creatrice et sensorielle adaptee au rythme des enfants avec materiel simple.,"Bibliotheque pour enfants, Tunis, Tunisie",False,6.3,HIGH
HIVER,DECEMBER,2-3 ans,MEDIUM,False,Tunis,ATELIER,INDOOR,Atelier sciences ludiques,Activite creatrice et sensorielle adaptee au rythme des enfants avec materiel simple.,"Cite des Sciences, Tunis, Tunisie",False,11.6,HIGH
HIVER,DECEMBER,2-3 ans,MEDIUM,False,Tunis,ATELIER,INDOOR,Atelier creatif en salle,Activite creatrice et sensorielle adaptee au rythme des enfants avec materiel simple.,"Maison de la Culture Ibn Rachiq, Tunis, Tunisie",False,8.7,HIGH
HIVER,DECEMBER,2-3 ans,LOW,False,Tunis,ATELIER,INDOOR,Atelier lecture et contes,Activite creatrice et sensorielle adaptee au rythme des enfants avec materiel simple.,"Bibliotheque pour enfants, Tunis, Tunisie",False,6.4,HIGH
HIVER,DECEMBER,4-5 ans,LOW,False,Tunis,ATELIER,INDOOR,Atelier sciences ludiques,Activite creatrice et sensorielle adaptee au rythme des enfants avec materiel simple.,"Cite des Sciences, Tunis, Tunisie",False,7.0,HIGH
HIVER,DECEMBER,4-5 ans,LOW,False,Tunis,ATELIER,INDOOR,Atelier creatif en salle,Activite creatrice et sensorielle adaptee au rythme des enfants avec materiel simple.,"Maison de la Culture Ibn Rachiq, Tunis, Tunisie",False,3.1,HIGH
HIVER,DECEMBER,4-5 ans,LOW,False,Tunis,ATELIER,INDOOR,Atelier lecture et contes,Activite creatrice et sensorielle adaptee au rythme des enfants avec materiel simple.,"Bibliotheque pour enfants, Tunis, Tunisie",False,7.9,HIGH
HIVER,DECEMBER,2-6 ans,LOW,False,Tunis,ATELIER,INDOOR,Atelier sciences ludiques,Activite creatrice et sensorielle adaptee au rythme des enfants avec materiel simple.,"Cite des Sciences, Tunis, Tunisie",False,5.3,HIGH
HIVER,DECEMBER,2-6 ans,LOW,False,Tunis,ATELIER,INDOOR,Atelier creatif en salle,Activite creatrice et sensorielle adaptee au rythme des enfants avec materiel simple.,"Maison de la Culture Ibn Rachiq, Tunis, Tunisie",False,6.6,HIGH
HIVER,DECEMBER,2-6 ans,MEDIUM,False,Tunis,ATELIER,INDOOR,Atelier lecture et contes,Activite creatrice et sensorielle adaptee au rythme des enfants avec materiel simple.,"Bibliotheque pour enfants, Tunis, Tunisie",False,11.5,HIGH
HIVER,JANUARY,2-3 ans,LOW,False,Tunis,ATELIER,INDOOR,Atelier sciences ludiques,Activite creatrice et sensorielle adaptee au rythme des enfants avec materiel simple.,"Cite des Sciences, Tunis, Tunisie",False,3.7,HIGH
HIVER,JANUARY,2-3 ans,LOW,False,Tunis,ATELIER,INDOOR,Atelier creatif en salle,Activite creatrice et sensorielle adaptee au rythme des enfants avec materiel simple.,"Maison de la Culture Ibn Rachiq, Tunis, Tunisie",False,7.5,HIGH
HIVER,JANUARY,2-3 ans,LOW,False,Tunis,ATELIER,INDOOR,Atelier lecture et contes,Activite creatrice et sensorielle adaptee au rythme des enfants avec materiel simple.,"Bibliotheque pour enfants, Tunis, Tunisie",False,6.9,HIGH
HIVER,JANUARY,4-5 ans,LOW,False,Tunis,ATELIER,INDOOR,Atelier sciences ludiques,Activite creatrice et sensorielle adaptee au rythme des enfants avec materiel simple.,"Cite des Sciences, Tunis, Tunisie",False,3.9,HIGH
HIVER,JANUARY,4-5 ans,MEDIUM,False,Tunis,ATELIER,INDOOR,Atelier creatif en salle,Activite creatrice et sensorielle adaptee au rythme des enfants avec materiel simple.,"Maison de la Culture Ibn Rachiq, Tunis, Tunisie",False,8.4,HIGH
HIVER,JANUARY,4-5 ans,LOW,False,Tunis,ATELIER,INDOOR,Atelier lecture et contes,Activite creatrice et sensorielle adaptee au rythme des enfants avec materiel simple.,"Bibliotheque pour enfants, Tunis, Tunisie",False,7.6,HIGH
HIVER,JANUARY,2-6 ans,LOW,False,Tunis,ATELIER,INDOOR,Atelier sciences ludiques,Activite creatrice et sensorielle adaptee au rythme des enfants avec materiel simple.,"Cite des Sciences, Tunis, Tunisie",False,5.3,HIGH
HIVER,JANUARY,2-6 ans,MEDIUM,False,Tunis,ATELIER,INDOOR,Atelier creatif en salle,Activite creatrice et sensorielle adaptee au rythme des enfants avec materiel simple.,"Maison de la Culture Ibn Rachiq, Tunis, Tunisie",False,12.7,HIGH
HIVER,JANUARY,2-6 ans,MEDIUM,False,Tunis,ATELIER,INDOOR,Atelier lecture et contes,Activite creatrice et sensorielle adaptee au rythme des enfants avec materiel simple.,"Bibliotheque pour enfants, Tunis, Tunisie",False,14.7,HIGH
HIVER,FEBRUARY,2-3 ans,MEDIUM,False,Tunis,ATELIER,INDOOR,Atelier sciences ludiques,Activite creatrice et sensorielle adaptee au rythme des enfants avec materiel simple.,"Cite des Sciences, Tunis, Tunisie",False,12.3,HIGH
HIVER,FEBRUARY,2-3 ans,MEDIUM,False,Tunis,ATELIER,INDOOR,Atelier creatif en salle,Activite creatrice et sensorielle adaptee au rythme des enfants avec materiel simple.,"Maison de la Culture Ibn Rachiq, Tunis, Tunisie",False,13.8,HIGH
HIVER,FEBRUARY,2-3 ans,MEDIUM,False,Tunis,ATELIER,INDOOR,Atelier lecture et contes,Activite creatrice et sensorielle adaptee au rythme des enfants avec materiel simple.,"Bibliotheque pour enfants, Tunis, Tunisie",False,14.3,HIGH
HIVER,FEBRUARY,4-5 ans,MEDIUM,False,Tunis,ATELIER,INDOOR,Atelier sciences ludiques,Activite creatrice et sensorielle adaptee au rythme des enfants avec materiel simple.,"Cite des Sciences, Tunis, Tunisie",False,11.2,HIGH
HIVER,FEBRUARY,4-5 ans,LOW,False,Tunis,ATELIER,INDOOR,Atelier creatif en salle,Activite creatrice et sensorielle adaptee au rythme des enfants avec materiel simple.,"Maison de la Culture Ibn Rachiq, Tunis, Tunisie",False,7.2,HIGH
HIVER,FEBRUARY,4-5 ans,MEDIUM,False,Tunis,ATELIER,INDOOR,Atelier lecture et contes,Activite creatrice et sensorielle adaptee au rythme des enfants avec materiel simple.,"Bibliotheque pour enfants, Tunis, Tunisie",False,13.4,HIGH
HIVER,FEBRUARY,2-6 ans,MEDIUM,False,Tunis,ATELIER,INDOOR,Atelier sciences ludiques,Activite creatrice et sensorielle adaptee au rythme des enfants avec materiel simple.,"Cite des Sciences, Tunis, Tunisie",False,12.4,HIGH
HIVER,FEBRUARY,2-6 ans,MEDIUM,False,Tunis,ATELIER,INDOOR,Atelier creatif en salle,Activite creatrice et sensorielle adaptee au rythme des enfants avec materiel simple.,"Maison de la Culture Ibn Rachiq, Tunis, Tunisie",False,11.1,HIGH
HIVER,FEBRUARY,2-6 ans,MEDIUM,False,Tunis,ATELIER,INDOOR,Atelier lecture et contes,Activite creatrice et sensorielle adaptee au rythme des enfants avec materiel simple.,"Bibliotheque pour enfants, Tunis, Tunisie",False,9.6,HIGH
PRINTEMPS,MARCH,2-3 ans,MEDIUM,True,Tunis,ACTIVITE,OUTDOOR,Jeux moteurs au Jardin Japonais,Jeux collectifs et parcours moteurs dans un cadre securise et adapte.,"Jardin Japonais, Tunis, Tunisie",False,8.9,HIGH
PRINTEMPS,MARCH,2-3 ans,LOW,True,Tunis,ACTIVITE,OUTDOOR,Jeux d observation au parc,Jeux collectifs et parcours moteurs dans un cadre securise et adapte.,"Parc du Belvedere, Tunis, Tunisie",False,2.7,HIGH
PRINTEMPS,MARCH,2-3 ans,LOW,True,Tunis,ACTIVITE,OUTDOOR,Activite artistique en interieur,Jeux collectifs et parcours moteurs dans un cadre securise et adapte.,"Maison de la Culture Ibn Rachiq, Tunis, Tunisie",False,3.9,HIGH
PRINTEMPS,MARCH,4-5 ans,LOW,True,Tunis,ACTIVITE,OUTDOOR,Jeux moteurs au Jardin Japonais,Jeux collectifs et parcours moteurs dans un cadre securise et adapte.,"Jardin Japonais, Tunis, Tunisie",False,5.5,HIGH
PRINTEMPS,MARCH,4-5 ans,LOW,True,Tunis,ACTIVITE,OUTDOOR,Jeux d observation au parc,Jeux collectifs et parcours moteurs dans un cadre securise et adapte.,"Parc du Belvedere, Tunis, Tunisie",False,4.1,HIGH
PRINTEMPS,MARCH,4-5 ans,MEDIUM,True,Tunis,ACTIVITE,OUTDOOR,Activite artistique en interieur,Jeux collectifs et parcours moteurs dans un cadre securise et adapte.,"Maison de la Culture Ibn Rachiq, Tunis, Tunisie",False,10.3,HIGH
PRINTEMPS,MARCH,2-6 ans,MEDIUM,True,Tunis,ACTIVITE,OUTDOOR,Jeux moteurs au Jardin Japonais,Jeux collectifs et parcours moteurs dans un cadre securise et adapte.,"Jardin Japonais, Tunis, Tunisie",False,7.4,HIGH
PRINTEMPS,MARCH,2-6 ans,MEDIUM,True,Tunis,ACTIVITE,OUTDOOR,Jeux d observation au parc,Jeux collectifs et parcours moteurs dans un cadre securise et adapte.,"Parc du Belvedere, Tunis, Tunisie",False,9.3,HIGH
PRINTEMPS,MARCH,2-6 ans,LOW,True,Tunis,ACTIVITE,OUTDOOR,Activite artistique en interieur,Jeux collectifs et parcours moteurs dans un cadre securise et adapte.,"Maison de la Culture Ibn Rachiq, Tunis, Tunisie",False,6.3,HIGH
PRINTEMPS,APRIL,2-3 ans,MEDIUM,True,Tunis,ACTIVITE,OUTDOOR,Jeux moteurs au Jardin Japonais,Jeux collectifs et parcours moteurs dans un cadre securise et adapte.,"Jardin Japonais, Tunis, Tunisie",False,9.9,HIGH
PRINTEMPS,APRIL,2-3 ans,MEDIUM,True,Tunis,ACTIVITE,OUTDOOR,Jeux d observation au parc,Jeux collectifs et parcours moteurs dans un cadre securise et adapte.,"Parc du Belvedere, Tunis, Tunisie",False,8.8,HIGH
PRINTEMPS,APRIL,2-3 ans,MEDIUM,True,Tunis,ACTIVITE,OUTDOOR,Activite artistique en interieur,Jeux collectifs et parcours moteurs dans un cadre securise et adapte.,"Maison de la Culture Ibn Rachiq, Tunis, Tunisie",False,12.1,HIGH
PRINTEMPS,APRIL,4-5 ans,MEDIUM,True,Tunis,ACTIVITE,OUTDOOR,Jeux moteurs au Jardin Japonais,Jeux collectifs et parcours moteurs dans un cadre securise et adapte.,"Jardin Japonais, Tunis, Tunisie",False,10.2,HIGH
PRINTEMPS,APRIL,4-5 ans,LOW,True,Tunis,ACTIVITE,OUTDOOR,Jeux d observation au parc,Jeux collectifs et parcours moteurs dans un cadre securise et adapte.,"Parc du Belvedere, Tunis, Tunisie",False,4.4,HIGH
PRINTEMPS,APRIL,4-5 ans,MEDIUM,True,Tunis,ACTIVITE,OUTDOOR,Activite artistique en interieur,Jeux collectifs et parcours moteurs dans un cadre securise et adapte.,"Maison de la Culture Ibn Rachiq, Tunis, Tunisie",False,9.6,HIGH
PRINTEMPS,APRIL,2-6 ans,LOW,True,Tunis,ACTIVITE,OUTDOOR,Jeux moteurs au Jardin Japonais,Jeux collectifs et parcours moteurs dans un cadre securise et adapte.,"Jardin Japonais, Tunis, Tunisie",False,3.9,HIGH
PRINTEMPS,APRIL,2-6 ans,MEDIUM,True,Tunis,ACTIVITE,OUTDOOR,Jeux d observation au parc,Jeux collectifs et parcours moteurs dans un cadre securise et adapte.,"Parc du Belvedere, Tunis, Tunisie",False,11.3,HIGH
PRINTEMPS,APRIL,2-6 ans,MEDIUM,True,Tunis,ACTIVITE,OUTDOOR,Activite artistique en interieur,Jeux collectifs et parcours moteurs dans un cadre securise et adapte.,"Maison de la Culture Ibn Rachiq, Tunis, Tunisie",False,12.5,HIGH
PRINTEMPS,MAY,2-3 ans,LOW,True,Tunis,ACTIVITE,OUTDOOR,Jeux moteurs au Jardin Japonais,Jeux collectifs et parcours moteurs dans un cadre securise et adapte.,"Jardin Japonais, Tunis, Tunisie",False,6.5,HIGH
PRINTEMPS,MAY,2-3 ans,LOW,True,Tunis,ACTIVITE,OUTDOOR,Jeux d observation au parc,Jeux collectifs et parcours moteurs dans un cadre securise et adapte.,"Parc du Belvedere, Tunis, Tunisie",False,2.4,HIGH
PRINTEMPS,MAY,2-3 ans,MEDIUM,True,Tunis,ACTIVITE,OUTDOOR,Activite artistique en interieur,Jeux collectifs et parcours moteurs dans un cadre securise et adapte.,"Maison de la Culture Ibn Rachiq, Tunis, Tunisie",False,7.8,HIGH
PRINTEMPS,MAY,4-5 ans,MEDIUM,True,Tunis,ACTIVITE,OUTDOOR,Jeux moteurs au Jardin Japonais,Jeux collectifs et parcours moteurs dans un cadre securise et adapte.,"Jardin Japonais, Tunis, Tunisie",False,8.1,HIGH
PRINTEMPS,MAY,4-5 ans,MEDIUM,True,Tunis,ACTIVITE,OUTDOOR,Jeux d observation au parc,Jeux collectifs et parcours moteurs dans un cadre securise et adapte.,"Parc du Belvedere, Tunis, Tunisie",False,9.3,HIGH
PRINTEMPS,MAY,4-5 ans,LOW,True,Tunis,ACTIVITE,OUTDOOR,Activite artistique en interieur,Jeux collectifs et parcours moteurs dans un cadre securise et adapte.,"Maison de la Culture Ibn Rachiq, Tunis, Tunisie",False,4.3,HIGH
PRINTEMPS,MAY,2-6 ans,MEDIUM,True,Tunis,ACTIVITE,OUTDOOR,Jeux moteurs au Jardin Japonais,Jeux collectifs et parcours moteurs dans un cadre securise et adapte.,"Jardin Japonais, Tunis, Tunisie",False,11.6,HIGH
PRINTEMPS,MAY,2-6 ans,MEDIUM,True,Tunis,ACTIVITE,OUTDOOR,Jeux d observation au parc,Jeux collectifs et parcours moteurs dans un cadre securise et adapte.,"Parc du Belvedere, Tunis, Tunisie",False,8.7,HIGH
PRINTEMPS,MAY,2-6 ans,MEDIUM,True,Tunis,ACTIVITE,OUTDOOR,Activite artistique en interieur,Jeux collectifs et parcours moteurs dans un cadre securise et adapte.,"Maison de la Culture Ibn Rachiq, Tunis, Tunisie",False,8.5,HIGH
ETE,JUNE,2-3 ans,LOW,True,Tunis,ACTIVITE,OUTDOOR,Jeux moteurs au Jardin Japonais,Jeux collectifs et parcours moteurs dans un cadre securise et adapte.,"Jardin Japonais, Tunis, Tunisie",False,4.4,HIGH
ETE,JUNE,2-3 ans,LOW,True,Tunis,ACTIVITE,OUTDOOR,Jeux d observation au parc,Jeux collectifs et parcours moteurs dans un cadre securise et adapte.,"Parc du Belvedere, Tunis, Tunisie",False,7.0,HIGH
ETE,JUNE,2-3 ans,MEDIUM,True,Tunis,ACTIVITE,OUTDOOR,Activite artistique en interieur,Jeux collectifs et parcours moteurs dans un cadre securise et adapte.,"Maison de la Culture Ibn Rachiq, Tunis, Tunisie",False,8.3,HIGH
ETE,JUNE,4-5 ans,LOW,True,Tunis,ACTIVITE,OUTDOOR,Jeux moteurs au Jardin Japonais,Jeux collectifs et parcours moteurs dans un cadre securise et adapte.,"Jardin Japonais, Tunis, Tunisie",False,5.9,HIGH
ETE,JUNE,4-5 ans,LOW,True,Tunis,ACTIVITE,OUTDOOR,Jeux d observation au parc,Jeux collectifs et parcours moteurs dans un cadre securise et adapte.,"Parc du Belvedere, Tunis, Tunisie",False,5.8,HIGH
ETE,JUNE,4-5 ans,LOW,True,Tunis,ACTIVITE,OUTDOOR,Activite artistique en interieur,Jeux collectifs et parcours moteurs dans un cadre securise et adapte.,"Maison de la Culture Ibn Rachiq, Tunis, Tunisie",False,3.0,HIGH
ETE,JUNE,2-6 ans,LOW,True,Tunis,ACTIVITE,OUTDOOR,Jeux moteurs au Jardin Japonais,Jeux collectifs et parcours moteurs dans un cadre securise et adapte.,"Jardin Japonais, Tunis, Tunisie",False,5.1,HIGH
ETE,JUNE,2-6 ans,LOW,True,Tunis,ACTIVITE,OUTDOOR,Jeux d observation au parc,Jeux collectifs et parcours moteurs dans un cadre securise et adapte.,"Parc du Belvedere, Tunis, Tunisie",False,2.6,HIGH
ETE,JUNE,2-6 ans,LOW,True,Tunis,ACTIVITE,OUTDOOR,Activite artistique en interieur,Jeux collectifs et parcours moteurs dans un cadre securise et adapte.,"Maison de la Culture Ibn Rachiq, Tunis, Tunisie",False,4.8,HIGH
ETE,JULY,2-3 ans,LOW,True,Tunis,ACTIVITE,OUTDOOR,Jeux moteurs au Jardin Japonais,Jeux collectifs et parcours moteurs dans un cadre securise et adapte.,"Jardin Japonais, Tunis, Tunisie",False,4.3,HIGH
ETE,JULY,2-3 ans,MEDIUM,True,Tunis,ACTIVITE,OUTDOOR,Jeux d observation au parc,Jeux collectifs et parcours moteurs dans un cadre securise et adapte.,"Parc du Belvedere, Tunis, Tunisie",False,11.6,HIGH
ETE,JULY,2-3 ans,LOW,True,Tunis,ACTIVITE,OUTDOOR,Activite artistique en interieur,Jeux collectifs et parcours moteurs dans un cadre securise et adapte.,"Maison de la Culture Ibn Rachiq, Tunis, Tunisie",False,5.0,HIGH
ETE,JULY,4-5 ans,LOW,True,Tunis,ACTIVITE,OUTDOOR,Jeux moteurs au Jardin Japonais,Jeux collectifs et parcours moteurs dans un cadre securise et adapte.,"Jardin Japonais, Tunis, Tunisie",False,5.9,HIGH
ETE,JULY,4-5 ans,LOW,True,Tunis,ACTIVITE,OUTDOOR,Jeux d observation au parc,Jeux collectifs et parcours moteurs dans un cadre securise et adapte.,"Parc du Belvedere, Tunis, Tunisie",False,6.8,HIGH
ETE,JULY,4-5 ans,LOW,True,Tunis,ACTIVITE,OUTDOOR,Activite artistique en interieur,Jeux collectifs et parcours moteurs dans un cadre securise et adapte.,"Maison de la Culture Ibn Rachiq, Tunis, Tunisie",False,4.9,HIGH
ETE,JULY,2-6 ans,MEDIUM,True,Tunis,ACTIVITE,OUTDOOR,Jeux moteurs au Jardin Japonais,Jeux collectifs et parcours moteurs dans un cadre securise et adapte.,"Jardin Japonais, Tunis, Tunisie",False,10.5,HIGH
ETE,JULY,2-6 ans,MEDIUM,True,Tunis,ACTIVITE,OUTDOOR,Jeux d observation au parc,Jeux collectifs et parcours moteurs dans un cadre securise et adapte.,"Parc du Belvedere, Tunis, Tunisie",False,9.4,HIGH
ETE,JULY,2-6 ans,LOW,True,Tunis,ACTIVITE,OUTDOOR,Activite artistique en interieur,Jeux collectifs et parcours moteurs dans un cadre securise et adapte.,"Maison de la Culture Ibn Rachiq, Tunis, Tunisie",False,2.4,HIGH
ETE,AUGUST,2-3 ans,LOW,True,Tunis,ACTIVITE,OUTDOOR,Jeux moteurs au Jardin Japonais,Jeux collectifs et parcours moteurs dans un cadre securise et adapte.,"Jardin Japonais, Tunis, Tunisie",False,2.5,HIGH
ETE,AUGUST,2-3 ans,MEDIUM,True,Tunis,ACTIVITE,OUTDOOR,Jeux d observation au parc,Jeux collectifs et parcours moteurs dans un cadre securise et adapte.,"Parc du Belvedere, Tunis, Tunisie",False,12.1,HIGH
ETE,AUGUST,2-3 ans,LOW,True,Tunis,ACTIVITE,OUTDOOR,Activite artistique en interieur,Jeux collectifs et parcours moteurs dans un cadre securise et adapte.,"Maison de la Culture Ibn Rachiq, Tunis, Tunisie",False,6.0,HIGH
ETE,AUGUST,4-5 ans,LOW,True,Tunis,ACTIVITE,OUTDOOR,Jeux moteurs au Jardin Japonais,Jeux collectifs et parcours moteurs dans un cadre securise et adapte.,"Jardin Japonais, Tunis, Tunisie",False,3.7,HIGH
ETE,AUGUST,4-5 ans,MEDIUM,True,Tunis,ACTIVITE,OUTDOOR,Jeux d observation au parc,Jeux collectifs et parcours moteurs dans un cadre securise et adapte.,"Parc du Belvedere, Tunis, Tunisie",False,11.0,HIGH
ETE,AUGUST,4-5 ans,LOW,True,Tunis,ACTIVITE,OUTDOOR,Activite artistique en interieur,Jeux collectifs et parcours moteurs dans un cadre securise et adapte.,"Maison de la Culture Ibn Rachiq, Tunis, Tunisie",False,4.5,HIGH
ETE,AUGUST,2-6 ans,MEDIUM,True,Tunis,ACTIVITE,OUTDOOR,Jeux moteurs au Jardin Japonais,Jeux collectifs et parcours moteurs dans un cadre securise et adapte.,"Jardin Japonais, Tunis, Tunisie",False,7.1,HIGH
ETE,AUGUST,2-6 ans,MEDIUM,True,Tunis,ACTIVITE,OUTDOOR,Jeux d observation au parc,Jeux collectifs et parcours moteurs dans un cadre securise et adapte.,"Parc du Belvedere, Tunis, Tunisie",False,11.9,HIGH
ETE,AUGUST,2-6 ans,LOW,True,Tunis,ACTIVITE,OUTDOOR,Activite artistique en interieur,Jeux collectifs et parcours moteurs dans un cadre securise et adapte.,"Maison de la Culture Ibn Rachiq, Tunis, Tunisie",False,4.2,HIGH
AUTOMNE,SEPTEMBER,2-3 ans,MEDIUM,True,Tunis,ACTIVITE,OUTDOOR,Jeux moteurs au Jardin Japonais,Jeux collectifs et parcours moteurs dans un cadre securise et adapte.,"Jardin Japonais, Tunis, Tunisie",False,10.8,HIGH
AUTOMNE,SEPTEMBER,2-3 ans,MEDIUM,True,Tunis,ACTIVITE,OUTDOOR,Jeux d observation au parc,Jeux collectifs et parcours moteurs dans un cadre securise et adapte.,"Parc du Belvedere, Tunis, Tunisie",False,11.2,HIGH
AUTOMNE,SEPTEMBER,2-3 ans,MEDIUM,True,Tunis,ACTIVITE,OUTDOOR,Activite artistique en interieur,Jeux collectifs et parcours moteurs dans un cadre securise et adapte.,"Maison de la Culture Ibn Rachiq, Tunis, Tunisie",False,8.1,HIGH
AUTOMNE,SEPTEMBER,4-5 ans,MEDIUM,True,Tunis,ACTIVITE,OUTDOOR,Jeux moteurs au Jardin Japonais,Jeux collectifs et parcours moteurs dans un cadre securise et adapte.,"Jardin Japonais, Tunis, Tunisie",False,10.7,HIGH
AUTOMNE,SEPTEMBER,4-5 ans,MEDIUM,True,Tunis,ACTIVITE,OUTDOOR,Jeux d observation au parc,Jeux collectifs et parcours moteurs dans un cadre securise et adapte.,"Parc du Belvedere, Tunis, Tunisie",False,9.8,HIGH
AUTOMNE,SEPTEMBER,4-5 ans,MEDIUM,True,Tunis,ACTIVITE,OUTDOOR,Activite artistique en interieur,Jeux collectifs et parcours moteurs dans un cadre securise et adapte.,"Maison de la Culture Ibn Rachiq, Tunis, Tunisie",False,8.9,HIGH
AUTOMNE,SEPTEMBER,2-6 ans,LOW,True,Tunis,ACTIVITE,OUTDOOR,Jeux moteurs au Jardin Japonais,Jeux collectifs et parcours moteurs dans un cadre securise et adapte.,"Jardin Japonais, Tunis, Tunisie",False,6.2,HIGH
AUTOMNE,SEPTEMBER,2-6 ans,LOW,True,Tunis,ACTIVITE,OUTDOOR,Jeux d observation au parc,Jeux collectifs et parcours moteurs dans un cadre securise et adapte.,"Parc du Belvedere, Tunis, Tunisie",False,3.4,HIGH
AUTOMNE,SEPTEMBER,2-6 ans,MEDIUM,True,Tunis,ACTIVITE,OUTDOOR,Activite artistique en interieur,Jeux collectifs et parcours moteurs dans un cadre securise et adapte.,"Maison de la Culture Ibn Rachiq, Tunis, Tunisie",False,8.5,HIGH
AUTOMNE,OCTOBER,2-3 ans,MEDIUM,True,Tunis,ACTIVITE,OUTDOOR,Jeux moteurs au Jardin Japonais,Jeux collectifs et parcours moteurs dans un cadre securise et adapte.,"Jardin Japonais, Tunis, Tunisie",False,10.4,HIGH
AUTOMNE,OCTOBER,2-3 ans,MEDIUM,True,Tunis,ACTIVITE,OUTDOOR,Jeux d observation au parc,Jeux collectifs et parcours moteurs dans un cadre securise et adapte.,"Parc du Belvedere, Tunis, Tunisie",False,9.0,HIGH
AUTOMNE,OCTOBER,2-3 ans,MEDIUM,True,Tunis,ACTIVITE,OUTDOOR,Activite artistique en interieur,Jeux collectifs et parcours moteurs dans un cadre securise et adapte.,"Maison de la Culture Ibn Rachiq, Tunis, Tunisie",False,12.1,HIGH
AUTOMNE,OCTOBER,4-5 ans,LOW,True,Tunis,ACTIVITE,OUTDOOR,Jeux moteurs au Jardin Japonais,Jeux collectifs et parcours moteurs dans un cadre securise et adapte.,"Jardin Japonais, Tunis, Tunisie",False,4.4,HIGH
AUTOMNE,OCTOBER,4-5 ans,MEDIUM,True,Tunis,ACTIVITE,OUTDOOR,Jeux d observation au parc,Jeux collectifs et parcours moteurs dans un cadre securise et adapte.,"Parc du Belvedere, Tunis, Tunisie",False,11.8,HIGH
AUTOMNE,OCTOBER,4-5 ans,MEDIUM,True,Tunis,ACTIVITE,OUTDOOR,Activite artistique en interieur,Jeux collectifs et parcours moteurs dans un cadre securise et adapte.,"Maison de la Culture Ibn Rachiq, Tunis, Tunisie",False,8.7,HIGH
AUTOMNE,OCTOBER,2-6 ans,MEDIUM,True,Tunis,ACTIVITE,OUTDOOR,Jeux moteurs au Jardin Japonais,Jeux collectifs et parcours moteurs dans un cadre securise et adapte.,"Jardin Japonais, Tunis, Tunisie",False,10.3,HIGH
AUTOMNE,OCTOBER,2-6 ans,LOW,True,Tunis,ACTIVITE,OUTDOOR,Jeux d observation au parc,Jeux collectifs et parcours moteurs dans un cadre securise et adapte.,"Parc du Belvedere, Tunis, Tunisie",False,2.4,HIGH
AUTOMNE,OCTOBER,2-6 ans,MEDIUM,True,Tunis,ACTIVITE,OUTDOOR,Activite artistique en interieur,Jeux collectifs et parcours moteurs dans un cadre securise et adapte.,"Maison de la Culture Ibn Rachiq, Tunis, Tunisie",False,9.9,HIGH
AUTOMNE,NOVEMBER,2-3 ans,LOW,True,Tunis,ACTIVITE,OUTDOOR,Jeux moteurs au Jardin Japonais,Jeux collectifs et parcours moteurs dans un cadre securise et adapte.,"Jardin Japonais, Tunis, Tunisie",False,5.5,HIGH
AUTOMNE,NOVEMBER,2-3 ans,MEDIUM,True,Tunis,ACTIVITE,OUTDOOR,Jeux d observation au parc,Jeux collectifs et parcours moteurs dans un cadre securise et adapte.,"Parc du Belvedere, Tunis, Tunisie",False,9.7,HIGH
AUTOMNE,NOVEMBER,2-3 ans,LOW,True,Tunis,ACTIVITE,OUTDOOR,Activite artistique en interieur,Jeux collectifs et parcours moteurs dans un cadre securise et adapte.,"Maison de la Culture Ibn Rachiq, Tunis, Tunisie",False,2.5,HIGH
AUTOMNE,NOVEMBER,4-5 ans,LOW,True,Tunis,ACTIVITE,OUTDOOR,Jeux moteurs au Jardin Japonais,Jeux collectifs et parcours moteurs dans un cadre securise et adapte.,"Jardin Japonais, Tunis, Tunisie",False,4.0,HIGH
AUTOMNE,NOVEMBER,4-5 ans,LOW,True,Tunis,ACTIVITE,OUTDOOR,Jeux d observation au parc,Jeux collectifs et parcours moteurs dans un cadre securise et adapte.,"Parc du Belvedere, Tunis, Tunisie",False,3.5,HIGH
AUTOMNE,NOVEMBER,4-5 ans,MEDIUM,True,Tunis,ACTIVITE,OUTDOOR,Activite artistique en interieur,Jeux collectifs et parcours moteurs dans un cadre securise et adapte.,"Maison de la Culture Ibn Rachiq, Tunis, Tunisie",False,9.8,HIGH
AUTOMNE,NOVEMBER,2-6 ans,MEDIUM,True,Tunis,ACTIVITE,OUTDOOR,Jeux moteurs au Jardin Japonais,Jeux collectifs et parcours moteurs dans un cadre securise et adapte.,"Jardin Japonais, Tunis, Tunisie",False,9.6,HIGH
AUTOMNE,NOVEMBER,2-6 ans,MEDIUM,True,Tunis,ACTIVITE,OUTDOOR,Jeux d observation au parc,Jeux collectifs et parcours moteurs dans un cadre securise et adapte.,"Parc du Belvedere, Tunis, Tunisie",False,9.1,HIGH
AUTOMNE,NOVEMBER,2-6 ans,MEDIUM,True,Tunis,ACTIVITE,OUTDOOR,Activite artistique en interieur,Jeux collectifs et parcours moteurs dans un cadre securise et adapte.,"Maison de la Culture Ibn Rachiq, Tunis, Tunisie",False,8.6,HIGH
HIVER,DECEMBER,2-3 ans,MEDIUM,True,Tunis,ACTIVITE,OUTDOOR,Jeux moteurs au Jardin Japonais,Jeux collectifs et parcours moteurs dans un cadre securise et adapte.,"Jardin Japonais, Tunis, Tunisie",False,8.4,HIGH
HIVER,DECEMBER,2-3 ans,LOW,True,Tunis,ACTIVITE,OUTDOOR,Jeux d observation au parc,Jeux collectifs et parcours moteurs dans un cadre securise et adapte.,"Parc du Belvedere, Tunis, Tunisie",False,3.6,HIGH
HIVER,DECEMBER,2-3 ans,LOW,True,Tunis,ACTIVITE,OUTDOOR,Activite artistique en interieur,Jeux collectifs et parcours moteurs dans un cadre securise et adapte.,"Maison de la Culture Ibn Rachiq, Tunis, Tunisie",False,3.0,HIGH
HIVER,DECEMBER,4-5 ans,MEDIUM,True,Tunis,ACTIVITE,OUTDOOR,Jeux moteurs au Jardin Japonais,Jeux collectifs et parcours moteurs dans un cadre securise et adapte.,"Jardin Japonais, Tunis, Tunisie",False,8.7,HIGH
HIVER,DECEMBER,4-5 ans,MEDIUM,True,Tunis,ACTIVITE,OUTDOOR,Jeux d observation au parc,Jeux collectifs et parcours moteurs dans un cadre securise et adapte.,"Parc du Belvedere, Tunis, Tunisie",False,12.9,HIGH
HIVER,DECEMBER,4-5 ans,LOW,True,Tunis,ACTIVITE,OUTDOOR,Activite artistique en interieur,Jeux collectifs et parcours moteurs dans un cadre securise et adapte.,"Maison de la Culture Ibn Rachiq, Tunis, Tunisie",False,3.5,HIGH
HIVER,DECEMBER,2-6 ans,MEDIUM,True,Tunis,ACTIVITE,OUTDOOR,Jeux moteurs au Jardin Japonais,Jeux collectifs et parcours moteurs dans un cadre securise et adapte.,"Jardin Japonais, Tunis, Tunisie",False,8.1,HIGH
HIVER,DECEMBER,2-6 ans,LOW,True,Tunis,ACTIVITE,OUTDOOR,Jeux d observation au parc,Jeux collectifs et parcours moteurs dans un cadre securise et adapte.,"Parc du Belvedere, Tunis, Tunisie",False,5.5,HIGH
HIVER,DECEMBER,2-6 ans,LOW,True,Tunis,ACTIVITE,OUTDOOR,Activite artistique en interieur,Jeux collectifs et parcours moteurs dans un cadre securise et adapte.,"Maison de la Culture Ibn Rachiq, Tunis, Tunisie",False,3.4,HIGH
HIVER,JANUARY,2-3 ans,LOW,True,Tunis,ACTIVITE,OUTDOOR,Jeux moteurs au Jardin Japonais,Jeux collectifs et parcours moteurs dans un cadre securise et adapte.,"Jardin Japonais, Tunis, Tunisie",False,4.8,HIGH
HIVER,JANUARY,2-3 ans,LOW,True,Tunis,ACTIVITE,OUTDOOR,Jeux d observation au parc,Jeux collectifs et parcours moteurs dans un cadre securise et adapte.,"Parc du Belvedere, Tunis, Tunisie",False,5.2,HIGH
HIVER,JANUARY,2-3 ans,MEDIUM,True,Tunis,ACTIVITE,OUTDOOR,Activite artistique en interieur,Jeux collectifs et parcours moteurs dans un cadre securise et adapte.,"Maison de la Culture Ibn Rachiq, Tunis, Tunisie",False,7.6,HIGH
HIVER,JANUARY,4-5 ans,LOW,True,Tunis,ACTIVITE,OUTDOOR,Jeux moteurs au Jardin Japonais,Jeux collectifs et parcours moteurs dans un cadre securise et adapte.,"Jardin Japonais, Tunis, Tunisie",False,4.9,HIGH
HIVER,JANUARY,4-5 ans,MEDIUM,True,Tunis,ACTIVITE,OUTDOOR,Jeux d observation au parc,Jeux collectifs et parcours moteurs dans un cadre securise et adapte.,"Parc du Belvedere, Tunis, Tunisie",False,9.9,HIGH
HIVER,JANUARY,4-5 ans,MEDIUM,True,Tunis,ACTIVITE,OUTDOOR,Activite artistique en interieur,Jeux collectifs et parcours moteurs dans un cadre securise et adapte.,"Maison de la Culture Ibn Rachiq, Tunis, Tunisie",False,8.1,HIGH
HIVER,JANUARY,2-6 ans,LOW,True,Tunis,ACTIVITE,OUTDOOR,Jeux moteurs au Jardin Japonais,Jeux collectifs et parcours moteurs dans un cadre securise et adapte.,"Jardin Japonais, Tunis, Tunisie",False,3.3,HIGH
HIVER,JANUARY,2-6 ans,MEDIUM,True,Tunis,ACTIVITE,OUTDOOR,Jeux d observation au parc,Jeux collectifs et parcours moteurs dans un cadre securise et adapte.,"Parc du Belvedere, Tunis, Tunisie",False,7.7,HIGH
HIVER,JANUARY,2-6 ans,LOW,True,Tunis,ACTIVITE,OUTDOOR,Activite artistique en interieur,Jeux collectifs et parcours moteurs dans un cadre securise et adapte.,"Maison de la Culture Ibn Rachiq, Tunis, Tunisie",False,4.0,HIGH
HIVER,FEBRUARY,2-3 ans,LOW,True,Tunis,ACTIVITE,OUTDOOR,Jeux moteurs au Jardin Japonais,Jeux collectifs et parcours moteurs dans un cadre securise et adapte.,"Jardin Japonais, Tunis, Tunisie",False,4.9,HIGH
HIVER,FEBRUARY,2-3 ans,LOW,True,Tunis,ACTIVITE,OUTDOOR,Jeux d observation au parc,Jeux collectifs et parcours moteurs dans un cadre securise et adapte.,"Parc du Belvedere, Tunis, Tunisie",False,2.8,HIGH
HIVER,FEBRUARY,2-3 ans,MEDIUM,True,Tunis,ACTIVITE,OUTDOOR,Activite artistique en interieur,Jeux collectifs et parcours moteurs dans un cadre securise et adapte.,"Maison de la Culture Ibn Rachiq, Tunis, Tunisie",False,7.5,HIGH
HIVER,FEBRUARY,4-5 ans,LOW,True,Tunis,ACTIVITE,OUTDOOR,Jeux moteurs au Jardin Japonais,Jeux collectifs et parcours moteurs dans un cadre securise et adapte.,"Jardin Japonais, Tunis, Tunisie",False,2.6,HIGH
HIVER,FEBRUARY,4-5 ans,MEDIUM,True,Tunis,ACTIVITE,OUTDOOR,Jeux d observation au parc,Jeux collectifs et parcours moteurs dans un cadre securise et adapte.,"Parc du Belvedere, Tunis, Tunisie",False,10.6,HIGH
HIVER,FEBRUARY,4-5 ans,LOW,True,Tunis,ACTIVITE,OUTDOOR,Activite artistique en interieur,Jeux collectifs et parcours moteurs dans un cadre securise et adapte.,"Maison de la Culture Ibn Rachiq, Tunis, Tunisie",False,5.9,HIGH
HIVER,FEBRUARY,2-6 ans,MEDIUM,True,Tunis,ACTIVITE,OUTDOOR,Jeux moteurs au Jardin Japonais,Jeux collectifs et parcours moteurs dans un cadre securise et adapte.,"Jardin Japonais, Tunis, Tunisie",False,9.7,HIGH
HIVER,FEBRUARY,2-6 ans,MEDIUM,True,Tunis,ACTIVITE,OUTDOOR,Jeux d observation au parc,Jeux collectifs et parcours moteurs dans un cadre securise et adapte.,"Parc du Belvedere, Tunis, Tunisie",False,8.8,HIGH
HIVER,FEBRUARY,2-6 ans,MEDIUM,True,Tunis,ACTIVITE,OUTDOOR,Activite artistique en interieur,Jeux collectifs et parcours moteurs dans un cadre securise et adapte.,"Maison de la Culture Ibn Rachiq, Tunis, Tunisie",False,8.8,HIGH
PRINTEMPS,MARCH,2-3 ans,LOW,False,Tunis,FETE,INDOOR,Fete de saison en plein air,"Moment festif avec animations douces, musique, decoration et gouter encadre.","Parc Ennahli, Ariana, Tunisie",False,8.0,HIGH
PRINTEMPS,MARCH,2-3 ans,LOW,False,Tunis,FETE,INDOOR,Fete a theme en salle,"Moment festif avec animations douces, musique, decoration et gouter encadre.","Maison de la Culture Ibn Rachiq, Tunis, Tunisie",False,9.7,HIGH
PRINTEMPS,MARCH,4-5 ans,LOW,False,Tunis,FETE,INDOOR,Fete de saison en plein air,"Moment festif avec animations douces, musique, decoration et gouter encadre.","Parc Ennahli, Ariana, Tunisie",False,8.1,HIGH
PRINTEMPS,MARCH,4-5 ans,MEDIUM,False,Tunis,FETE,INDOOR,Fete a theme en salle,"Moment festif avec animations douces, musique, decoration et gouter encadre.","Maison de la Culture Ibn Rachiq, Tunis, Tunisie",False,15.3,HIGH
PRINTEMPS,MARCH,2-6 ans,LOW,False,Tunis,FETE,INDOOR,Fete de saison en plein air,"Moment festif avec animations douces, musique, decoration et gouter encadre.","Parc Ennahli, Ariana, Tunisie",False,6.2,HIGH
PRINTEMPS,MARCH,2-6 ans,LOW,False,Tunis,FETE,INDOOR,Fete a theme en salle,"Moment festif avec animations douces, musique, decoration et gouter encadre.","Maison de la Culture Ibn Rachiq, Tunis, Tunisie",False,5.8,HIGH
PRINTEMPS,APRIL,2-3 ans,MEDIUM,False,Tunis,FETE,INDOOR,Fete de saison en plein air,"Moment festif avec animations douces, musique, decoration et gouter encadre.","Parc Ennahli, Ariana, Tunisie",False,13.6,HIGH
PRINTEMPS,APRIL,2-3 ans,MEDIUM,False,Tunis,FETE,INDOOR,Fete a theme en salle,"Moment festif avec animations douces, musique, decoration et gouter encadre.","Maison de la Culture Ibn Rachiq, Tunis, Tunisie",False,12.3,HIGH
PRINTEMPS,APRIL,4-5 ans,LOW,False,Tunis,FETE,INDOOR,Fete de saison en plein air,"Moment festif avec animations douces, musique, decoration et gouter encadre.","Parc Ennahli, Ariana, Tunisie",False,6.4,HIGH
PRINTEMPS,APRIL,4-5 ans,MEDIUM,False,Tunis,FETE,INDOOR,Fete a theme en salle,"Moment festif avec animations douces, musique, decoration et gouter encadre.","Maison de la Culture Ibn Rachiq, Tunis, Tunisie",False,15.6,HIGH
PRINTEMPS,APRIL,2-6 ans,MEDIUM,False,Tunis,FETE,INDOOR,Fete de saison en plein air,"Moment festif avec animations douces, musique, decoration et gouter encadre.","Parc Ennahli, Ariana, Tunisie",False,10.6,HIGH
PRINTEMPS,APRIL,2-6 ans,LOW,False,Tunis,FETE,INDOOR,Fete a theme en salle,"Moment festif avec animations douces, musique, decoration et gouter encadre.","Maison de la Culture Ibn Rachiq, Tunis, Tunisie",False,9.6,HIGH
PRINTEMPS,MAY,2-3 ans,LOW,False,Tunis,FETE,INDOOR,Fete de saison en plein air,"Moment festif avec animations douces, musique, decoration et gouter encadre.","Parc Ennahli, Ariana, Tunisie",False,7.1,HIGH
PRINTEMPS,MAY,2-3 ans,LOW,False,Tunis,FETE,INDOOR,Fete a theme en salle,"Moment festif avec animations douces, musique, decoration et gouter encadre.","Maison de la Culture Ibn Rachiq, Tunis, Tunisie",False,8.2,HIGH
PRINTEMPS,MAY,4-5 ans,MEDIUM,False,Tunis,FETE,INDOOR,Fete de saison en plein air,"Moment festif avec animations douces, musique, decoration et gouter encadre.","Parc Ennahli, Ariana, Tunisie",False,16.6,HIGH
PRINTEMPS,MAY,4-5 ans,LOW,False,Tunis,FETE,INDOOR,Fete a theme en salle,"Moment festif avec animations douces, musique, decoration et gouter encadre.","Maison de la Culture Ibn Rachiq, Tunis, Tunisie",False,5.3,HIGH
PRINTEMPS,MAY,2-6 ans,MEDIUM,False,Tunis,FETE,INDOOR,Fete de saison en plein air,"Moment festif avec animations douces, musique, decoration et gouter encadre.","Parc Ennahli, Ariana, Tunisie",False,14.8,HIGH
PRINTEMPS,MAY,2-6 ans,MEDIUM,False,Tunis,FETE,INDOOR,Fete a theme en salle,"Moment festif avec animations douces, musique, decoration et gouter encadre.","Maison de la Culture Ibn Rachiq, Tunis, Tunisie",False,13.5,HIGH
ETE,JUNE,2-3 ans,MEDIUM,False,Tunis,FETE,INDOOR,Fete de saison en plein air,"Moment festif avec animations douces, musique, decoration et gouter encadre.","Parc Ennahli, Ariana, Tunisie",False,15.5,HIGH
ETE,JUNE,2-3 ans,MEDIUM,False,Tunis,FETE,INDOOR,Fete a theme en salle,"Moment festif avec animations douces, musique, decoration et gouter encadre.","Maison de la Culture Ibn Rachiq, Tunis, Tunisie",False,17.5,HIGH
ETE,JUNE,4-5 ans,MEDIUM,False,Tunis,FETE,INDOOR,Fete de saison en plein air,"Moment festif avec animations douces, musique, decoration et gouter encadre.","Parc Ennahli, Ariana, Tunisie",False,13.5,HIGH
ETE,JUNE,4-5 ans,LOW,False,Tunis,FETE,INDOOR,Fete a theme en salle,"Moment festif avec animations douces, musique, decoration et gouter encadre.","Maison de la Culture Ibn Rachiq, Tunis, Tunisie",False,9.4,HIGH
ETE,JUNE,2-6 ans,MEDIUM,False,Tunis,FETE,INDOOR,Fete de saison en plein air,"Moment festif avec animations douces, musique, decoration et gouter encadre.","Parc Ennahli, Ariana, Tunisie",False,14.8,HIGH
ETE,JUNE,2-6 ans,LOW,False,Tunis,FETE,INDOOR,Fete a theme en salle,"Moment festif avec animations douces, musique, decoration et gouter encadre.","Maison de la Culture Ibn Rachiq, Tunis, Tunisie",False,5.5,HIGH
ETE,JULY,2-3 ans,LOW,False,Tunis,FETE,INDOOR,Fete de saison en plein air,"Moment festif avec animations douces, musique, decoration et gouter encadre.","Parc Ennahli, Ariana, Tunisie",False,10.0,HIGH
ETE,JULY,2-3 ans,MEDIUM,False,Tunis,FETE,INDOOR,Fete a theme en salle,"Moment festif avec animations douces, musique, decoration et gouter encadre.","Maison de la Culture Ibn Rachiq, Tunis, Tunisie",False,14.6,HIGH
ETE,JULY,4-5 ans,LOW,False,Tunis,FETE,INDOOR,Fete de saison en plein air,"Moment festif avec animations douces, musique, decoration et gouter encadre.","Parc Ennahli, Ariana, Tunisie",False,7.4,HIGH
ETE,JULY,4-5 ans,MEDIUM,False,Tunis,FETE,INDOOR,Fete a theme en salle,"Moment festif avec animations douces, musique, decoration et gouter encadre.","Maison de la Culture Ibn Rachiq, Tunis, Tunisie",False,17.3,HIGH
ETE,JULY,2-6 ans,LOW,False,Tunis,FETE,INDOOR,Fete de saison en plein air,"Moment festif avec animations douces, musique, decoration et gouter encadre.","Parc Ennahli, Ariana, Tunisie",False,10.0,HIGH
ETE,JULY,2-6 ans,MEDIUM,False,Tunis,FETE,INDOOR,Fete a theme en salle,"Moment festif avec animations douces, musique, decoration et gouter encadre.","Maison de la Culture Ibn Rachiq, Tunis, Tunisie",False,15.1,HIGH
ETE,AUGUST,2-3 ans,MEDIUM,False,Tunis,FETE,INDOOR,Fete de saison en plein air,"Moment festif avec animations douces, musique, decoration et gouter encadre.","Parc Ennahli, Ariana, Tunisie",False,17.8,HIGH
ETE,AUGUST,2-3 ans,MEDIUM,False,Tunis,FETE,INDOOR,Fete a theme en salle,"Moment festif avec animations douces, musique, decoration et gouter encadre.","Maison de la Culture Ibn Rachiq, Tunis, Tunisie",False,12.8,HIGH
ETE,AUGUST,4-5 ans,MEDIUM,False,Tunis,FETE,INDOOR,Fete de saison en plein air,"Moment festif avec animations douces, musique, decoration et gouter encadre.","Parc Ennahli, Ariana, Tunisie",False,12.6,HIGH
ETE,AUGUST,4-5 ans,LOW,False,Tunis,FETE,INDOOR,Fete a theme en salle,"Moment festif avec animations douces, musique, decoration et gouter encadre.","Maison de la Culture Ibn Rachiq, Tunis, Tunisie",False,9.3,HIGH
ETE,AUGUST,2-6 ans,MEDIUM,False,Tunis,FETE,INDOOR,Fete de saison en plein air,"Moment festif avec animations douces, musique, decoration et gouter encadre.","Parc Ennahli, Ariana, Tunisie",False,13.3,HIGH
ETE,AUGUST,2-6 ans,MEDIUM,False,Tunis,FETE,INDOOR,Fete a theme en salle,"Moment festif avec animations douces, musique, decoration et gouter encadre.","Maison de la Culture Ibn Rachiq, Tunis, Tunisie",False,12.3,HIGH
AUTOMNE,SEPTEMBER,2-3 ans,MEDIUM,False,Tunis,FETE,INDOOR,Fete de saison en plein air,"Moment festif avec animations douces, musique, decoration et gouter encadre.","Parc Ennahli, Ariana, Tunisie",False,16.5,HIGH
AUTOMNE,SEPTEMBER,2-3 ans,LOW,False,Tunis,FETE,INDOOR,Fete a theme en salle,"Moment festif avec animations douces, musique, decoration et gouter encadre.","Maison de la Culture Ibn Rachiq, Tunis, Tunisie",False,7.3,HIGH
AUTOMNE,SEPTEMBER,4-5 ans,MEDIUM,False,Tunis,FETE,INDOOR,Fete de saison en plein air,"Moment festif avec animations douces, musique, decoration et gouter encadre.","Parc Ennahli, Ariana, Tunisie",False,12.0,HIGH
AUTOMNE,SEPTEMBER,4-5 ans,LOW,False,Tunis,FETE,INDOOR,Fete a theme en salle,"Moment festif avec animations douces, musique, decoration et gouter encadre.","Maison de la Culture Ibn Rachiq, Tunis, Tunisie",False,9.9,HIGH
AUTOMNE,SEPTEMBER,2-6 ans,MEDIUM,False,Tunis,FETE,INDOOR,Fete de saison en plein air,"Moment festif avec animations douces, musique, decoration et gouter encadre.","Parc Ennahli, Ariana, Tunisie",False,16.9,HIGH
AUTOMNE,SEPTEMBER,2-6 ans,LOW,False,Tunis,FETE,INDOOR,Fete a theme en salle,"Moment festif avec animations douces, musique, decoration et gouter encadre.","Maison de la Culture Ibn Rachiq, Tunis, Tunisie",False,8.3,HIGH
AUTOMNE,OCTOBER,2-3 ans,MEDIUM,False,Tunis,FETE,INDOOR,Fete de saison en plein air,"Moment festif avec animations douces, musique, decoration et gouter encadre.","Parc Ennahli, Ariana, Tunisie",False,13.3,HIGH
AUTOMNE,OCTOBER,2-3 ans,LOW,False,Tunis,FETE,INDOOR,Fete a theme en salle,"Moment festif avec animations douces, musique, decoration et gouter encadre.","Maison de la Culture Ibn Rachiq, Tunis, Tunisie",False,7.6,HIGH
AUTOMNE,OCTOBER,4-5 ans,MEDIUM,False,Tunis,FETE,INDOOR,Fete de saison en plein air,"Moment festif avec animations douces, musique, decoration et gouter encadre.","Parc Ennahli, Ariana, Tunisie",False,15.0,HIGH
AUTOMNE,OCTOBER,4-5 ans,LOW,False,Tunis,FETE,INDOOR,Fete a theme en salle,"Moment festif avec animations douces, musique, decoration et gouter encadre.","Maison de la Culture Ibn Rachiq, Tunis, Tunisie",False,6.0,HIGH
AUTOMNE,OCTOBER,2-6 ans,LOW,False,Tunis,FETE,INDOOR,Fete de saison en plein air,"Moment festif avec animations douces, musique, decoration et gouter encadre.","Parc Ennahli, Ariana, Tunisie",False,9.6,HIGH
AUTOMNE,OCTOBER,2-6 ans,MEDIUM,False,Tunis,FETE,INDOOR,Fete a theme en salle,"Moment festif avec animations douces, musique, decoration et gouter encadre.","Maison de la Culture Ibn Rachiq, Tunis, Tunisie",False,17.0,HIGH
AUTOMNE,NOVEMBER,2-3 ans,MEDIUM,False,Tunis,FETE,INDOOR,Fete de saison en plein air,"Moment festif avec animations douces, musique, decoration et gouter encadre.","Parc Ennahli, Ariana, Tunisie",False,11.0,HIGH
AUTOMNE,NOVEMBER,2-3 ans,LOW,False,Tunis,FETE,INDOOR,Fete a theme en salle,"Moment festif avec animations douces, musique, decoration et gouter encadre.","Maison de la Culture Ibn Rachiq, Tunis, Tunisie",False,8.5,HIGH
AUTOMNE,NOVEMBER,4-5 ans,MEDIUM,False,Tunis,FETE,INDOOR,Fete de saison en plein air,"Moment festif avec animations douces, musique, decoration et gouter encadre.","Parc Ennahli, Ariana, Tunisie",False,14.4,HIGH
AUTOMNE,NOVEMBER,4-5 ans,MEDIUM,False,Tunis,FETE,INDOOR,Fete a theme en salle,"Moment festif avec animations douces, musique, decoration et gouter encadre.","Maison de la Culture Ibn Rachiq, Tunis, Tunisie",False,10.7,HIGH
AUTOMNE,NOVEMBER,2-6 ans,LOW,False,Tunis,FETE,INDOOR,Fete de saison en plein air,"Moment festif avec animations douces, musique, decoration et gouter encadre.","Parc Ennahli, Ariana, Tunisie",False,7.3,HIGH
AUTOMNE,NOVEMBER,2-6 ans,LOW,False,Tunis,FETE,INDOOR,Fete a theme en salle,"Moment festif avec animations douces, musique, decoration et gouter encadre.","Maison de la Culture Ibn Rachiq, Tunis, Tunisie",False,8.2,HIGH
HIVER,DECEMBER,2-3 ans,LOW,False,Tunis,FETE,INDOOR,Fete de saison en plein air,"Moment festif avec animations douces, musique, decoration et gouter encadre.","Parc Ennahli, Ariana, Tunisie",False,7.5,HIGH
HIVER,DECEMBER,2-3 ans,MEDIUM,False,Tunis,FETE,INDOOR,Fete a theme en salle,"Moment festif avec animations douces, musique, decoration et gouter encadre.","Maison de la Culture Ibn Rachiq, Tunis, Tunisie",False,14.1,HIGH
HIVER,DECEMBER,4-5 ans,MEDIUM,False,Tunis,FETE,INDOOR,Fete de saison en plein air,"Moment festif avec animations douces, musique, decoration et gouter encadre.","Parc Ennahli, Ariana, Tunisie",False,13.3,HIGH
HIVER,DECEMBER,4-5 ans,MEDIUM,False,Tunis,FETE,INDOOR,Fete a theme en salle,"Moment festif avec animations douces, musique, decoration et gouter encadre.","Maison de la Culture Ibn Rachiq, Tunis, Tunisie",False,17.8,HIGH
HIVER,DECEMBER,2-6 ans,LOW,False,Tunis,FETE,INDOOR,Fete de saison en plein air,"Moment festif avec animations douces, musique, decoration et gouter encadre.","Parc Ennahli, Ariana, Tunisie",False,7.3,HIGH
HIVER,DECEMBER,2-6 ans,LOW,False,Tunis,FETE,INDOOR,Fete a theme en salle,"Moment festif avec animations douces, musique, decoration et gouter encadre.","Maison de la Culture Ibn Rachiq, Tunis, Tunisie",False,6.9,HIGH
HIVER,JANUARY,2-3 ans,LOW,False,Tunis,FETE,INDOOR,Fete de saison en plein air,"Moment festif avec animations douces, musique, decoration et gouter encadre.","Parc Ennahli, Ariana, Tunisie",False,9.3,HIGH
HIVER,JANUARY,2-3 ans,MEDIUM,False,Tunis,FETE,INDOOR,Fete a theme en salle,"Moment festif avec animations douces, musique, decoration et gouter encadre.","Maison de la Culture Ibn Rachiq, Tunis, Tunisie",False,16.2,HIGH
HIVER,JANUARY,4-5 ans,MEDIUM,False,Tunis,FETE,INDOOR,Fete de saison en plein air,"Moment festif avec animations douces, musique, decoration et gouter encadre.","Parc Ennahli, Ariana, Tunisie",False,12.7,HIGH
HIVER,JANUARY,4-5 ans,MEDIUM,False,Tunis,FETE,INDOOR,Fete a theme en salle,"Moment festif avec animations douces, musique, decoration et gouter encadre.","Maison de la Culture Ibn Rachiq, Tunis, Tunisie",False,16.6,HIGH
HIVER,JANUARY,2-6 ans,MEDIUM,False,Tunis,FETE,INDOOR,Fete de saison en plein air,"Moment festif avec animations douces, musique, decoration et gouter encadre.","Parc Ennahli, Ariana, Tunisie",False,15.8,HIGH
HIVER,JANUARY,2-6 ans,MEDIUM,False,Tunis,FETE,INDOOR,Fete a theme en salle,"Moment festif avec animations douces, musique, decoration et gouter encadre.","Maison de la Culture Ibn Rachiq, Tunis, Tunisie",False,16.9,HIGH
HIVER,FEBRUARY,2-3 ans,MEDIUM,False,Tunis,FETE,INDOOR,Fete de saison en plein air,"Moment festif avec animations douces, musique, decoration et gouter encadre.","Parc Ennahli, Ariana, Tunisie",False,14.3,HIGH
HIVER,FEBRUARY,2-3 ans,MEDIUM,False,Tunis,FETE,INDOOR,Fete a theme en salle,"Moment festif avec animations douces, musique, decoration et gouter encadre.","Maison de la Culture Ibn Rachiq, Tunis, Tunisie",False,12.7,HIGH
HIVER,FEBRUARY,4-5 ans,MEDIUM,False,Tunis,FETE,INDOOR,Fete de saison en plein air,"Moment festif avec animations douces, musique, decoration et gouter encadre.","Parc Ennahli, Ariana, Tunisie",False,13.6,HIGH
HIVER,FEBRUARY,4-5 ans,MEDIUM,False,Tunis,FETE,INDOOR,Fete a theme en salle,"Moment festif avec animations douces, musique, decoration et gouter encadre.","Maison de la Culture Ibn Rachiq, Tunis, Tunisie",False,17.0,HIGH
HIVER,FEBRUARY,2-6 ans,LOW,False,Tunis,FETE,INDOOR,Fete de saison en plein air,"Moment festif avec animations douces, musique, decoration et gouter encadre.","Parc Ennahli, Ariana, Tunisie",False,7.9,HIGH
HIVER,FEBRUARY,2-6 ans,LOW,False,Tunis,FETE,INDOOR,Fete a theme en salle,"Moment festif avec animations douces, musique, decoration et gouter encadre.","Maison de la Culture Ibn Rachiq, Tunis, Tunisie",False,9.3,HIGH
PRINTEMPS,MARCH,2-3 ans,MEDIUM,False,Tunis,REUNION_PARENTS,INDOOR,Rencontre parents educateurs,Rencontre d information et d echange avec les familles dans un cadre confortable.,"Maison de la Culture Ibn Rachiq, Tunis, Tunisie",False,3.2,HIGH
PRINTEMPS,MARCH,2-3 ans,MEDIUM,False,Tunis,REUNION_PARENTS,INDOOR,Reunion d information parents,Rencontre d information et d echange avec les familles dans un cadre confortable.,"Centre culturel municipal, Tunis, Tunisie",False,6.5,HIGH
PRINTEMPS,MARCH,4-5 ans,MEDIUM,False,Tunis,REUNION_PARENTS,INDOOR,Rencontre parents educateurs,Rencontre d information et d echange avec les familles dans un cadre confortable.,"Maison de la Culture Ibn Rachiq, Tunis, Tunisie",False,4.9,HIGH
PRINTEMPS,MARCH,4-5 ans,LOW,False,Tunis,REUNION_PARENTS,INDOOR,Reunion d information parents,Rencontre d information et d echange avec les familles dans un cadre confortable.,"Centre culturel municipal, Tunis, Tunisie",False,1.5,HIGH
PRINTEMPS,MARCH,2-6 ans,LOW,False,Tunis,REUNION_PARENTS,INDOOR,Rencontre parents educateurs,Rencontre d information et d echange avec les familles dans un cadre confortable.,"Maison de la Culture Ibn Rachiq, Tunis, Tunisie",False,0.4,HIGH
PRINTEMPS,MARCH,2-6 ans,MEDIUM,False,Tunis,REUNION_PARENTS,INDOOR,Reunion d information parents,Rencontre d information et d echange avec les familles dans un cadre confortable.,"Centre culturel municipal, Tunis, Tunisie",False,7.3,HIGH
PRINTEMPS,APRIL,2-3 ans,MEDIUM,False,Tunis,REUNION_PARENTS,INDOOR,Rencontre parents educateurs,Rencontre d information et d echange avec les familles dans un cadre confortable.,"Maison de la Culture Ibn Rachiq, Tunis, Tunisie",False,3.5,HIGH
PRINTEMPS,APRIL,2-3 ans,MEDIUM,False,Tunis,REUNION_PARENTS,INDOOR,Reunion d information parents,Rencontre d information et d echange avec les familles dans un cadre confortable.,"Centre culturel municipal, Tunis, Tunisie",False,3.1,HIGH
PRINTEMPS,APRIL,4-5 ans,LOW,False,Tunis,REUNION_PARENTS,INDOOR,Rencontre parents educateurs,Rencontre d information et d echange avec les familles dans un cadre confortable.,"Maison de la Culture Ibn Rachiq, Tunis, Tunisie",False,1.2,HIGH
PRINTEMPS,APRIL,4-5 ans,LOW,False,Tunis,REUNION_PARENTS,INDOOR,Reunion d information parents,Rencontre d information et d echange avec les familles dans un cadre confortable.,"Centre culturel municipal, Tunis, Tunisie",False,0.2,HIGH
PRINTEMPS,APRIL,2-6 ans,MEDIUM,False,Tunis,REUNION_PARENTS,INDOOR,Rencontre parents educateurs,Rencontre d information et d echange avec les familles dans un cadre confortable.,"Maison de la Culture Ibn Rachiq, Tunis, Tunisie",False,4.7,HIGH
PRINTEMPS,APRIL,2-6 ans,MEDIUM,False,Tunis,REUNION_PARENTS,INDOOR,Reunion d information parents,Rencontre d information et d echange avec les familles dans un cadre confortable.,"Centre culturel municipal, Tunis, Tunisie",False,6.2,HIGH
PRINTEMPS,MAY,2-3 ans,MEDIUM,False,Tunis,REUNION_PARENTS,INDOOR,Rencontre parents educateurs,Rencontre d information et d echange avec les familles dans un cadre confortable.,"Maison de la Culture Ibn Rachiq, Tunis, Tunisie",False,7.3,HIGH
PRINTEMPS,MAY,2-3 ans,MEDIUM,False,Tunis,REUNION_PARENTS,INDOOR,Reunion d information parents,Rencontre d information et d echange avec les familles dans un cadre confortable.,"Centre culturel municipal, Tunis, Tunisie",False,7.8,HIGH
PRINTEMPS,MAY,4-5 ans,MEDIUM,False,Tunis,REUNION_PARENTS,INDOOR,Rencontre parents educateurs,Rencontre d information et d echange avec les familles dans un cadre confortable.,"Maison de la Culture Ibn Rachiq, Tunis, Tunisie",False,7.4,HIGH
PRINTEMPS,MAY,4-5 ans,LOW,False,Tunis,REUNION_PARENTS,INDOOR,Reunion d information parents,Rencontre d information et d echange avec les familles dans un cadre confortable.,"Centre culturel municipal, Tunis, Tunisie",False,1.9,HIGH
PRINTEMPS,MAY,2-6 ans,LOW,False,Tunis,REUNION_PARENTS,INDOOR,Rencontre parents educateurs,Rencontre d information et d echange avec les familles dans un cadre confortable.,"Maison de la Culture Ibn Rachiq, Tunis, Tunisie",False,1.9,HIGH
PRINTEMPS,MAY,2-6 ans,MEDIUM,False,Tunis,REUNION_PARENTS,INDOOR,Reunion d information parents,Rencontre d information et d echange avec les familles dans un cadre confortable.,"Centre culturel municipal, Tunis, Tunisie",False,8.0,HIGH
ETE,JUNE,2-3 ans,LOW,False,Tunis,REUNION_PARENTS,INDOOR,Rencontre parents educateurs,Rencontre d information et d echange avec les familles dans un cadre confortable.,"Maison de la Culture Ibn Rachiq, Tunis, Tunisie",False,1.3,HIGH
ETE,JUNE,2-3 ans,LOW,False,Tunis,REUNION_PARENTS,INDOOR,Reunion d information parents,Rencontre d information et d echange avec les familles dans un cadre confortable.,"Centre culturel municipal, Tunis, Tunisie",False,2.3,HIGH
ETE,JUNE,4-5 ans,LOW,False,Tunis,REUNION_PARENTS,INDOOR,Rencontre parents educateurs,Rencontre d information et d echange avec les familles dans un cadre confortable.,"Maison de la Culture Ibn Rachiq, Tunis, Tunisie",False,1.3,HIGH
ETE,JUNE,4-5 ans,MEDIUM,False,Tunis,REUNION_PARENTS,INDOOR,Reunion d information parents,Rencontre d information et d echange avec les familles dans un cadre confortable.,"Centre culturel municipal, Tunis, Tunisie",False,7.5,HIGH
ETE,JUNE,2-6 ans,LOW,False,Tunis,REUNION_PARENTS,INDOOR,Rencontre parents educateurs,Rencontre d information et d echange avec les familles dans un cadre confortable.,"Maison de la Culture Ibn Rachiq, Tunis, Tunisie",False,1.0,HIGH
ETE,JUNE,2-6 ans,LOW,False,Tunis,REUNION_PARENTS,INDOOR,Reunion d information parents,Rencontre d information et d echange avec les familles dans un cadre confortable.,"Centre culturel municipal, Tunis, Tunisie",False,0.9,HIGH
ETE,JULY,2-3 ans,MEDIUM,False,Tunis,REUNION_PARENTS,INDOOR,Rencontre parents educateurs,Rencontre d information et d echange avec les familles dans un cadre confortable.,"Maison de la Culture Ibn Rachiq, Tunis, Tunisie",False,5.2,HIGH
ETE,JULY,2-3 ans,LOW,False,Tunis,REUNION_PARENTS,INDOOR,Reunion d information parents,Rencontre d information et d echange avec les familles dans un cadre confortable.,"Centre culturel municipal, Tunis, Tunisie",False,1.6,HIGH
ETE,JULY,4-5 ans,LOW,False,Tunis,REUNION_PARENTS,INDOOR,Rencontre parents educateurs,Rencontre d information et d echange avec les familles dans un cadre confortable.,"Maison de la Culture Ibn Rachiq, Tunis, Tunisie",False,0.5,HIGH
ETE,JULY,4-5 ans,LOW,False,Tunis,REUNION_PARENTS,INDOOR,Reunion d information parents,Rencontre d information et d echange avec les familles dans un cadre confortable.,"Centre culturel municipal, Tunis, Tunisie",False,1.8,HIGH
ETE,JULY,2-6 ans,MEDIUM,False,Tunis,REUNION_PARENTS,INDOOR,Rencontre parents educateurs,Rencontre d information et d echange avec les familles dans un cadre confortable.,"Maison de la Culture Ibn Rachiq, Tunis, Tunisie",False,6.1,HIGH
ETE,JULY,2-6 ans,LOW,False,Tunis,REUNION_PARENTS,INDOOR,Reunion d information parents,Rencontre d information et d echange avec les familles dans un cadre confortable.,"Centre culturel municipal, Tunis, Tunisie",False,1.5,HIGH
ETE,AUGUST,2-3 ans,LOW,False,Tunis,REUNION_PARENTS,INDOOR,Rencontre parents educateurs,Rencontre d information et d echange avec les familles dans un cadre confortable.,"Maison de la Culture Ibn Rachiq, Tunis, Tunisie",False,0.7,HIGH
ETE,AUGUST,2-3 ans,MEDIUM,False,Tunis,REUNION_PARENTS,INDOOR,Reunion d information parents,Rencontre d information et d echange avec les familles dans un cadre confortable.,"Centre culturel municipal, Tunis, Tunisie",False,5.3,HIGH
ETE,AUGUST,4-5 ans,LOW,False,Tunis,REUNION_PARENTS,INDOOR,Rencontre parents educateurs,Rencontre d information et d echange avec les familles dans un cadre confortable.,"Maison de la Culture Ibn Rachiq, Tunis, Tunisie",False,2.7,HIGH
ETE,AUGUST,4-5 ans,MEDIUM,False,Tunis,REUNION_PARENTS,INDOOR,Reunion d information parents,Rencontre d information et d echange avec les familles dans un cadre confortable.,"Centre culturel municipal, Tunis, Tunisie",False,7.5,HIGH
ETE,AUGUST,2-6 ans,LOW,False,Tunis,REUNION_PARENTS,INDOOR,Rencontre parents educateurs,Rencontre d information et d echange avec les familles dans un cadre confortable.,"Maison de la Culture Ibn Rachiq, Tunis, Tunisie",False,0.2,HIGH
ETE,AUGUST,2-6 ans,MEDIUM,False,Tunis,REUNION_PARENTS,INDOOR,Reunion d information parents,Rencontre d information et d echange avec les familles dans un cadre confortable.,"Centre culturel municipal, Tunis, Tunisie",False,7.9,HIGH
AUTOMNE,SEPTEMBER,2-3 ans,MEDIUM,False,Tunis,REUNION_PARENTS,INDOOR,Rencontre parents educateurs,Rencontre d information et d echange avec les familles dans un cadre confortable.,"Maison de la Culture Ibn Rachiq, Tunis, Tunisie",False,6.2,HIGH
AUTOMNE,SEPTEMBER,2-3 ans,MEDIUM,False,Tunis,REUNION_PARENTS,INDOOR,Reunion d information parents,Rencontre d information et d echange avec les familles dans un cadre confortable.,"Centre culturel municipal, Tunis, Tunisie",False,6.5,HIGH
AUTOMNE,SEPTEMBER,4-5 ans,MEDIUM,False,Tunis,REUNION_PARENTS,INDOOR,Rencontre parents educateurs,Rencontre d information et d echange avec les familles dans un cadre confortable.,"Maison de la Culture Ibn Rachiq, Tunis, Tunisie",False,7.2,HIGH
AUTOMNE,SEPTEMBER,4-5 ans,LOW,False,Tunis,REUNION_PARENTS,INDOOR,Reunion d information parents,Rencontre d information et d echange avec les familles dans un cadre confortable.,"Centre culturel municipal, Tunis, Tunisie",False,3.0,HIGH
AUTOMNE,SEPTEMBER,2-6 ans,MEDIUM,False,Tunis,REUNION_PARENTS,INDOOR,Rencontre parents educateurs,Rencontre d information et d echange avec les familles dans un cadre confortable.,"Maison de la Culture Ibn Rachiq, Tunis, Tunisie",False,3.5,HIGH
AUTOMNE,SEPTEMBER,2-6 ans,MEDIUM,False,Tunis,REUNION_PARENTS,INDOOR,Reunion d information parents,Rencontre d information et d echange avec les familles dans un cadre confortable.,"Centre culturel municipal, Tunis, Tunisie",False,5.9,HIGH
AUTOMNE,OCTOBER,2-3 ans,MEDIUM,False,Tunis,REUNION_PARENTS,INDOOR,Rencontre parents educateurs,Rencontre d information et d echange avec les familles dans un cadre confortable.,"Maison de la Culture Ibn Rachiq, Tunis, Tunisie",False,8.0,HIGH
AUTOMNE,OCTOBER,2-3 ans,MEDIUM,False,Tunis,REUNION_PARENTS,INDOOR,Reunion d information parents,Rencontre d information et d echange avec les familles dans un cadre confortable.,"Centre culturel municipal, Tunis, Tunisie",False,3.1,HIGH
AUTOMNE,OCTOBER,4-5 ans,MEDIUM,False,Tunis,REUNION_PARENTS,INDOOR,Rencontre parents educateurs,Rencontre d information et d echange avec les familles dans un cadre confortable.,"Maison de la Culture Ibn Rachiq, Tunis, Tunisie",False,4.4,HIGH
AUTOMNE,OCTOBER,4-5 ans,LOW,False,Tunis,REUNION_PARENTS,INDOOR,Reunion d information parents,Rencontre d information et d echange avec les familles dans un cadre confortable.,"Centre culturel municipal, Tunis, Tunisie",False,2.7,HIGH
AUTOMNE,OCTOBER,2-6 ans,MEDIUM,False,Tunis,REUNION_PARENTS,INDOOR,Rencontre parents educateurs,Rencontre d information et d echange avec les familles dans un cadre confortable.,"Maison de la Culture Ibn Rachiq, Tunis, Tunisie",False,7.2,HIGH
AUTOMNE,OCTOBER,2-6 ans,MEDIUM,False,Tunis,REUNION_PARENTS,INDOOR,Reunion d information parents,Rencontre d information et d echange avec les familles dans un cadre confortable.,"Centre culturel municipal, Tunis, Tunisie",False,6.9,HIGH
AUTOMNE,NOVEMBER,2-3 ans,LOW,False,Tunis,REUNION_PARENTS,INDOOR,Rencontre parents educateurs,Rencontre d information et d echange avec les familles dans un cadre confortable.,"Maison de la Culture Ibn Rachiq, Tunis, Tunisie",False,1.8,HIGH
AUTOMNE,NOVEMBER,2-3 ans,MEDIUM,False,Tunis,REUNION_PARENTS,INDOOR,Reunion d information parents,Rencontre d information et d echange avec les familles dans un cadre confortable.,"Centre culturel municipal, Tunis, Tunisie",False,4.1,HIGH
AUTOMNE,NOVEMBER,4-5 ans,LOW,False,Tunis,REUNION_PARENTS,INDOOR,Rencontre parents educateurs,Rencontre d information et d echange avec les familles dans un cadre confortable.,"Maison de la Culture Ibn Rachiq, Tunis, Tunisie",False,1.9,HIGH
AUTOMNE,NOVEMBER,4-5 ans,LOW,False,Tunis,REUNION_PARENTS,INDOOR,Reunion d information parents,Rencontre d information et d echange avec les familles dans un cadre confortable.,"Centre culturel municipal, Tunis, Tunisie",False,1.9,HIGH
AUTOMNE,NOVEMBER,2-6 ans,LOW,False,Tunis,REUNION_PARENTS,INDOOR,Rencontre parents educateurs,Rencontre d information et d echange avec les familles dans un cadre confortable.,"Maison de la Culture Ibn Rachiq, Tunis, Tunisie",False,0.9,HIGH
AUTOMNE,NOVEMBER,2-6 ans,MEDIUM,False,Tunis,REUNION_PARENTS,INDOOR,Reunion d information parents,Rencontre d information et d echange avec les familles dans un cadre confortable.,"Centre culturel municipal, Tunis, Tunisie",False,3.2,HIGH
HIVER,DECEMBER,2-3 ans,MEDIUM,False,Tunis,REUNION_PARENTS,INDOOR,Rencontre parents educateurs,Rencontre d information et d echange avec les familles dans un cadre confortable.,"Maison de la Culture Ibn Rachiq, Tunis, Tunisie",False,6.7,HIGH
HIVER,DECEMBER,2-3 ans,LOW,False,Tunis,REUNION_PARENTS,INDOOR,Reunion d information parents,Rencontre d information et d echange avec les familles dans un cadre confortable.,"Centre culturel municipal, Tunis, Tunisie",False,2.7,HIGH
HIVER,DECEMBER,4-5 ans,MEDIUM,False,Tunis,REUNION_PARENTS,INDOOR,Rencontre parents educateurs,Rencontre d information et d echange avec les familles dans un cadre confortable.,"Maison de la Culture Ibn Rachiq, Tunis, Tunisie",False,6.7,HIGH
HIVER,DECEMBER,4-5 ans,LOW,False,Tunis,REUNION_PARENTS,INDOOR,Reunion d information parents,Rencontre d information et d echange avec les familles dans un cadre confortable.,"Centre culturel municipal, Tunis, Tunisie",False,0.6,HIGH
HIVER,DECEMBER,2-6 ans,MEDIUM,False,Tunis,REUNION_PARENTS,INDOOR,Rencontre parents educateurs,Rencontre d information et d echange avec les familles dans un cadre confortable.,"Maison de la Culture Ibn Rachiq, Tunis, Tunisie",False,5.7,HIGH
HIVER,DECEMBER,2-6 ans,MEDIUM,False,Tunis,REUNION_PARENTS,INDOOR,Reunion d information parents,Rencontre d information et d echange avec les familles dans un cadre confortable.,"Centre culturel municipal, Tunis, Tunisie",False,7.2,HIGH
HIVER,JANUARY,2-3 ans,MEDIUM,False,Tunis,REUNION_PARENTS,INDOOR,Rencontre parents educateurs,Rencontre d information et d echange avec les familles dans un cadre confortable.,"Maison de la Culture Ibn Rachiq, Tunis, Tunisie",False,7.6,HIGH
HIVER,JANUARY,2-3 ans,MEDIUM,False,Tunis,REUNION_PARENTS,INDOOR,Reunion d information parents,Rencontre d information et d echange avec les familles dans un cadre confortable.,"Centre culturel municipal, Tunis, Tunisie",False,7.8,HIGH
HIVER,JANUARY,4-5 ans,MEDIUM,False,Tunis,REUNION_PARENTS,INDOOR,Rencontre parents educateurs,Rencontre d information et d echange avec les familles dans un cadre confortable.,"Maison de la Culture Ibn Rachiq, Tunis, Tunisie",False,6.7,HIGH
HIVER,JANUARY,4-5 ans,MEDIUM,False,Tunis,REUNION_PARENTS,INDOOR,Reunion d information parents,Rencontre d information et d echange avec les familles dans un cadre confortable.,"Centre culturel municipal, Tunis, Tunisie",False,7.0,HIGH
HIVER,JANUARY,2-6 ans,MEDIUM,False,Tunis,REUNION_PARENTS,INDOOR,Rencontre parents educateurs,Rencontre d information et d echange avec les familles dans un cadre confortable.,"Maison de la Culture Ibn Rachiq, Tunis, Tunisie",False,7.8,HIGH
HIVER,JANUARY,2-6 ans,LOW,False,Tunis,REUNION_PARENTS,INDOOR,Reunion d information parents,Rencontre d information et d echange avec les familles dans un cadre confortable.,"Centre culturel municipal, Tunis, Tunisie",False,2.3,HIGH
HIVER,FEBRUARY,2-3 ans,LOW,False,Tunis,REUNION_PARENTS,INDOOR,Rencontre parents educateurs,Rencontre d information et d echange avec les familles dans un cadre confortable.,"Maison de la Culture Ibn Rachiq, Tunis, Tunisie",False,2.6,HIGH
HIVER,FEBRUARY,2-3 ans,MEDIUM,False,Tunis,REUNION_PARENTS,INDOOR,Reunion d information parents,Rencontre d information et d echange avec les familles dans un cadre confortable.,"Centre culturel municipal, Tunis, Tunisie",False,7.8,HIGH
HIVER,FEBRUARY,4-5 ans,MEDIUM,False,Tunis,REUNION_PARENTS,INDOOR,Rencontre parents educateurs,Rencontre d information et d echange avec les familles dans un cadre confortable.,"Maison de la Culture Ibn Rachiq, Tunis, Tunisie",False,3.5,HIGH
HIVER,FEBRUARY,4-5 ans,MEDIUM,False,Tunis,REUNION_PARENTS,INDOOR,Reunion d information parents,Rencontre d information et d echange avec les familles dans un cadre confortable.,"Centre culturel municipal, Tunis, Tunisie",False,3.1,HIGH
HIVER,FEBRUARY,2-6 ans,LOW,False,Tunis,REUNION_PARENTS,INDOOR,Rencontre parents educateurs,Rencontre d information et d echange avec les familles dans un cadre confortable.,"Maison de la Culture Ibn Rachiq, Tunis, Tunisie",False,1.4,HIGH
HIVER,FEBRUARY,2-6 ans,MEDIUM,False,Tunis,REUNION_PARENTS,INDOOR,Reunion d information parents,Rencontre d information et d echange avec les familles dans un cadre confortable.,"Centre culturel municipal, Tunis, Tunisie",False,5.9,HIGH
PRINTEMPS,MARCH,2-3 ans,HIGH,True,Ariana,SORTIE,OUTDOOR,Sortie nature au Parc Ennahli,"Activite encadree avec decouverte, observation et temps de repos adaptes aux enfants.","Parc Ennahli, Ariana, Tunisie",True,27.4,HIGH
PRINTEMPS,MARCH,2-3 ans,LOW,True,Ariana,SORTIE,OUTDOOR,Balade educative au parc urbain,"Activite encadree avec decouverte, observation et temps de repos adaptes aux enfants.","Parc Urbain Nahli, Ariana, Tunisie",True,8.0,HIGH
PRINTEMPS,MARCH,4-5 ans,MEDIUM,True,Ariana,SORTIE,OUTDOOR,Sortie nature au Parc Ennahli,"Activite encadree avec decouverte, observation et temps de repos adaptes aux enfants.","Parc Ennahli, Ariana, Tunisie",True,10.2,HIGH
PRINTEMPS,MARCH,4-5 ans,HIGH,True,Ariana,SORTIE,OUTDOOR,Balade educative au parc urbain,"Activite encadree avec decouverte, observation et temps de repos adaptes aux enfants.","Parc Urbain Nahli, Ariana, Tunisie",True,21.3,HIGH
PRINTEMPS,MARCH,2-6 ans,HIGH,True,Ariana,SORTIE,OUTDOOR,Sortie nature au Parc Ennahli,"Activite encadree avec decouverte, observation et temps de repos adaptes aux enfants.","Parc Ennahli, Ariana, Tunisie",True,20.2,HIGH
PRINTEMPS,MARCH,2-6 ans,LOW,True,Ariana,SORTIE,OUTDOOR,Balade educative au parc urbain,"Activite encadree avec decouverte, observation et temps de repos adaptes aux enfants.","Parc Urbain Nahli, Ariana, Tunisie",True,7.8,HIGH
PRINTEMPS,APRIL,2-3 ans,MEDIUM,True,Ariana,SORTIE,OUTDOOR,Sortie nature au Parc Ennahli,"Activite encadree avec decouverte, observation et temps de repos adaptes aux enfants.","Parc Ennahli, Ariana, Tunisie",True,17.3,HIGH
PRINTEMPS,APRIL,2-3 ans,MEDIUM,True,Ariana,SORTIE,OUTDOOR,Balade educative au parc urbain,"Activite encadree avec decouverte, observation et temps de repos adaptes aux enfants.","Parc Urbain Nahli, Ariana, Tunisie",True,15.2,HIGH
PRINTEMPS,APRIL,4-5 ans,LOW,True,Ariana,SORTIE,OUTDOOR,Sortie nature au Parc Ennahli,"Activite encadree avec decouverte, observation et temps de repos adaptes aux enfants.","Parc Ennahli, Ariana, Tunisie",True,4.8,HIGH
PRINTEMPS,APRIL,4-5 ans,LOW,True,Ariana,SORTIE,OUTDOOR,Balade educative au parc urbain,"Activite encadree avec decouverte, observation et temps de repos adaptes aux enfants.","Parc Urbain Nahli, Ariana, Tunisie",True,5.8,HIGH
PRINTEMPS,APRIL,2-6 ans,MEDIUM,True,Ariana,SORTIE,OUTDOOR,Sortie nature au Parc Ennahli,"Activite encadree avec decouverte, observation et temps de repos adaptes aux enfants.","Parc Ennahli, Ariana, Tunisie",True,10.9,HIGH
PRINTEMPS,APRIL,2-6 ans,LOW,True,Ariana,SORTIE,OUTDOOR,Balade educative au parc urbain,"Activite encadree avec decouverte, observation et temps de repos adaptes aux enfants.","Parc Urbain Nahli, Ariana, Tunisie",True,9.3,HIGH
PRINTEMPS,MAY,2-3 ans,LOW,True,Ariana,SORTIE,OUTDOOR,Sortie nature au Parc Ennahli,"Activite encadree avec decouverte, observation et temps de repos adaptes aux enfants.","Parc Ennahli, Ariana, Tunisie",True,6.3,HIGH
PRINTEMPS,MAY,2-3 ans,MEDIUM,True,Ariana,SORTIE,OUTDOOR,Balade educative au parc urbain,"Activite encadree avec decouverte, observation et temps de repos adaptes aux enfants.","Parc Urbain Nahli, Ariana, Tunisie",True,15.4,HIGH
PRINTEMPS,MAY,4-5 ans,HIGH,True,Ariana,SORTIE,OUTDOOR,Sortie nature au Parc Ennahli,"Activite encadree avec decouverte, observation et temps de repos adaptes aux enfants.","Parc Ennahli, Ariana, Tunisie",True,25.0,HIGH
PRINTEMPS,MAY,4-5 ans,HIGH,True,Ariana,SORTIE,OUTDOOR,Balade educative au parc urbain,"Activite encadree avec decouverte, observation et temps de repos adaptes aux enfants.","Parc Urbain Nahli, Ariana, Tunisie",True,22.2,HIGH
PRINTEMPS,MAY,2-6 ans,HIGH,True,Ariana,SORTIE,OUTDOOR,Sortie nature au Parc Ennahli,"Activite encadree avec decouverte, observation et temps de repos adaptes aux enfants.","Parc Ennahli, Ariana, Tunisie",True,25.3,HIGH
PRINTEMPS,MAY,2-6 ans,MEDIUM,True,Ariana,SORTIE,OUTDOOR,Balade educative au parc urbain,"Activite encadree avec decouverte, observation et temps de repos adaptes aux enfants.","Parc Urbain Nahli, Ariana, Tunisie",True,15.2,HIGH
ETE,JUNE,2-3 ans,MEDIUM,True,Ariana,SORTIE,OUTDOOR,Sortie nature au Parc Ennahli,"Activite encadree avec decouverte, observation et temps de repos adaptes aux enfants.","Parc Ennahli, Ariana, Tunisie",True,14.9,HIGH
ETE,JUNE,2-3 ans,MEDIUM,True,Ariana,SORTIE,OUTDOOR,Balade educative au parc urbain,"Activite encadree avec decouverte, observation et temps de repos adaptes aux enfants.","Parc Urbain Nahli, Ariana, Tunisie",True,10.3,HIGH
ETE,JUNE,4-5 ans,MEDIUM,True,Ariana,SORTIE,OUTDOOR,Sortie nature au Parc Ennahli,"Activite encadree avec decouverte, observation et temps de repos adaptes aux enfants.","Parc Ennahli, Ariana, Tunisie",True,11.7,HIGH
ETE,JUNE,4-5 ans,MEDIUM,True,Ariana,SORTIE,OUTDOOR,Balade educative au parc urbain,"Activite encadree avec decouverte, observation et temps de repos adaptes aux enfants.","Parc Urbain Nahli, Ariana, Tunisie",True,17.6,HIGH
ETE,JUNE,2-6 ans,MEDIUM,True,Ariana,SORTIE,OUTDOOR,Sortie nature au Parc Ennahli,"Activite encadree avec decouverte, observation et temps de repos adaptes aux enfants.","Parc Ennahli, Ariana, Tunisie",True,10.8,HIGH
ETE,JUNE,2-6 ans,HIGH,True,Ariana,SORTIE,OUTDOOR,Balade educative au parc urbain,"Activite encadree avec decouverte, observation et temps de repos adaptes aux enfants.","Parc Urbain Nahli, Ariana, Tunisie",True,21.7,HIGH
ETE,JULY,2-3 ans,HIGH,True,Ariana,SORTIE,OUTDOOR,Sortie nature au Parc Ennahli,"Activite encadree avec decouverte, observation et temps de repos adaptes aux enfants.","Parc Ennahli, Ariana, Tunisie",True,21.6,HIGH
ETE,JULY,2-3 ans,MEDIUM,True,Ariana,SORTIE,OUTDOOR,Balade educative au parc urbain,"Activite encadree avec decouverte, observation et temps de repos adaptes aux enfants.","Parc Urbain Nahli, Ariana, Tunisie",True,12.2,HIGH
ETE,JULY,4-5 ans,LOW,True,Ariana,SORTIE,OUTDOOR,Sortie nature au Parc Ennahli,"Activite encadree avec decouverte, observation et temps de repos adaptes aux enfants.","Parc Ennahli, Ariana, Tunisie",True,9.7,HIGH
ETE,JULY,4-5 ans,MEDIUM,True,Ariana,SORTIE,OUTDOOR,Balade educative au parc urbain,"Activite encadree avec decouverte, observation et temps de repos adaptes aux enfants.","Parc Urbain Nahli, Ariana, Tunisie",True,10.7,HIGH
ETE,JULY,2-6 ans,LOW,True,Ariana,SORTIE,OUTDOOR,Sortie nature au Parc Ennahli,"Activite encadree avec decouverte, observation et temps de repos adaptes aux enfants.","Parc Ennahli, Ariana, Tunisie",True,7.9,HIGH
ETE,JULY,2-6 ans,HIGH,True,Ariana,SORTIE,OUTDOOR,Balade educative au parc urbain,"Activite encadree avec decouverte, observation et temps de repos adaptes aux enfants.","Parc Urbain Nahli, Ariana, Tunisie",True,27.7,HIGH
ETE,AUGUST,2-3 ans,LOW,True,Ariana,SORTIE,OUTDOOR,Sortie nature au Parc Ennahli,"Activite encadree avec decouverte, observation et temps de repos adaptes aux enfants.","Parc Ennahli, Ariana, Tunisie",True,8.7,HIGH
ETE,AUGUST,2-3 ans,LOW,True,Ariana,SORTIE,OUTDOOR,Balade educative au parc urbain,"Activite encadree avec decouverte, observation et temps de repos adaptes aux enfants.","Parc Urbain Nahli, Ariana, Tunisie",True,9.9,HIGH
ETE,AUGUST,4-5 ans,HIGH,True,Ariana,SORTIE,OUTDOOR,Sortie nature au Parc Ennahli,"Activite encadree avec decouverte, observation et temps de repos adaptes aux enfants.","Parc Ennahli, Ariana, Tunisie",True,20.1,HIGH
ETE,AUGUST,4-5 ans,HIGH,True,Ariana,SORTIE,OUTDOOR,Balade educative au parc urbain,"Activite encadree avec decouverte, observation et temps de repos adaptes aux enfants.","Parc Urbain Nahli, Ariana, Tunisie",True,20.1,HIGH
ETE,AUGUST,2-6 ans,LOW,True,Ariana,SORTIE,OUTDOOR,Sortie nature au Parc Ennahli,"Activite encadree avec decouverte, observation et temps de repos adaptes aux enfants.","Parc Ennahli, Ariana, Tunisie",True,8.9,HIGH
ETE,AUGUST,2-6 ans,LOW,True,Ariana,SORTIE,OUTDOOR,Balade educative au parc urbain,"Activite encadree avec decouverte, observation et temps de repos adaptes aux enfants.","Parc Urbain Nahli, Ariana, Tunisie",True,6.0,HIGH
AUTOMNE,SEPTEMBER,2-3 ans,LOW,True,Ariana,SORTIE,OUTDOOR,Sortie nature au Parc Ennahli,"Activite encadree avec decouverte, observation et temps de repos adaptes aux enfants.","Parc Ennahli, Ariana, Tunisie",True,8.7,HIGH
AUTOMNE,SEPTEMBER,2-3 ans,HIGH,True,Ariana,SORTIE,OUTDOOR,Balade educative au parc urbain,"Activite encadree avec decouverte, observation et temps de repos adaptes aux enfants.","Parc Urbain Nahli, Ariana, Tunisie",True,18.0,HIGH
AUTOMNE,SEPTEMBER,4-5 ans,LOW,True,Ariana,SORTIE,OUTDOOR,Sortie nature au Parc Ennahli,"Activite encadree avec decouverte, observation et temps de repos adaptes aux enfants.","Parc Ennahli, Ariana, Tunisie",True,9.9,HIGH
AUTOMNE,SEPTEMBER,4-5 ans,HIGH,True,Ariana,SORTIE,OUTDOOR,Balade educative au parc urbain,"Activite encadree avec decouverte, observation et temps de repos adaptes aux enfants.","Parc Urbain Nahli, Ariana, Tunisie",True,20.5,HIGH
AUTOMNE,SEPTEMBER,2-6 ans,LOW,True,Ariana,SORTIE,OUTDOOR,Sortie nature au Parc Ennahli,"Activite encadree avec decouverte, observation et temps de repos adaptes aux enfants.","Parc Ennahli, Ariana, Tunisie",True,4.7,HIGH
AUTOMNE,SEPTEMBER,2-6 ans,LOW,True,Ariana,SORTIE,OUTDOOR,Balade educative au parc urbain,"Activite encadree avec decouverte, observation et temps de repos adaptes aux enfants.","Parc Urbain Nahli, Ariana, Tunisie",True,4.8,HIGH
AUTOMNE,OCTOBER,2-3 ans,MEDIUM,True,Ariana,SORTIE,OUTDOOR,Sortie nature au Parc Ennahli,"Activite encadree avec decouverte, observation et temps de repos adaptes aux enfants.","Parc Ennahli, Ariana, Tunisie",True,16.3,HIGH
AUTOMNE,OCTOBER,2-3 ans,LOW,True,Ariana,SORTIE,OUTDOOR,Balade educative au parc urbain,"Activite encadree avec decouverte, observation et temps de repos adaptes aux enfants.","Parc Urbain Nahli, Ariana, Tunisie",True,7.5,HIGH
AUTOMNE,OCTOBER,4-5 ans,LOW,True,Ariana,SORTIE,OUTDOOR,Sortie nature au Parc Ennahli,"Activite encadree avec decouverte, observation et temps de repos adaptes aux enfants.","Parc Ennahli, Ariana, Tunisie",True,5.0,HIGH
AUTOMNE,OCTOBER,4-5 ans,LOW,True,Ariana,SORTIE,OUTDOOR,Balade educative au parc urbain,"Activite encadree avec decouverte, observation et temps de repos adaptes aux enfants.","Parc Urbain Nahli, Ariana, Tunisie",True,4.8,HIGH
AUTOMNE,OCTOBER,2-6 ans,MEDIUM,True,Ariana,SORTIE,OUTDOOR,Sortie nature au Parc Ennahli,"Activite encadree avec decouverte, observation et temps de repos adaptes aux enfants.","Parc Ennahli, Ariana, Tunisie",True,14.2,HIGH
AUTOMNE,OCTOBER,2-6 ans,HIGH,True,Ariana,SORTIE,OUTDOOR,Balade educative au parc urbain,"Activite encadree avec decouverte, observation et temps de repos adaptes aux enfants.","Parc Urbain Nahli, Ariana, Tunisie",True,18.6,HIGH
AUTOMNE,NOVEMBER,2-3 ans,MEDIUM,True,Ariana,SORTIE,OUTDOOR,Sortie nature au Parc Ennahli,"Activite encadree avec decouverte, observation et temps de repos adaptes aux enfants.","Parc Ennahli, Ariana, Tunisie",True,16.2,HIGH
AUTOMNE,NOVEMBER,2-3 ans,HIGH,True,Ariana,SORTIE,OUTDOOR,Balade educative au parc urbain,"Activite encadree avec decouverte, observation et temps de repos adaptes aux enfants.","Parc Urbain Nahli, Ariana, Tunisie",True,23.9,HIGH
AUTOMNE,NOVEMBER,4-5 ans,MEDIUM,True,Ariana,SORTIE,OUTDOOR,Sortie nature au Parc Ennahli,"Activite encadree avec decouverte, observation et temps de repos adaptes aux enfants.","Parc Ennahli, Ariana, Tunisie",True,14.0,HIGH
AUTOMNE,NOVEMBER,4-5 ans,HIGH,True,Ariana,SORTIE,OUTDOOR,Balade educative au parc urbain,"Activite encadree avec decouverte, observation et temps de repos adaptes aux enfants.","Parc Urbain Nahli, Ariana, Tunisie",True,18.4,HIGH
AUTOMNE,NOVEMBER,2-6 ans,HIGH,True,Ariana,SORTIE,OUTDOOR,Sortie nature au Parc Ennahli,"Activite encadree avec decouverte, observation et temps de repos adaptes aux enfants.","Parc Ennahli, Ariana, Tunisie",True,23.2,HIGH
AUTOMNE,NOVEMBER,2-6 ans,MEDIUM,True,Ariana,SORTIE,OUTDOOR,Balade educative au parc urbain,"Activite encadree avec decouverte, observation et temps de repos adaptes aux enfants.","Parc Urbain Nahli, Ariana, Tunisie",True,15.1,HIGH
HIVER,DECEMBER,2-3 ans,LOW,True,Ariana,SORTIE,OUTDOOR,Sortie nature au Parc Ennahli,"Activite encadree avec decouverte, observation et temps de repos adaptes aux enfants.","Parc Ennahli, Ariana, Tunisie",True,4.4,HIGH
HIVER,DECEMBER,2-3 ans,MEDIUM,True,Ariana,SORTIE,OUTDOOR,Balade educative au parc urbain,"Activite encadree avec decouverte, observation et temps de repos adaptes aux enfants.","Parc Urbain Nahli, Ariana, Tunisie",True,16.8,HIGH
HIVER,DECEMBER,4-5 ans,MEDIUM,True,Ariana,SORTIE,OUTDOOR,Sortie nature au Parc Ennahli,"Activite encadree avec decouverte, observation et temps de repos adaptes aux enfants.","Parc Ennahli, Ariana, Tunisie",True,15.5,HIGH
HIVER,DECEMBER,4-5 ans,MEDIUM,True,Ariana,SORTIE,OUTDOOR,Balade educative au parc urbain,"Activite encadree avec decouverte, observation et temps de repos adaptes aux enfants.","Parc Urbain Nahli, Ariana, Tunisie",True,15.7,HIGH
HIVER,DECEMBER,2-6 ans,MEDIUM,True,Ariana,SORTIE,OUTDOOR,Sortie nature au Parc Ennahli,"Activite encadree avec decouverte, observation et temps de repos adaptes aux enfants.","Parc Ennahli, Ariana, Tunisie",True,10.6,HIGH
HIVER,DECEMBER,2-6 ans,LOW,True,Ariana,SORTIE,OUTDOOR,Balade educative au parc urbain,"Activite encadree avec decouverte, observation et temps de repos adaptes aux enfants.","Parc Urbain Nahli, Ariana, Tunisie",True,5.9,HIGH
HIVER,JANUARY,2-3 ans,LOW,True,Ariana,SORTIE,OUTDOOR,Sortie nature au Parc Ennahli,"Activite encadree avec decouverte, observation et temps de repos adaptes aux enfants.","Parc Ennahli, Ariana, Tunisie",True,4.4,HIGH
HIVER,JANUARY,2-3 ans,MEDIUM,True,Ariana,SORTIE,OUTDOOR,Balade educative au parc urbain,"Activite encadree avec decouverte, observation et temps de repos adaptes aux enfants.","Parc Urbain Nahli, Ariana, Tunisie",True,15.0,HIGH
HIVER,JANUARY,4-5 ans,HIGH,True,Ariana,SORTIE,OUTDOOR,Sortie nature au Parc Ennahli,"Activite encadree avec decouverte, observation et temps de repos adaptes aux enfants.","Parc Ennahli, Ariana, Tunisie",True,23.5,HIGH
HIVER,JANUARY,4-5 ans,MEDIUM,True,Ariana,SORTIE,OUTDOOR,Balade educative au parc urbain,"Activite encadree avec decouverte, observation et temps de repos adaptes aux enfants.","Parc Urbain Nahli, Ariana, Tunisie",True,13.0,HIGH
HIVER,JANUARY,2-6 ans,HIGH,True,Ariana,SORTIE,OUTDOOR,Sortie nature au Parc Ennahli,"Activite encadree avec decouverte, observation et temps de repos adaptes aux enfants.","Parc Ennahli, Ariana, Tunisie",True,23.3,HIGH
HIVER,JANUARY,2-6 ans,MEDIUM,True,Ariana,SORTIE,OUTDOOR,Balade educative au parc urbain,"Activite encadree avec decouverte, observation et temps de repos adaptes aux enfants.","Parc Urbain Nahli, Ariana, Tunisie",True,14.0,HIGH
HIVER,FEBRUARY,2-3 ans,MEDIUM,True,Ariana,SORTIE,OUTDOOR,Sortie nature au Parc Ennahli,"Activite encadree avec decouverte, observation et temps de repos adaptes aux enfants.","Parc Ennahli, Ariana, Tunisie",True,10.8,HIGH
HIVER,FEBRUARY,2-3 ans,HIGH,True,Ariana,SORTIE,OUTDOOR,Balade educative au parc urbain,"Activite encadree avec decouverte, observation et temps de repos adaptes aux enfants.","Parc Urbain Nahli, Ariana, Tunisie",True,19.1,HIGH
HIVER,FEBRUARY,4-5 ans,HIGH,True,Ariana,SORTIE,OUTDOOR,Sortie nature au Parc Ennahli,"Activite encadree avec decouverte, observation et temps de repos adaptes aux enfants.","Parc Ennahli, Ariana, Tunisie",True,24.5,HIGH
HIVER,FEBRUARY,4-5 ans,HIGH,True,Ariana,SORTIE,OUTDOOR,Balade educative au parc urbain,"Activite encadree avec decouverte, observation et temps de repos adaptes aux enfants.","Parc Urbain Nahli, Ariana, Tunisie",True,25.2,HIGH
HIVER,FEBRUARY,2-6 ans,LOW,True,Ariana,SORTIE,OUTDOOR,Sortie nature au Parc Ennahli,"Activite encadree avec decouverte, observation et temps de repos adaptes aux enfants.","Parc Ennahli, Ariana, Tunisie",True,6.6,HIGH
HIVER,FEBRUARY,2-6 ans,LOW,True,Ariana,SORTIE,OUTDOOR,Balade educative au parc urbain,"Activite encadree avec decouverte, observation et temps de repos adaptes aux enfants.","Parc Urbain Nahli, Ariana, Tunisie",True,6.5,HIGH
PRINTEMPS,MARCH,2-3 ans,MEDIUM,False,Ariana,ATELIER,INDOOR,Atelier peinture et collage,Activite creatrice et sensorielle adaptee au rythme des enfants avec materiel simple.,"Maison de la Culture, Ariana, Tunisie",False,10.8,HIGH
PRINTEMPS,MARCH,2-3 ans,LOW,False,Ariana,ATELIER,INDOOR,Atelier sciences en petit groupe,Activite creatrice et sensorielle adaptee au rythme des enfants avec materiel simple.,"Cite des Sciences, Tunis, Tunisie",False,4.6,HIGH
PRINTEMPS,MARCH,4-5 ans,MEDIUM,False,Ariana,ATELIER,INDOOR,Atelier peinture et collage,Activite creatrice et sensorielle adaptee au rythme des enfants avec materiel simple.,"Maison de la Culture, Ariana, Tunisie",False,12.7,HIGH
PRINTEMPS,MARCH,4-5 ans,MEDIUM,False,Ariana,ATELIER,INDOOR,Atelier sciences en petit groupe,Activite creatrice et sensorielle adaptee au rythme des enfants avec materiel simple.,"Cite des Sciences, Tunis, Tunisie",False,14.7,HIGH
PRINTEMPS,MARCH,2-6 ans,MEDIUM,False,Ariana,ATELIER,INDOOR,Atelier peinture et collage,Activite creatrice et sensorielle adaptee au rythme des enfants avec materiel simple.,"Maison de la Culture, Ariana, Tunisie",False,8.5,HIGH
PRINTEMPS,MARCH,2-6 ans,LOW,False,Ariana,ATELIER,INDOOR,Atelier sciences en petit groupe,Activite creatrice et sensorielle adaptee au rythme des enfants avec materiel simple.,"Cite des Sciences, Tunis, Tunisie",False,3.5,HIGH
PRINTEMPS,APRIL,2-3 ans,LOW,False,Ariana,ATELIER,INDOOR,Atelier peinture et collage,Activite creatrice et sensorielle adaptee au rythme des enfants avec materiel simple.,"Maison de la Culture, Ariana, Tunisie",False,6.7,HIGH
PRINTEMPS,APRIL,2-3 ans,MEDIUM,False,Ariana,ATELIER,INDOOR,Atelier sciences en petit groupe,Activite creatrice et sensorielle adaptee au rythme des enfants avec materiel simple.,"Cite des Sciences, Tunis, Tunisie",False,13.7,HIGH
PRINTEMPS,APRIL,4-5 ans,LOW,False,Ariana,ATELIER,INDOOR,Atelier peinture et collage,Activite creatrice et sensorielle adaptee au rythme des enfants avec materiel simple.,"Maison de la Culture, Ariana, Tunisie",False,5.9,HIGH
PRINTEMPS,APRIL,4-5 ans,MEDIUM,False,Ariana,ATELIER,INDOOR,Atelier sciences en petit groupe,Activite creatrice et sensorielle adaptee au rythme des enfants avec materiel simple.,"Cite des Sciences, Tunis, Tunisie",False,12.7,HIGH
PRINTEMPS,APRIL,2-6 ans,MEDIUM,False,Ariana,ATELIER,INDOOR,Atelier peinture et collage,Activite creatrice et sensorielle adaptee au rythme des enfants avec materiel simple.,"Maison de la Culture, Ariana, Tunisie",False,10.5,HIGH
PRINTEMPS,APRIL,2-6 ans,MEDIUM,False,Ariana,ATELIER,INDOOR,Atelier sciences en petit groupe,Activite creatrice et sensorielle adaptee au rythme des enfants avec materiel simple.,"Cite des Sciences, Tunis, Tunisie",False,14.1,HIGH
PRINTEMPS,MAY,2-3 ans,LOW,False,Ariana,ATELIER,INDOOR,Atelier peinture et collage,Activite creatrice et sensorielle adaptee au rythme des enfants avec materiel simple.,"Maison de la Culture, Ariana, Tunisie",False,7.8,HIGH
PRINTEMPS,MAY,2-3 ans,MEDIUM,False,Ariana,ATELIER,INDOOR,Atelier sciences en petit groupe,Activite creatrice et sensorielle adaptee au rythme des enfants avec materiel simple.,"Cite des Sciences, Tunis, Tunisie",False,10.5,HIGH
PRINTEMPS,MAY,4-5 ans,LOW,False,Ariana,ATELIER,INDOOR,Atelier peinture et collage,Activite creatrice et sensorielle adaptee au rythme des enfants avec materiel simple.,"Maison de la Culture, Ariana, Tunisie",False,3.8,HIGH
PRINTEMPS,MAY,4-5 ans,MEDIUM,False,Ariana,ATELIER,INDOOR,Atelier sciences en petit groupe,Activite creatrice et sensorielle adaptee au rythme des enfants avec materiel simple.,"Cite des Sciences, Tunis, Tunisie",False,9.6,HIGH
PRINTEMPS,MAY,2-6 ans,LOW,False,Ariana,ATELIER,INDOOR,Atelier peinture et collage,Activite creatrice et sensorielle adaptee au rythme des enfants avec materiel simple.,"Maison de la Culture, Ariana, Tunisie",False,4.8,HIGH
PRINTEMPS,MAY,2-6 ans,MEDIUM,False,Ariana,ATELIER,INDOOR,Atelier sciences en petit groupe,Activite creatrice et sensorielle adaptee au rythme des enfants avec materiel simple.,"Cite des Sciences, Tunis, Tunisie",False,8.8,HIGH
ETE,JUNE,2-3 ans,MEDIUM,False,Ariana,ATELIER,INDOOR,Atelier peinture et collage,Activite creatrice et sensorielle adaptee au rythme des enfants avec materiel simple.,"Maison de la Culture, Ariana, Tunisie",False,12.0,HIGH
ETE,JUNE,2-3 ans,MEDIUM,False,Ariana,ATELIER,INDOOR,Atelier sciences en petit groupe,Activite creatrice et sensorielle adaptee au rythme des enfants avec materiel simple.,"Cite des Sciences, Tunis, Tunisie",False,13.9,HIGH
ETE,JUNE,4-5 ans,LOW,False,Ariana,ATELIER,INDOOR,Atelier peinture et collage,Activite creatrice et sensorielle adaptee au rythme des enfants avec materiel simple.,"Maison de la Culture, Ariana, Tunisie",False,6.0,HIGH
ETE,JUNE,4-5 ans,MEDIUM,False,Ariana,ATELIER,INDOOR,Atelier sciences en petit groupe,Activite creatrice et sensorielle adaptee au rythme des enfants avec materiel simple.,"Cite des Sciences, Tunis, Tunisie",False,8.2,HIGH
ETE,JUNE,2-6 ans,MEDIUM,False,Ariana,ATELIER,INDOOR,Atelier peinture et collage,Activite creatrice et sensorielle adaptee au rythme des enfants avec materiel simple.,"Maison de la Culture, Ariana, Tunisie",False,12.9,HIGH
ETE,JUNE,2-6 ans,MEDIUM,False,Ariana,ATELIER,INDOOR,Atelier sciences en petit groupe,Activite creatrice et sensorielle adaptee au rythme des enfants avec materiel simple.,"Cite des Sciences, Tunis, Tunisie",False,14.5,HIGH
ETE,JULY,2-3 ans,MEDIUM,False,Ariana,ATELIER,INDOOR,Atelier peinture et collage,Activite creatrice et sensorielle adaptee au rythme des enfants avec materiel simple.,"Maison de la Culture, Ariana, Tunisie",False,8.0,HIGH
ETE,JULY,2-3 ans,LOW,False,Ariana,ATELIER,INDOOR,Atelier sciences en petit groupe,Activite creatrice et sensorielle adaptee au rythme des enfants avec materiel simple.,"Cite des Sciences, Tunis, Tunisie",False,5.8,HIGH
ETE,JULY,4-5 ans,MEDIUM,False,Ariana,ATELIER,INDOOR,Atelier peinture et collage,Activite creatrice et sensorielle adaptee au rythme des enfants avec materiel simple.,"Maison de la Culture, Ariana, Tunisie",False,8.5,HIGH
ETE,JULY,4-5 ans,LOW,False,Ariana,ATELIER,INDOOR,Atelier sciences en petit groupe,Activite creatrice et sensorielle adaptee au rythme des enfants avec materiel simple.,"Cite des Sciences, Tunis, Tunisie",False,3.5,HIGH
ETE,JULY,2-6 ans,LOW,False,Ariana,ATELIER,INDOOR,Atelier peinture et collage,Activite creatrice et sensorielle adaptee au rythme des enfants avec materiel simple.,"Maison de la Culture, Ariana, Tunisie",False,4.9,HIGH
ETE,JULY,2-6 ans,MEDIUM,False,Ariana,ATELIER,INDOOR,Atelier sciences en petit groupe,Activite creatrice et sensorielle adaptee au rythme des enfants avec materiel simple.,"Cite des Sciences, Tunis, Tunisie",False,10.4,HIGH
ETE,AUGUST,2-3 ans,MEDIUM,False,Ariana,ATELIER,INDOOR,Atelier peinture et collage,Activite creatrice et sensorielle adaptee au rythme des enfants avec materiel simple.,"Maison de la Culture, Ariana, Tunisie",False,10.2,HIGH
ETE,AUGUST,2-3 ans,MEDIUM,False,Ariana,ATELIER,INDOOR,Atelier sciences en petit groupe,Activite creatrice et sensorielle adaptee au rythme des enfants avec materiel simple.,"Cite des Sciences, Tunis, Tunisie",False,13.4,HIGH
ETE,AUGUST,4-5 ans,LOW,False,Ariana,ATELIER,INDOOR,Atelier peinture et collage,Activite creatrice et sensorielle adaptee au rythme des enfants avec materiel simple.,"Maison de la Culture, Ariana, Tunisie",False,7.4,HIGH
ETE,AUGUST,4-5 ans,LOW,False,Ariana,ATELIER,INDOOR,Atelier sciences en petit groupe,Activite creatrice et sensorielle adaptee au rythme des enfants avec materiel simple.,"Cite des Sciences, Tunis, Tunisie",False,3.8,HIGH
ETE,AUGUST,2-6 ans,LOW,False,Ariana,ATELIER,INDOOR,Atelier peinture et collage,Activite creatrice et sensorielle adaptee au rythme des enfants avec materiel simple.,"Maison de la Culture, Ariana, Tunisie",False,6.4,HIGH
ETE,AUGUST,2-6 ans,MEDIUM,False,Ariana,ATELIER,INDOOR,Atelier sciences en petit groupe,Activite creatrice et sensorielle adaptee au rythme des enfants avec materiel simple.,"Cite des Sciences, Tunis, Tunisie",False,11.1,HIGH
AUTOMNE,SEPTEMBER,2-3 ans,MEDIUM,False,Ariana,ATELIER,INDOOR,Atelier peinture et collage,Activite creatrice et sensorielle adaptee au rythme des enfants avec materiel simple.,"Maison de la Culture, Ariana, Tunisie",False,11.4,HIGH
AUTOMNE,SEPTEMBER,2-3 ans,MEDIUM,False,Ariana,ATELIER,INDOOR,Atelier sciences en petit groupe,Activite creatrice et sensorielle adaptee au rythme des enfants avec materiel simple.,"Cite des Sciences, Tunis, Tunisie",False,10.9,HIGH
AUTOMNE,SEPTEMBER,4-5 ans,LOW,False,Ariana,ATELIER,INDOOR,Atelier peinture et collage,Activite creatrice et sensorielle adaptee au rythme des enfants avec materiel simple.,"Maison de la Culture, Ariana, Tunisie",False,6.8,HIGH
AUTOMNE,SEPTEMBER,4-5 ans,LOW,False,Ariana,ATELIER,INDOOR,Atelier sciences en petit groupe,Activite creatrice et sensorielle adaptee au rythme des enfants avec materiel simple.,"Cite des Sciences, Tunis, Tunisie",False,4.7,HIGH
AUTOMNE,SEPTEMBER,2-6 ans,LOW,False,Ariana,ATELIER,INDOOR,Atelier peinture et collage,Activite creatrice et sensorielle adaptee au rythme des enfants avec materiel simple.,"Maison de la Culture, Ariana, Tunisie",False,4.4,HIGH
AUTOMNE,SEPTEMBER,2-6 ans,MEDIUM,False,Ariana,ATELIER,INDOOR,Atelier sciences en petit groupe,Activite creatrice et sensorielle adaptee au rythme des enfants avec materiel simple.,"Cite des Sciences, Tunis, Tunisie",False,11.7,HIGH
AUTOMNE,OCTOBER,2-3 ans,MEDIUM,False,Ariana,ATELIER,INDOOR,Atelier peinture et collage,Activite creatrice et sensorielle adaptee au rythme des enfants avec materiel simple.,"Maison de la Culture, Ariana, Tunisie",False,8.3,HIGH
AUTOMNE,OCTOBER,2-3 ans,MEDIUM,False,Ariana,ATELIER,INDOOR,Atelier sciences en petit groupe,Activite creatrice et sensorielle adaptee au rythme des enfants avec materiel simple.,"Cite des Sciences, Tunis, Tunisie",False,14.9,HIGH
AUTOMNE,OCTOBER,4-5 ans,LOW,False,Ariana,ATELIER,INDOOR,Atelier peinture et collage,Activite creatrice et sensorielle adaptee au rythme des enfants avec materiel simple.,"Maison de la Culture, Ariana, Tunisie",False,3.0,HIGH
AUTOMNE,OCTOBER,4-5 ans,MEDIUM,False,Ariana,ATELIER,INDOOR,Atelier sciences en petit groupe,Activite creatrice et sensorielle adaptee au rythme des enfants avec materiel simple.,"Cite des Sciences, Tunis, Tunisie",False,14.6,HIGH
AUTOMNE,OCTOBER,2-6 ans,LOW,False,Ariana,ATELIER,INDOOR,Atelier peinture et collage,Activite creatrice et sensorielle adaptee au rythme des enfants avec materiel simple.,"Maison de la Culture, Ariana, Tunisie",False,6.8,HIGH
AUTOMNE,OCTOBER,2-6 ans,MEDIUM,False,Ariana,ATELIER,INDOOR,Atelier sciences en petit groupe,Activite creatrice et sensorielle adaptee au rythme des enfants avec materiel simple.,"Cite des Sciences, Tunis, Tunisie",False,10.3,HIGH
AUTOMNE,NOVEMBER,2-3 ans,LOW,False,Ariana,ATELIER,INDOOR,Atelier peinture et collage,Activite creatrice et sensorielle adaptee au rythme des enfants avec materiel simple.,"Maison de la Culture, Ariana, Tunisie",False,5.5,HIGH
AUTOMNE,NOVEMBER,2-3 ans,MEDIUM,False,Ariana,ATELIER,INDOOR,Atelier sciences en petit groupe,Activite creatrice et sensorielle adaptee au rythme des enfants avec materiel simple.,"Cite des Sciences, Tunis, Tunisie",False,9.2,HIGH
AUTOMNE,NOVEMBER,4-5 ans,MEDIUM,False,Ariana,ATELIER,INDOOR,Atelier peinture et collage,Activite creatrice et sensorielle adaptee au rythme des enfants avec materiel simple.,"Maison de la Culture, Ariana, Tunisie",False,11.7,HIGH
AUTOMNE,NOVEMBER,4-5 ans,LOW,False,Ariana,ATELIER,INDOOR,Atelier sciences en petit groupe,Activite creatrice et sensorielle adaptee au rythme des enfants avec materiel simple.,"Cite des Sciences, Tunis, Tunisie",False,5.5,HIGH
AUTOMNE,NOVEMBER,2-6 ans,MEDIUM,False,Ariana,ATELIER,INDOOR,Atelier peinture et collage,Activite creatrice et sensorielle adaptee au rythme des enfants avec materiel simple.,"Maison de la Culture, Ariana, Tunisie",False,8.5,HIGH
AUTOMNE,NOVEMBER,2-6 ans,LOW,False,Ariana,ATELIER,INDOOR,Atelier sciences en petit groupe,Activite creatrice et sensorielle adaptee au rythme des enfants avec materiel simple.,"Cite des Sciences, Tunis, Tunisie",False,5.2,HIGH
HIVER,DECEMBER,2-3 ans,MEDIUM,False,Ariana,ATELIER,INDOOR,Atelier peinture et collage,Activite creatrice et sensorielle adaptee au rythme des enfants avec materiel simple.,"Maison de la Culture, Ariana, Tunisie",False,14.4,HIGH
HIVER,DECEMBER,2-3 ans,MEDIUM,False,Ariana,ATELIER,INDOOR,Atelier sciences en petit groupe,Activite creatrice et sensorielle adaptee au rythme des enfants avec materiel simple.,"Cite des Sciences, Tunis, Tunisie",False,12.0,HIGH
HIVER,DECEMBER,4-5 ans,MEDIUM,False,Ariana,ATELIER,INDOOR,Atelier peinture et collage,Activite creatrice et sensorielle adaptee au rythme des enfants avec materiel simple.,"Maison de la Culture, Ariana, Tunisie",False,13.0,HIGH
HIVER,DECEMBER,4-5 ans,MEDIUM,False,Ariana,ATELIER,INDOOR,Atelier sciences en petit groupe,Activite creatrice et sensorielle adaptee au rythme des enfants avec materiel simple.,"Cite des Sciences, Tunis, Tunisie",False,10.0,HIGH
HIVER,DECEMBER,2-6 ans,MEDIUM,False,Ariana,ATELIER,INDOOR,Atelier peinture et collage,Activite creatrice et sensorielle adaptee au rythme des enfants avec materiel simple.,"Maison de la Culture, Ariana, Tunisie",False,8.1,HIGH
HIVER,DECEMBER,2-6 ans,MEDIUM,False,Ariana,ATELIER,INDOOR,Atelier sciences en petit groupe,Activite creatrice et sensorielle adaptee au rythme des enfants avec materiel simple.,"Cite des Sciences, Tunis, Tunisie",False,9.2,HIGH
HIVER,JANUARY,2-3 ans,MEDIUM,False,Ariana,ATELIER,INDOOR,Atelier peinture et collage,Activite creatrice et sensorielle adaptee au rythme des enfants avec materiel simple.,"Maison de la Culture, Ariana, Tunisie",False,13.8,HIGH
HIVER,JANUARY,2-3 ans,MEDIUM,False,Ariana,ATELIER,INDOOR,Atelier sciences en petit groupe,Activite creatrice et sensorielle adaptee au rythme des enfants avec materiel simple.,"Cite des Sciences, Tunis, Tunisie",False,8.6,HIGH
HIVER,JANUARY,4-5 ans,LOW,False,Ariana,ATELIER,INDOOR,Atelier peinture et collage,Activite creatrice et sensorielle adaptee au rythme des enfants avec materiel simple.,"Maison de la Culture, Ariana, Tunisie",False,4.2,HIGH
HIVER,JANUARY,4-5 ans,MEDIUM,False,Ariana,ATELIER,INDOOR,Atelier sciences en petit groupe,Activite creatrice et sensorielle adaptee au rythme des enfants avec materiel simple.,"Cite des Sciences, Tunis, Tunisie",False,11.7,HIGH
HIVER,JANUARY,2-6 ans,MEDIUM,False,Ariana,ATELIER,INDOOR,Atelier peinture et collage,Activite creatrice et sensorielle adaptee au rythme des enfants avec materiel simple.,"Maison de la Culture, Ariana, Tunisie",False,14.1,HIGH
HIVER,JANUARY,2-6 ans,MEDIUM,False,Ariana,ATELIER,INDOOR,Atelier sciences en petit groupe,Activite creatrice et sensorielle adaptee au rythme des enfants avec materiel simple.,"Cite des Sciences, Tunis, Tunisie",False,9.6,HIGH
HIVER,FEBRUARY,2-3 ans,LOW,False,Ariana,ATELIER,INDOOR,Atelier peinture et collage,Activite creatrice et sensorielle adaptee au rythme des enfants avec materiel simple.,"Maison de la Culture, Ariana, Tunisie",False,3.4,HIGH
HIVER,FEBRUARY,2-3 ans,LOW,False,Ariana,ATELIER,INDOOR,Atelier sciences en petit groupe,Activite creatrice et sensorielle adaptee au rythme des enfants avec materiel simple.,"Cite des Sciences, Tunis, Tunisie",False,5.7,HIGH
HIVER,FEBRUARY,4-5 ans,LOW,False,Ariana,ATELIER,INDOOR,Atelier peinture et collage,Activite creatrice et sensorielle adaptee au rythme des enfants avec materiel simple.,"Maison de la Culture, Ariana, Tunisie",False,7.5,HIGH
HIVER,FEBRUARY,4-5 ans,MEDIUM,False,Ariana,ATELIER,INDOOR,Atelier sciences en petit groupe,Activite creatrice et sensorielle adaptee au rythme des enfants avec materiel simple.,"Cite des Sciences, Tunis, Tunisie",False,10.5,HIGH
HIVER,FEBRUARY,2-6 ans,LOW,False,Ariana,ATELIER,INDOOR,Atelier peinture et collage,Activite creatrice et sensorielle adaptee au rythme des enfants avec materiel simple.,"Maison de la Culture, Ariana, Tunisie",False,4.2,HIGH
HIVER,FEBRUARY,2-6 ans,LOW,False,Ariana,ATELIER,INDOOR,Atelier sciences en petit groupe,Activite creatrice et sensorielle adaptee au rythme des enfants avec materiel simple.,"Cite des Sciences, Tunis, Tunisie",False,4.3,HIGH
PRINTEMPS,MARCH,2-3 ans,LOW,True,Ariana,ACTIVITE,OUTDOOR,Parcours moteur au parc,Jeux collectifs et parcours moteurs dans un cadre securise et adapte.,"Parc Ennahli, Ariana, Tunisie",False,5.0,HIGH
PRINTEMPS,MARCH,2-3 ans,LOW,True,Ariana,ACTIVITE,OUTDOOR,Activite manuelle encadree,Jeux collectifs et parcours moteurs dans un cadre securise et adapte.,"Maison de la Culture, Ariana, Tunisie",False,2.9,HIGH
PRINTEMPS,MARCH,4-5 ans,MEDIUM,True,Ariana,ACTIVITE,OUTDOOR,Parcours moteur au parc,Jeux collectifs et parcours moteurs dans un cadre securise et adapte.,"Parc Ennahli, Ariana, Tunisie",False,9.8,HIGH
PRINTEMPS,MARCH,4-5 ans,MEDIUM,True,Ariana,ACTIVITE,OUTDOOR,Activite manuelle encadree,Jeux collectifs et parcours moteurs dans un cadre securise et adapte.,"Maison de la Culture, Ariana, Tunisie",False,11.1,HIGH
PRINTEMPS,MARCH,2-6 ans,MEDIUM,True,Ariana,ACTIVITE,OUTDOOR,Parcours moteur au parc,Jeux collectifs et parcours moteurs dans un cadre securise et adapte.,"Parc Ennahli, Ariana, Tunisie",False,12.2,HIGH
PRINTEMPS,MARCH,2-6 ans,MEDIUM,True,Ariana,ACTIVITE,OUTDOOR,Activite manuelle encadree,Jeux collectifs et parcours moteurs dans un cadre securise et adapte.,"Maison de la Culture, Ariana, Tunisie",False,7.9,HIGH
PRINTEMPS,APRIL,2-3 ans,LOW,True,Ariana,ACTIVITE,OUTDOOR,Parcours moteur au parc,Jeux collectifs et parcours moteurs dans un cadre securise et adapte.,"Parc Ennahli, Ariana, Tunisie",False,4.3,HIGH
PRINTEMPS,APRIL,2-3 ans,MEDIUM,True,Ariana,ACTIVITE,OUTDOOR,Activite manuelle encadree,Jeux collectifs et parcours moteurs dans un cadre securise et adapte.,"Maison de la Culture, Ariana, Tunisie",False,11.8,HIGH
PRINTEMPS,APRIL,4-5 ans,LOW,True,Ariana,ACTIVITE,OUTDOOR,Parcours moteur au parc,Jeux collectifs et parcours moteurs dans un cadre securise et adapte.,"Parc Ennahli, Ariana, Tunisie",False,3.8,HIGH
PRINTEMPS,APRIL,4-5 ans,LOW,True,Ariana,ACTIVITE,OUTDOOR,Activite manuelle encadree,Jeux collectifs et parcours moteurs dans un cadre securise et adapte.,"Maison de la Culture, Ariana, Tunisie",False,3.6,HIGH
PRINTEMPS,APRIL,2-6 ans,MEDIUM,True,Ariana,ACTIVITE,OUTDOOR,Parcours moteur au parc,Jeux collectifs et parcours moteurs dans un cadre securise et adapte.,"Parc Ennahli, Ariana, Tunisie",False,7.2,HIGH
PRINTEMPS,APRIL,2-6 ans,MEDIUM,True,Ariana,ACTIVITE,OUTDOOR,Activite manuelle encadree,Jeux collectifs et parcours moteurs dans un cadre securise et adapte.,"Maison de la Culture, Ariana, Tunisie",False,12.0,HIGH
PRINTEMPS,MAY,2-3 ans,LOW,True,Ariana,ACTIVITE,OUTDOOR,Parcours moteur au parc,Jeux collectifs et parcours moteurs dans un cadre securise et adapte.,"Parc Ennahli, Ariana, Tunisie",False,5.2,HIGH
PRINTEMPS,MAY,2-3 ans,LOW,True,Ariana,ACTIVITE,OUTDOOR,Activite manuelle encadree,Jeux collectifs et parcours moteurs dans un cadre securise et adapte.,"Maison de la Culture, Ariana, Tunisie",False,5.1,HIGH
PRINTEMPS,MAY,4-5 ans,MEDIUM,True,Ariana,ACTIVITE,OUTDOOR,Parcours moteur au parc,Jeux collectifs et parcours moteurs dans un cadre securise et adapte.,"Parc Ennahli, Ariana, Tunisie",False,9.8,HIGH
PRINTEMPS,MAY,4-5 ans,LOW,True,Ariana,ACTIVITE,OUTDOOR,Activite manuelle encadree,Jeux collectifs et parcours moteurs dans un cadre securise et adapte.,"Maison de la Culture, Ariana, Tunisie",False,4.2,HIGH
PRINTEMPS,MAY,2-6 ans,LOW,True,Ariana,ACTIVITE,OUTDOOR,Parcours moteur au parc,Jeux collectifs et parcours moteurs dans un cadre securise et adapte.,"Parc Ennahli, Ariana, Tunisie",False,3.6,HIGH
PRINTEMPS,MAY,2-6 ans,MEDIUM,True,Ariana,ACTIVITE,OUTDOOR,Activite manuelle encadree,Jeux collectifs et parcours moteurs dans un cadre securise et adapte.,"Maison de la Culture, Ariana, Tunisie",False,10.0,HIGH
ETE,JUNE,2-3 ans,LOW,True,Ariana,ACTIVITE,OUTDOOR,Parcours moteur au parc,Jeux collectifs et parcours moteurs dans un cadre securise et adapte.,"Parc Ennahli, Ariana, Tunisie",False,4.3,HIGH
ETE,JUNE,2-3 ans,MEDIUM,True,Ariana,ACTIVITE,OUTDOOR,Activite manuelle encadree,Jeux collectifs et parcours moteurs dans un cadre securise et adapte.,"Maison de la Culture, Ariana, Tunisie",False,12.9,HIGH
ETE,JUNE,4-5 ans,LOW,True,Ariana,ACTIVITE,OUTDOOR,Parcours moteur au parc,Jeux collectifs et parcours moteurs dans un cadre securise et adapte.,"Parc Ennahli, Ariana, Tunisie",False,4.5,HIGH
ETE,JUNE,4-5 ans,LOW,True,Ariana,ACTIVITE,OUTDOOR,Activite manuelle encadree,Jeux collectifs et parcours moteurs dans un cadre securise et adapte.,"Maison de la Culture, Ariana, Tunisie",False,2.2,HIGH
ETE,JUNE,2-6 ans,MEDIUM,True,Ariana,ACTIVITE,OUTDOOR,Parcours moteur au parc,Jeux collectifs et parcours moteurs dans un cadre securise et adapte.,"Parc Ennahli, Ariana, Tunisie",False,12.9,HIGH
ETE,JUNE,2-6 ans,LOW,True,Ariana,ACTIVITE,OUTDOOR,Activite manuelle encadree,Jeux collectifs et parcours moteurs dans un cadre securise et adapte.,"Maison de la Culture, Ariana, Tunisie",False,3.8,HIGH
ETE,JULY,2-3 ans,MEDIUM,True,Ariana,ACTIVITE,OUTDOOR,Parcours moteur au parc,Jeux collectifs et parcours moteurs dans un cadre securise et adapte.,"Parc Ennahli, Ariana, Tunisie",False,9.3,HIGH
ETE,JULY,2-3 ans,MEDIUM,True,Ariana,ACTIVITE,OUTDOOR,Activite manuelle encadree,Jeux collectifs et parcours moteurs dans un cadre securise et adapte.,"Maison de la Culture, Ariana, Tunisie",False,11.1,HIGH
ETE,JULY,4-5 ans,LOW,True,Ariana,ACTIVITE,OUTDOOR,Parcours moteur au parc,Jeux collectifs et parcours moteurs dans un cadre securise et adapte.,"Parc Ennahli, Ariana, Tunisie",False,5.9,HIGH
ETE,JULY,4-5 ans,MEDIUM,True,Ariana,ACTIVITE,OUTDOOR,Activite manuelle encadree,Jeux collectifs et parcours moteurs dans un cadre securise et adapte.,"Maison de la Culture, Ariana, Tunisie",False,7.4,HIGH
ETE,JULY,2-6 ans,LOW,True,Ariana,ACTIVITE,OUTDOOR,Parcours moteur au parc,Jeux collectifs et parcours moteurs dans un cadre securise et adapte.,"Parc Ennahli, Ariana, Tunisie",False,4.8,HIGH
ETE,JULY,2-6 ans,MEDIUM,True,Ariana,ACTIVITE,OUTDOOR,Activite manuelle encadree,Jeux collectifs et parcours moteurs dans un cadre securise et adapte.,"Maison de la Culture, Ariana, Tunisie",False,8.7,HIGH
ETE,AUGUST,2-3 ans,LOW,True,Ariana,ACTIVITE,OUTDOOR,Parcours moteur au parc,Jeux collectifs et parcours moteurs dans un cadre securise et adapte.,"Parc Ennahli, Ariana, Tunisie",False,3.7,HIGH
ETE,AUGUST,2-3 ans,LOW,True,Ariana,ACTIVITE,OUTDOOR,Activite manuelle encadree,Jeux collectifs et parcours moteurs dans un cadre securise et adapte.,"Maison de la Culture, Ariana, Tunisie",False,6.6,HIGH
ETE,AUGUST,4-5 ans,MEDIUM,True,Ariana,ACTIVITE,OUTDOOR,Parcours moteur au parc,Jeux collectifs et parcours moteurs dans un cadre securise et adapte.,"Parc Ennahli, Ariana, Tunisie",False,12.8,HIGH
ETE,AUGUST,4-5 ans,MEDIUM,True,Ariana,ACTIVITE,OUTDOOR,Activite manuelle encadree,Jeux collectifs et parcours moteurs dans un cadre securise et adapte.,"Maison de la Culture, Ariana, Tunisie",False,7.8,HIGH
ETE,AUGUST,2-6 ans,LOW,True,Ariana,ACTIVITE,OUTDOOR,Parcours moteur au parc,Jeux collectifs et parcours moteurs dans un cadre securise et adapte.,"Parc Ennahli, Ariana, Tunisie",False,3.5,HIGH
ETE,AUGUST,2-6 ans,MEDIUM,True,Ariana,ACTIVITE,OUTDOOR,Activite manuelle encadree,Jeux collectifs et parcours moteurs dans un cadre securise et adapte.,"Maison de la Culture, Ariana, Tunisie",False,10.9,HIGH
AUTOMNE,SEPTEMBER,2-3 ans,MEDIUM,True,Ariana,ACTIVITE,OUTDOOR,Parcours moteur au parc,Jeux collectifs et parcours moteurs dans un cadre securise et adapte.,"Parc Ennahli, Ariana, Tunisie",False,11.9,HIGH
AUTOMNE,SEPTEMBER,2-3 ans,LOW,True,Ariana,ACTIVITE,OUTDOOR,Activite manuelle encadree,Jeux collectifs et parcours moteurs dans un cadre securise et adapte.,"Maison de la Culture, Ariana, Tunisie",False,5.2,HIGH
AUTOMNE,SEPTEMBER,4-5 ans,MEDIUM,True,Ariana,ACTIVITE,OUTDOOR,Parcours moteur au parc,Jeux collectifs et parcours moteurs dans un cadre securise et adapte.,"Parc Ennahli, Ariana, Tunisie",False,10.1,HIGH
AUTOMNE,SEPTEMBER,4-5 ans,LOW,True,Ariana,ACTIVITE,OUTDOOR,Activite manuelle encadree,Jeux collectifs et parcours moteurs dans un cadre securise et adapte.,"Maison de la Culture, Ariana, Tunisie",False,3.8,HIGH
AUTOMNE,SEPTEMBER,2-6 ans,LOW,True,Ariana,ACTIVITE,OUTDOOR,Parcours moteur au parc,Jeux collectifs et parcours moteurs dans un cadre securise et adapte.,"Parc Ennahli, Ariana, Tunisie",False,6.8,HIGH
AUTOMNE,SEPTEMBER,2-6 ans,MEDIUM,True,Ariana,ACTIVITE,OUTDOOR,Activite manuelle encadree,Jeux collectifs et parcours moteurs dans un cadre securise et adapte.,"Maison de la Culture, Ariana, Tunisie",False,12.7,HIGH
AUTOMNE,OCTOBER,2-3 ans,MEDIUM,True,Ariana,ACTIVITE,OUTDOOR,Parcours moteur au parc,Jeux collectifs et parcours moteurs dans un cadre securise et adapte.,"Parc Ennahli, Ariana, Tunisie",False,8.2,HIGH
AUTOMNE,OCTOBER,2-3 ans,LOW,True,Ariana,ACTIVITE,OUTDOOR,Activite manuelle encadree,Jeux collectifs et parcours moteurs dans un cadre securise et adapte.,"Maison de la Culture, Ariana, Tunisie",False,2.8,HIGH
AUTOMNE,OCTOBER,4-5 ans,MEDIUM,True,Ariana,ACTIVITE,OUTDOOR,Parcours moteur au parc,Jeux collectifs et parcours moteurs dans un cadre securise et adapte.,"Parc Ennahli, Ariana, Tunisie",False,12.1,HIGH
AUTOMNE,OCTOBER,4-5 ans,LOW,True,Ariana,ACTIVITE,OUTDOOR,Activite manuelle encadree,Jeux collectifs et parcours moteurs dans un cadre securise et adapte.,"Maison de la Culture, Ariana, Tunisie",False,4.5,HIGH
AUTOMNE,OCTOBER,2-6 ans,LOW,True,Ariana,ACTIVITE,OUTDOOR,Parcours moteur au parc,Jeux collectifs et parcours moteurs dans un cadre securise et adapte.,"Parc Ennahli, Ariana, Tunisie",False,5.3,HIGH
AUTOMNE,OCTOBER,2-6 ans,LOW,True,Ariana,ACTIVITE,OUTDOOR,Activite manuelle encadree,Jeux collectifs et parcours moteurs dans un cadre securise et adapte.,"Maison de la Culture, Ariana, Tunisie",False,5.0,HIGH
AUTOMNE,NOVEMBER,2-3 ans,LOW,True,Ariana,ACTIVITE,OUTDOOR,Parcours moteur au parc,Jeux collectifs et parcours moteurs dans un cadre securise et adapte.,"Parc Ennahli, Ariana, Tunisie",False,2.8,HIGH
AUTOMNE,NOVEMBER,2-3 ans,LOW,True,Ariana,ACTIVITE,OUTDOOR,Activite manuelle encadree,Jeux collectifs et parcours moteurs dans un cadre securise et adapte.,"Maison de la Culture, Ariana, Tunisie",False,5.6,HIGH
AUTOMNE,NOVEMBER,4-5 ans,LOW,True,Ariana,ACTIVITE,OUTDOOR,Parcours moteur au parc,Jeux collectifs et parcours moteurs dans un cadre securise et adapte.,"Parc Ennahli, Ariana, Tunisie",False,4.1,HIGH
AUTOMNE,NOVEMBER,4-5 ans,LOW,True,Ariana,ACTIVITE,OUTDOOR,Activite manuelle encadree,Jeux collectifs et parcours moteurs dans un cadre securise et adapte.,"Maison de la Culture, Ariana, Tunisie",False,6.8,HIGH
AUTOMNE,NOVEMBER,2-6 ans,MEDIUM,True,Ariana,ACTIVITE,OUTDOOR,Parcours moteur au parc,Jeux collectifs et parcours moteurs dans un cadre securise et adapte.,"Parc Ennahli, Ariana, Tunisie",False,11.5,HIGH
AUTOMNE,NOVEMBER,2-6 ans,MEDIUM,True,Ariana,ACTIVITE,OUTDOOR,Activite manuelle encadree,Jeux collectifs et parcours moteurs dans un cadre securise et adapte.,"Maison de la Culture, Ariana, Tunisie",False,8.4,HIGH
HIVER,DECEMBER,2-3 ans,LOW,True,Ariana,ACTIVITE,OUTDOOR,Parcours moteur au parc,Jeux collectifs et parcours moteurs dans un cadre securise et adapte.,"Parc Ennahli, Ariana, Tunisie",False,3.5,HIGH
HIVER,DECEMBER,2-3 ans,MEDIUM,True,Ariana,ACTIVITE,OUTDOOR,Activite manuelle encadree,Jeux collectifs et parcours moteurs dans un cadre securise et adapte.,"Maison de la Culture, Ariana, Tunisie",False,12.4,HIGH
HIVER,DECEMBER,4-5 ans,LOW,True,Ariana,ACTIVITE,OUTDOOR,Parcours moteur au parc,Jeux collectifs et parcours moteurs dans un cadre securise et adapte.,"Parc Ennahli, Ariana, Tunisie",False,3.8,HIGH
HIVER,DECEMBER,4-5 ans,MEDIUM,True,Ariana,ACTIVITE,OUTDOOR,Activite manuelle encadree,Jeux collectifs et parcours moteurs dans un cadre securise et adapte.,"Maison de la Culture, Ariana, Tunisie",False,9.8,HIGH
HIVER,DECEMBER,2-6 ans,MEDIUM,True,Ariana,ACTIVITE,OUTDOOR,Parcours moteur au parc,Jeux collectifs et parcours moteurs dans un cadre securise et adapte.,"Parc Ennahli, Ariana, Tunisie",False,11.7,HIGH
HIVER,DECEMBER,2-6 ans,MEDIUM,True,Ariana,ACTIVITE,OUTDOOR,Activite manuelle encadree,Jeux collectifs et parcours moteurs dans un cadre securise et adapte.,"Maison de la Culture, Ariana, Tunisie",False,12.8,HIGH
HIVER,JANUARY,2-3 ans,LOW,True,Ariana,ACTIVITE,OUTDOOR,Parcours moteur au parc,Jeux collectifs et parcours moteurs dans un cadre securise et adapte.,"Parc Ennahli, Ariana, Tunisie",False,6.0,HIGH
HIVER,JANUARY,2-3 ans,LOW,True,Ariana,ACTIVITE,OUTDOOR,Activite manuelle encadree,Jeux collectifs et parcours moteurs dans un cadre securise et adapte.,"Maison de la Culture, Ariana, Tunisie",False,6.4,HIGH
HIVER,JANUARY,4-5 ans,LOW,True,Ariana,ACTIVITE,OUTDOOR,Parcours moteur au parc,Jeux collectifs et parcours moteurs dans un cadre securise et adapte.,"Parc Ennahli, Ariana, Tunisie",False,5.2,HIGH
HIVER,JANUARY,4-5 ans,MEDIUM,True,Ariana,ACTIVITE,OUTDOOR,Activite manuelle encadree,Jeux collectifs et parcours moteurs dans un cadre securise et adapte.,"Maison de la Culture, Ariana, Tunisie",False,10.3,HIGH
HIVER,JANUARY,2-6 ans,LOW,True,Ariana,ACTIVITE,OUTDOOR,Parcours moteur au parc,Jeux collectifs et parcours moteurs dans un cadre securise et adapte.,"Parc Ennahli, Ariana, Tunisie",False,5.6,HIGH
HIVER,JANUARY,2-6 ans,LOW,True,Ariana,ACTIVITE,OUTDOOR,Activite manuelle encadree,Jeux collectifs et parcours moteurs dans un cadre securise et adapte.,"Maison de la Culture, Ariana, Tunisie",False,3.4,HIGH
HIVER,FEBRUARY,2-3 ans,LOW,True,Ariana,ACTIVITE,OUTDOOR,Parcours moteur au parc,Jeux collectifs et parcours moteurs dans un cadre securise et adapte.,"Parc Ennahli, Ariana, Tunisie",False,3.4,HIGH
HIVER,FEBRUARY,2-3 ans,LOW,True,Ariana,ACTIVITE,OUTDOOR,Activite manuelle encadree,Jeux collectifs et parcours moteurs dans un cadre securise et adapte.,"Maison de la Culture, Ariana, Tunisie",False,6.2,HIGH
HIVER,FEBRUARY,4-5 ans,LOW,True,Ariana,ACTIVITE,OUTDOOR,Parcours moteur au parc,Jeux collectifs et parcours moteurs dans un cadre securise et adapte.,"Parc Ennahli, Ariana, Tunisie",False,6.7,HIGH
HIVER,FEBRUARY,4-5 ans,LOW,True,Ariana,ACTIVITE,OUTDOOR,Activite manuelle encadree,Jeux collectifs et parcours moteurs dans un cadre securise et adapte.,"Maison de la Culture, Ariana, Tunisie",False,6.1,HIGH
HIVER,FEBRUARY,2-6 ans,MEDIUM,True,Ariana,ACTIVITE,OUTDOOR,Parcours moteur au parc,Jeux collectifs et parcours moteurs dans un cadre securise et adapte.,"Parc Ennahli, Ariana, Tunisie",False,12.6,HIGH
HIVER,FEBRUARY,2-6 ans,MEDIUM,True,Ariana,ACTIVITE,OUTDOOR,Activite manuelle encadree,Jeux collectifs et parcours moteurs dans un cadre securise et adapte.,"Maison de la Culture, Ariana, Tunisie",False,7.3,HIGH
PRINTEMPS,MARCH,2-3 ans,MEDIUM,False,Ariana,FETE,INDOOR,Fete des couleurs au parc,"Moment festif avec animations douces, musique, decoration et gouter encadre.","Parc Ennahli, Ariana, Tunisie",False,11.9,HIGH
PRINTEMPS,MARCH,2-3 ans,LOW,False,Ariana,FETE,INDOOR,Fete de fin de trimestre,"Moment festif avec animations douces, musique, decoration et gouter encadre.","Maison de la Culture, Ariana, Tunisie",False,6.9,HIGH
PRINTEMPS,MARCH,4-5 ans,LOW,False,Ariana,FETE,INDOOR,Fete des couleurs au parc,"Moment festif avec animations douces, musique, decoration et gouter encadre.","Parc Ennahli, Ariana, Tunisie",False,6.6,HIGH
PRINTEMPS,MARCH,4-5 ans,LOW,False,Ariana,FETE,INDOOR,Fete de fin de trimestre,"Moment festif avec animations douces, musique, decoration et gouter encadre.","Maison de la Culture, Ariana, Tunisie",False,9.2,HIGH
PRINTEMPS,MARCH,2-6 ans,MEDIUM,False,Ariana,FETE,INDOOR,Fete des couleurs au parc,"Moment festif avec animations douces, musique, decoration et gouter encadre.","Parc Ennahli, Ariana, Tunisie",False,16.3,HIGH
PRINTEMPS,MARCH,2-6 ans,LOW,False,Ariana,FETE,INDOOR,Fete de fin de trimestre,"Moment festif avec animations douces, musique, decoration et gouter encadre.","Maison de la Culture, Ariana, Tunisie",False,5.2,HIGH
PRINTEMPS,APRIL,2-3 ans,MEDIUM,False,Ariana,FETE,INDOOR,Fete des couleurs au parc,"Moment festif avec animations douces, musique, decoration et gouter encadre.","Parc Ennahli, Ariana, Tunisie",False,15.6,HIGH
PRINTEMPS,APRIL,2-3 ans,LOW,False,Ariana,FETE,INDOOR,Fete de fin de trimestre,"Moment festif avec animations douces, musique, decoration et gouter encadre.","Maison de la Culture, Ariana, Tunisie",False,8.8,HIGH
PRINTEMPS,APRIL,4-5 ans,MEDIUM,False,Ariana,FETE,INDOOR,Fete des couleurs au parc,"Moment festif avec animations douces, musique, decoration et gouter encadre.","Parc Ennahli, Ariana, Tunisie",False,13.6,HIGH
PRINTEMPS,APRIL,4-5 ans,LOW,False,Ariana,FETE,INDOOR,Fete de fin de trimestre,"Moment festif avec animations douces, musique, decoration et gouter encadre.","Maison de la Culture, Ariana, Tunisie",False,9.5,HIGH
PRINTEMPS,APRIL,2-6 ans,LOW,False,Ariana,FETE,INDOOR,Fete des couleurs au parc,"Moment festif avec animations douces, musique, decoration et gouter encadre.","Parc Ennahli, Ariana, Tunisie",False,6.3,HIGH
PRINTEMPS,APRIL,2-6 ans,LOW,False,Ariana,FETE,INDOOR,Fete de fin de trimestre,"Moment festif avec animations douces, musique, decoration et gouter encadre.","Maison de la Culture, Ariana, Tunisie",False,7.7,HIGH
PRINTEMPS,MAY,2-3 ans,MEDIUM,False,Ariana,FETE,INDOOR,Fete des couleurs au parc,"Moment festif avec animations douces, musique, decoration et gouter encadre.","Parc Ennahli, Ariana, Tunisie",False,10.9,HIGH
PRINTEMPS,MAY,2-3 ans,MEDIUM,False,Ariana,FETE,INDOOR,Fete de fin de trimestre,"Moment festif avec animations douces, musique, decoration et gouter encadre.","Maison de la Culture, Ariana, Tunisie",False,11.9,HIGH
PRINTEMPS,MAY,4-5 ans,LOW,False,Ariana,FETE,INDOOR,Fete des couleurs au parc,"Moment festif avec animations douces, musique, decoration et gouter encadre.","Parc Ennahli, Ariana, Tunisie",False,5.2,HIGH
PRINTEMPS,MAY,4-5 ans,MEDIUM,False,Ariana,FETE,INDOOR,Fete de fin de trimestre,"Moment festif avec animations douces, musique, decoration et gouter encadre.","Maison de la Culture, Ariana, Tunisie",False,15.1,HIGH
PRINTEMPS,MAY,2-6 ans,MEDIUM,False,Ariana,FETE,INDOOR,Fete des couleurs au parc,"Moment festif avec animations douces, musique, decoration et gouter encadre.","Parc Ennahli, Ariana, Tunisie",False,10.5,HIGH
PRINTEMPS,MAY,2-6 ans,MEDIUM,False,Ariana,FETE,INDOOR,Fete de fin de trimestre,"Moment festif avec animations douces, musique, decoration et gouter encadre.","Maison de la Culture, Ariana, Tunisie",False,14.8,HIGH
ETE,JUNE,2-3 ans,LOW,False,Ariana,FETE,INDOOR,Fete des couleurs au parc,"Moment festif avec animations douces, musique, decoration et gouter encadre.","Parc Ennahli, Ariana, Tunisie",False,8.2,HIGH
ETE,JUNE,2-3 ans,LOW,False,Ariana,FETE,INDOOR,Fete de fin de trimestre,"Moment festif avec animations douces, musique, decoration et gouter encadre.","Maison de la Culture, Ariana, Tunisie",False,8.6,HIGH
ETE,JUNE,4-5 ans,MEDIUM,False,Ariana,FETE,INDOOR,Fete des couleurs au parc,"Moment festif avec animations douces, musique, decoration et gouter encadre.","Parc Ennahli, Ariana, Tunisie",False,13.4,HIGH
ETE,JUNE,4-5 ans,MEDIUM,False,Ariana,FETE,INDOOR,Fete de fin de trimestre,"Moment festif avec animations douces, musique, decoration et gouter encadre.","Maison de la Culture, Ariana, Tunisie",False,11.9,HIGH
ETE,JUNE,2-6 ans,MEDIUM,False,Ariana,FETE,INDOOR,Fete des couleurs au parc,"Moment festif avec animations douces, musique, decoration et gouter encadre.","Parc Ennahli, Ariana, Tunisie",False,11.5,HIGH
ETE,JUNE,2-6 ans,LOW,False,Ariana,FETE,INDOOR,Fete de fin de trimestre,"Moment festif avec animations douces, musique, decoration et gouter encadre.","Maison de la Culture, Ariana, Tunisie",False,7.6,HIGH
ETE,JULY,2-3 ans,MEDIUM,False,Ariana,FETE,INDOOR,Fete des couleurs au parc,"Moment festif avec animations douces, musique, decoration et gouter encadre.","Parc Ennahli, Ariana, Tunisie",False,10.5,HIGH
ETE,JULY,2-3 ans,LOW,False,Ariana,FETE,INDOOR,Fete de fin de trimestre,"Moment festif avec animations douces, musique, decoration et gouter encadre.","Maison de la Culture, Ariana, Tunisie",False,7.0,HIGH
ETE,JULY,4-5 ans,MEDIUM,False,Ariana,FETE,INDOOR,Fete des couleurs au parc,"Moment festif avec animations douces, musique, decoration et gouter encadre.","Parc Ennahli, Ariana, Tunisie",False,10.3,HIGH
ETE,JULY,4-5 ans,MEDIUM,False,Ariana,FETE,INDOOR,Fete de fin de trimestre,"Moment festif avec animations douces, musique, decoration et gouter encadre.","Maison de la Culture, Ariana, Tunisie",False,17.8,HIGH
ETE,JULY,2-6 ans,MEDIUM,False,Ariana,FETE,INDOOR,Fete des couleurs au parc,"Moment festif avec animations douces, musique, decoration et gouter encadre.","Parc Ennahli, Ariana, Tunisie",False,16.0,HIGH
ETE,JULY,2-6 ans,MEDIUM,False,Ariana,FETE,INDOOR,Fete de fin de trimestre,"Moment festif avec animations douces, musique, decoration et gouter encadre.","Maison de la Culture, Ariana, Tunisie",False,16.3,HIGH
ETE,AUGUST,2-3 ans,MEDIUM,False,Ariana,FETE,INDOOR,Fete des couleurs au parc,"Moment festif avec animations douces, musique, decoration et gouter encadre.","Parc Ennahli, Ariana, Tunisie",False,11.9,HIGH
ETE,AUGUST,2-3 ans,LOW,False,Ariana,FETE,INDOOR,Fete de fin de trimestre,"Moment festif avec animations douces, musique, decoration et gouter encadre.","Maison de la Culture, Ariana, Tunisie",False,8.9,HIGH
ETE,AUGUST,4-5 ans,MEDIUM,False,Ariana,FETE,INDOOR,Fete des couleurs au parc,"Moment festif avec animations douces, musique, decoration et gouter encadre.","Parc Ennahli, Ariana, Tunisie",False,11.1,HIGH
ETE,AUGUST,4-5 ans,MEDIUM,False,Ariana,FETE,INDOOR,Fete de fin de trimestre,"Moment festif avec animations douces, musique, decoration et gouter encadre.","Maison de la Culture, Ariana, Tunisie",False,14.4,HIGH
ETE,AUGUST,2-6 ans,LOW,False,Ariana,FETE,INDOOR,Fete des couleurs au parc,"Moment festif avec animations douces, musique, decoration et gouter encadre.","Parc Ennahli, Ariana, Tunisie",False,9.2,HIGH
ETE,AUGUST,2-6 ans,MEDIUM,False,Ariana,FETE,INDOOR,Fete de fin de trimestre,"Moment festif avec animations douces, musique, decoration et gouter encadre.","Maison de la Culture, Ariana, Tunisie",False,17.8,HIGH
AUTOMNE,SEPTEMBER,2-3 ans,MEDIUM,False,Ariana,FETE,INDOOR,Fete des couleurs au parc,"Moment festif avec animations douces, musique, decoration et gouter encadre.","Parc Ennahli, Ariana, Tunisie",False,15.1,HIGH
AUTOMNE,SEPTEMBER,2-3 ans,LOW,False,Ariana,FETE,INDOOR,Fete de fin de trimestre,"Moment festif avec animations douces, musique, decoration et gouter encadre.","Maison de la Culture, Ariana, Tunisie",False,5.3,HIGH
AUTOMNE,SEPTEMBER,4-5 ans,MEDIUM,False,Ariana,FETE,INDOOR,Fete des couleurs au parc,"Moment festif avec animations douces, musique, decoration et gouter encadre.","Parc Ennahli, Ariana, Tunisie",False,10.3,HIGH
AUTOMNE,SEPTEMBER,4-5 ans,LOW,False,Ariana,FETE,INDOOR,Fete de fin de trimestre,"Moment festif avec animations douces, musique, decoration et gouter encadre.","Maison de la Culture, Ariana, Tunisie",False,5.2,HIGH
AUTOMNE,SEPTEMBER,2-6 ans,LOW,False,Ariana,FETE,INDOOR,Fete des couleurs au parc,"Moment festif avec animations douces, musique, decoration et gouter encadre.","Parc Ennahli, Ariana, Tunisie",False,9.4,HIGH
AUTOMNE,SEPTEMBER,2-6 ans,MEDIUM,False,Ariana,FETE,INDOOR,Fete de fin de trimestre,"Moment festif avec animations douces, musique, decoration et gouter encadre.","Maison de la Culture, Ariana, Tunisie",False,17.5,HIGH
AUTOMNE,OCTOBER,2-3 ans,MEDIUM,False,Ariana,FETE,INDOOR,Fete des couleurs au parc,"Moment festif avec animations douces, musique, decoration et gouter encadre.","Parc Ennahli, Ariana, Tunisie",False,17.9,HIGH
AUTOMNE,OCTOBER,2-3 ans,MEDIUM,False,Ariana,FETE,INDOOR,Fete de fin de trimestre,"Moment festif avec animations douces, musique, decoration et gouter encadre.","Maison de la Culture, Ariana, Tunisie",False,12.0,HIGH
AUTOMNE,OCTOBER,4-5 ans,LOW,False,Ariana,FETE,INDOOR,Fete des couleurs au parc,"Moment festif avec animations douces, musique, decoration et gouter encadre.","Parc Ennahli, Ariana, Tunisie",False,6.4,HIGH
AUTOMNE,OCTOBER,4-5 ans,LOW,False,Ariana,FETE,INDOOR,Fete de fin de trimestre,"Moment festif avec animations douces, musique, decoration et gouter encadre.","Maison de la Culture, Ariana, Tunisie",False,9.3,HIGH
AUTOMNE,OCTOBER,2-6 ans,MEDIUM,False,Ariana,FETE,INDOOR,Fete des couleurs au parc,"Moment festif avec animations douces, musique, decoration et gouter encadre.","Parc Ennahli, Ariana, Tunisie",False,12.2,HIGH
AUTOMNE,OCTOBER,2-6 ans,MEDIUM,False,Ariana,FETE,INDOOR,Fete de fin de trimestre,"Moment festif avec animations douces, musique, decoration et gouter encadre.","Maison de la Culture, Ariana, Tunisie",False,13.5,HIGH
AUTOMNE,NOVEMBER,2-3 ans,MEDIUM,False,Ariana,FETE,INDOOR,Fete des couleurs au parc,"Moment festif avec animations douces, musique, decoration et gouter encadre.","Parc Ennahli, Ariana, Tunisie",False,15.9,HIGH
AUTOMNE,NOVEMBER,2-3 ans,MEDIUM,False,Ariana,FETE,INDOOR,Fete de fin de trimestre,"Moment festif avec animations douces, musique, decoration et gouter encadre.","Maison de la Culture, Ariana, Tunisie",False,12.7,HIGH
AUTOMNE,NOVEMBER,4-5 ans,LOW,False,Ariana,FETE,INDOOR,Fete des couleurs au parc,"Moment festif avec animations douces, musique, decoration et gouter encadre.","Parc Ennahli, Ariana, Tunisie",False,7.5,HIGH
AUTOMNE,NOVEMBER,4-5 ans,MEDIUM,False,Ariana,FETE,INDOOR,Fete de fin de trimestre,"Moment festif avec animations douces, musique, decoration et gouter encadre.","Maison de la Culture, Ariana, Tunisie",False,12.9,HIGH
AUTOMNE,NOVEMBER,2-6 ans,MEDIUM,False,Ariana,FETE,INDOOR,Fete des couleurs au parc,"Moment festif avec animations douces, musique, decoration et gouter encadre.","Parc Ennahli, Ariana, Tunisie",False,16.4,HIGH
AUTOMNE,NOVEMBER,2-6 ans,MEDIUM,False,Ariana,FETE,INDOOR,Fete de fin de trimestre,"Moment festif avec animations douces, musique, decoration et gouter encadre.","Maison de la Culture, Ariana, Tunisie",False,10.6,HIGH
HIVER,DECEMBER,2-3 ans,LOW,False,Ariana,FETE,INDOOR,Fete des couleurs au parc,"Moment festif avec animations douces, musique, decoration et gouter encadre.","Parc Ennahli, Ariana, Tunisie",False,7.7,HIGH
HIVER,DECEMBER,2-3 ans,MEDIUM,False,Ariana,FETE,INDOOR,Fete de fin de trimestre,"Moment festif avec animations douces, musique, decoration et gouter encadre.","Maison de la Culture, Ariana, Tunisie",False,10.8,HIGH
HIVER,DECEMBER,4-5 ans,MEDIUM,False,Ariana,FETE,INDOOR,Fete des couleurs au parc,"Moment festif avec animations douces, musique, decoration et gouter encadre.","Parc Ennahli, Ariana, Tunisie",False,15.3,HIGH
HIVER,DECEMBER,4-5 ans,MEDIUM,False,Ariana,FETE,INDOOR,Fete de fin de trimestre,"Moment festif avec animations douces, musique, decoration et gouter encadre.","Maison de la Culture, Ariana, Tunisie",False,13.6,HIGH
HIVER,DECEMBER,2-6 ans,MEDIUM,False,Ariana,FETE,INDOOR,Fete des couleurs au parc,"Moment festif avec animations douces, musique, decoration et gouter encadre.","Parc Ennahli, Ariana, Tunisie",False,11.3,HIGH
HIVER,DECEMBER,2-6 ans,MEDIUM,False,Ariana,FETE,INDOOR,Fete de fin de trimestre,"Moment festif avec animations douces, musique, decoration et gouter encadre.","Maison de la Culture, Ariana, Tunisie",False,12.8,HIGH
HIVER,JANUARY,2-3 ans,LOW,False,Ariana,FETE,INDOOR,Fete des couleurs au parc,"Moment festif avec animations douces, musique, decoration et gouter encadre.","Parc Ennahli, Ariana, Tunisie",False,8.6,HIGH
HIVER,JANUARY,2-3 ans,MEDIUM,False,Ariana,FETE,INDOOR,Fete de fin de trimestre,"Moment festif avec animations douces, musique, decoration et gouter encadre.","Maison de la Culture, Ariana, Tunisie",False,14.9,HIGH
HIVER,JANUARY,4-5 ans,MEDIUM,False,Ariana,FETE,INDOOR,Fete des couleurs au parc,"Moment festif avec animations douces, musique, decoration et gouter encadre.","Parc Ennahli, Ariana, Tunisie",False,12.2,HIGH
HIVER,JANUARY,4-5 ans,LOW,False,Ariana,FETE,INDOOR,Fete de fin de trimestre,"Moment festif avec animations douces, musique, decoration et gouter encadre.","Maison de la Culture, Ariana, Tunisie",False,5.4,HIGH
HIVER,JANUARY,2-6 ans,MEDIUM,False,Ariana,FETE,INDOOR,Fete des couleurs au parc,"Moment festif avec animations douces, musique, decoration et gouter encadre.","Parc Ennahli, Ariana, Tunisie",False,12.9,HIGH
HIVER,JANUARY,2-6 ans,LOW,False,Ariana,FETE,INDOOR,Fete de fin de trimestre,"Moment festif avec animations douces, musique, decoration et gouter encadre.","Maison de la Culture, Ariana, Tunisie",False,9.8,HIGH
HIVER,FEBRUARY,2-3 ans,LOW,False,Ariana,FETE,INDOOR,Fete des couleurs au parc,"Moment festif avec animations douces, musique, decoration et gouter encadre.","Parc Ennahli, Ariana, Tunisie",False,9.2,HIGH
HIVER,FEBRUARY,2-3 ans,MEDIUM,False,Ariana,FETE,INDOOR,Fete de fin de trimestre,"Moment festif avec animations douces, musique, decoration et gouter encadre.","Maison de la Culture, Ariana, Tunisie",False,10.3,HIGH
HIVER,FEBRUARY,4-5 ans,LOW,False,Ariana,FETE,INDOOR,Fete des couleurs au parc,"Moment festif avec animations douces, musique, decoration et gouter encadre.","Parc Ennahli, Ariana, Tunisie",False,6.2,HIGH
HIVER,FEBRUARY,4-5 ans,MEDIUM,False,Ariana,FETE,INDOOR,Fete de fin de trimestre,"Moment festif avec animations douces, musique, decoration et gouter encadre.","Maison de la Culture, Ariana, Tunisie",False,12.9,HIGH
HIVER,FEBRUARY,2-6 ans,LOW,False,Ariana,FETE,INDOOR,Fete des couleurs au parc,"Moment festif avec animations douces, musique, decoration et gouter encadre.","Parc Ennahli, Ariana, Tunisie",False,8.0,HIGH
HIVER,FEBRUARY,2-6 ans,MEDIUM,False,Ariana,FETE,INDOOR,Fete de fin de trimestre,"Moment festif avec animations douces, musique, decoration et gouter encadre.","Maison de la Culture, Ariana, Tunisie",False,17.6,HIGH
PRINTEMPS,MARCH,2-3 ans,MEDIUM,False,Ariana,REUNION_PARENTS,INDOOR,Echange avec les familles,Rencontre d information et d echange avec les familles dans un cadre confortable.,"Maison de la Culture, Ariana, Tunisie",False,5.2,HIGH
PRINTEMPS,MARCH,4-5 ans,LOW,False,Ariana,REUNION_PARENTS,INDOOR,Echange avec les familles,Rencontre d information et d echange avec les familles dans un cadre confortable.,"Maison de la Culture, Ariana, Tunisie",False,1.7,HIGH
PRINTEMPS,MARCH,2-6 ans,MEDIUM,False,Ariana,REUNION_PARENTS,INDOOR,Echange avec les familles,Rencontre d information et d echange avec les familles dans un cadre confortable.,"Maison de la Culture, Ariana, Tunisie",False,5.0,HIGH
PRINTEMPS,APRIL,2-3 ans,MEDIUM,False,Ariana,REUNION_PARENTS,INDOOR,Echange avec les familles,Rencontre d information et d echange avec les familles dans un cadre confortable.,"Maison de la Culture, Ariana, Tunisie",False,4.2,HIGH
PRINTEMPS,APRIL,4-5 ans,LOW,False,Ariana,REUNION_PARENTS,INDOOR,Echange avec les familles,Rencontre d information et d echange avec les familles dans un cadre confortable.,"Maison de la Culture, Ariana, Tunisie",False,0.1,HIGH
PRINTEMPS,APRIL,2-6 ans,LOW,False,Ariana,REUNION_PARENTS,INDOOR,Echange avec les familles,Rencontre d information et d echange avec les familles dans un cadre confortable.,"Maison de la Culture, Ariana, Tunisie",False,1.5,HIGH
PRINTEMPS,MAY,2-3 ans,MEDIUM,False,Ariana,REUNION_PARENTS,INDOOR,Echange avec les familles,Rencontre d information et d echange avec les familles dans un cadre confortable.,"Maison de la Culture, Ariana, Tunisie",False,7.6,HIGH
PRINTEMPS,MAY,4-5 ans,LOW,False,Ariana,REUNION_PARENTS,INDOOR,Echange avec les familles,Rencontre d information et d echange avec les familles dans un cadre confortable.,"Maison de la Culture, Ariana, Tunisie",False,0.8,HIGH
PRINTEMPS,MAY,2-6 ans,MEDIUM,False,Ariana,REUNION_PARENTS,INDOOR,Echange avec les familles,Rencontre d information et d echange avec les familles dans un cadre confortable.,"Maison de la Culture, Ariana, Tunisie",False,6.5,HIGH
ETE,JUNE,2-3 ans,LOW,False,Ariana,REUNION_PARENTS,INDOOR,Echange avec les familles,Rencontre d information et d echange avec les familles dans un cadre confortable.,"Maison de la Culture, Ariana, Tunisie",False,3.0,HIGH
ETE,JUNE,4-5 ans,MEDIUM,False,Ariana,REUNION_PARENTS,INDOOR,Echange avec les familles,Rencontre d information et d echange avec les familles dans un cadre confortable.,"Maison de la Culture, Ariana, Tunisie",False,6.5,HIGH
ETE,JUNE,2-6 ans,MEDIUM,False,Ariana,REUNION_PARENTS,INDOOR,Echange avec les familles,Rencontre d information et d echange avec les familles dans un cadre confortable.,"Maison de la Culture, Ariana, Tunisie",False,4.0,HIGH
ETE,JULY,2-3 ans,LOW,False,Ariana,REUNION_PARENTS,INDOOR,Echange avec les familles,Rencontre d information et d echange avec les familles dans un cadre confortable.,"Maison de la Culture, Ariana, Tunisie",False,2.6,HIGH
ETE,JULY,4-5 ans,MEDIUM,False,Ariana,REUNION_PARENTS,INDOOR,Echange avec les familles,Rencontre d information et d echange avec les familles dans un cadre confortable.,"Maison de la Culture, Ariana, Tunisie",False,3.9,HIGH
ETE,JULY,2-6 ans,MEDIUM,False,Ariana,REUNION_PARENTS,INDOOR,Echange avec les familles,Rencontre d information et d echange avec les familles dans un cadre confortable.,"Maison de la Culture, Ariana, Tunisie",False,8.0,HIGH
ETE,AUGUST,2-3 ans,MEDIUM,False,Ariana,REUNION_PARENTS,INDOOR,Echange avec les familles,Rencontre d information et d echange avec les familles dans un cadre confortable.,"Maison de la Culture, Ariana, Tunisie",False,6.3,HIGH
ETE,AUGUST,4-5 ans,LOW,False,Ariana,REUNION_PARENTS,INDOOR,Echange avec les familles,Rencontre d information et d echange avec les familles dans un cadre confortable.,"Maison de la Culture, Ariana, Tunisie",False,1.6,HIGH
ETE,AUGUST,2-6 ans,MEDIUM,False,Ariana,REUNION_PARENTS,INDOOR,Echange avec les familles,Rencontre d information et d echange avec les familles dans un cadre confortable.,"Maison de la Culture, Ariana, Tunisie",False,7.5,HIGH
AUTOMNE,SEPTEMBER,2-3 ans,LOW,False,Ariana,REUNION_PARENTS,INDOOR,Echange avec les familles,Rencontre d information et d echange avec les familles dans un cadre confortable.,"Maison de la Culture, Ariana, Tunisie",False,2.1,HIGH
AUTOMNE,SEPTEMBER,4-5 ans,LOW,False,Ariana,REUNION_PARENTS,INDOOR,Echange avec les familles,Rencontre d information et d echange avec les familles dans un cadre confortable.,"Maison de la Culture, Ariana, Tunisie",False,2.4,HIGH
AUTOMNE,SEPTEMBER,2-6 ans,LOW,False,Ariana,REUNION_PARENTS,INDOOR,Echange avec les familles,Rencontre d information et d echange avec les familles dans un cadre confortable.,"Maison de la Culture, Ariana, Tunisie",False,0.4,HIGH
AUTOMNE,OCTOBER,2-3 ans,LOW,False,Ariana,REUNION_PARENTS,INDOOR,Echange avec les familles,Rencontre d information et d echange avec les familles dans un cadre confortable.,"Maison de la Culture, Ariana, Tunisie",False,2.4,HIGH
AUTOMNE,OCTOBER,4-5 ans,LOW,False,Ariana,REUNION_PARENTS,INDOOR,Echange avec les familles,Rencontre d information et d echange avec les familles dans un cadre confortable.,"Maison de la Culture, Ariana, Tunisie",False,2.4,HIGH
AUTOMNE,OCTOBER,2-6 ans,LOW,False,Ariana,REUNION_PARENTS,INDOOR,Echange avec les familles,Rencontre d information et d echange avec les familles dans un cadre confortable.,"Maison de la Culture, Ariana, Tunisie",False,1.1,HIGH
AUTOMNE,NOVEMBER,2-3 ans,MEDIUM,False,Ariana,REUNION_PARENTS,INDOOR,Echange avec les familles,Rencontre d information et d echange avec les familles dans un cadre confortable.,"Maison de la Culture, Ariana, Tunisie",False,5.3,HIGH
AUTOMNE,NOVEMBER,4-5 ans,LOW,False,Ariana,REUNION_PARENTS,INDOOR,Echange avec les familles,Rencontre d information et d echange avec les familles dans un cadre confortable.,"Maison de la Culture, Ariana, Tunisie",False,1.8,HIGH
AUTOMNE,NOVEMBER,2-6 ans,LOW,False,Ariana,REUNION_PARENTS,INDOOR,Echange avec les familles,Rencontre d information et d echange avec les familles dans un cadre confortable.,"Maison de la Culture, Ariana, Tunisie",False,0.2,HIGH
HIVER,DECEMBER,2-3 ans,MEDIUM,False,Ariana,REUNION_PARENTS,INDOOR,Echange avec les familles,Rencontre d information et d echange avec les familles dans un cadre confortable.,"Maison de la Culture, Ariana, Tunisie",False,8.0,HIGH
HIVER,DECEMBER,4-5 ans,MEDIUM,False,Ariana,REUNION_PARENTS,INDOOR,Echange avec les familles,Rencontre d information et d echange avec les familles dans un cadre confortable.,"Maison de la Culture, Ariana, Tunisie",False,5.6,HIGH
HIVER,DECEMBER,2-6 ans,MEDIUM,False,Ariana,REUNION_PARENTS,INDOOR,Echange avec les familles,Rencontre d information et d echange avec les familles dans un cadre confortable.,"Maison de la Culture, Ariana, Tunisie",False,7.1,HIGH
HIVER,JANUARY,2-3 ans,LOW,False,Ariana,REUNION_PARENTS,INDOOR,Echange avec les familles,Rencontre d information et d echange avec les familles dans un cadre confortable.,"Maison de la Culture, Ariana, Tunisie",False,0.4,HIGH
HIVER,JANUARY,4-5 ans,MEDIUM,False,Ariana,REUNION_PARENTS,INDOOR,Echange avec les familles,Rencontre d information et d echange avec les familles dans un cadre confortable.,"Maison de la Culture, Ariana, Tunisie",False,6.2,HIGH
HIVER,JANUARY,2-6 ans,MEDIUM,False,Ariana,REUNION_PARENTS,INDOOR,Echange avec les familles,Rencontre d information et d echange avec les familles dans un cadre confortable.,"Maison de la Culture, Ariana, Tunisie",False,5.3,HIGH
HIVER,FEBRUARY,2-3 ans,MEDIUM,False,Ariana,REUNION_PARENTS,INDOOR,Echange avec les familles,Rencontre d information et d echange avec les familles dans un cadre confortable.,"Maison de la Culture, Ariana, Tunisie",False,3.6,HIGH
HIVER,FEBRUARY,4-5 ans,LOW,False,Ariana,REUNION_PARENTS,INDOOR,Echange avec les familles,Rencontre d information et d echange avec les familles dans un cadre confortable.,"Maison de la Culture, Ariana, Tunisie",False,2.3,HIGH
HIVER,FEBRUARY,2-6 ans,LOW,False,Ariana,REUNION_PARENTS,INDOOR,Echange avec les familles,Rencontre d information et d echange avec les familles dans un cadre confortable.,"Maison de la Culture, Ariana, Tunisie",False,1.3,HIGH
PRINTEMPS,MARCH,2-3 ans,LOW,True,Sousse,SORTIE,OUTDOOR,Sortie decouverte bord de mer,"Activite encadree avec decouverte, observation et temps de repos adaptes aux enfants.","Plage de Boujaafar, Sousse, Tunisie",True,9.0,HIGH
PRINTEMPS,MARCH,2-3 ans,HIGH,True,Sousse,SORTIE,OUTDOOR,Sortie jeux d eau surveilles,"Activite encadree avec decouverte, observation et temps de repos adaptes aux enfants.","AquaSplash Thalassa Sousse, Sousse, Tunisie",True,19.5,HIGH
PRINTEMPS,MARCH,2-3 ans,LOW,True,Sousse,SORTIE,OUTDOOR,Balade educative au port,"Activite encadree avec decouverte, observation et temps de repos adaptes aux enfants.","Port El Kantaoui, Sousse, Tunisie",True,5.0,HIGH
PRINTEMPS,MARCH,4-5 ans,HIGH,True,Sousse,SORTIE,OUTDOOR,Sortie decouverte bord de mer,"Activite encadree avec decouverte, observation et temps de repos adaptes aux enfants.","Plage de Boujaafar, Sousse, Tunisie",True,20.3,HIGH
PRINTEMPS,MARCH,4-5 ans,HIGH,True,Sousse,SORTIE,OUTDOOR,Sortie jeux d eau surveilles,"Activite encadree avec decouverte, observation et temps de repos adaptes aux enfants.","AquaSplash Thalassa Sousse, Sousse, Tunisie",True,26.9,HIGH
PRINTEMPS,MARCH,4-5 ans,LOW,True,Sousse,SORTIE,OUTDOOR,Balade educative au port,"Activite encadree avec decouverte, observation et temps de repos adaptes aux enfants.","Port El Kantaoui, Sousse, Tunisie",True,5.5,HIGH
PRINTEMPS,MARCH,2-6 ans,HIGH,True,Sousse,SORTIE,OUTDOOR,Sortie decouverte bord de mer,"Activite encadree avec decouverte, observation et temps de repos adaptes aux enfants.","Plage de Boujaafar, Sousse, Tunisie",True,27.6,HIGH
PRINTEMPS,MARCH,2-6 ans,MEDIUM,True,Sousse,SORTIE,OUTDOOR,Sortie jeux d eau surveilles,"Activite encadree avec decouverte, observation et temps de repos adaptes aux enfants.","AquaSplash Thalassa Sousse, Sousse, Tunisie",True,11.0,HIGH
PRINTEMPS,MARCH,2-6 ans,MEDIUM,True,Sousse,SORTIE,OUTDOOR,Balade educative au port,"Activite encadree avec decouverte, observation et temps de repos adaptes aux enfants.","Port El Kantaoui, Sousse, Tunisie",True,14.9,HIGH
PRINTEMPS,APRIL,2-3 ans,LOW,True,Sousse,SORTIE,OUTDOOR,Sortie decouverte bord de mer,"Activite encadree avec decouverte, observation et temps de repos adaptes aux enfants.","Plage de Boujaafar, Sousse, Tunisie",True,7.0,HIGH
PRINTEMPS,APRIL,2-3 ans,LOW,True,Sousse,SORTIE,OUTDOOR,Sortie jeux d eau surveilles,"Activite encadree avec decouverte, observation et temps de repos adaptes aux enfants.","AquaSplash Thalassa Sousse, Sousse, Tunisie",True,7.6,HIGH
PRINTEMPS,APRIL,2-3 ans,HIGH,True,Sousse,SORTIE,OUTDOOR,Balade educative au port,"Activite encadree avec decouverte, observation et temps de repos adaptes aux enfants.","Port El Kantaoui, Sousse, Tunisie",True,19.5,HIGH
PRINTEMPS,APRIL,4-5 ans,HIGH,True,Sousse,SORTIE,OUTDOOR,Sortie decouverte bord de mer,"Activite encadree avec decouverte, observation et temps de repos adaptes aux enfants.","Plage de Boujaafar, Sousse, Tunisie",True,24.2,HIGH
PRINTEMPS,APRIL,4-5 ans,HIGH,True,Sousse,SORTIE,OUTDOOR,Sortie jeux d eau surveilles,"Activite encadree avec decouverte, observation et temps de repos adaptes aux enfants.","AquaSplash Thalassa Sousse, Sousse, Tunisie",True,21.4,HIGH
PRINTEMPS,APRIL,4-5 ans,HIGH,True,Sousse,SORTIE,OUTDOOR,Balade educative au port,"Activite encadree avec decouverte, observation et temps de repos adaptes aux enfants.","Port El Kantaoui, Sousse, Tunisie",True,18.4,HIGH
PRINTEMPS,APRIL,2-6 ans,LOW,True,Sousse,SORTIE,OUTDOOR,Sortie decouverte bord de mer,"Activite encadree avec decouverte, observation et temps de repos adaptes aux enfants.","Plage de Boujaafar, Sousse, Tunisie",True,4.5,HIGH
PRINTEMPS,APRIL,2-6 ans,HIGH,True,Sousse,SORTIE,OUTDOOR,Sortie jeux d eau surveilles,"Activite encadree avec decouverte, observation et temps de repos adaptes aux enfants.","AquaSplash Thalassa Sousse, Sousse, Tunisie",True,25.7,HIGH
PRINTEMPS,APRIL,2-6 ans,MEDIUM,True,Sousse,SORTIE,OUTDOOR,Balade educative au port,"Activite encadree avec decouverte, observation et temps de repos adaptes aux enfants.","Port El Kantaoui, Sousse, Tunisie",True,15.2,HIGH
PRINTEMPS,MAY,2-3 ans,HIGH,True,Sousse,SORTIE,OUTDOOR,Sortie decouverte bord de mer,"Activite encadree avec decouverte, observation et temps de repos adaptes aux enfants.","Plage de Boujaafar, Sousse, Tunisie",True,22.2,HIGH
PRINTEMPS,MAY,2-3 ans,HIGH,True,Sousse,SORTIE,OUTDOOR,Sortie jeux d eau surveilles,"Activite encadree avec decouverte, observation et temps de repos adaptes aux enfants.","AquaSplash Thalassa Sousse, Sousse, Tunisie",True,18.3,HIGH
PRINTEMPS,MAY,2-3 ans,HIGH,True,Sousse,SORTIE,OUTDOOR,Balade educative au port,"Activite encadree avec decouverte, observation et temps de repos adaptes aux enfants.","Port El Kantaoui, Sousse, Tunisie",True,23.5,HIGH
PRINTEMPS,MAY,4-5 ans,HIGH,True,Sousse,SORTIE,OUTDOOR,Sortie decouverte bord de mer,"Activite encadree avec decouverte, observation et temps de repos adaptes aux enfants.","Plage de Boujaafar, Sousse, Tunisie",True,27.6,HIGH
PRINTEMPS,MAY,4-5 ans,MEDIUM,True,Sousse,SORTIE,OUTDOOR,Sortie jeux d eau surveilles,"Activite encadree avec decouverte, observation et temps de repos adaptes aux enfants.","AquaSplash Thalassa Sousse, Sousse, Tunisie",True,12.0,HIGH
PRINTEMPS,MAY,4-5 ans,HIGH,True,Sousse,SORTIE,OUTDOOR,Balade educative au port,"Activite encadree avec decouverte, observation et temps de repos adaptes aux enfants.","Port El Kantaoui, Sousse, Tunisie",True,22.1,HIGH
PRINTEMPS,MAY,2-6 ans,MEDIUM,True,Sousse,SORTIE,OUTDOOR,Sortie decouverte bord de mer,"Activite encadree avec decouverte, observation et temps de repos adaptes aux enfants.","Plage de Boujaafar, Sousse, Tunisie",True,10.6,HIGH
PRINTEMPS,MAY,2-6 ans,LOW,True,Sousse,SORTIE,OUTDOOR,Sortie jeux d eau surveilles,"Activite encadree avec decouverte, observation et temps de repos adaptes aux enfants.","AquaSplash Thalassa Sousse, Sousse, Tunisie",True,4.9,HIGH
PRINTEMPS,MAY,2-6 ans,MEDIUM,True,Sousse,SORTIE,OUTDOOR,Balade educative au port,"Activite encadree avec decouverte, observation et temps de repos adaptes aux enfants.","Port El Kantaoui, Sousse, Tunisie",True,13.9,HIGH
ETE,JUNE,2-3 ans,LOW,True,Sousse,SORTIE,OUTDOOR,Sortie decouverte bord de mer,"Activite encadree avec decouverte, observation et temps de repos adaptes aux enfants.","Plage de Boujaafar, Sousse, Tunisie",True,6.0,HIGH
ETE,JUNE,2-3 ans,LOW,True,Sousse,SORTIE,OUTDOOR,Sortie jeux d eau surveilles,"Activite encadree avec decouverte, observation et temps de repos adaptes aux enfants.","AquaSplash Thalassa Sousse, Sousse, Tunisie",True,5.9,HIGH
ETE,JUNE,2-3 ans,HIGH,True,Sousse,SORTIE,OUTDOOR,Balade educative au port,"Activite encadree avec decouverte, observation et temps de repos adaptes aux enfants.","Port El Kantaoui, Sousse, Tunisie",True,27.9,HIGH
ETE,JUNE,4-5 ans,MEDIUM,True,Sousse,SORTIE,OUTDOOR,Sortie decouverte bord de mer,"Activite encadree avec decouverte, observation et temps de repos adaptes aux enfants.","Plage de Boujaafar, Sousse, Tunisie",True,17.8,HIGH
ETE,JUNE,4-5 ans,LOW,True,Sousse,SORTIE,OUTDOOR,Sortie jeux d eau surveilles,"Activite encadree avec decouverte, observation et temps de repos adaptes aux enfants.","AquaSplash Thalassa Sousse, Sousse, Tunisie",True,8.6,HIGH
ETE,JUNE,4-5 ans,HIGH,True,Sousse,SORTIE,OUTDOOR,Balade educative au port,"Activite encadree avec decouverte, observation et temps de repos adaptes aux enfants.","Port El Kantaoui, Sousse, Tunisie",True,23.6,HIGH
ETE,JUNE,2-6 ans,MEDIUM,True,Sousse,SORTIE,OUTDOOR,Sortie decouverte bord de mer,"Activite encadree avec decouverte, observation et temps de repos adaptes aux enfants.","Plage de Boujaafar, Sousse, Tunisie",True,11.9,HIGH
ETE,JUNE,2-6 ans,LOW,True,Sousse,SORTIE,OUTDOOR,Sortie jeux d eau surveilles,"Activite encadree avec decouverte, observation et temps de repos adaptes aux enfants.","AquaSplash Thalassa Sousse, Sousse, Tunisie",True,5.6,HIGH
ETE,JUNE,2-6 ans,LOW,True,Sousse,SORTIE,OUTDOOR,Balade educative au port,"Activite encadree avec decouverte, observation et temps de repos adaptes aux enfants.","Port El Kantaoui, Sousse, Tunisie",True,4.8,HIGH
ETE,JULY,2-3 ans,LOW,True,Sousse,SORTIE,OUTDOOR,Sortie decouverte bord de mer,"Activite encadree avec decouverte, observation et temps de repos adaptes aux enfants.","Plage de Boujaafar, Sousse, Tunisie",True,5.7,HIGH
ETE,JULY,2-3 ans,MEDIUM,True,Sousse,SORTIE,OUTDOOR,Sortie jeux d eau surveilles,"Activite encadree avec decouverte, observation et temps de repos adaptes aux enfants.","AquaSplash Thalassa Sousse, Sousse, Tunisie",True,16.9,HIGH
ETE,JULY,4-5 ans,LOW,True,Sousse,SORTIE,OUTDOOR,Sortie decouverte bord de mer,"Activite encadree avec decouverte, observation et temps de repos adaptes aux enfants.","Plage de Boujaafar, Sousse, Tunisie",True,8.9,HIGH
ETE,JULY,4-5 ans,HIGH,True,Sousse,SORTIE,OUTDOOR,Sortie jeux d eau surveilles,"Activite encadree avec decouverte, observation et temps de repos adaptes aux enfants.","AquaSplash Thalassa Sousse, Sousse, Tunisie",True,25.2,HIGH
ETE,JULY,4-5 ans,LOW,True,Sousse,SORTIE,OUTDOOR,Balade educative au port,"Activite encadree avec decouverte, observation et temps de repos adaptes aux enfants.","Port El Kantaoui, Sousse, Tunisie",True,8.6,HIGH
ETE,JULY,2-6 ans,MEDIUM,True,Sousse,SORTIE,OUTDOOR,Sortie decouverte bord de mer,"Activite encadree avec decouverte, observation et temps de repos adaptes aux enfants.","Plage de Boujaafar, Sousse, Tunisie",True,18.0,HIGH
ETE,JULY,2-6 ans,MEDIUM,True,Sousse,SORTIE,OUTDOOR,Sortie jeux d eau surveilles,"Activite encadree avec decouverte, observation et temps de repos adaptes aux enfants.","AquaSplash Thalassa Sousse, Sousse, Tunisie",True,14.0,HIGH
ETE,JULY,2-6 ans,MEDIUM,True,Sousse,SORTIE,OUTDOOR,Balade educative au port,"Activite encadree avec decouverte, observation et temps de repos adaptes aux enfants.","Port El Kantaoui, Sousse, Tunisie",True,14.0,HIGH
ETE,AUGUST,2-3 ans,LOW,True,Sousse,SORTIE,OUTDOOR,Sortie decouverte bord de mer,"Activite encadree avec decouverte, observation et temps de repos adaptes aux enfants.","Plage de Boujaafar, Sousse, Tunisie",True,9.7,HIGH
ETE,AUGUST,2-3 ans,HIGH,True,Sousse,SORTIE,OUTDOOR,Sortie jeux d eau surveilles,"Activite encadree avec decouverte, observation et temps de repos adaptes aux enfants.","AquaSplash Thalassa Sousse, Sousse, Tunisie",True,22.6,HIGH
ETE,AUGUST,4-5 ans,HIGH,True,Sousse,SORTIE,OUTDOOR,Sortie decouverte bord de mer,"Activite encadree avec decouverte, observation et temps de repos adaptes aux enfants.","Plage de Boujaafar, Sousse, Tunisie",True,21.5,HIGH
ETE,AUGUST,4-5 ans,LOW,True,Sousse,SORTIE,OUTDOOR,Sortie jeux d eau surveilles,"Activite encadree avec decouverte, observation et temps de repos adaptes aux enfants.","AquaSplash Thalassa Sousse, Sousse, Tunisie",True,5.7,HIGH
ETE,AUGUST,4-5 ans,HIGH,True,Sousse,SORTIE,OUTDOOR,Balade educative au port,"Activite encadree avec decouverte, observation et temps de repos adaptes aux enfants.","Port El Kantaoui, Sousse, Tunisie",True,26.8,HIGH
ETE,AUGUST,2-6 ans,HIGH,True,Sousse,SORTIE,OUTDOOR,Sortie decouverte bord de mer,"Activite encadree avec decouverte, observation et temps de repos adaptes aux enfants.","Plage de Boujaafar, Sousse, Tunisie",True,24.7,HIGH
ETE,AUGUST,2-6 ans,MEDIUM,True,Sousse,SORTIE,OUTDOOR,Sortie jeux d eau surveilles,"Activite encadree avec decouverte, observation et temps de repos adaptes aux enfants.","AquaSplash Thalassa Sousse, Sousse, Tunisie",True,14.3,HIGH
ETE,AUGUST,2-6 ans,LOW,True,Sousse,SORTIE,OUTDOOR,Balade educative au port,"Activite encadree avec decouverte, observation et temps de repos adaptes aux enfants.","Port El Kantaoui, Sousse, Tunisie",True,6.6,HIGH
AUTOMNE,SEPTEMBER,2-3 ans,MEDIUM,True,Sousse,SORTIE,OUTDOOR,Sortie decouverte bord de mer,"Activite encadree avec decouverte, observation et temps de repos adaptes aux enfants.","Plage de Boujaafar, Sousse, Tunisie",True,15.8,HIGH
AUTOMNE,SEPTEMBER,2-3 ans,MEDIUM,True,Sousse,SORTIE,OUTDOOR,Sortie jeux d eau surveilles,"Activite encadree avec decouverte, observation et temps de repos adaptes aux enfants.","AquaSplash Thalassa Sousse, Sousse, Tunisie",True,12.9,HIGH
AUTOMNE,SEPTEMBER,2-3 ans,MEDIUM,True,Sousse,SORTIE,OUTDOOR,Balade educative au port,"Activite encadree avec decouverte, observation et temps de repos adaptes aux enfants.","Port El Kantaoui, Sousse, Tunisie",True,10.4,HIGH
AUTOMNE,SEPTEMBER,4-5 ans,HIGH,True,Sousse,SORTIE,OUTDOOR,Sortie decouverte bord de mer,"Activite encadree avec decouverte, observation et temps de repos adaptes aux enfants.","Plage de Boujaafar, Sousse, Tunisie",True,19.9,HIGH
AUTOMNE,SEPTEMBER,4-5 ans,HIGH,True,Sousse,SORTIE,OUTDOOR,Sortie jeux d eau surveilles,"Activite encadree avec decouverte, observation et temps de repos adaptes aux enfants.","AquaSplash Thalassa Sousse, Sousse, Tunisie",True,20.9,HIGH
AUTOMNE,SEPTEMBER,4-5 ans,MEDIUM,True,Sousse,SORTIE,OUTDOOR,Balade educative au port,"Activite encadree avec decouverte, observation et temps de repos adaptes aux enfants.","Port El Kantaoui, Sousse, Tunisie",True,14.0,HIGH
AUTOMNE,SEPTEMBER,2-6 ans,HIGH,True,Sousse,SORTIE,OUTDOOR,Sortie decouverte bord de mer,"Activite encadree avec decouverte, observation et temps de repos adaptes aux enfants.","Plage de Boujaafar, Sousse, Tunisie",True,20.8,HIGH
AUTOMNE,SEPTEMBER,2-6 ans,HIGH,True,Sousse,SORTIE,OUTDOOR,Sortie jeux d eau surveilles,"Activite encadree avec decouverte, observation et temps de repos adaptes aux enfants.","AquaSplash Thalassa Sousse, Sousse, Tunisie",True,24.8,HIGH
AUTOMNE,SEPTEMBER,2-6 ans,LOW,True,Sousse,SORTIE,OUTDOOR,Balade educative au port,"Activite encadree avec decouverte, observation et temps de repos adaptes aux enfants.","Port El Kantaoui, Sousse, Tunisie",True,4.8,HIGH
AUTOMNE,OCTOBER,2-3 ans,LOW,True,Sousse,SORTIE,OUTDOOR,Sortie decouverte bord de mer,"Activite encadree avec decouverte, observation et temps de repos adaptes aux enfants.","Plage de Boujaafar, Sousse, Tunisie",True,6.4,HIGH
AUTOMNE,OCTOBER,2-3 ans,MEDIUM,True,Sousse,SORTIE,OUTDOOR,Sortie jeux d eau surveilles,"Activite encadree avec decouverte, observation et temps de repos adaptes aux enfants.","AquaSplash Thalassa Sousse, Sousse, Tunisie",True,14.5,HIGH
AUTOMNE,OCTOBER,2-3 ans,MEDIUM,True,Sousse,SORTIE,OUTDOOR,Balade educative au port,"Activite encadree avec decouverte, observation et temps de repos adaptes aux enfants.","Port El Kantaoui, Sousse, Tunisie",True,16.0,HIGH
AUTOMNE,OCTOBER,4-5 ans,LOW,True,Sousse,SORTIE,OUTDOOR,Sortie decouverte bord de mer,"Activite encadree avec decouverte, observation et temps de repos adaptes aux enfants.","Plage de Boujaafar, Sousse, Tunisie",True,7.6,HIGH
AUTOMNE,OCTOBER,4-5 ans,MEDIUM,True,Sousse,SORTIE,OUTDOOR,Sortie jeux d eau surveilles,"Activite encadree avec decouverte, observation et temps de repos adaptes aux enfants.","AquaSplash Thalassa Sousse, Sousse, Tunisie",True,14.0,HIGH
AUTOMNE,OCTOBER,4-5 ans,LOW,True,Sousse,SORTIE,OUTDOOR,Balade educative au port,"Activite encadree avec decouverte, observation et temps de repos adaptes aux enfants.","Port El Kantaoui, Sousse, Tunisie",True,4.2,HIGH
AUTOMNE,OCTOBER,2-6 ans,HIGH,True,Sousse,SORTIE,OUTDOOR,Sortie decouverte bord de mer,"Activite encadree avec decouverte, observation et temps de repos adaptes aux enfants.","Plage de Boujaafar, Sousse, Tunisie",True,21.3,HIGH
AUTOMNE,OCTOBER,2-6 ans,MEDIUM,True,Sousse,SORTIE,OUTDOOR,Sortie jeux d eau surveilles,"Activite encadree avec decouverte, observation et temps de repos adaptes aux enfants.","AquaSplash Thalassa Sousse, Sousse, Tunisie",True,14.2,HIGH
AUTOMNE,OCTOBER,2-6 ans,LOW,True,Sousse,SORTIE,OUTDOOR,Balade educative au port,"Activite encadree avec decouverte, observation et temps de repos adaptes aux enfants.","Port El Kantaoui, Sousse, Tunisie",True,7.6,HIGH
AUTOMNE,NOVEMBER,2-3 ans,HIGH,True,Sousse,SORTIE,OUTDOOR,Sortie decouverte bord de mer,"Activite encadree avec decouverte, observation et temps de repos adaptes aux enfants.","Plage de Boujaafar, Sousse, Tunisie",True,19.4,HIGH
AUTOMNE,NOVEMBER,2-3 ans,HIGH,True,Sousse,SORTIE,OUTDOOR,Sortie jeux d eau surveilles,"Activite encadree avec decouverte, observation et temps de repos adaptes aux enfants.","AquaSplash Thalassa Sousse, Sousse, Tunisie",True,21.2,HIGH
AUTOMNE,NOVEMBER,2-3 ans,MEDIUM,True,Sousse,SORTIE,OUTDOOR,Balade educative au port,"Activite encadree avec decouverte, observation et temps de repos adaptes aux enfants.","Port El Kantaoui, Sousse, Tunisie",True,17.9,HIGH
AUTOMNE,NOVEMBER,4-5 ans,HIGH,True,Sousse,SORTIE,OUTDOOR,Sortie decouverte bord de mer,"Activite encadree avec decouverte, observation et temps de repos adaptes aux enfants.","Plage de Boujaafar, Sousse, Tunisie",True,26.4,HIGH
AUTOMNE,NOVEMBER,4-5 ans,HIGH,True,Sousse,SORTIE,OUTDOOR,Sortie jeux d eau surveilles,"Activite encadree avec decouverte, observation et temps de repos adaptes aux enfants.","AquaSplash Thalassa Sousse, Sousse, Tunisie",True,21.4,HIGH
AUTOMNE,NOVEMBER,4-5 ans,HIGH,True,Sousse,SORTIE,OUTDOOR,Balade educative au port,"Activite encadree avec decouverte, observation et temps de repos adaptes aux enfants.","Port El Kantaoui, Sousse, Tunisie",True,23.3,HIGH
AUTOMNE,NOVEMBER,2-6 ans,HIGH,True,Sousse,SORTIE,OUTDOOR,Sortie decouverte bord de mer,"Activite encadree avec decouverte, observation et temps de repos adaptes aux enfants.","Plage de Boujaafar, Sousse, Tunisie",True,23.6,HIGH
AUTOMNE,NOVEMBER,2-6 ans,MEDIUM,True,Sousse,SORTIE,OUTDOOR,Sortie jeux d eau surveilles,"Activite encadree avec decouverte, observation et temps de repos adaptes aux enfants.","AquaSplash Thalassa Sousse, Sousse, Tunisie",True,16.5,HIGH
AUTOMNE,NOVEMBER,2-6 ans,MEDIUM,True,Sousse,SORTIE,OUTDOOR,Balade educative au port,"Activite encadree avec decouverte, observation et temps de repos adaptes aux enfants.","Port El Kantaoui, Sousse, Tunisie",True,12.6,HIGH
HIVER,DECEMBER,2-3 ans,LOW,True,Sousse,SORTIE,OUTDOOR,Sortie jeux d eau surveilles,"Activite encadree avec decouverte, observation et temps de repos adaptes aux enfants.","AquaSplash Thalassa Sousse, Sousse, Tunisie",True,9.9,HIGH
HIVER,DECEMBER,2-3 ans,HIGH,True,Sousse,SORTIE,OUTDOOR,Balade educative au port,"Activite encadree avec decouverte, observation et temps de repos adaptes aux enfants.","Port El Kantaoui, Sousse, Tunisie",True,21.1,HIGH
HIVER,DECEMBER,4-5 ans,HIGH,True,Sousse,SORTIE,OUTDOOR,Sortie jeux d eau surveilles,"Activite encadree avec decouverte, observation et temps de repos adaptes aux enfants.","AquaSplash Thalassa Sousse, Sousse, Tunisie",True,26.7,HIGH
HIVER,DECEMBER,4-5 ans,HIGH,True,Sousse,SORTIE,OUTDOOR,Balade educative au port,"Activite encadree avec decouverte, observation et temps de repos adaptes aux enfants.","Port El Kantaoui, Sousse, Tunisie",True,18.3,HIGH
HIVER,DECEMBER,2-6 ans,MEDIUM,True,Sousse,SORTIE,OUTDOOR,Sortie jeux d eau surveilles,"Activite encadree avec decouverte, observation et temps de repos adaptes aux enfants.","AquaSplash Thalassa Sousse, Sousse, Tunisie",True,12.1,HIGH
HIVER,DECEMBER,2-6 ans,HIGH,True,Sousse,SORTIE,OUTDOOR,Balade educative au port,"Activite encadree avec decouverte, observation et temps de repos adaptes aux enfants.","Port El Kantaoui, Sousse, Tunisie",True,25.8,HIGH
HIVER,JANUARY,2-3 ans,HIGH,True,Sousse,SORTIE,OUTDOOR,Sortie jeux d eau surveilles,"Activite encadree avec decouverte, observation et temps de repos adaptes aux enfants.","AquaSplash Thalassa Sousse, Sousse, Tunisie",True,23.8,HIGH
HIVER,JANUARY,2-3 ans,HIGH,True,Sousse,SORTIE,OUTDOOR,Balade educative au port,"Activite encadree avec decouverte, observation et temps de repos adaptes aux enfants.","Port El Kantaoui, Sousse, Tunisie",True,18.5,HIGH
HIVER,JANUARY,4-5 ans,MEDIUM,True,Sousse,SORTIE,OUTDOOR,Sortie jeux d eau surveilles,"Activite encadree avec decouverte, observation et temps de repos adaptes aux enfants.","AquaSplash Thalassa Sousse, Sousse, Tunisie",True,11.4,HIGH
HIVER,JANUARY,4-5 ans,HIGH,True,Sousse,SORTIE,OUTDOOR,Balade educative au port,"Activite encadree avec decouverte, observation et temps de repos adaptes aux enfants.","Port El Kantaoui, Sousse, Tunisie",True,25.2,HIGH
HIVER,JANUARY,2-6 ans,MEDIUM,True,Sousse,SORTIE,OUTDOOR,Sortie jeux d eau surveilles,"Activite encadree avec decouverte, observation et temps de repos adaptes aux enfants.","AquaSplash Thalassa Sousse, Sousse, Tunisie",True,11.2,HIGH
HIVER,JANUARY,2-6 ans,HIGH,True,Sousse,SORTIE,OUTDOOR,Balade educative au port,"Activite encadree avec decouverte, observation et temps de repos adaptes aux enfants.","Port El Kantaoui, Sousse, Tunisie",True,20.4,HIGH
HIVER,FEBRUARY,2-3 ans,HIGH,True,Sousse,SORTIE,OUTDOOR,Sortie jeux d eau surveilles,"Activite encadree avec decouverte, observation et temps de repos adaptes aux enfants.","AquaSplash Thalassa Sousse, Sousse, Tunisie",True,27.5,HIGH
HIVER,FEBRUARY,2-3 ans,LOW,True,Sousse,SORTIE,OUTDOOR,Balade educative au port,"Activite encadree avec decouverte, observation et temps de repos adaptes aux enfants.","Port El Kantaoui, Sousse, Tunisie",True,5.1,HIGH
HIVER,FEBRUARY,4-5 ans,MEDIUM,True,Sousse,SORTIE,OUTDOOR,Sortie jeux d eau surveilles,"Activite encadree avec decouverte, observation et temps de repos adaptes aux enfants.","AquaSplash Thalassa Sousse, Sousse, Tunisie",True,12.5,HIGH
HIVER,FEBRUARY,4-5 ans,LOW,True,Sousse,SORTIE,OUTDOOR,Balade educative au port,"Activite encadree avec decouverte, observation et temps de repos adaptes aux enfants.","Port El Kantaoui, Sousse, Tunisie",True,6.5,HIGH
HIVER,FEBRUARY,2-6 ans,LOW,True,Sousse,SORTIE,OUTDOOR,Sortie jeux d eau surveilles,"Activite encadree avec decouverte, observation et temps de repos adaptes aux enfants.","AquaSplash Thalassa Sousse, Sousse, Tunisie",True,6.5,HIGH
HIVER,FEBRUARY,2-6 ans,HIGH,True,Sousse,SORTIE,OUTDOOR,Balade educative au port,"Activite encadree avec decouverte, observation et temps de repos adaptes aux enfants.","Port El Kantaoui, Sousse, Tunisie",True,27.2,HIGH
PRINTEMPS,MARCH,2-3 ans,LOW,False,Sousse,ATELIER,INDOOR,Atelier expression artistique,Activite creatrice et sensorielle adaptee au rythme des enfants avec materiel simple.,"Complexe culturel de Sousse, Sousse, Tunisie",False,6.5,HIGH
PRINTEMPS,MARCH,2-3 ans,LOW,False,Sousse,ATELIER,INDOOR,Atelier contes et marionnettes,Activite creatrice et sensorielle adaptee au rythme des enfants avec materiel simple.,"Maison de la Culture, Sousse, Tunisie",False,5.8,HIGH
PRINTEMPS,MARCH,4-5 ans,MEDIUM,False,Sousse,ATELIER,INDOOR,Atelier expression artistique,Activite creatrice et sensorielle adaptee au rythme des enfants avec materiel simple.,"Complexe culturel de Sousse, Sousse, Tunisie",False,11.7,HIGH
PRINTEMPS,MARCH,4-5 ans,MEDIUM,False,Sousse,ATELIER,INDOOR,Atelier contes et marionnettes,Activite creatrice et sensorielle adaptee au rythme des enfants avec materiel simple.,"Maison de la Culture, Sousse, Tunisie",False,14.7,HIGH
PRINTEMPS,MARCH,2-6 ans,MEDIUM,False,Sousse,ATELIER,INDOOR,Atelier expression artistique,Activite creatrice et sensorielle adaptee au rythme des enfants avec materiel simple.,"Complexe culturel de Sousse, Sousse, Tunisie",False,14.4,HIGH
PRINTEMPS,MARCH,2-6 ans,MEDIUM,False,Sousse,ATELIER,INDOOR,Atelier contes et marionnettes,Activite creatrice et sensorielle adaptee au rythme des enfants avec materiel simple.,"Maison de la Culture, Sousse, Tunisie",False,11.8,HIGH
PRINTEMPS,APRIL,2-3 ans,MEDIUM,False,Sousse,ATELIER,INDOOR,Atelier expression artistique,Activite creatrice et sensorielle adaptee au rythme des enfants avec materiel simple.,"Complexe culturel de Sousse, Sousse, Tunisie",False,12.3,HIGH
PRINTEMPS,APRIL,2-3 ans,LOW,False,Sousse,ATELIER,INDOOR,Atelier contes et marionnettes,Activite creatrice et sensorielle adaptee au rythme des enfants avec materiel simple.,"Maison de la Culture, Sousse, Tunisie",False,7.8,HIGH
PRINTEMPS,APRIL,4-5 ans,MEDIUM,False,Sousse,ATELIER,INDOOR,Atelier expression artistique,Activite creatrice et sensorielle adaptee au rythme des enfants avec materiel simple.,"Complexe culturel de Sousse, Sousse, Tunisie",False,11.9,HIGH
PRINTEMPS,APRIL,4-5 ans,LOW,False,Sousse,ATELIER,INDOOR,Atelier contes et marionnettes,Activite creatrice et sensorielle adaptee au rythme des enfants avec materiel simple.,"Maison de la Culture, Sousse, Tunisie",False,7.7,HIGH
PRINTEMPS,APRIL,2-6 ans,MEDIUM,False,Sousse,ATELIER,INDOOR,Atelier expression artistique,Activite creatrice et sensorielle adaptee au rythme des enfants avec materiel simple.,"Complexe culturel de Sousse, Sousse, Tunisie",False,13.4,HIGH
PRINTEMPS,APRIL,2-6 ans,LOW,False,Sousse,ATELIER,INDOOR,Atelier contes et marionnettes,Activite creatrice et sensorielle adaptee au rythme des enfants avec materiel simple.,"Maison de la Culture, Sousse, Tunisie",False,6.5,HIGH
PRINTEMPS,MAY,2-3 ans,MEDIUM,False,Sousse,ATELIER,INDOOR,Atelier expression artistique,Activite creatrice et sensorielle adaptee au rythme des enfants avec materiel simple.,"Complexe culturel de Sousse, Sousse, Tunisie",False,10.2,HIGH
PRINTEMPS,MAY,2-3 ans,MEDIUM,False,Sousse,ATELIER,INDOOR,Atelier contes et marionnettes,Activite creatrice et sensorielle adaptee au rythme des enfants avec materiel simple.,"Maison de la Culture, Sousse, Tunisie",False,11.9,HIGH
PRINTEMPS,MAY,4-5 ans,MEDIUM,False,Sousse,ATELIER,INDOOR,Atelier expression artistique,Activite creatrice et sensorielle adaptee au rythme des enfants avec materiel simple.,"Complexe culturel de Sousse, Sousse, Tunisie",False,10.0,HIGH
PRINTEMPS,MAY,4-5 ans,MEDIUM,False,Sousse,ATELIER,INDOOR,Atelier contes et marionnettes,Activite creatrice et sensorielle adaptee au rythme des enfants avec materiel simple.,"Maison de la Culture, Sousse, Tunisie",False,14.3,HIGH
PRINTEMPS,MAY,2-6 ans,MEDIUM,False,Sousse,ATELIER,INDOOR,Atelier expression artistique,Activite creatrice et sensorielle adaptee au rythme des enfants avec materiel simple.,"Complexe culturel de Sousse, Sousse, Tunisie",False,13.7,HIGH
PRINTEMPS,MAY,2-6 ans,LOW,False,Sousse,ATELIER,INDOOR,Atelier contes et marionnettes,Activite creatrice et sensorielle adaptee au rythme des enfants avec materiel simple.,"Maison de la Culture, Sousse, Tunisie",False,4.5,HIGH
ETE,JUNE,2-3 ans,MEDIUM,False,Sousse,ATELIER,INDOOR,Atelier expression artistique,Activite creatrice et sensorielle adaptee au rythme des enfants avec materiel simple.,"Complexe culturel de Sousse, Sousse, Tunisie",False,14.7,HIGH
ETE,JUNE,2-3 ans,LOW,False,Sousse,ATELIER,INDOOR,Atelier contes et marionnettes,Activite creatrice et sensorielle adaptee au rythme des enfants avec materiel simple.,"Maison de la Culture, Sousse, Tunisie",False,4.7,HIGH
ETE,JUNE,4-5 ans,MEDIUM,False,Sousse,ATELIER,INDOOR,Atelier expression artistique,Activite creatrice et sensorielle adaptee au rythme des enfants avec materiel simple.,"Complexe culturel de Sousse, Sousse, Tunisie",False,12.6,HIGH
ETE,JUNE,4-5 ans,MEDIUM,False,Sousse,ATELIER,INDOOR,Atelier contes et marionnettes,Activite creatrice et sensorielle adaptee au rythme des enfants avec materiel simple.,"Maison de la Culture, Sousse, Tunisie",False,9.5,HIGH
ETE,JUNE,2-6 ans,MEDIUM,False,Sousse,ATELIER,INDOOR,Atelier expression artistique,Activite creatrice et sensorielle adaptee au rythme des enfants avec materiel simple.,"Complexe culturel de Sousse, Sousse, Tunisie",False,14.5,HIGH
ETE,JUNE,2-6 ans,MEDIUM,False,Sousse,ATELIER,INDOOR,Atelier contes et marionnettes,Activite creatrice et sensorielle adaptee au rythme des enfants avec materiel simple.,"Maison de la Culture, Sousse, Tunisie",False,9.0,HIGH
ETE,JULY,2-3 ans,LOW,False,Sousse,ATELIER,INDOOR,Atelier expression artistique,Activite creatrice et sensorielle adaptee au rythme des enfants avec materiel simple.,"Complexe culturel de Sousse, Sousse, Tunisie",False,4.2,HIGH
ETE,JULY,2-3 ans,LOW,False,Sousse,ATELIER,INDOOR,Atelier contes et marionnettes,Activite creatrice et sensorielle adaptee au rythme des enfants avec materiel simple.,"Maison de la Culture, Sousse, Tunisie",False,6.2,HIGH
ETE,JULY,4-5 ans,LOW,False,Sousse,ATELIER,INDOOR,Atelier expression artistique,Activite creatrice et sensorielle adaptee au rythme des enfants avec materiel simple.,"Complexe culturel de Sousse, Sousse, Tunisie",False,3.5,HIGH
ETE,JULY,4-5 ans,MEDIUM,False,Sousse,ATELIER,INDOOR,Atelier contes et marionnettes,Activite creatrice et sensorielle adaptee au rythme des enfants avec materiel simple.,"Maison de la Culture, Sousse, Tunisie",False,13.0,HIGH
ETE,JULY,2-6 ans,LOW,False,Sousse,ATELIER,INDOOR,Atelier expression artistique,Activite creatrice et sensorielle adaptee au rythme des enfants avec materiel simple.,"Complexe culturel de Sousse, Sousse, Tunisie",False,6.4,HIGH
ETE,JULY,2-6 ans,LOW,False,Sousse,ATELIER,INDOOR,Atelier contes et marionnettes,Activite creatrice et sensorielle adaptee au rythme des enfants avec materiel simple.,"Maison de la Culture, Sousse, Tunisie",False,3.0,HIGH
ETE,AUGUST,2-3 ans,LOW,False,Sousse,ATELIER,INDOOR,Atelier expression artistique,Activite creatrice et sensorielle adaptee au rythme des enfants avec materiel simple.,"Complexe culturel de Sousse, Sousse, Tunisie",False,5.0,HIGH
ETE,AUGUST,2-3 ans,MEDIUM,False,Sousse,ATELIER,INDOOR,Atelier contes et marionnettes,Activite creatrice et sensorielle adaptee au rythme des enfants avec materiel simple.,"Maison de la Culture, Sousse, Tunisie",False,11.3,HIGH
ETE,AUGUST,4-5 ans,LOW,False,Sousse,ATELIER,INDOOR,Atelier expression artistique,Activite creatrice et sensorielle adaptee au rythme des enfants avec materiel simple.,"Complexe culturel de Sousse, Sousse, Tunisie",False,6.8,HIGH
ETE,AUGUST,4-5 ans,MEDIUM,False,Sousse,ATELIER,INDOOR,Atelier contes et marionnettes,Activite creatrice et sensorielle adaptee au rythme des enfants avec materiel simple.,"Maison de la Culture, Sousse, Tunisie",False,10.2,HIGH
ETE,AUGUST,2-6 ans,LOW,False,Sousse,ATELIER,INDOOR,Atelier expression artistique,Activite creatrice et sensorielle adaptee au rythme des enfants avec materiel simple.,"Complexe culturel de Sousse, Sousse, Tunisie",False,7.5,HIGH
ETE,AUGUST,2-6 ans,LOW,False,Sousse,ATELIER,INDOOR,Atelier contes et marionnettes,Activite creatrice et sensorielle adaptee au rythme des enfants avec materiel simple.,"Maison de la Culture, Sousse, Tunisie",False,6.3,HIGH
AUTOMNE,SEPTEMBER,2-3 ans,LOW,False,Sousse,ATELIER,INDOOR,Atelier expression artistique,Activite creatrice et sensorielle adaptee au rythme des enfants avec materiel simple.,"Complexe culturel de Sousse, Sousse, Tunisie",False,5.7,HIGH
AUTOMNE,SEPTEMBER,2-3 ans,LOW,False,Sousse,ATELIER,INDOOR,Atelier contes et marionnettes,Activite creatrice et sensorielle adaptee au rythme des enfants avec materiel simple.,"Maison de la Culture, Sousse, Tunisie",False,7.6,HIGH
AUTOMNE,SEPTEMBER,4-5 ans,LOW,False,Sousse,ATELIER,INDOOR,Atelier expression artistique,Activite creatrice et sensorielle adaptee au rythme des enfants avec materiel simple.,"Complexe culturel de Sousse, Sousse, Tunisie",False,5.1,HIGH
AUTOMNE,SEPTEMBER,4-5 ans,LOW,False,Sousse,ATELIER,INDOOR,Atelier contes et marionnettes,Activite creatrice et sensorielle adaptee au rythme des enfants avec materiel simple.,"Maison de la Culture, Sousse, Tunisie",False,7.7,HIGH
AUTOMNE,SEPTEMBER,2-6 ans,LOW,False,Sousse,ATELIER,INDOOR,Atelier expression artistique,Activite creatrice et sensorielle adaptee au rythme des enfants avec materiel simple.,"Complexe culturel de Sousse, Sousse, Tunisie",False,8.0,HIGH
AUTOMNE,SEPTEMBER,2-6 ans,MEDIUM,False,Sousse,ATELIER,INDOOR,Atelier contes et marionnettes,Activite creatrice et sensorielle adaptee au rythme des enfants avec materiel simple.,"Maison de la Culture, Sousse, Tunisie",False,13.5,HIGH
AUTOMNE,OCTOBER,2-3 ans,LOW,False,Sousse,ATELIER,INDOOR,Atelier expression artistique,Activite creatrice et sensorielle adaptee au rythme des enfants avec materiel simple.,"Complexe culturel de Sousse, Sousse, Tunisie",False,7.7,HIGH
AUTOMNE,OCTOBER,2-3 ans,MEDIUM,False,Sousse,ATELIER,INDOOR,Atelier contes et marionnettes,Activite creatrice et sensorielle adaptee au rythme des enfants avec materiel simple.,"Maison de la Culture, Sousse, Tunisie",False,14.1,HIGH
AUTOMNE,OCTOBER,4-5 ans,LOW,False,Sousse,ATELIER,INDOOR,Atelier expression artistique,Activite creatrice et sensorielle adaptee au rythme des enfants avec materiel simple.,"Complexe culturel de Sousse, Sousse, Tunisie",False,4.5,HIGH
AUTOMNE,OCTOBER,4-5 ans,LOW,False,Sousse,ATELIER,INDOOR,Atelier contes et marionnettes,Activite creatrice et sensorielle adaptee au rythme des enfants avec materiel simple.,"Maison de la Culture, Sousse, Tunisie",False,7.6,HIGH
AUTOMNE,OCTOBER,2-6 ans,MEDIUM,False,Sousse,ATELIER,INDOOR,Atelier expression artistique,Activite creatrice et sensorielle adaptee au rythme des enfants avec materiel simple.,"Complexe culturel de Sousse, Sousse, Tunisie",False,10.0,HIGH
AUTOMNE,OCTOBER,2-6 ans,MEDIUM,False,Sousse,ATELIER,INDOOR,Atelier contes et marionnettes,Activite creatrice et sensorielle adaptee au rythme des enfants avec materiel simple.,"Maison de la Culture, Sousse, Tunisie",False,14.2,HIGH
AUTOMNE,NOVEMBER,2-3 ans,LOW,False,Sousse,ATELIER,INDOOR,Atelier expression artistique,Activite creatrice et sensorielle adaptee au rythme des enfants avec materiel simple.,"Complexe culturel de Sousse, Sousse, Tunisie",False,7.3,HIGH
AUTOMNE,NOVEMBER,2-3 ans,MEDIUM,False,Sousse,ATELIER,INDOOR,Atelier contes et marionnettes,Activite creatrice et sensorielle adaptee au rythme des enfants avec materiel simple.,"Maison de la Culture, Sousse, Tunisie",False,9.9,HIGH
AUTOMNE,NOVEMBER,4-5 ans,LOW,False,Sousse,ATELIER,INDOOR,Atelier expression artistique,Activite creatrice et sensorielle adaptee au rythme des enfants avec materiel simple.,"Complexe culturel de Sousse, Sousse, Tunisie",False,4.7,HIGH
AUTOMNE,NOVEMBER,4-5 ans,MEDIUM,False,Sousse,ATELIER,INDOOR,Atelier contes et marionnettes,Activite creatrice et sensorielle adaptee au rythme des enfants avec materiel simple.,"Maison de la Culture, Sousse, Tunisie",False,12.5,HIGH
AUTOMNE,NOVEMBER,2-6 ans,LOW,False,Sousse,ATELIER,INDOOR,Atelier expression artistique,Activite creatrice et sensorielle adaptee au rythme des enfants avec materiel simple.,"Complexe culturel de Sousse, Sousse, Tunisie",False,3.1,HIGH
AUTOMNE,NOVEMBER,2-6 ans,MEDIUM,False,Sousse,ATELIER,INDOOR,Atelier contes et marionnettes,Activite creatrice et sensorielle adaptee au rythme des enfants avec materiel simple.,"Maison de la Culture, Sousse, Tunisie",False,13.5,HIGH
HIVER,DECEMBER,2-3 ans,LOW,False,Sousse,ATELIER,INDOOR,Atelier expression artistique,Activite creatrice et sensorielle adaptee au rythme des enfants avec materiel simple.,"Complexe culturel de Sousse, Sousse, Tunisie",False,3.9,HIGH
HIVER,DECEMBER,2-3 ans,MEDIUM,False,Sousse,ATELIER,INDOOR,Atelier contes et marionnettes,Activite creatrice et sensorielle adaptee au rythme des enfants avec materiel simple.,"Maison de la Culture, Sousse, Tunisie",False,13.8,HIGH
HIVER,DECEMBER,4-5 ans,MEDIUM,False,Sousse,ATELIER,INDOOR,Atelier expression artistique,Activite creatrice et sensorielle adaptee au rythme des enfants avec materiel simple.,"Complexe culturel de Sousse, Sousse, Tunisie",False,8.6,HIGH
HIVER,DECEMBER,4-5 ans,LOW,False,Sousse,ATELIER,INDOOR,Atelier contes et marionnettes,Activite creatrice et sensorielle adaptee au rythme des enfants avec materiel simple.,"Maison de la Culture, Sousse, Tunisie",False,3.9,HIGH
HIVER,DECEMBER,2-6 ans,LOW,False,Sousse,ATELIER,INDOOR,Atelier expression artistique,Activite creatrice et sensorielle adaptee au rythme des enfants avec materiel simple.,"Complexe culturel de Sousse, Sousse, Tunisie",False,5.4,HIGH
HIVER,DECEMBER,2-6 ans,LOW,False,Sousse,ATELIER,INDOOR,Atelier contes et marionnettes,Activite creatrice et sensorielle adaptee au rythme des enfants avec materiel simple.,"Maison de la Culture, Sousse, Tunisie",False,3.0,HIGH
HIVER,JANUARY,2-3 ans,MEDIUM,False,Sousse,ATELIER,INDOOR,Atelier expression artistique,Activite creatrice et sensorielle adaptee au rythme des enfants avec materiel simple.,"Complexe culturel de Sousse, Sousse, Tunisie",False,9.6,HIGH
HIVER,JANUARY,2-3 ans,MEDIUM,False,Sousse,ATELIER,INDOOR,Atelier contes et marionnettes,Activite creatrice et sensorielle adaptee au rythme des enfants avec materiel simple.,"Maison de la Culture, Sousse, Tunisie",False,14.7,HIGH
HIVER,JANUARY,4-5 ans,MEDIUM,False,Sousse,ATELIER,INDOOR,Atelier expression artistique,Activite creatrice et sensorielle adaptee au rythme des enfants avec materiel simple.,"Complexe culturel de Sousse, Sousse, Tunisie",False,12.1,HIGH
HIVER,JANUARY,4-5 ans,LOW,False,Sousse,ATELIER,INDOOR,Atelier contes et marionnettes,Activite creatrice et sensorielle adaptee au rythme des enfants avec materiel simple.,"Maison de la Culture, Sousse, Tunisie",False,4.3,HIGH
HIVER,JANUARY,2-6 ans,MEDIUM,False,Sousse,ATELIER,INDOOR,Atelier expression artistique,Activite creatrice et sensorielle adaptee au rythme des enfants avec materiel simple.,"Complexe culturel de Sousse, Sousse, Tunisie",False,12.8,HIGH
HIVER,JANUARY,2-6 ans,LOW,False,Sousse,ATELIER,INDOOR,Atelier contes et marionnettes,Activite creatrice et sensorielle adaptee au rythme des enfants avec materiel simple.,"Maison de la Culture, Sousse, Tunisie",False,6.3,HIGH
HIVER,FEBRUARY,2-3 ans,MEDIUM,False,Sousse,ATELIER,INDOOR,Atelier expression artistique,Activite creatrice et sensorielle adaptee au rythme des enfants avec materiel simple.,"Complexe culturel de Sousse, Sousse, Tunisie",False,10.1,HIGH
HIVER,FEBRUARY,2-3 ans,MEDIUM,False,Sousse,ATELIER,INDOOR,Atelier contes et marionnettes,Activite creatrice et sensorielle adaptee au rythme des enfants avec materiel simple.,"Maison de la Culture, Sousse, Tunisie",False,12.8,HIGH
HIVER,FEBRUARY,4-5 ans,MEDIUM,False,Sousse,ATELIER,INDOOR,Atelier expression artistique,Activite creatrice et sensorielle adaptee au rythme des enfants avec materiel simple.,"Complexe culturel de Sousse, Sousse, Tunisie",False,12.8,HIGH
HIVER,FEBRUARY,4-5 ans,MEDIUM,False,Sousse,ATELIER,INDOOR,Atelier contes et marionnettes,Activite creatrice et sensorielle adaptee au rythme des enfants avec materiel simple.,"Maison de la Culture, Sousse, Tunisie",False,10.6,HIGH
HIVER,FEBRUARY,2-6 ans,LOW,False,Sousse,ATELIER,INDOOR,Atelier expression artistique,Activite creatrice et sensorielle adaptee au rythme des enfants avec materiel simple.,"Complexe culturel de Sousse, Sousse, Tunisie",False,4.1,HIGH
HIVER,FEBRUARY,2-6 ans,LOW,False,Sousse,ATELIER,INDOOR,Atelier contes et marionnettes,Activite creatrice et sensorielle adaptee au rythme des enfants avec materiel simple.,"Maison de la Culture, Sousse, Tunisie",False,5.4,HIGH
PRINTEMPS,MARCH,2-3 ans,MEDIUM,True,Sousse,ACTIVITE,OUTDOOR,Jeux collectifs au parc,Jeux collectifs et parcours moteurs dans un cadre securise et adapte.,"Parc Hannibal, Sousse, Tunisie",False,11.5,HIGH
PRINTEMPS,MARCH,2-3 ans,MEDIUM,True,Sousse,ACTIVITE,OUTDOOR,Activites sable et motricite,Jeux collectifs et parcours moteurs dans un cadre securise et adapte.,"Plage de Boujaafar, Sousse, Tunisie",False,9.5,HIGH
PRINTEMPS,MARCH,4-5 ans,MEDIUM,True,Sousse,ACTIVITE,OUTDOOR,Jeux collectifs au parc,Jeux collectifs et parcours moteurs dans un cadre securise et adapte.,"Parc Hannibal, Sousse, Tunisie",False,11.5,HIGH
PRINTEMPS,MARCH,4-5 ans,LOW,True,Sousse,ACTIVITE,OUTDOOR,Activites sable et motricite,Jeux collectifs et parcours moteurs dans un cadre securise et adapte.,"Plage de Boujaafar, Sousse, Tunisie",False,5.8,HIGH
PRINTEMPS,MARCH,2-6 ans,LOW,True,Sousse,ACTIVITE,OUTDOOR,Jeux collectifs au parc,Jeux collectifs et parcours moteurs dans un cadre securise et adapte.,"Parc Hannibal, Sousse, Tunisie",False,4.6,HIGH
PRINTEMPS,MARCH,2-6 ans,MEDIUM,True,Sousse,ACTIVITE,OUTDOOR,Activites sable et motricite,Jeux collectifs et parcours moteurs dans un cadre securise et adapte.,"Plage de Boujaafar, Sousse, Tunisie",False,7.5,HIGH
PRINTEMPS,APRIL,2-3 ans,LOW,True,Sousse,ACTIVITE,OUTDOOR,Jeux collectifs au parc,Jeux collectifs et parcours moteurs dans un cadre securise et adapte.,"Parc Hannibal, Sousse, Tunisie",False,2.3,HIGH
PRINTEMPS,APRIL,2-3 ans,LOW,True,Sousse,ACTIVITE,OUTDOOR,Activites sable et motricite,Jeux collectifs et parcours moteurs dans un cadre securise et adapte.,"Plage de Boujaafar, Sousse, Tunisie",False,4.9,HIGH
PRINTEMPS,APRIL,4-5 ans,LOW,True,Sousse,ACTIVITE,OUTDOOR,Jeux collectifs au parc,Jeux collectifs et parcours moteurs dans un cadre securise et adapte.,"Parc Hannibal, Sousse, Tunisie",False,2.8,HIGH
PRINTEMPS,APRIL,4-5 ans,MEDIUM,True,Sousse,ACTIVITE,OUTDOOR,Activites sable et motricite,Jeux collectifs et parcours moteurs dans un cadre securise et adapte.,"Plage de Boujaafar, Sousse, Tunisie",False,7.7,HIGH
PRINTEMPS,APRIL,2-6 ans,LOW,True,Sousse,ACTIVITE,OUTDOOR,Jeux collectifs au parc,Jeux collectifs et parcours moteurs dans un cadre securise et adapte.,"Parc Hannibal, Sousse, Tunisie",False,5.6,HIGH
PRINTEMPS,APRIL,2-6 ans,MEDIUM,True,Sousse,ACTIVITE,OUTDOOR,Activites sable et motricite,Jeux collectifs et parcours moteurs dans un cadre securise et adapte.,"Plage de Boujaafar, Sousse, Tunisie",False,7.5,HIGH
PRINTEMPS,MAY,2-3 ans,MEDIUM,True,Sousse,ACTIVITE,OUTDOOR,Jeux collectifs au parc,Jeux collectifs et parcours moteurs dans un cadre securise et adapte.,"Parc Hannibal, Sousse, Tunisie",False,11.9,HIGH
PRINTEMPS,MAY,2-3 ans,MEDIUM,True,Sousse,ACTIVITE,OUTDOOR,Activites sable et motricite,Jeux collectifs et parcours moteurs dans un cadre securise et adapte.,"Plage de Boujaafar, Sousse, Tunisie",False,7.8,HIGH
PRINTEMPS,MAY,4-5 ans,MEDIUM,True,Sousse,ACTIVITE,OUTDOOR,Jeux collectifs au parc,Jeux collectifs et parcours moteurs dans un cadre securise et adapte.,"Parc Hannibal, Sousse, Tunisie",False,9.7,HIGH
PRINTEMPS,MAY,4-5 ans,LOW,True,Sousse,ACTIVITE,OUTDOOR,Activites sable et motricite,Jeux collectifs et parcours moteurs dans un cadre securise et adapte.,"Plage de Boujaafar, Sousse, Tunisie",False,4.8,HIGH
PRINTEMPS,MAY,2-6 ans,MEDIUM,True,Sousse,ACTIVITE,OUTDOOR,Jeux collectifs au parc,Jeux collectifs et parcours moteurs dans un cadre securise et adapte.,"Parc Hannibal, Sousse, Tunisie",False,11.3,HIGH
PRINTEMPS,MAY,2-6 ans,MEDIUM,True,Sousse,ACTIVITE,OUTDOOR,Activites sable et motricite,Jeux collectifs et parcours moteurs dans un cadre securise et adapte.,"Plage de Boujaafar, Sousse, Tunisie",False,8.5,HIGH
ETE,JUNE,2-3 ans,LOW,True,Sousse,ACTIVITE,OUTDOOR,Jeux collectifs au parc,Jeux collectifs et parcours moteurs dans un cadre securise et adapte.,"Parc Hannibal, Sousse, Tunisie",False,5.7,HIGH
ETE,JUNE,2-3 ans,LOW,True,Sousse,ACTIVITE,OUTDOOR,Activites sable et motricite,Jeux collectifs et parcours moteurs dans un cadre securise et adapte.,"Plage de Boujaafar, Sousse, Tunisie",False,2.2,HIGH
ETE,JUNE,4-5 ans,MEDIUM,True,Sousse,ACTIVITE,OUTDOOR,Jeux collectifs au parc,Jeux collectifs et parcours moteurs dans un cadre securise et adapte.,"Parc Hannibal, Sousse, Tunisie",False,11.2,HIGH
ETE,JUNE,4-5 ans,LOW,True,Sousse,ACTIVITE,OUTDOOR,Activites sable et motricite,Jeux collectifs et parcours moteurs dans un cadre securise et adapte.,"Plage de Boujaafar, Sousse, Tunisie",False,6.7,HIGH
ETE,JUNE,2-6 ans,LOW,True,Sousse,ACTIVITE,OUTDOOR,Jeux collectifs au parc,Jeux collectifs et parcours moteurs dans un cadre securise et adapte.,"Parc Hannibal, Sousse, Tunisie",False,6.9,HIGH
ETE,JUNE,2-6 ans,MEDIUM,True,Sousse,ACTIVITE,OUTDOOR,Activites sable et motricite,Jeux collectifs et parcours moteurs dans un cadre securise et adapte.,"Plage de Boujaafar, Sousse, Tunisie",False,7.2,HIGH
ETE,JULY,2-3 ans,MEDIUM,True,Sousse,ACTIVITE,OUTDOOR,Jeux collectifs au parc,Jeux collectifs et parcours moteurs dans un cadre securise et adapte.,"Parc Hannibal, Sousse, Tunisie",False,8.1,HIGH
ETE,JULY,2-3 ans,LOW,True,Sousse,ACTIVITE,OUTDOOR,Activites sable et motricite,Jeux collectifs et parcours moteurs dans un cadre securise et adapte.,"Plage de Boujaafar, Sousse, Tunisie",False,5.8,HIGH
ETE,JULY,4-5 ans,MEDIUM,True,Sousse,ACTIVITE,OUTDOOR,Jeux collectifs au parc,Jeux collectifs et parcours moteurs dans un cadre securise et adapte.,"Parc Hannibal, Sousse, Tunisie",False,9.2,HIGH
ETE,JULY,4-5 ans,MEDIUM,True,Sousse,ACTIVITE,OUTDOOR,Activites sable et motricite,Jeux collectifs et parcours moteurs dans un cadre securise et adapte.,"Plage de Boujaafar, Sousse, Tunisie",False,9.7,HIGH
ETE,JULY,2-6 ans,MEDIUM,True,Sousse,ACTIVITE,OUTDOOR,Jeux collectifs au parc,Jeux collectifs et parcours moteurs dans un cadre securise et adapte.,"Parc Hannibal, Sousse, Tunisie",False,9.3,HIGH
ETE,JULY,2-6 ans,LOW,True,Sousse,ACTIVITE,OUTDOOR,Activites sable et motricite,Jeux collectifs et parcours moteurs dans un cadre securise et adapte.,"Plage de Boujaafar, Sousse, Tunisie",False,5.3,HIGH
ETE,AUGUST,2-3 ans,MEDIUM,True,Sousse,ACTIVITE,OUTDOOR,Jeux collectifs au parc,Jeux collectifs et parcours moteurs dans un cadre securise et adapte.,"Parc Hannibal, Sousse, Tunisie",False,7.7,HIGH
ETE,AUGUST,2-3 ans,MEDIUM,True,Sousse,ACTIVITE,OUTDOOR,Activites sable et motricite,Jeux collectifs et parcours moteurs dans un cadre securise et adapte.,"Plage de Boujaafar, Sousse, Tunisie",False,10.2,HIGH
ETE,AUGUST,4-5 ans,LOW,True,Sousse,ACTIVITE,OUTDOOR,Jeux collectifs au parc,Jeux collectifs et parcours moteurs dans un cadre securise et adapte.,"Parc Hannibal, Sousse, Tunisie",False,6.2,HIGH
ETE,AUGUST,4-5 ans,LOW,True,Sousse,ACTIVITE,OUTDOOR,Activites sable et motricite,Jeux collectifs et parcours moteurs dans un cadre securise et adapte.,"Plage de Boujaafar, Sousse, Tunisie",False,6.9,HIGH
ETE,AUGUST,2-6 ans,MEDIUM,True,Sousse,ACTIVITE,OUTDOOR,Jeux collectifs au parc,Jeux collectifs et parcours moteurs dans un cadre securise et adapte.,"Parc Hannibal, Sousse, Tunisie",False,11.0,HIGH
ETE,AUGUST,2-6 ans,MEDIUM,True,Sousse,ACTIVITE,OUTDOOR,Activites sable et motricite,Jeux collectifs et parcours moteurs dans un cadre securise et adapte.,"Plage de Boujaafar, Sousse, Tunisie",False,10.2,HIGH
AUTOMNE,SEPTEMBER,2-3 ans,LOW,True,Sousse,ACTIVITE,OUTDOOR,Jeux collectifs au parc,Jeux collectifs et parcours moteurs dans un cadre securise et adapte.,"Parc Hannibal, Sousse, Tunisie",False,3.2,HIGH
AUTOMNE,SEPTEMBER,2-3 ans,MEDIUM,True,Sousse,ACTIVITE,OUTDOOR,Activites sable et motricite,Jeux collectifs et parcours moteurs dans un cadre securise et adapte.,"Plage de Boujaafar, Sousse, Tunisie",False,7.9,HIGH
AUTOMNE,SEPTEMBER,4-5 ans,LOW,True,Sousse,ACTIVITE,OUTDOOR,Jeux collectifs au parc,Jeux collectifs et parcours moteurs dans un cadre securise et adapte.,"Parc Hannibal, Sousse, Tunisie",False,6.7,HIGH
AUTOMNE,SEPTEMBER,4-5 ans,LOW,True,Sousse,ACTIVITE,OUTDOOR,Activites sable et motricite,Jeux collectifs et parcours moteurs dans un cadre securise et adapte.,"Plage de Boujaafar, Sousse, Tunisie",False,2.2,HIGH
AUTOMNE,SEPTEMBER,2-6 ans,MEDIUM,True,Sousse,ACTIVITE,OUTDOOR,Jeux collectifs au parc,Jeux collectifs et parcours moteurs dans un cadre securise et adapte.,"Parc Hannibal, Sousse, Tunisie",False,10.7,HIGH
AUTOMNE,SEPTEMBER,2-6 ans,LOW,True,Sousse,ACTIVITE,OUTDOOR,Activites sable et motricite,Jeux collectifs et parcours moteurs dans un cadre securise et adapte.,"Plage de Boujaafar, Sousse, Tunisie",False,3.2,HIGH
AUTOMNE,OCTOBER,2-3 ans,LOW,True,Sousse,ACTIVITE,OUTDOOR,Jeux collectifs au parc,Jeux collectifs et parcours moteurs dans un cadre securise et adapte.,"Parc Hannibal, Sousse, Tunisie",False,2.5,HIGH
AUTOMNE,OCTOBER,2-3 ans,LOW,True,Sousse,ACTIVITE,OUTDOOR,Activites sable et motricite,Jeux collectifs et parcours moteurs dans un cadre securise et adapte.,"Plage de Boujaafar, Sousse, Tunisie",False,4.2,HIGH
AUTOMNE,OCTOBER,4-5 ans,LOW,True,Sousse,ACTIVITE,OUTDOOR,Jeux collectifs au parc,Jeux collectifs et parcours moteurs dans un cadre securise et adapte.,"Parc Hannibal, Sousse, Tunisie",False,3.2,HIGH
AUTOMNE,OCTOBER,4-5 ans,LOW,True,Sousse,ACTIVITE,OUTDOOR,Activites sable et motricite,Jeux collectifs et parcours moteurs dans un cadre securise et adapte.,"Plage de Boujaafar, Sousse, Tunisie",False,4.0,HIGH
AUTOMNE,OCTOBER,2-6 ans,LOW,True,Sousse,ACTIVITE,OUTDOOR,Jeux collectifs au parc,Jeux collectifs et parcours moteurs dans un cadre securise et adapte.,"Parc Hannibal, Sousse, Tunisie",False,4.7,HIGH
AUTOMNE,OCTOBER,2-6 ans,LOW,True,Sousse,ACTIVITE,OUTDOOR,Activites sable et motricite,Jeux collectifs et parcours moteurs dans un cadre securise et adapte.,"Plage de Boujaafar, Sousse, Tunisie",False,2.7,HIGH
AUTOMNE,NOVEMBER,2-3 ans,MEDIUM,True,Sousse,ACTIVITE,OUTDOOR,Jeux collectifs au parc,Jeux collectifs et parcours moteurs dans un cadre securise et adapte.,"Parc Hannibal, Sousse, Tunisie",False,8.4,HIGH
AUTOMNE,NOVEMBER,2-3 ans,MEDIUM,True,Sousse,ACTIVITE,OUTDOOR,Activites sable et motricite,Jeux collectifs et parcours moteurs dans un cadre securise et adapte.,"Plage de Boujaafar, Sousse, Tunisie",False,10.5,HIGH
AUTOMNE,NOVEMBER,4-5 ans,MEDIUM,True,Sousse,ACTIVITE,OUTDOOR,Jeux collectifs au parc,Jeux collectifs et parcours moteurs dans un cadre securise et adapte.,"Parc Hannibal, Sousse, Tunisie",False,8.4,HIGH
AUTOMNE,NOVEMBER,4-5 ans,LOW,True,Sousse,ACTIVITE,OUTDOOR,Activites sable et motricite,Jeux collectifs et parcours moteurs dans un cadre securise et adapte.,"Plage de Boujaafar, Sousse, Tunisie",False,6.9,HIGH
AUTOMNE,NOVEMBER,2-6 ans,LOW,True,Sousse,ACTIVITE,OUTDOOR,Jeux collectifs au parc,Jeux collectifs et parcours moteurs dans un cadre securise et adapte.,"Parc Hannibal, Sousse, Tunisie",False,4.1,HIGH
AUTOMNE,NOVEMBER,2-6 ans,MEDIUM,True,Sousse,ACTIVITE,OUTDOOR,Activites sable et motricite,Jeux collectifs et parcours moteurs dans un cadre securise et adapte.,"Plage de Boujaafar, Sousse, Tunisie",False,7.4,HIGH
HIVER,DECEMBER,2-3 ans,LOW,True,Sousse,ACTIVITE,OUTDOOR,Jeux collectifs au parc,Jeux collectifs et parcours moteurs dans un cadre securise et adapte.,"Parc Hannibal, Sousse, Tunisie",False,5.1,HIGH
HIVER,DECEMBER,4-5 ans,MEDIUM,True,Sousse,ACTIVITE,OUTDOOR,Jeux collectifs au parc,Jeux collectifs et parcours moteurs dans un cadre securise et adapte.,"Parc Hannibal, Sousse, Tunisie",False,10.3,HIGH
HIVER,DECEMBER,2-6 ans,LOW,True,Sousse,ACTIVITE,OUTDOOR,Jeux collectifs au parc,Jeux collectifs et parcours moteurs dans un cadre securise et adapte.,"Parc Hannibal, Sousse, Tunisie",False,6.9,HIGH
HIVER,JANUARY,2-3 ans,MEDIUM,True,Sousse,ACTIVITE,OUTDOOR,Jeux collectifs au parc,Jeux collectifs et parcours moteurs dans un cadre securise et adapte.,"Parc Hannibal, Sousse, Tunisie",False,11.7,HIGH
HIVER,JANUARY,4-5 ans,MEDIUM,True,Sousse,ACTIVITE,OUTDOOR,Jeux collectifs au parc,Jeux collectifs et parcours moteurs dans un cadre securise et adapte.,"Parc Hannibal, Sousse, Tunisie",False,11.2,HIGH
HIVER,JANUARY,2-6 ans,MEDIUM,True,Sousse,ACTIVITE,OUTDOOR,Jeux collectifs au parc,Jeux collectifs et parcours moteurs dans un cadre securise et adapte.,"Parc Hannibal, Sousse, Tunisie",False,7.9,HIGH
HIVER,FEBRUARY,2-3 ans,MEDIUM,True,Sousse,ACTIVITE,OUTDOOR,Jeux collectifs au parc,Jeux collectifs et parcours moteurs dans un cadre securise et adapte.,"Parc Hannibal, Sousse, Tunisie",False,8.1,HIGH
HIVER,FEBRUARY,4-5 ans,MEDIUM,True,Sousse,ACTIVITE,OUTDOOR,Jeux collectifs au parc,Jeux collectifs et parcours moteurs dans un cadre securise et adapte.,"Parc Hannibal, Sousse, Tunisie",False,8.4,HIGH
HIVER,FEBRUARY,2-6 ans,LOW,True,Sousse,ACTIVITE,OUTDOOR,Jeux collectifs au parc,Jeux collectifs et parcours moteurs dans un cadre securise et adapte.,"Parc Hannibal, Sousse, Tunisie",False,3.5,HIGH
PRINTEMPS,MARCH,2-3 ans,LOW,False,Sousse,FETE,INDOOR,Fete saisonniere au parc,"Moment festif avec animations douces, musique, decoration et gouter encadre.","Parc Hannibal, Sousse, Tunisie",False,9.0,HIGH
PRINTEMPS,MARCH,2-3 ans,LOW,False,Sousse,FETE,INDOOR,Fete musicale en interieur,"Moment festif avec animations douces, musique, decoration et gouter encadre.","Maison de la Culture, Sousse, Tunisie",False,7.8,HIGH
PRINTEMPS,MARCH,4-5 ans,MEDIUM,False,Sousse,FETE,INDOOR,Fete saisonniere au parc,"Moment festif avec animations douces, musique, decoration et gouter encadre.","Parc Hannibal, Sousse, Tunisie",False,14.5,HIGH
PRINTEMPS,MARCH,4-5 ans,LOW,False,Sousse,FETE,INDOOR,Fete musicale en interieur,"Moment festif avec animations douces, musique, decoration et gouter encadre.","Maison de la Culture, Sousse, Tunisie",False,6.9,HIGH
PRINTEMPS,MARCH,2-6 ans,MEDIUM,False,Sousse,FETE,INDOOR,Fete saisonniere au parc,"Moment festif avec animations douces, musique, decoration et gouter encadre.","Parc Hannibal, Sousse, Tunisie",False,11.6,HIGH
PRINTEMPS,MARCH,2-6 ans,LOW,False,Sousse,FETE,INDOOR,Fete musicale en interieur,"Moment festif avec animations douces, musique, decoration et gouter encadre.","Maison de la Culture, Sousse, Tunisie",False,9.6,HIGH
PRINTEMPS,APRIL,2-3 ans,MEDIUM,False,Sousse,FETE,INDOOR,Fete saisonniere au parc,"Moment festif avec animations douces, musique, decoration et gouter encadre.","Parc Hannibal, Sousse, Tunisie",False,10.7,HIGH
PRINTEMPS,APRIL,2-3 ans,LOW,False,Sousse,FETE,INDOOR,Fete musicale en interieur,"Moment festif avec animations douces, musique, decoration et gouter encadre.","Maison de la Culture, Sousse, Tunisie",False,5.3,HIGH
PRINTEMPS,APRIL,4-5 ans,MEDIUM,False,Sousse,FETE,INDOOR,Fete saisonniere au parc,"Moment festif avec animations douces, musique, decoration et gouter encadre.","Parc Hannibal, Sousse, Tunisie",False,15.4,HIGH
PRINTEMPS,APRIL,4-5 ans,LOW,False,Sousse,FETE,INDOOR,Fete musicale en interieur,"Moment festif avec animations douces, musique, decoration et gouter encadre.","Maison de la Culture, Sousse, Tunisie",False,9.4,HIGH
PRINTEMPS,APRIL,2-6 ans,LOW,False,Sousse,FETE,INDOOR,Fete saisonniere au parc,"Moment festif avec animations douces, musique, decoration et gouter encadre.","Parc Hannibal, Sousse, Tunisie",False,9.0,HIGH
PRINTEMPS,APRIL,2-6 ans,LOW,False,Sousse,FETE,INDOOR,Fete musicale en interieur,"Moment festif avec animations douces, musique, decoration et gouter encadre.","Maison de la Culture, Sousse, Tunisie",False,7.4,HIGH
PRINTEMPS,MAY,2-3 ans,MEDIUM,False,Sousse,FETE,INDOOR,Fete saisonniere au parc,"Moment festif avec animations douces, musique, decoration et gouter encadre.","Parc Hannibal, Sousse, Tunisie",False,12.4,HIGH
PRINTEMPS,MAY,2-3 ans,LOW,False,Sousse,FETE,INDOOR,Fete musicale en interieur,"Moment festif avec animations douces, musique, decoration et gouter encadre.","Maison de la Culture, Sousse, Tunisie",False,6.1,HIGH
PRINTEMPS,MAY,4-5 ans,LOW,False,Sousse,FETE,INDOOR,Fete saisonniere au parc,"Moment festif avec animations douces, musique, decoration et gouter encadre.","Parc Hannibal, Sousse, Tunisie",False,9.8,HIGH
PRINTEMPS,MAY,4-5 ans,LOW,False,Sousse,FETE,INDOOR,Fete musicale en interieur,"Moment festif avec animations douces, musique, decoration et gouter encadre.","Maison de la Culture, Sousse, Tunisie",False,8.7,HIGH
PRINTEMPS,MAY,2-6 ans,MEDIUM,False,Sousse,FETE,INDOOR,Fete saisonniere au parc,"Moment festif avec animations douces, musique, decoration et gouter encadre.","Parc Hannibal, Sousse, Tunisie",False,17.3,HIGH
PRINTEMPS,MAY,2-6 ans,LOW,False,Sousse,FETE,INDOOR,Fete musicale en interieur,"Moment festif avec animations douces, musique, decoration et gouter encadre.","Maison de la Culture, Sousse, Tunisie",False,7.0,HIGH
ETE,JUNE,2-3 ans,LOW,False,Sousse,FETE,INDOOR,Fete saisonniere au parc,"Moment festif avec animations douces, musique, decoration et gouter encadre.","Parc Hannibal, Sousse, Tunisie",False,7.8,HIGH
ETE,JUNE,2-3 ans,MEDIUM,False,Sousse,FETE,INDOOR,Fete musicale en interieur,"Moment festif avec animations douces, musique, decoration et gouter encadre.","Maison de la Culture, Sousse, Tunisie",False,13.0,HIGH
ETE,JUNE,4-5 ans,MEDIUM,False,Sousse,FETE,INDOOR,Fete saisonniere au parc,"Moment festif avec animations douces, musique, decoration et gouter encadre.","Parc Hannibal, Sousse, Tunisie",False,12.5,HIGH
ETE,JUNE,4-5 ans,MEDIUM,False,Sousse,FETE,INDOOR,Fete musicale en interieur,"Moment festif avec animations douces, musique, decoration et gouter encadre.","Maison de la Culture, Sousse, Tunisie",False,14.1,HIGH
ETE,JUNE,2-6 ans,MEDIUM,False,Sousse,FETE,INDOOR,Fete saisonniere au parc,"Moment festif avec animations douces, musique, decoration et gouter encadre.","Parc Hannibal, Sousse, Tunisie",False,13.7,HIGH
ETE,JUNE,2-6 ans,MEDIUM,False,Sousse,FETE,INDOOR,Fete musicale en interieur,"Moment festif avec animations douces, musique, decoration et gouter encadre.","Maison de la Culture, Sousse, Tunisie",False,16.1,HIGH
ETE,JULY,2-3 ans,MEDIUM,False,Sousse,FETE,INDOOR,Fete saisonniere au parc,"Moment festif avec animations douces, musique, decoration et gouter encadre.","Parc Hannibal, Sousse, Tunisie",False,17.3,HIGH
ETE,JULY,2-3 ans,MEDIUM,False,Sousse,FETE,INDOOR,Fete musicale en interieur,"Moment festif avec animations douces, musique, decoration et gouter encadre.","Maison de la Culture, Sousse, Tunisie",False,12.5,HIGH
ETE,JULY,4-5 ans,LOW,False,Sousse,FETE,INDOOR,Fete saisonniere au parc,"Moment festif avec animations douces, musique, decoration et gouter encadre.","Parc Hannibal, Sousse, Tunisie",False,7.8,HIGH
ETE,JULY,4-5 ans,LOW,False,Sousse,FETE,INDOOR,Fete musicale en interieur,"Moment festif avec animations douces, musique, decoration et gouter encadre.","Maison de la Culture, Sousse, Tunisie",False,8.7,HIGH
ETE,JULY,2-6 ans,LOW,False,Sousse,FETE,INDOOR,Fete saisonniere au parc,"Moment festif avec animations douces, musique, decoration et gouter encadre.","Parc Hannibal, Sousse, Tunisie",False,6.3,HIGH
ETE,JULY,2-6 ans,MEDIUM,False,Sousse,FETE,INDOOR,Fete musicale en interieur,"Moment festif avec animations douces, musique, decoration et gouter encadre.","Maison de la Culture, Sousse, Tunisie",False,12.4,HIGH
ETE,AUGUST,2-3 ans,LOW,False,Sousse,FETE,INDOOR,Fete saisonniere au parc,"Moment festif avec animations douces, musique, decoration et gouter encadre.","Parc Hannibal, Sousse, Tunisie",False,6.6,HIGH
ETE,AUGUST,2-3 ans,MEDIUM,False,Sousse,FETE,INDOOR,Fete musicale en interieur,"Moment festif avec animations douces, musique, decoration et gouter encadre.","Maison de la Culture, Sousse, Tunisie",False,14.6,HIGH
ETE,AUGUST,4-5 ans,LOW,False,Sousse,FETE,INDOOR,Fete saisonniere au parc,"Moment festif avec animations douces, musique, decoration et gouter encadre.","Parc Hannibal, Sousse, Tunisie",False,7.5,HIGH
ETE,AUGUST,4-5 ans,MEDIUM,False,Sousse,FETE,INDOOR,Fete musicale en interieur,"Moment festif avec animations douces, musique, decoration et gouter encadre.","Maison de la Culture, Sousse, Tunisie",False,12.1,HIGH
ETE,AUGUST,2-6 ans,MEDIUM,False,Sousse,FETE,INDOOR,Fete saisonniere au parc,"Moment festif avec animations douces, musique, decoration et gouter encadre.","Parc Hannibal, Sousse, Tunisie",False,17.7,HIGH
ETE,AUGUST,2-6 ans,MEDIUM,False,Sousse,FETE,INDOOR,Fete musicale en interieur,"Moment festif avec animations douces, musique, decoration et gouter encadre.","Maison de la Culture, Sousse, Tunisie",False,13.7,HIGH
AUTOMNE,SEPTEMBER,2-3 ans,MEDIUM,False,Sousse,FETE,INDOOR,Fete saisonniere au parc,"Moment festif avec animations douces, musique, decoration et gouter encadre.","Parc Hannibal, Sousse, Tunisie",False,11.4,HIGH
AUTOMNE,SEPTEMBER,2-3 ans,MEDIUM,False,Sousse,FETE,INDOOR,Fete musicale en interieur,"Moment festif avec animations douces, musique, decoration et gouter encadre.","Maison de la Culture, Sousse, Tunisie",False,11.5,HIGH
AUTOMNE,SEPTEMBER,4-5 ans,LOW,False,Sousse,FETE,INDOOR,Fete saisonniere au parc,"Moment festif avec animations douces, musique, decoration et gouter encadre.","Parc Hannibal, Sousse, Tunisie",False,7.6,HIGH
AUTOMNE,SEPTEMBER,4-5 ans,LOW,False,Sousse,FETE,INDOOR,Fete musicale en interieur,"Moment festif avec animations douces, musique, decoration et gouter encadre.","Maison de la Culture, Sousse, Tunisie",False,9.7,HIGH
AUTOMNE,SEPTEMBER,2-6 ans,LOW,False,Sousse,FETE,INDOOR,Fete saisonniere au parc,"Moment festif avec animations douces, musique, decoration et gouter encadre.","Parc Hannibal, Sousse, Tunisie",False,8.8,HIGH
AUTOMNE,SEPTEMBER,2-6 ans,MEDIUM,False,Sousse,FETE,INDOOR,Fete musicale en interieur,"Moment festif avec animations douces, musique, decoration et gouter encadre.","Maison de la Culture, Sousse, Tunisie",False,11.1,HIGH
AUTOMNE,OCTOBER,2-3 ans,LOW,False,Sousse,FETE,INDOOR,Fete saisonniere au parc,"Moment festif avec animations douces, musique, decoration et gouter encadre.","Parc Hannibal, Sousse, Tunisie",False,5.3,HIGH
AUTOMNE,OCTOBER,2-3 ans,LOW,False,Sousse,FETE,INDOOR,Fete musicale en interieur,"Moment festif avec animations douces, musique, decoration et gouter encadre.","Maison de la Culture, Sousse, Tunisie",False,5.0,HIGH
AUTOMNE,OCTOBER,4-5 ans,MEDIUM,False,Sousse,FETE,INDOOR,Fete saisonniere au parc,"Moment festif avec animations douces, musique, decoration et gouter encadre.","Parc Hannibal, Sousse, Tunisie",False,13.0,HIGH
AUTOMNE,OCTOBER,4-5 ans,MEDIUM,False,Sousse,FETE,INDOOR,Fete musicale en interieur,"Moment festif avec animations douces, musique, decoration et gouter encadre.","Maison de la Culture, Sousse, Tunisie",False,15.3,HIGH
AUTOMNE,OCTOBER,2-6 ans,LOW,False,Sousse,FETE,INDOOR,Fete saisonniere au parc,"Moment festif avec animations douces, musique, decoration et gouter encadre.","Parc Hannibal, Sousse, Tunisie",False,5.0,HIGH
AUTOMNE,OCTOBER,2-6 ans,MEDIUM,False,Sousse,FETE,INDOOR,Fete musicale en interieur,"Moment festif avec animations douces, musique, decoration et gouter encadre.","Maison de la Culture, Sousse, Tunisie",False,10.1,HIGH
AUTOMNE,NOVEMBER,2-3 ans,MEDIUM,False,Sousse,FETE,INDOOR,Fete saisonniere au parc,"Moment festif avec animations douces, musique, decoration et gouter encadre.","Parc Hannibal, Sousse, Tunisie",False,14.3,HIGH
AUTOMNE,NOVEMBER,2-3 ans,MEDIUM,False,Sousse,FETE,INDOOR,Fete musicale en interieur,"Moment festif avec animations douces, musique, decoration et gouter encadre.","Maison de la Culture, Sousse, Tunisie",False,10.1,HIGH
AUTOMNE,NOVEMBER,4-5 ans,MEDIUM,False,Sousse,FETE,INDOOR,Fete saisonniere au parc,"Moment festif avec animations douces, musique, decoration et gouter encadre.","Parc Hannibal, Sousse, Tunisie",False,16.4,HIGH
AUTOMNE,NOVEMBER,4-5 ans,LOW,False,Sousse,FETE,INDOOR,Fete musicale en interieur,"Moment festif avec animations douces, musique, decoration et gouter encadre.","Maison de la Culture, Sousse, Tunisie",False,5.5,HIGH
AUTOMNE,NOVEMBER,2-6 ans,LOW,False,Sousse,FETE,INDOOR,Fete saisonniere au parc,"Moment festif avec animations douces, musique, decoration et gouter encadre.","Parc Hannibal, Sousse, Tunisie",False,7.6,HIGH
AUTOMNE,NOVEMBER,2-6 ans,LOW,False,Sousse,FETE,INDOOR,Fete musicale en interieur,"Moment festif avec animations douces, musique, decoration et gouter encadre.","Maison de la Culture, Sousse, Tunisie",False,6.0,HIGH
HIVER,DECEMBER,2-3 ans,MEDIUM,False,Sousse,FETE,INDOOR,Fete saisonniere au parc,"Moment festif avec animations douces, musique, decoration et gouter encadre.","Parc Hannibal, Sousse, Tunisie",False,16.5,HIGH
HIVER,DECEMBER,2-3 ans,MEDIUM,False,Sousse,FETE,INDOOR,Fete musicale en interieur,"Moment festif avec animations douces, musique, decoration et gouter encadre.","Maison de la Culture, Sousse, Tunisie",False,16.4,HIGH
HIVER,DECEMBER,4-5 ans,LOW,False,Sousse,FETE,INDOOR,Fete saisonniere au parc,"Moment festif avec animations douces, musique, decoration et gouter encadre.","Parc Hannibal, Sousse, Tunisie",False,6.9,HIGH
HIVER,DECEMBER,4-5 ans,MEDIUM,False,Sousse,FETE,INDOOR,Fete musicale en interieur,"Moment festif avec animations douces, musique, decoration et gouter encadre.","Maison de la Culture, Sousse, Tunisie",False,13.7,HIGH
HIVER,DECEMBER,2-6 ans,LOW,False,Sousse,FETE,INDOOR,Fete saisonniere au parc,"Moment festif avec animations douces, musique, decoration et gouter encadre.","Parc Hannibal, Sousse, Tunisie",False,10.0,HIGH
HIVER,DECEMBER,2-6 ans,LOW,False,Sousse,FETE,INDOOR,Fete musicale en interieur,"Moment festif avec animations douces, musique, decoration et gouter encadre.","Maison de la Culture, Sousse, Tunisie",False,6.5,HIGH
HIVER,JANUARY,2-3 ans,LOW,False,Sousse,FETE,INDOOR,Fete saisonniere au parc,"Moment festif avec animations douces, musique, decoration et gouter encadre.","Parc Hannibal, Sousse, Tunisie",False,8.3,HIGH
HIVER,JANUARY,2-3 ans,LOW,False,Sousse,FETE,INDOOR,Fete musicale en interieur,"Moment festif avec animations douces, musique, decoration et gouter encadre.","Maison de la Culture, Sousse, Tunisie",False,5.5,HIGH
HIVER,JANUARY,4-5 ans,MEDIUM,False,Sousse,FETE,INDOOR,Fete saisonniere au parc,"Moment festif avec animations douces, musique, decoration et gouter encadre.","Parc Hannibal, Sousse, Tunisie",False,13.0,HIGH
HIVER,JANUARY,4-5 ans,MEDIUM,False,Sousse,FETE,INDOOR,Fete musicale en interieur,"Moment festif avec animations douces, musique, decoration et gouter encadre.","Maison de la Culture, Sousse, Tunisie",False,10.4,HIGH
HIVER,JANUARY,2-6 ans,LOW,False,Sousse,FETE,INDOOR,Fete saisonniere au parc,"Moment festif avec animations douces, musique, decoration et gouter encadre.","Parc Hannibal, Sousse, Tunisie",False,8.5,HIGH
HIVER,JANUARY,2-6 ans,LOW,False,Sousse,FETE,INDOOR,Fete musicale en interieur,"Moment festif avec animations douces, musique, decoration et gouter encadre.","Maison de la Culture, Sousse, Tunisie",False,7.5,HIGH
HIVER,FEBRUARY,2-3 ans,MEDIUM,False,Sousse,FETE,INDOOR,Fete saisonniere au parc,"Moment festif avec animations douces, musique, decoration et gouter encadre.","Parc Hannibal, Sousse, Tunisie",False,15.2,HIGH
HIVER,FEBRUARY,2-3 ans,MEDIUM,False,Sousse,FETE,INDOOR,Fete musicale en interieur,"Moment festif avec animations douces, musique, decoration et gouter encadre.","Maison de la Culture, Sousse, Tunisie",False,14.5,HIGH
HIVER,FEBRUARY,4-5 ans,LOW,False,Sousse,FETE,INDOOR,Fete saisonniere au parc,"Moment festif avec animations douces, musique, decoration et gouter encadre.","Parc Hannibal, Sousse, Tunisie",False,9.5,HIGH
HIVER,FEBRUARY,4-5 ans,LOW,False,Sousse,FETE,INDOOR,Fete musicale en interieur,"Moment festif avec animations douces, musique, decoration et gouter encadre.","Maison de la Culture, Sousse, Tunisie",False,6.1,HIGH
HIVER,FEBRUARY,2-6 ans,MEDIUM,False,Sousse,FETE,INDOOR,Fete saisonniere au parc,"Moment festif avec animations douces, musique, decoration et gouter encadre.","Parc Hannibal, Sousse, Tunisie",False,12.2,HIGH
HIVER,FEBRUARY,2-6 ans,LOW,False,Sousse,FETE,INDOOR,Fete musicale en interieur,"Moment festif avec animations douces, musique, decoration et gouter encadre.","Maison de la Culture, Sousse, Tunisie",False,8.4,HIGH
PRINTEMPS,MARCH,2-3 ans,MEDIUM,False,Sousse,REUNION_PARENTS,INDOOR,Reunion pedagogique parents,Rencontre d information et d echange avec les familles dans un cadre confortable.,"Maison de la Culture, Sousse, Tunisie",False,7.5,HIGH
PRINTEMPS,MARCH,4-5 ans,LOW,False,Sousse,REUNION_PARENTS,INDOOR,Reunion pedagogique parents,Rencontre d information et d echange avec les familles dans un cadre confortable.,"Maison de la Culture, Sousse, Tunisie",False,0.5,HIGH
PRINTEMPS,MARCH,2-6 ans,MEDIUM,False,Sousse,REUNION_PARENTS,INDOOR,Reunion pedagogique parents,Rencontre d information et d echange avec les familles dans un cadre confortable.,"Maison de la Culture, Sousse, Tunisie",False,3.1,HIGH
PRINTEMPS,APRIL,2-3 ans,LOW,False,Sousse,REUNION_PARENTS,INDOOR,Reunion pedagogique parents,Rencontre d information et d echange avec les familles dans un cadre confortable.,"Maison de la Culture, Sousse, Tunisie",False,1.8,HIGH
PRINTEMPS,APRIL,4-5 ans,MEDIUM,False,Sousse,REUNION_PARENTS,INDOOR,Reunion pedagogique parents,Rencontre d information et d echange avec les familles dans un cadre confortable.,"Maison de la Culture, Sousse, Tunisie",False,7.6,HIGH
PRINTEMPS,APRIL,2-6 ans,MEDIUM,False,Sousse,REUNION_PARENTS,INDOOR,Reunion pedagogique parents,Rencontre d information et d echange avec les familles dans un cadre confortable.,"Maison de la Culture, Sousse, Tunisie",False,3.8,HIGH
PRINTEMPS,MAY,2-3 ans,LOW,False,Sousse,REUNION_PARENTS,INDOOR,Reunion pedagogique parents,Rencontre d information et d echange avec les familles dans un cadre confortable.,"Maison de la Culture, Sousse, Tunisie",False,1.7,HIGH
PRINTEMPS,MAY,4-5 ans,MEDIUM,False,Sousse,REUNION_PARENTS,INDOOR,Reunion pedagogique parents,Rencontre d information et d echange avec les familles dans un cadre confortable.,"Maison de la Culture, Sousse, Tunisie",False,6.4,HIGH
PRINTEMPS,MAY,2-6 ans,MEDIUM,False,Sousse,REUNION_PARENTS,INDOOR,Reunion pedagogique parents,Rencontre d information et d echange avec les familles dans un cadre confortable.,"Maison de la Culture, Sousse, Tunisie",False,4.9,HIGH
ETE,JUNE,2-3 ans,LOW,False,Sousse,REUNION_PARENTS,INDOOR,Reunion pedagogique parents,Rencontre d information et d echange avec les familles dans un cadre confortable.,"Maison de la Culture, Sousse, Tunisie",False,2.4,HIGH
ETE,JUNE,4-5 ans,LOW,False,Sousse,REUNION_PARENTS,INDOOR,Reunion pedagogique parents,Rencontre d information et d echange avec les familles dans un cadre confortable.,"Maison de la Culture, Sousse, Tunisie",False,1.5,HIGH
ETE,JUNE,2-6 ans,MEDIUM,False,Sousse,REUNION_PARENTS,INDOOR,Reunion pedagogique parents,Rencontre d information et d echange avec les familles dans un cadre confortable.,"Maison de la Culture, Sousse, Tunisie",False,3.3,HIGH
ETE,JULY,2-3 ans,MEDIUM,False,Sousse,REUNION_PARENTS,INDOOR,Reunion pedagogique parents,Rencontre d information et d echange avec les familles dans un cadre confortable.,"Maison de la Culture, Sousse, Tunisie",False,4.2,HIGH
ETE,JULY,4-5 ans,LOW,False,Sousse,REUNION_PARENTS,INDOOR,Reunion pedagogique parents,Rencontre d information et d echange avec les familles dans un cadre confortable.,"Maison de la Culture, Sousse, Tunisie",False,1.0,HIGH
ETE,JULY,2-6 ans,MEDIUM,False,Sousse,REUNION_PARENTS,INDOOR,Reunion pedagogique parents,Rencontre d information et d echange avec les familles dans un cadre confortable.,"Maison de la Culture, Sousse, Tunisie",False,7.8,HIGH
ETE,AUGUST,2-3 ans,MEDIUM,False,Sousse,REUNION_PARENTS,INDOOR,Reunion pedagogique parents,Rencontre d information et d echange avec les familles dans un cadre confortable.,"Maison de la Culture, Sousse, Tunisie",False,3.1,HIGH
ETE,AUGUST,4-5 ans,MEDIUM,False,Sousse,REUNION_PARENTS,INDOOR,Reunion pedagogique parents,Rencontre d information et d echange avec les familles dans un cadre confortable.,"Maison de la Culture, Sousse, Tunisie",False,6.9,HIGH
ETE,AUGUST,2-6 ans,MEDIUM,False,Sousse,REUNION_PARENTS,INDOOR,Reunion pedagogique parents,Rencontre d information et d echange avec les familles dans un cadre confortable.,"Maison de la Culture, Sousse, Tunisie",False,5.5,HIGH
AUTOMNE,SEPTEMBER,2-3 ans,MEDIUM,False,Sousse,REUNION_PARENTS,INDOOR,Reunion pedagogique parents,Rencontre d information et d echange avec les familles dans un cadre confortable.,"Maison de la Culture, Sousse, Tunisie",False,5.8,HIGH
AUTOMNE,SEPTEMBER,4-5 ans,MEDIUM,False,Sousse,REUNION_PARENTS,INDOOR,Reunion pedagogique parents,Rencontre d information et d echange avec les familles dans un cadre confortable.,"Maison de la Culture, Sousse, Tunisie",False,5.2,HIGH
AUTOMNE,SEPTEMBER,2-6 ans,MEDIUM,False,Sousse,REUNION_PARENTS,INDOOR,Reunion pedagogique parents,Rencontre d information et d echange avec les familles dans un cadre confortable.,"Maison de la Culture, Sousse, Tunisie",False,3.4,HIGH
AUTOMNE,OCTOBER,2-3 ans,MEDIUM,False,Sousse,REUNION_PARENTS,INDOOR,Reunion pedagogique parents,Rencontre d information et d echange avec les familles dans un cadre confortable.,"Maison de la Culture, Sousse, Tunisie",False,7.0,HIGH
AUTOMNE,OCTOBER,4-5 ans,LOW,False,Sousse,REUNION_PARENTS,INDOOR,Reunion pedagogique parents,Rencontre d information et d echange avec les familles dans un cadre confortable.,"Maison de la Culture, Sousse, Tunisie",False,0.2,HIGH
AUTOMNE,OCTOBER,2-6 ans,LOW,False,Sousse,REUNION_PARENTS,INDOOR,Reunion pedagogique parents,Rencontre d information et d echange avec les familles dans un cadre confortable.,"Maison de la Culture, Sousse, Tunisie",False,1.1,HIGH
AUTOMNE,NOVEMBER,2-3 ans,LOW,False,Sousse,REUNION_PARENTS,INDOOR,Reunion pedagogique parents,Rencontre d information et d echange avec les familles dans un cadre confortable.,"Maison de la Culture, Sousse, Tunisie",False,2.2,HIGH
AUTOMNE,NOVEMBER,4-5 ans,MEDIUM,False,Sousse,REUNION_PARENTS,INDOOR,Reunion pedagogique parents,Rencontre d information et d echange avec les familles dans un cadre confortable.,"Maison de la Culture, Sousse, Tunisie",False,4.8,HIGH
AUTOMNE,NOVEMBER,2-6 ans,LOW,False,Sousse,REUNION_PARENTS,INDOOR,Reunion pedagogique parents,Rencontre d information et d echange avec les familles dans un cadre confortable.,"Maison de la Culture, Sousse, Tunisie",False,0.0,HIGH
HIVER,DECEMBER,2-3 ans,MEDIUM,False,Sousse,REUNION_PARENTS,INDOOR,Reunion pedagogique parents,Rencontre d information et d echange avec les familles dans un cadre confortable.,"Maison de la Culture, Sousse, Tunisie",False,5.2,HIGH
HIVER,DECEMBER,4-5 ans,MEDIUM,False,Sousse,REUNION_PARENTS,INDOOR,Reunion pedagogique parents,Rencontre d information et d echange avec les familles dans un cadre confortable.,"Maison de la Culture, Sousse, Tunisie",False,3.5,HIGH
HIVER,DECEMBER,2-6 ans,LOW,False,Sousse,REUNION_PARENTS,INDOOR,Reunion pedagogique parents,Rencontre d information et d echange avec les familles dans un cadre confortable.,"Maison de la Culture, Sousse, Tunisie",False,0.6,HIGH
HIVER,JANUARY,2-3 ans,MEDIUM,False,Sousse,REUNION_PARENTS,INDOOR,Reunion pedagogique parents,Rencontre d information et d echange avec les familles dans un cadre confortable.,"Maison de la Culture, Sousse, Tunisie",False,5.8,HIGH
HIVER,JANUARY,4-5 ans,MEDIUM,False,Sousse,REUNION_PARENTS,INDOOR,Reunion pedagogique parents,Rencontre d information et d echange avec les familles dans un cadre confortable.,"Maison de la Culture, Sousse, Tunisie",False,3.5,HIGH
HIVER,JANUARY,2-6 ans,LOW,False,Sousse,REUNION_PARENTS,INDOOR,Reunion pedagogique parents,Rencontre d information et d echange avec les familles dans un cadre confortable.,"Maison de la Culture, Sousse, Tunisie",False,1.1,HIGH
HIVER,FEBRUARY,2-3 ans,LOW,False,Sousse,REUNION_PARENTS,INDOOR,Reunion pedagogique parents,Rencontre d information et d echange avec les familles dans un cadre confortable.,"Maison de la Culture, Sousse, Tunisie",False,1.8,HIGH
HIVER,FEBRUARY,4-5 ans,MEDIUM,False,Sousse,REUNION_PARENTS,INDOOR,Reunion pedagogique parents,Rencontre d information et d echange avec les familles dans un cadre confortable.,"Maison de la Culture, Sousse, Tunisie",False,7.3,HIGH
HIVER,FEBRUARY,2-6 ans,LOW,False,Sousse,REUNION_PARENTS,INDOOR,Reunion pedagogique parents,Rencontre d information et d echange avec les familles dans un cadre confortable.,"Maison de la Culture, Sousse, Tunisie",False,0.9,HIGH
PRINTEMPS,MARCH,2-3 ans,MEDIUM,True,Sfax,SORTIE,OUTDOOR,Sortie nature a Parc Touta,"Activite encadree avec decouverte, observation et temps de repos adaptes aux enfants.","Parc Touta, Sfax, Tunisie",True,16.2,HIGH
PRINTEMPS,MARCH,2-3 ans,HIGH,True,Sfax,SORTIE,OUTDOOR,Sortie loisirs et observation,"Activite encadree avec decouverte, observation et temps de repos adaptes aux enfants.","Ain Park, Sfax, Tunisie",True,27.0,HIGH
PRINTEMPS,MARCH,2-3 ans,LOW,True,Sfax,SORTIE,OUTDOOR,Visite culturelle encadree,"Activite encadree avec decouverte, observation et temps de repos adaptes aux enfants.","Musee Archeologique de Sfax, Sfax, Tunisie",True,7.4,HIGH
PRINTEMPS,MARCH,4-5 ans,LOW,True,Sfax,SORTIE,OUTDOOR,Sortie nature a Parc Touta,"Activite encadree avec decouverte, observation et temps de repos adaptes aux enfants.","Parc Touta, Sfax, Tunisie",True,8.1,HIGH
PRINTEMPS,MARCH,4-5 ans,LOW,True,Sfax,SORTIE,OUTDOOR,Sortie loisirs et observation,"Activite encadree avec decouverte, observation et temps de repos adaptes aux enfants.","Ain Park, Sfax, Tunisie",True,4.8,HIGH
PRINTEMPS,MARCH,4-5 ans,MEDIUM,True,Sfax,SORTIE,OUTDOOR,Visite culturelle encadree,"Activite encadree avec decouverte, observation et temps de repos adaptes aux enfants.","Musee Archeologique de Sfax, Sfax, Tunisie",True,12.1,HIGH
PRINTEMPS,MARCH,2-6 ans,LOW,True,Sfax,SORTIE,OUTDOOR,Sortie nature a Parc Touta,"Activite encadree avec decouverte, observation et temps de repos adaptes aux enfants.","Parc Touta, Sfax, Tunisie",True,4.4,HIGH
PRINTEMPS,MARCH,2-6 ans,MEDIUM,True,Sfax,SORTIE,OUTDOOR,Sortie loisirs et observation,"Activite encadree avec decouverte, observation et temps de repos adaptes aux enfants.","Ain Park, Sfax, Tunisie",True,12.2,HIGH
PRINTEMPS,MARCH,2-6 ans,MEDIUM,True,Sfax,SORTIE,OUTDOOR,Visite culturelle encadree,"Activite encadree avec decouverte, observation et temps de repos adaptes aux enfants.","Musee Archeologique de Sfax, Sfax, Tunisie",True,13.9,HIGH
PRINTEMPS,APRIL,2-3 ans,LOW,True,Sfax,SORTIE,OUTDOOR,Sortie nature a Parc Touta,"Activite encadree avec decouverte, observation et temps de repos adaptes aux enfants.","Parc Touta, Sfax, Tunisie",True,6.2,HIGH
PRINTEMPS,APRIL,2-3 ans,LOW,True,Sfax,SORTIE,OUTDOOR,Sortie loisirs et observation,"Activite encadree avec decouverte, observation et temps de repos adaptes aux enfants.","Ain Park, Sfax, Tunisie",True,8.3,HIGH
PRINTEMPS,APRIL,2-3 ans,MEDIUM,True,Sfax,SORTIE,OUTDOOR,Visite culturelle encadree,"Activite encadree avec decouverte, observation et temps de repos adaptes aux enfants.","Musee Archeologique de Sfax, Sfax, Tunisie",True,14.8,HIGH
PRINTEMPS,APRIL,4-5 ans,LOW,True,Sfax,SORTIE,OUTDOOR,Sortie nature a Parc Touta,"Activite encadree avec decouverte, observation et temps de repos adaptes aux enfants.","Parc Touta, Sfax, Tunisie",True,6.7,HIGH
PRINTEMPS,APRIL,4-5 ans,LOW,True,Sfax,SORTIE,OUTDOOR,Sortie loisirs et observation,"Activite encadree avec decouverte, observation et temps de repos adaptes aux enfants.","Ain Park, Sfax, Tunisie",True,5.8,HIGH
PRINTEMPS,APRIL,4-5 ans,MEDIUM,True,Sfax,SORTIE,OUTDOOR,Visite culturelle encadree,"Activite encadree avec decouverte, observation et temps de repos adaptes aux enfants.","Musee Archeologique de Sfax, Sfax, Tunisie",True,12.7,HIGH
PRINTEMPS,APRIL,2-6 ans,HIGH,True,Sfax,SORTIE,OUTDOOR,Sortie nature a Parc Touta,"Activite encadree avec decouverte, observation et temps de repos adaptes aux enfants.","Parc Touta, Sfax, Tunisie",True,21.8,HIGH
PRINTEMPS,APRIL,2-6 ans,MEDIUM,True,Sfax,SORTIE,OUTDOOR,Sortie loisirs et observation,"Activite encadree avec decouverte, observation et temps de repos adaptes aux enfants.","Ain Park, Sfax, Tunisie",True,13.5,HIGH
PRINTEMPS,APRIL,2-6 ans,MEDIUM,True,Sfax,SORTIE,OUTDOOR,Visite culturelle encadree,"Activite encadree avec decouverte, observation et temps de repos adaptes aux enfants.","Musee Archeologique de Sfax, Sfax, Tunisie",True,16.5,HIGH
PRINTEMPS,MAY,2-3 ans,HIGH,True,Sfax,SORTIE,OUTDOOR,Sortie nature a Parc Touta,"Activite encadree avec decouverte, observation et temps de repos adaptes aux enfants.","Parc Touta, Sfax, Tunisie",True,27.7,HIGH
PRINTEMPS,MAY,2-3 ans,LOW,True,Sfax,SORTIE,OUTDOOR,Sortie loisirs et observation,"Activite encadree avec decouverte, observation et temps de repos adaptes aux enfants.","Ain Park, Sfax, Tunisie",True,5.8,HIGH
PRINTEMPS,MAY,2-3 ans,HIGH,True,Sfax,SORTIE,OUTDOOR,Visite culturelle encadree,"Activite encadree avec decouverte, observation et temps de repos adaptes aux enfants.","Musee Archeologique de Sfax, Sfax, Tunisie",True,27.5,HIGH
PRINTEMPS,MAY,4-5 ans,LOW,True,Sfax,SORTIE,OUTDOOR,Sortie nature a Parc Touta,"Activite encadree avec decouverte, observation et temps de repos adaptes aux enfants.","Parc Touta, Sfax, Tunisie",True,6.9,HIGH
PRINTEMPS,MAY,4-5 ans,LOW,True,Sfax,SORTIE,OUTDOOR,Sortie loisirs et observation,"Activite encadree avec decouverte, observation et temps de repos adaptes aux enfants.","Ain Park, Sfax, Tunisie",True,9.8,HIGH
PRINTEMPS,MAY,4-5 ans,MEDIUM,True,Sfax,SORTIE,OUTDOOR,Visite culturelle encadree,"Activite encadree avec decouverte, observation et temps de repos adaptes aux enfants.","Musee Archeologique de Sfax, Sfax, Tunisie",True,12.3,HIGH
PRINTEMPS,MAY,2-6 ans,HIGH,True,Sfax,SORTIE,OUTDOOR,Sortie nature a Parc Touta,"Activite encadree avec decouverte, observation et temps de repos adaptes aux enfants.","Parc Touta, Sfax, Tunisie",True,24.3,HIGH
PRINTEMPS,MAY,2-6 ans,HIGH,True,Sfax,SORTIE,OUTDOOR,Sortie loisirs et observation,"Activite encadree avec decouverte, observation et temps de repos adaptes aux enfants.","Ain Park, Sfax, Tunisie",True,25.8,HIGH
PRINTEMPS,MAY,2-6 ans,MEDIUM,True,Sfax,SORTIE,OUTDOOR,Visite culturelle encadree,"Activite encadree avec decouverte, observation et temps de repos adaptes aux enfants.","Musee Archeologique de Sfax, Sfax, Tunisie",True,13.0,HIGH
ETE,JUNE,2-3 ans,MEDIUM,True,Sfax,SORTIE,OUTDOOR,Sortie nature a Parc Touta,"Activite encadree avec decouverte, observation et temps de repos adaptes aux enfants.","Parc Touta, Sfax, Tunisie",True,12.9,HIGH
ETE,JUNE,2-3 ans,HIGH,True,Sfax,SORTIE,OUTDOOR,Sortie loisirs et observation,"Activite encadree avec decouverte, observation et temps de repos adaptes aux enfants.","Ain Park, Sfax, Tunisie",True,20.0,HIGH
ETE,JUNE,2-3 ans,HIGH,True,Sfax,SORTIE,OUTDOOR,Visite culturelle encadree,"Activite encadree avec decouverte, observation et temps de repos adaptes aux enfants.","Musee Archeologique de Sfax, Sfax, Tunisie",True,19.8,HIGH
ETE,JUNE,4-5 ans,HIGH,True,Sfax,SORTIE,OUTDOOR,Sortie nature a Parc Touta,"Activite encadree avec decouverte, observation et temps de repos adaptes aux enfants.","Parc Touta, Sfax, Tunisie",True,18.3,HIGH
ETE,JUNE,4-5 ans,HIGH,True,Sfax,SORTIE,OUTDOOR,Sortie loisirs et observation,"Activite encadree avec decouverte, observation et temps de repos adaptes aux enfants.","Ain Park, Sfax, Tunisie",True,22.6,HIGH
ETE,JUNE,4-5 ans,HIGH,True,Sfax,SORTIE,OUTDOOR,Visite culturelle encadree,"Activite encadree avec decouverte, observation et temps de repos adaptes aux enfants.","Musee Archeologique de Sfax, Sfax, Tunisie",True,20.1,HIGH
ETE,JUNE,2-6 ans,MEDIUM,True,Sfax,SORTIE,OUTDOOR,Sortie nature a Parc Touta,"Activite encadree avec decouverte, observation et temps de repos adaptes aux enfants.","Parc Touta, Sfax, Tunisie",True,16.7,HIGH
ETE,JUNE,2-6 ans,LOW,True,Sfax,SORTIE,OUTDOOR,Sortie loisirs et observation,"Activite encadree avec decouverte, observation et temps de repos adaptes aux enfants.","Ain Park, Sfax, Tunisie",True,8.9,HIGH
ETE,JUNE,2-6 ans,MEDIUM,True,Sfax,SORTIE,OUTDOOR,Visite culturelle encadree,"Activite encadree avec decouverte, observation et temps de repos adaptes aux enfants.","Musee Archeologique de Sfax, Sfax, Tunisie",True,15.4,HIGH
ETE,JULY,2-3 ans,LOW,True,Sfax,SORTIE,OUTDOOR,Sortie nature a Parc Touta,"Activite encadree avec decouverte, observation et temps de repos adaptes aux enfants.","Parc Touta, Sfax, Tunisie",True,7.8,HIGH
ETE,JULY,2-3 ans,LOW,True,Sfax,SORTIE,OUTDOOR,Sortie loisirs et observation,"Activite encadree avec decouverte, observation et temps de repos adaptes aux enfants.","Ain Park, Sfax, Tunisie",True,5.5,HIGH
ETE,JULY,2-3 ans,LOW,True,Sfax,SORTIE,OUTDOOR,Visite culturelle encadree,"Activite encadree avec decouverte, observation et temps de repos adaptes aux enfants.","Musee Archeologique de Sfax, Sfax, Tunisie",True,8.3,HIGH
ETE,JULY,4-5 ans,MEDIUM,True,Sfax,SORTIE,OUTDOOR,Sortie nature a Parc Touta,"Activite encadree avec decouverte, observation et temps de repos adaptes aux enfants.","Parc Touta, Sfax, Tunisie",True,10.6,HIGH
ETE,JULY,4-5 ans,HIGH,True,Sfax,SORTIE,OUTDOOR,Sortie loisirs et observation,"Activite encadree avec decouverte, observation et temps de repos adaptes aux enfants.","Ain Park, Sfax, Tunisie",True,22.8,HIGH
ETE,JULY,4-5 ans,MEDIUM,True,Sfax,SORTIE,OUTDOOR,Visite culturelle encadree,"Activite encadree avec decouverte, observation et temps de repos adaptes aux enfants.","Musee Archeologique de Sfax, Sfax, Tunisie",True,14.3,HIGH
ETE,JULY,2-6 ans,HIGH,True,Sfax,SORTIE,OUTDOOR,Sortie nature a Parc Touta,"Activite encadree avec decouverte, observation et temps de repos adaptes aux enfants.","Parc Touta, Sfax, Tunisie",True,22.2,HIGH
ETE,JULY,2-6 ans,LOW,True,Sfax,SORTIE,OUTDOOR,Sortie loisirs et observation,"Activite encadree avec decouverte, observation et temps de repos adaptes aux enfants.","Ain Park, Sfax, Tunisie",True,8.7,HIGH
ETE,JULY,2-6 ans,MEDIUM,True,Sfax,SORTIE,OUTDOOR,Visite culturelle encadree,"Activite encadree avec decouverte, observation et temps de repos adaptes aux enfants.","Musee Archeologique de Sfax, Sfax, Tunisie",True,15.6,HIGH
ETE,AUGUST,2-3 ans,HIGH,True,Sfax,SORTIE,OUTDOOR,Sortie nature a Parc Touta,"Activite encadree avec decouverte, observation et temps de repos adaptes aux enfants.","Parc Touta, Sfax, Tunisie",True,23.9,HIGH
ETE,AUGUST,2-3 ans,LOW,True,Sfax,SORTIE,OUTDOOR,Sortie loisirs et observation,"Activite encadree avec decouverte, observation et temps de repos adaptes aux enfants.","Ain Park, Sfax, Tunisie",True,4.7,HIGH
ETE,AUGUST,2-3 ans,LOW,True,Sfax,SORTIE,OUTDOOR,Visite culturelle encadree,"Activite encadree avec decouverte, observation et temps de repos adaptes aux enfants.","Musee Archeologique de Sfax, Sfax, Tunisie",True,7.9,HIGH
ETE,AUGUST,4-5 ans,MEDIUM,True,Sfax,SORTIE,OUTDOOR,Sortie nature a Parc Touta,"Activite encadree avec decouverte, observation et temps de repos adaptes aux enfants.","Parc Touta, Sfax, Tunisie",True,11.3,HIGH
ETE,AUGUST,4-5 ans,HIGH,True,Sfax,SORTIE,OUTDOOR,Sortie loisirs et observation,"Activite encadree avec decouverte, observation et temps de repos adaptes aux enfants.","Ain Park, Sfax, Tunisie",True,18.4,HIGH
ETE,AUGUST,4-5 ans,HIGH,True,Sfax,SORTIE,OUTDOOR,Visite culturelle encadree,"Activite encadree avec decouverte, observation et temps de repos adaptes aux enfants.","Musee Archeologique de Sfax, Sfax, Tunisie",True,24.8,HIGH
ETE,AUGUST,2-6 ans,MEDIUM,True,Sfax,SORTIE,OUTDOOR,Sortie nature a Parc Touta,"Activite encadree avec decouverte, observation et temps de repos adaptes aux enfants.","Parc Touta, Sfax, Tunisie",True,17.7,HIGH
ETE,AUGUST,2-6 ans,MEDIUM,True,Sfax,SORTIE,OUTDOOR,Sortie loisirs et observation,"Activite encadree avec decouverte, observation et temps de repos adaptes aux enfants.","Ain Park, Sfax, Tunisie",True,17.7,HIGH
ETE,AUGUST,2-6 ans,MEDIUM,True,Sfax,SORTIE,OUTDOOR,Visite culturelle encadree,"Activite encadree avec decouverte, observation et temps de repos adaptes aux enfants.","Musee Archeologique de Sfax, Sfax, Tunisie",True,10.8,HIGH
AUTOMNE,SEPTEMBER,2-3 ans,LOW,True,Sfax,SORTIE,OUTDOOR,Sortie nature a Parc Touta,"Activite encadree avec decouverte, observation et temps de repos adaptes aux enfants.","Parc Touta, Sfax, Tunisie",True,5.6,HIGH
AUTOMNE,SEPTEMBER,2-3 ans,HIGH,True,Sfax,SORTIE,OUTDOOR,Sortie loisirs et observation,"Activite encadree avec decouverte, observation et temps de repos adaptes aux enfants.","Ain Park, Sfax, Tunisie",True,25.5,HIGH
AUTOMNE,SEPTEMBER,2-3 ans,HIGH,True,Sfax,SORTIE,OUTDOOR,Visite culturelle encadree,"Activite encadree avec decouverte, observation et temps de repos adaptes aux enfants.","Musee Archeologique de Sfax, Sfax, Tunisie",True,23.8,HIGH
AUTOMNE,SEPTEMBER,4-5 ans,HIGH,True,Sfax,SORTIE,OUTDOOR,Sortie nature a Parc Touta,"Activite encadree avec decouverte, observation et temps de repos adaptes aux enfants.","Parc Touta, Sfax, Tunisie",True,20.2,HIGH
AUTOMNE,SEPTEMBER,4-5 ans,MEDIUM,True,Sfax,SORTIE,OUTDOOR,Sortie loisirs et observation,"Activite encadree avec decouverte, observation et temps de repos adaptes aux enfants.","Ain Park, Sfax, Tunisie",True,13.1,HIGH
AUTOMNE,SEPTEMBER,4-5 ans,HIGH,True,Sfax,SORTIE,OUTDOOR,Visite culturelle encadree,"Activite encadree avec decouverte, observation et temps de repos adaptes aux enfants.","Musee Archeologique de Sfax, Sfax, Tunisie",True,23.9,HIGH
AUTOMNE,SEPTEMBER,2-6 ans,HIGH,True,Sfax,SORTIE,OUTDOOR,Sortie nature a Parc Touta,"Activite encadree avec decouverte, observation et temps de repos adaptes aux enfants.","Parc Touta, Sfax, Tunisie",True,19.5,HIGH
AUTOMNE,SEPTEMBER,2-6 ans,LOW,True,Sfax,SORTIE,OUTDOOR,Sortie loisirs et observation,"Activite encadree avec decouverte, observation et temps de repos adaptes aux enfants.","Ain Park, Sfax, Tunisie",True,6.9,HIGH
AUTOMNE,SEPTEMBER,2-6 ans,MEDIUM,True,Sfax,SORTIE,OUTDOOR,Visite culturelle encadree,"Activite encadree avec decouverte, observation et temps de repos adaptes aux enfants.","Musee Archeologique de Sfax, Sfax, Tunisie",True,13.3,HIGH
AUTOMNE,OCTOBER,2-3 ans,LOW,True,Sfax,SORTIE,OUTDOOR,Sortie nature a Parc Touta,"Activite encadree avec decouverte, observation et temps de repos adaptes aux enfants.","Parc Touta, Sfax, Tunisie",True,4.7,HIGH
AUTOMNE,OCTOBER,2-3 ans,HIGH,True,Sfax,SORTIE,OUTDOOR,Sortie loisirs et observation,"Activite encadree avec decouverte, observation et temps de repos adaptes aux enfants.","Ain Park, Sfax, Tunisie",True,19.4,HIGH
AUTOMNE,OCTOBER,2-3 ans,MEDIUM,True,Sfax,SORTIE,OUTDOOR,Visite culturelle encadree,"Activite encadree avec decouverte, observation et temps de repos adaptes aux enfants.","Musee Archeologique de Sfax, Sfax, Tunisie",True,12.7,HIGH
AUTOMNE,OCTOBER,4-5 ans,LOW,True,Sfax,SORTIE,OUTDOOR,Sortie nature a Parc Touta,"Activite encadree avec decouverte, observation et temps de repos adaptes aux enfants.","Parc Touta, Sfax, Tunisie",True,7.1,HIGH
AUTOMNE,OCTOBER,4-5 ans,MEDIUM,True,Sfax,SORTIE,OUTDOOR,Sortie loisirs et observation,"Activite encadree avec decouverte, observation et temps de repos adaptes aux enfants.","Ain Park, Sfax, Tunisie",True,13.8,HIGH
AUTOMNE,OCTOBER,4-5 ans,MEDIUM,True,Sfax,SORTIE,OUTDOOR,Visite culturelle encadree,"Activite encadree avec decouverte, observation et temps de repos adaptes aux enfants.","Musee Archeologique de Sfax, Sfax, Tunisie",True,15.8,HIGH
AUTOMNE,OCTOBER,2-6 ans,MEDIUM,True,Sfax,SORTIE,OUTDOOR,Sortie nature a Parc Touta,"Activite encadree avec decouverte, observation et temps de repos adaptes aux enfants.","Parc Touta, Sfax, Tunisie",True,12.6,HIGH
AUTOMNE,OCTOBER,2-6 ans,MEDIUM,True,Sfax,SORTIE,OUTDOOR,Sortie loisirs et observation,"Activite encadree avec decouverte, observation et temps de repos adaptes aux enfants.","Ain Park, Sfax, Tunisie",True,10.4,HIGH
AUTOMNE,OCTOBER,2-6 ans,HIGH,True,Sfax,SORTIE,OUTDOOR,Visite culturelle encadree,"Activite encadree avec decouverte, observation et temps de repos adaptes aux enfants.","Musee Archeologique de Sfax, Sfax, Tunisie",True,19.2,HIGH
AUTOMNE,NOVEMBER,2-3 ans,MEDIUM,True,Sfax,SORTIE,OUTDOOR,Sortie nature a Parc Touta,"Activite encadree avec decouverte, observation et temps de repos adaptes aux enfants.","Parc Touta, Sfax, Tunisie",True,15.2,HIGH
AUTOMNE,NOVEMBER,2-3 ans,HIGH,True,Sfax,SORTIE,OUTDOOR,Sortie loisirs et observation,"Activite encadree avec decouverte, observation et temps de repos adaptes aux enfants.","Ain Park, Sfax, Tunisie",True,26.0,HIGH
AUTOMNE,NOVEMBER,2-3 ans,HIGH,True,Sfax,SORTIE,OUTDOOR,Visite culturelle encadree,"Activite encadree avec decouverte, observation et temps de repos adaptes aux enfants.","Musee Archeologique de Sfax, Sfax, Tunisie",True,20.4,HIGH
AUTOMNE,NOVEMBER,4-5 ans,LOW,True,Sfax,SORTIE,OUTDOOR,Sortie nature a Parc Touta,"Activite encadree avec decouverte, observation et temps de repos adaptes aux enfants.","Parc Touta, Sfax, Tunisie",True,7.3,HIGH
AUTOMNE,NOVEMBER,4-5 ans,MEDIUM,True,Sfax,SORTIE,OUTDOOR,Sortie loisirs et observation,"Activite encadree avec decouverte, observation et temps de repos adaptes aux enfants.","Ain Park, Sfax, Tunisie",True,14.5,HIGH
AUTOMNE,NOVEMBER,4-5 ans,MEDIUM,True,Sfax,SORTIE,OUTDOOR,Visite culturelle encadree,"Activite encadree avec decouverte, observation et temps de repos adaptes aux enfants.","Musee Archeologique de Sfax, Sfax, Tunisie",True,11.9,HIGH
AUTOMNE,NOVEMBER,2-6 ans,MEDIUM,True,Sfax,SORTIE,OUTDOOR,Sortie nature a Parc Touta,"Activite encadree avec decouverte, observation et temps de repos adaptes aux enfants.","Parc Touta, Sfax, Tunisie",True,15.0,HIGH
AUTOMNE,NOVEMBER,2-6 ans,LOW,True,Sfax,SORTIE,OUTDOOR,Sortie loisirs et observation,"Activite encadree avec decouverte, observation et temps de repos adaptes aux enfants.","Ain Park, Sfax, Tunisie",True,7.8,HIGH
AUTOMNE,NOVEMBER,2-6 ans,MEDIUM,True,Sfax,SORTIE,OUTDOOR,Visite culturelle encadree,"Activite encadree avec decouverte, observation et temps de repos adaptes aux enfants.","Musee Archeologique de Sfax, Sfax, Tunisie",True,13.2,HIGH
HIVER,DECEMBER,2-3 ans,HIGH,True,Sfax,SORTIE,OUTDOOR,Sortie nature a Parc Touta,"Activite encadree avec decouverte, observation et temps de repos adaptes aux enfants.","Parc Touta, Sfax, Tunisie",True,24.1,HIGH
HIVER,DECEMBER,2-3 ans,LOW,True,Sfax,SORTIE,OUTDOOR,Sortie loisirs et observation,"Activite encadree avec decouverte, observation et temps de repos adaptes aux enfants.","Ain Park, Sfax, Tunisie",True,6.7,HIGH
HIVER,DECEMBER,2-3 ans,MEDIUM,True,Sfax,SORTIE,OUTDOOR,Visite culturelle encadree,"Activite encadree avec decouverte, observation et temps de repos adaptes aux enfants.","Musee Archeologique de Sfax, Sfax, Tunisie",True,13.1,HIGH
HIVER,DECEMBER,4-5 ans,HIGH,True,Sfax,SORTIE,OUTDOOR,Sortie nature a Parc Touta,"Activite encadree avec decouverte, observation et temps de repos adaptes aux enfants.","Parc Touta, Sfax, Tunisie",True,20.1,HIGH
HIVER,DECEMBER,4-5 ans,MEDIUM,True,Sfax,SORTIE,OUTDOOR,Sortie loisirs et observation,"Activite encadree avec decouverte, observation et temps de repos adaptes aux enfants.","Ain Park, Sfax, Tunisie",True,16.0,HIGH
HIVER,DECEMBER,4-5 ans,LOW,True,Sfax,SORTIE,OUTDOOR,Visite culturelle encadree,"Activite encadree avec decouverte, observation et temps de repos adaptes aux enfants.","Musee Archeologique de Sfax, Sfax, Tunisie",True,7.5,HIGH
HIVER,DECEMBER,2-6 ans,HIGH,True,Sfax,SORTIE,OUTDOOR,Sortie nature a Parc Touta,"Activite encadree avec decouverte, observation et temps de repos adaptes aux enfants.","Parc Touta, Sfax, Tunisie",True,19.9,HIGH
HIVER,DECEMBER,2-6 ans,MEDIUM,True,Sfax,SORTIE,OUTDOOR,Sortie loisirs et observation,"Activite encadree avec decouverte, observation et temps de repos adaptes aux enfants.","Ain Park, Sfax, Tunisie",True,11.6,HIGH
HIVER,DECEMBER,2-6 ans,LOW,True,Sfax,SORTIE,OUTDOOR,Visite culturelle encadree,"Activite encadree avec decouverte, observation et temps de repos adaptes aux enfants.","Musee Archeologique de Sfax, Sfax, Tunisie",True,5.6,HIGH
HIVER,JANUARY,2-3 ans,MEDIUM,True,Sfax,SORTIE,OUTDOOR,Sortie nature a Parc Touta,"Activite encadree avec decouverte, observation et temps de repos adaptes aux enfants.","Parc Touta, Sfax, Tunisie",True,14.2,HIGH
HIVER,JANUARY,2-3 ans,HIGH,True,Sfax,SORTIE,OUTDOOR,Sortie loisirs et observation,"Activite encadree avec decouverte, observation et temps de repos adaptes aux enfants.","Ain Park, Sfax, Tunisie",True,21.1,HIGH
HIVER,JANUARY,2-3 ans,MEDIUM,True,Sfax,SORTIE,OUTDOOR,Visite culturelle encadree,"Activite encadree avec decouverte, observation et temps de repos adaptes aux enfants.","Musee Archeologique de Sfax, Sfax, Tunisie",True,14.9,HIGH
HIVER,JANUARY,4-5 ans,HIGH,True,Sfax,SORTIE,OUTDOOR,Sortie nature a Parc Touta,"Activite encadree avec decouverte, observation et temps de repos adaptes aux enfants.","Parc Touta, Sfax, Tunisie",True,19.1,HIGH
HIVER,JANUARY,4-5 ans,MEDIUM,True,Sfax,SORTIE,OUTDOOR,Sortie loisirs et observation,"Activite encadree avec decouverte, observation et temps de repos adaptes aux enfants.","Ain Park, Sfax, Tunisie",True,16.8,HIGH
HIVER,JANUARY,4-5 ans,HIGH,True,Sfax,SORTIE,OUTDOOR,Visite culturelle encadree,"Activite encadree avec decouverte, observation et temps de repos adaptes aux enfants.","Musee Archeologique de Sfax, Sfax, Tunisie",True,19.7,HIGH
HIVER,JANUARY,2-6 ans,HIGH,True,Sfax,SORTIE,OUTDOOR,Sortie nature a Parc Touta,"Activite encadree avec decouverte, observation et temps de repos adaptes aux enfants.","Parc Touta, Sfax, Tunisie",True,25.1,HIGH
HIVER,JANUARY,2-6 ans,MEDIUM,True,Sfax,SORTIE,OUTDOOR,Sortie loisirs et observation,"Activite encadree avec decouverte, observation et temps de repos adaptes aux enfants.","Ain Park, Sfax, Tunisie",True,17.3,HIGH
HIVER,JANUARY,2-6 ans,HIGH,True,Sfax,SORTIE,OUTDOOR,Visite culturelle encadree,"Activite encadree avec decouverte, observation et temps de repos adaptes aux enfants.","Musee Archeologique de Sfax, Sfax, Tunisie",True,18.8,HIGH
HIVER,FEBRUARY,2-3 ans,LOW,True,Sfax,SORTIE,OUTDOOR,Sortie nature a Parc Touta,"Activite encadree avec decouverte, observation et temps de repos adaptes aux enfants.","Parc Touta, Sfax, Tunisie",True,5.9,HIGH
HIVER,FEBRUARY,2-3 ans,LOW,True,Sfax,SORTIE,OUTDOOR,Sortie loisirs et observation,"Activite encadree avec decouverte, observation et temps de repos adaptes aux enfants.","Ain Park, Sfax, Tunisie",True,5.8,HIGH
HIVER,FEBRUARY,2-3 ans,LOW,True,Sfax,SORTIE,OUTDOOR,Visite culturelle encadree,"Activite encadree avec decouverte, observation et temps de repos adaptes aux enfants.","Musee Archeologique de Sfax, Sfax, Tunisie",True,6.2,HIGH
HIVER,FEBRUARY,4-5 ans,LOW,True,Sfax,SORTIE,OUTDOOR,Sortie nature a Parc Touta,"Activite encadree avec decouverte, observation et temps de repos adaptes aux enfants.","Parc Touta, Sfax, Tunisie",True,7.1,HIGH
HIVER,FEBRUARY,4-5 ans,MEDIUM,True,Sfax,SORTIE,OUTDOOR,Sortie loisirs et observation,"Activite encadree avec decouverte, observation et temps de repos adaptes aux enfants.","Ain Park, Sfax, Tunisie",True,14.8,HIGH
HIVER,FEBRUARY,4-5 ans,HIGH,True,Sfax,SORTIE,OUTDOOR,Visite culturelle encadree,"Activite encadree avec decouverte, observation et temps de repos adaptes aux enfants.","Musee Archeologique de Sfax, Sfax, Tunisie",True,21.8,HIGH
HIVER,FEBRUARY,2-6 ans,LOW,True,Sfax,SORTIE,OUTDOOR,Sortie nature a Parc Touta,"Activite encadree avec decouverte, observation et temps de repos adaptes aux enfants.","Parc Touta, Sfax, Tunisie",True,6.9,HIGH
HIVER,FEBRUARY,2-6 ans,HIGH,True,Sfax,SORTIE,OUTDOOR,Sortie loisirs et observation,"Activite encadree avec decouverte, observation et temps de repos adaptes aux enfants.","Ain Park, Sfax, Tunisie",True,24.9,HIGH
HIVER,FEBRUARY,2-6 ans,HIGH,True,Sfax,SORTIE,OUTDOOR,Visite culturelle encadree,"Activite encadree avec decouverte, observation et temps de repos adaptes aux enfants.","Musee Archeologique de Sfax, Sfax, Tunisie",True,27.3,HIGH
PRINTEMPS,MARCH,2-3 ans,LOW,False,Sfax,ATELIER,INDOOR,Atelier musique et rythme,Activite creatrice et sensorielle adaptee au rythme des enfants avec materiel simple.,"Centre culturel Mohamed Jamoussi, Sfax, Tunisie",False,5.8,HIGH
PRINTEMPS,MARCH,2-3 ans,MEDIUM,False,Sfax,ATELIER,INDOOR,Atelier coloriage et decoupage,Activite creatrice et sensorielle adaptee au rythme des enfants avec materiel simple.,"Maison de la Culture, Sfax, Tunisie",False,10.0,HIGH
PRINTEMPS,MARCH,4-5 ans,LOW,False,Sfax,ATELIER,INDOOR,Atelier musique et rythme,Activite creatrice et sensorielle adaptee au rythme des enfants avec materiel simple.,"Centre culturel Mohamed Jamoussi, Sfax, Tunisie",False,4.6,HIGH
PRINTEMPS,MARCH,4-5 ans,MEDIUM,False,Sfax,ATELIER,INDOOR,Atelier coloriage et decoupage,Activite creatrice et sensorielle adaptee au rythme des enfants avec materiel simple.,"Maison de la Culture, Sfax, Tunisie",False,12.3,HIGH
PRINTEMPS,MARCH,2-6 ans,MEDIUM,False,Sfax,ATELIER,INDOOR,Atelier musique et rythme,Activite creatrice et sensorielle adaptee au rythme des enfants avec materiel simple.,"Centre culturel Mohamed Jamoussi, Sfax, Tunisie",False,14.7,HIGH
PRINTEMPS,MARCH,2-6 ans,MEDIUM,False,Sfax,ATELIER,INDOOR,Atelier coloriage et decoupage,Activite creatrice et sensorielle adaptee au rythme des enfants avec materiel simple.,"Maison de la Culture, Sfax, Tunisie",False,9.0,HIGH
PRINTEMPS,APRIL,2-3 ans,MEDIUM,False,Sfax,ATELIER,INDOOR,Atelier musique et rythme,Activite creatrice et sensorielle adaptee au rythme des enfants avec materiel simple.,"Centre culturel Mohamed Jamoussi, Sfax, Tunisie",False,14.7,HIGH
PRINTEMPS,APRIL,2-3 ans,MEDIUM,False,Sfax,ATELIER,INDOOR,Atelier coloriage et decoupage,Activite creatrice et sensorielle adaptee au rythme des enfants avec materiel simple.,"Maison de la Culture, Sfax, Tunisie",False,10.9,HIGH
PRINTEMPS,APRIL,4-5 ans,MEDIUM,False,Sfax,ATELIER,INDOOR,Atelier musique et rythme,Activite creatrice et sensorielle adaptee au rythme des enfants avec materiel simple.,"Centre culturel Mohamed Jamoussi, Sfax, Tunisie",False,10.9,HIGH
PRINTEMPS,APRIL,4-5 ans,MEDIUM,False,Sfax,ATELIER,INDOOR,Atelier coloriage et decoupage,Activite creatrice et sensorielle adaptee au rythme des enfants avec materiel simple.,"Maison de la Culture, Sfax, Tunisie",False,11.4,HIGH
PRINTEMPS,APRIL,2-6 ans,LOW,False,Sfax,ATELIER,INDOOR,Atelier musique et rythme,Activite creatrice et sensorielle adaptee au rythme des enfants avec materiel simple.,"Centre culturel Mohamed Jamoussi, Sfax, Tunisie",False,5.8,HIGH
PRINTEMPS,APRIL,2-6 ans,LOW,False,Sfax,ATELIER,INDOOR,Atelier coloriage et decoupage,Activite creatrice et sensorielle adaptee au rythme des enfants avec materiel simple.,"Maison de la Culture, Sfax, Tunisie",False,4.5,HIGH
PRINTEMPS,MAY,2-3 ans,MEDIUM,False,Sfax,ATELIER,INDOOR,Atelier musique et rythme,Activite creatrice et sensorielle adaptee au rythme des enfants avec materiel simple.,"Centre culturel Mohamed Jamoussi, Sfax, Tunisie",False,9.6,HIGH
PRINTEMPS,MAY,2-3 ans,MEDIUM,False,Sfax,ATELIER,INDOOR,Atelier coloriage et decoupage,Activite creatrice et sensorielle adaptee au rythme des enfants avec materiel simple.,"Maison de la Culture, Sfax, Tunisie",False,9.2,HIGH
PRINTEMPS,MAY,4-5 ans,MEDIUM,False,Sfax,ATELIER,INDOOR,Atelier musique et rythme,Activite creatrice et sensorielle adaptee au rythme des enfants avec materiel simple.,"Centre culturel Mohamed Jamoussi, Sfax, Tunisie",False,12.0,HIGH
PRINTEMPS,MAY,4-5 ans,MEDIUM,False,Sfax,ATELIER,INDOOR,Atelier coloriage et decoupage,Activite creatrice et sensorielle adaptee au rythme des enfants avec materiel simple.,"Maison de la Culture, Sfax, Tunisie",False,11.8,HIGH
PRINTEMPS,MAY,2-6 ans,LOW,False,Sfax,ATELIER,INDOOR,Atelier musique et rythme,Activite creatrice et sensorielle adaptee au rythme des enfants avec materiel simple.,"Centre culturel Mohamed Jamoussi, Sfax, Tunisie",False,5.9,HIGH
PRINTEMPS,MAY,2-6 ans,MEDIUM,False,Sfax,ATELIER,INDOOR,Atelier coloriage et decoupage,Activite creatrice et sensorielle adaptee au rythme des enfants avec materiel simple.,"Maison de la Culture, Sfax, Tunisie",False,13.4,HIGH
ETE,JUNE,2-3 ans,MEDIUM,False,Sfax,ATELIER,INDOOR,Atelier musique et rythme,Activite creatrice et sensorielle adaptee au rythme des enfants avec materiel simple.,"Centre culturel Mohamed Jamoussi, Sfax, Tunisie",False,11.8,HIGH
ETE,JUNE,2-3 ans,LOW,False,Sfax,ATELIER,INDOOR,Atelier coloriage et decoupage,Activite creatrice et sensorielle adaptee au rythme des enfants avec materiel simple.,"Maison de la Culture, Sfax, Tunisie",False,6.8,HIGH
ETE,JUNE,4-5 ans,MEDIUM,False,Sfax,ATELIER,INDOOR,Atelier musique et rythme,Activite creatrice et sensorielle adaptee au rythme des enfants avec materiel simple.,"Centre culturel Mohamed Jamoussi, Sfax, Tunisie",False,11.8,HIGH
ETE,JUNE,4-5 ans,MEDIUM,False,Sfax,ATELIER,INDOOR,Atelier coloriage et decoupage,Activite creatrice et sensorielle adaptee au rythme des enfants avec materiel simple.,"Maison de la Culture, Sfax, Tunisie",False,8.7,HIGH
ETE,JUNE,2-6 ans,LOW,False,Sfax,ATELIER,INDOOR,Atelier musique et rythme,Activite creatrice et sensorielle adaptee au rythme des enfants avec materiel simple.,"Centre culturel Mohamed Jamoussi, Sfax, Tunisie",False,4.5,HIGH
ETE,JUNE,2-6 ans,LOW,False,Sfax,ATELIER,INDOOR,Atelier coloriage et decoupage,Activite creatrice et sensorielle adaptee au rythme des enfants avec materiel simple.,"Maison de la Culture, Sfax, Tunisie",False,5.2,HIGH
ETE,JULY,2-3 ans,MEDIUM,False,Sfax,ATELIER,INDOOR,Atelier musique et rythme,Activite creatrice et sensorielle adaptee au rythme des enfants avec materiel simple.,"Centre culturel Mohamed Jamoussi, Sfax, Tunisie",False,14.0,HIGH
ETE,JULY,2-3 ans,LOW,False,Sfax,ATELIER,INDOOR,Atelier coloriage et decoupage,Activite creatrice et sensorielle adaptee au rythme des enfants avec materiel simple.,"Maison de la Culture, Sfax, Tunisie",False,5.2,HIGH
ETE,JULY,4-5 ans,LOW,False,Sfax,ATELIER,INDOOR,Atelier musique et rythme,Activite creatrice et sensorielle adaptee au rythme des enfants avec materiel simple.,"Centre culturel Mohamed Jamoussi, Sfax, Tunisie",False,6.9,HIGH
ETE,JULY,4-5 ans,LOW,False,Sfax,ATELIER,INDOOR,Atelier coloriage et decoupage,Activite creatrice et sensorielle adaptee au rythme des enfants avec materiel simple.,"Maison de la Culture, Sfax, Tunisie",False,4.0,HIGH
ETE,JULY,2-6 ans,MEDIUM,False,Sfax,ATELIER,INDOOR,Atelier musique et rythme,Activite creatrice et sensorielle adaptee au rythme des enfants avec materiel simple.,"Centre culturel Mohamed Jamoussi, Sfax, Tunisie",False,14.0,HIGH
ETE,JULY,2-6 ans,MEDIUM,False,Sfax,ATELIER,INDOOR,Atelier coloriage et decoupage,Activite creatrice et sensorielle adaptee au rythme des enfants avec materiel simple.,"Maison de la Culture, Sfax, Tunisie",False,9.2,HIGH
ETE,AUGUST,2-3 ans,LOW,False,Sfax,ATELIER,INDOOR,Atelier musique et rythme,Activite creatrice et sensorielle adaptee au rythme des enfants avec materiel simple.,"Centre culturel Mohamed Jamoussi, Sfax, Tunisie",False,6.9,HIGH
ETE,AUGUST,2-3 ans,LOW,False,Sfax,ATELIER,INDOOR,Atelier coloriage et decoupage,Activite creatrice et sensorielle adaptee au rythme des enfants avec materiel simple.,"Maison de la Culture, Sfax, Tunisie",False,7.0,HIGH
ETE,AUGUST,4-5 ans,MEDIUM,False,Sfax,ATELIER,INDOOR,Atelier musique et rythme,Activite creatrice et sensorielle adaptee au rythme des enfants avec materiel simple.,"Centre culturel Mohamed Jamoussi, Sfax, Tunisie",False,11.7,HIGH
ETE,AUGUST,4-5 ans,LOW,False,Sfax,ATELIER,INDOOR,Atelier coloriage et decoupage,Activite creatrice et sensorielle adaptee au rythme des enfants avec materiel simple.,"Maison de la Culture, Sfax, Tunisie",False,4.6,HIGH
ETE,AUGUST,2-6 ans,MEDIUM,False,Sfax,ATELIER,INDOOR,Atelier musique et rythme,Activite creatrice et sensorielle adaptee au rythme des enfants avec materiel simple.,"Centre culturel Mohamed Jamoussi, Sfax, Tunisie",False,10.0,HIGH
ETE,AUGUST,2-6 ans,MEDIUM,False,Sfax,ATELIER,INDOOR,Atelier coloriage et decoupage,Activite creatrice et sensorielle adaptee au rythme des enfants avec materiel simple.,"Maison de la Culture, Sfax, Tunisie",False,14.7,HIGH
AUTOMNE,SEPTEMBER,2-3 ans,LOW,False,Sfax,ATELIER,INDOOR,Atelier musique et rythme,Activite creatrice et sensorielle adaptee au rythme des enfants avec materiel simple.,"Centre culturel Mohamed Jamoussi, Sfax, Tunisie",False,3.7,HIGH
AUTOMNE,SEPTEMBER,2-3 ans,MEDIUM,False,Sfax,ATELIER,INDOOR,Atelier coloriage et decoupage,Activite creatrice et sensorielle adaptee au rythme des enfants avec materiel simple.,"Maison de la Culture, Sfax, Tunisie",False,14.4,HIGH
AUTOMNE,SEPTEMBER,4-5 ans,MEDIUM,False,Sfax,ATELIER,INDOOR,Atelier musique et rythme,Activite creatrice et sensorielle adaptee au rythme des enfants avec materiel simple.,"Centre culturel Mohamed Jamoussi, Sfax, Tunisie",False,14.1,HIGH
AUTOMNE,SEPTEMBER,4-5 ans,LOW,False,Sfax,ATELIER,INDOOR,Atelier coloriage et decoupage,Activite creatrice et sensorielle adaptee au rythme des enfants avec materiel simple.,"Maison de la Culture, Sfax, Tunisie",False,6.5,HIGH
AUTOMNE,SEPTEMBER,2-6 ans,LOW,False,Sfax,ATELIER,INDOOR,Atelier musique et rythme,Activite creatrice et sensorielle adaptee au rythme des enfants avec materiel simple.,"Centre culturel Mohamed Jamoussi, Sfax, Tunisie",False,4.2,HIGH
AUTOMNE,SEPTEMBER,2-6 ans,MEDIUM,False,Sfax,ATELIER,INDOOR,Atelier coloriage et decoupage,Activite creatrice et sensorielle adaptee au rythme des enfants avec materiel simple.,"Maison de la Culture, Sfax, Tunisie",False,13.8,HIGH
AUTOMNE,OCTOBER,2-3 ans,MEDIUM,False,Sfax,ATELIER,INDOOR,Atelier musique et rythme,Activite creatrice et sensorielle adaptee au rythme des enfants avec materiel simple.,"Centre culturel Mohamed Jamoussi, Sfax, Tunisie",False,11.4,HIGH
AUTOMNE,OCTOBER,2-3 ans,MEDIUM,False,Sfax,ATELIER,INDOOR,Atelier coloriage et decoupage,Activite creatrice et sensorielle adaptee au rythme des enfants avec materiel simple.,"Maison de la Culture, Sfax, Tunisie",False,12.4,HIGH
AUTOMNE,OCTOBER,4-5 ans,MEDIUM,False,Sfax,ATELIER,INDOOR,Atelier musique et rythme,Activite creatrice et sensorielle adaptee au rythme des enfants avec materiel simple.,"Centre culturel Mohamed Jamoussi, Sfax, Tunisie",False,11.2,HIGH
AUTOMNE,OCTOBER,4-5 ans,LOW,False,Sfax,ATELIER,INDOOR,Atelier coloriage et decoupage,Activite creatrice et sensorielle adaptee au rythme des enfants avec materiel simple.,"Maison de la Culture, Sfax, Tunisie",False,5.0,HIGH
AUTOMNE,OCTOBER,2-6 ans,MEDIUM,False,Sfax,ATELIER,INDOOR,Atelier musique et rythme,Activite creatrice et sensorielle adaptee au rythme des enfants avec materiel simple.,"Centre culturel Mohamed Jamoussi, Sfax, Tunisie",False,12.9,HIGH
AUTOMNE,OCTOBER,2-6 ans,MEDIUM,False,Sfax,ATELIER,INDOOR,Atelier coloriage et decoupage,Activite creatrice et sensorielle adaptee au rythme des enfants avec materiel simple.,"Maison de la Culture, Sfax, Tunisie",False,11.2,HIGH
AUTOMNE,NOVEMBER,2-3 ans,MEDIUM,False,Sfax,ATELIER,INDOOR,Atelier musique et rythme,Activite creatrice et sensorielle adaptee au rythme des enfants avec materiel simple.,"Centre culturel Mohamed Jamoussi, Sfax, Tunisie",False,10.3,HIGH
AUTOMNE,NOVEMBER,2-3 ans,LOW,False,Sfax,ATELIER,INDOOR,Atelier coloriage et decoupage,Activite creatrice et sensorielle adaptee au rythme des enfants avec materiel simple.,"Maison de la Culture, Sfax, Tunisie",False,7.3,HIGH
AUTOMNE,NOVEMBER,4-5 ans,LOW,False,Sfax,ATELIER,INDOOR,Atelier musique et rythme,Activite creatrice et sensorielle adaptee au rythme des enfants avec materiel simple.,"Centre culturel Mohamed Jamoussi, Sfax, Tunisie",False,6.7,HIGH
AUTOMNE,NOVEMBER,4-5 ans,MEDIUM,False,Sfax,ATELIER,INDOOR,Atelier coloriage et decoupage,Activite creatrice et sensorielle adaptee au rythme des enfants avec materiel simple.,"Maison de la Culture, Sfax, Tunisie",False,12.4,HIGH
AUTOMNE,NOVEMBER,2-6 ans,MEDIUM,False,Sfax,ATELIER,INDOOR,Atelier musique et rythme,Activite creatrice et sensorielle adaptee au rythme des enfants avec materiel simple.,"Centre culturel Mohamed Jamoussi, Sfax, Tunisie",False,14.0,HIGH
AUTOMNE,NOVEMBER,2-6 ans,MEDIUM,False,Sfax,ATELIER,INDOOR,Atelier coloriage et decoupage,Activite creatrice et sensorielle adaptee au rythme des enfants avec materiel simple.,"Maison de la Culture, Sfax, Tunisie",False,9.5,HIGH
HIVER,DECEMBER,2-3 ans,MEDIUM,False,Sfax,ATELIER,INDOOR,Atelier musique et rythme,Activite creatrice et sensorielle adaptee au rythme des enfants avec materiel simple.,"Centre culturel Mohamed Jamoussi, Sfax, Tunisie",False,13.8,HIGH
HIVER,DECEMBER,2-3 ans,MEDIUM,False,Sfax,ATELIER,INDOOR,Atelier coloriage et decoupage,Activite creatrice et sensorielle adaptee au rythme des enfants avec materiel simple.,"Maison de la Culture, Sfax, Tunisie",False,9.9,HIGH
HIVER,DECEMBER,4-5 ans,MEDIUM,False,Sfax,ATELIER,INDOOR,Atelier musique et rythme,Activite creatrice et sensorielle adaptee au rythme des enfants avec materiel simple.,"Centre culturel Mohamed Jamoussi, Sfax, Tunisie",False,10.4,HIGH
HIVER,DECEMBER,4-5 ans,LOW,False,Sfax,ATELIER,INDOOR,Atelier coloriage et decoupage,Activite creatrice et sensorielle adaptee au rythme des enfants avec materiel simple.,"Maison de la Culture, Sfax, Tunisie",False,5.8,HIGH
HIVER,DECEMBER,2-6 ans,MEDIUM,False,Sfax,ATELIER,INDOOR,Atelier musique et rythme,Activite creatrice et sensorielle adaptee au rythme des enfants avec materiel simple.,"Centre culturel Mohamed Jamoussi, Sfax, Tunisie",False,13.5,HIGH
HIVER,DECEMBER,2-6 ans,LOW,False,Sfax,ATELIER,INDOOR,Atelier coloriage et decoupage,Activite creatrice et sensorielle adaptee au rythme des enfants avec materiel simple.,"Maison de la Culture, Sfax, Tunisie",False,3.2,HIGH
HIVER,JANUARY,2-3 ans,MEDIUM,False,Sfax,ATELIER,INDOOR,Atelier musique et rythme,Activite creatrice et sensorielle adaptee au rythme des enfants avec materiel simple.,"Centre culturel Mohamed Jamoussi, Sfax, Tunisie",False,8.1,HIGH
HIVER,JANUARY,2-3 ans,LOW,False,Sfax,ATELIER,INDOOR,Atelier coloriage et decoupage,Activite creatrice et sensorielle adaptee au rythme des enfants avec materiel simple.,"Maison de la Culture, Sfax, Tunisie",False,5.2,HIGH
HIVER,JANUARY,4-5 ans,LOW,False,Sfax,ATELIER,INDOOR,Atelier musique et rythme,Activite creatrice et sensorielle adaptee au rythme des enfants avec materiel simple.,"Centre culturel Mohamed Jamoussi, Sfax, Tunisie",False,8.0,HIGH
HIVER,JANUARY,4-5 ans,MEDIUM,False,Sfax,ATELIER,INDOOR,Atelier coloriage et decoupage,Activite creatrice et sensorielle adaptee au rythme des enfants avec materiel simple.,"Maison de la Culture, Sfax, Tunisie",False,9.4,HIGH
HIVER,JANUARY,2-6 ans,LOW,False,Sfax,ATELIER,INDOOR,Atelier musique et rythme,Activite creatrice et sensorielle adaptee au rythme des enfants avec materiel simple.,"Centre culturel Mohamed Jamoussi, Sfax, Tunisie",False,7.4,HIGH
HIVER,JANUARY,2-6 ans,MEDIUM,False,Sfax,ATELIER,INDOOR,Atelier coloriage et decoupage,Activite creatrice et sensorielle adaptee au rythme des enfants avec materiel simple.,"Maison de la Culture, Sfax, Tunisie",False,9.1,HIGH
HIVER,FEBRUARY,2-3 ans,MEDIUM,False,Sfax,ATELIER,INDOOR,Atelier musique et rythme,Activite creatrice et sensorielle adaptee au rythme des enfants avec materiel simple.,"Centre culturel Mohamed Jamoussi, Sfax, Tunisie",False,8.7,HIGH
HIVER,FEBRUARY,2-3 ans,MEDIUM,False,Sfax,ATELIER,INDOOR,Atelier coloriage et decoupage,Activite creatrice et sensorielle adaptee au rythme des enfants avec materiel simple.,"Maison de la Culture, Sfax, Tunisie",False,9.8,HIGH
HIVER,FEBRUARY,4-5 ans,MEDIUM,False,Sfax,ATELIER,INDOOR,Atelier musique et rythme,Activite creatrice et sensorielle adaptee au rythme des enfants avec materiel simple.,"Centre culturel Mohamed Jamoussi, Sfax, Tunisie",False,12.7,HIGH
HIVER,FEBRUARY,4-5 ans,LOW,False,Sfax,ATELIER,INDOOR,Atelier coloriage et decoupage,Activite creatrice et sensorielle adaptee au rythme des enfants avec materiel simple.,"Maison de la Culture, Sfax, Tunisie",False,3.3,HIGH
HIVER,FEBRUARY,2-6 ans,MEDIUM,False,Sfax,ATELIER,INDOOR,Atelier musique et rythme,Activite creatrice et sensorielle adaptee au rythme des enfants avec materiel simple.,"Centre culturel Mohamed Jamoussi, Sfax, Tunisie",False,13.1,HIGH
HIVER,FEBRUARY,2-6 ans,LOW,False,Sfax,ATELIER,INDOOR,Atelier coloriage et decoupage,Activite creatrice et sensorielle adaptee au rythme des enfants avec materiel simple.,"Maison de la Culture, Sfax, Tunisie",False,5.1,HIGH
PRINTEMPS,MARCH,2-3 ans,LOW,True,Sfax,ACTIVITE,OUTDOOR,Jeux de motricite au parc,Jeux collectifs et parcours moteurs dans un cadre securise et adapte.,"Parc Touta, Sfax, Tunisie",False,5.5,HIGH
PRINTEMPS,MARCH,2-3 ans,LOW,True,Sfax,ACTIVITE,OUTDOOR,Activite de groupe en exterieur,Jeux collectifs et parcours moteurs dans un cadre securise et adapte.,"Ain Park, Sfax, Tunisie",False,3.1,HIGH
PRINTEMPS,MARCH,4-5 ans,LOW,True,Sfax,ACTIVITE,OUTDOOR,Jeux de motricite au parc,Jeux collectifs et parcours moteurs dans un cadre securise et adapte.,"Parc Touta, Sfax, Tunisie",False,2.7,HIGH
PRINTEMPS,MARCH,4-5 ans,LOW,True,Sfax,ACTIVITE,OUTDOOR,Activite de groupe en exterieur,Jeux collectifs et parcours moteurs dans un cadre securise et adapte.,"Ain Park, Sfax, Tunisie",False,4.6,HIGH
PRINTEMPS,MARCH,2-6 ans,MEDIUM,True,Sfax,ACTIVITE,OUTDOOR,Jeux de motricite au parc,Jeux collectifs et parcours moteurs dans un cadre securise et adapte.,"Parc Touta, Sfax, Tunisie",False,7.1,HIGH
PRINTEMPS,MARCH,2-6 ans,MEDIUM,True,Sfax,ACTIVITE,OUTDOOR,Activite de groupe en exterieur,Jeux collectifs et parcours moteurs dans un cadre securise et adapte.,"Ain Park, Sfax, Tunisie",False,11.9,HIGH
PRINTEMPS,APRIL,2-3 ans,MEDIUM,True,Sfax,ACTIVITE,OUTDOOR,Jeux de motricite au parc,Jeux collectifs et parcours moteurs dans un cadre securise et adapte.,"Parc Touta, Sfax, Tunisie",False,11.2,HIGH
PRINTEMPS,APRIL,2-3 ans,MEDIUM,True,Sfax,ACTIVITE,OUTDOOR,Activite de groupe en exterieur,Jeux collectifs et parcours moteurs dans un cadre securise et adapte.,"Ain Park, Sfax, Tunisie",False,7.4,HIGH
PRINTEMPS,APRIL,4-5 ans,MEDIUM,True,Sfax,ACTIVITE,OUTDOOR,Jeux de motricite au parc,Jeux collectifs et parcours moteurs dans un cadre securise et adapte.,"Parc Touta, Sfax, Tunisie",False,7.5,HIGH
PRINTEMPS,APRIL,4-5 ans,LOW,True,Sfax,ACTIVITE,OUTDOOR,Activite de groupe en exterieur,Jeux collectifs et parcours moteurs dans un cadre securise et adapte.,"Ain Park, Sfax, Tunisie",False,2.5,HIGH
PRINTEMPS,APRIL,2-6 ans,MEDIUM,True,Sfax,ACTIVITE,OUTDOOR,Jeux de motricite au parc,Jeux collectifs et parcours moteurs dans un cadre securise et adapte.,"Parc Touta, Sfax, Tunisie",False,12.3,HIGH
PRINTEMPS,APRIL,2-6 ans,LOW,True,Sfax,ACTIVITE,OUTDOOR,Activite de groupe en exterieur,Jeux collectifs et parcours moteurs dans un cadre securise et adapte.,"Ain Park, Sfax, Tunisie",False,3.9,HIGH
PRINTEMPS,MAY,2-3 ans,LOW,True,Sfax,ACTIVITE,OUTDOOR,Jeux de motricite au parc,Jeux collectifs et parcours moteurs dans un cadre securise et adapte.,"Parc Touta, Sfax, Tunisie",False,5.2,HIGH
PRINTEMPS,MAY,2-3 ans,LOW,True,Sfax,ACTIVITE,OUTDOOR,Activite de groupe en exterieur,Jeux collectifs et parcours moteurs dans un cadre securise et adapte.,"Ain Park, Sfax, Tunisie",False,2.3,HIGH
PRINTEMPS,MAY,4-5 ans,LOW,True,Sfax,ACTIVITE,OUTDOOR,Jeux de motricite au parc,Jeux collectifs et parcours moteurs dans un cadre securise et adapte.,"Parc Touta, Sfax, Tunisie",False,5.1,HIGH
PRINTEMPS,MAY,4-5 ans,LOW,True,Sfax,ACTIVITE,OUTDOOR,Activite de groupe en exterieur,Jeux collectifs et parcours moteurs dans un cadre securise et adapte.,"Ain Park, Sfax, Tunisie",False,4.2,HIGH
PRINTEMPS,MAY,2-6 ans,LOW,True,Sfax,ACTIVITE,OUTDOOR,Jeux de motricite au parc,Jeux collectifs et parcours moteurs dans un cadre securise et adapte.,"Parc Touta, Sfax, Tunisie",False,5.1,HIGH
PRINTEMPS,MAY,2-6 ans,LOW,True,Sfax,ACTIVITE,OUTDOOR,Activite de groupe en exterieur,Jeux collectifs et parcours moteurs dans un cadre securise et adapte.,"Ain Park, Sfax, Tunisie",False,6.6,HIGH
ETE,JUNE,2-3 ans,MEDIUM,True,Sfax,ACTIVITE,OUTDOOR,Jeux de motricite au parc,Jeux collectifs et parcours moteurs dans un cadre securise et adapte.,"Parc Touta, Sfax, Tunisie",False,12.2,HIGH
ETE,JUNE,2-3 ans,LOW,True,Sfax,ACTIVITE,OUTDOOR,Activite de groupe en exterieur,Jeux collectifs et parcours moteurs dans un cadre securise et adapte.,"Ain Park, Sfax, Tunisie",False,6.5,HIGH
ETE,JUNE,4-5 ans,LOW,True,Sfax,ACTIVITE,OUTDOOR,Jeux de motricite au parc,Jeux collectifs et parcours moteurs dans un cadre securise et adapte.,"Parc Touta, Sfax, Tunisie",False,5.8,HIGH
ETE,JUNE,4-5 ans,MEDIUM,True,Sfax,ACTIVITE,OUTDOOR,Activite de groupe en exterieur,Jeux collectifs et parcours moteurs dans un cadre securise et adapte.,"Ain Park, Sfax, Tunisie",False,9.1,HIGH
ETE,JUNE,2-6 ans,MEDIUM,True,Sfax,ACTIVITE,OUTDOOR,Jeux de motricite au parc,Jeux collectifs et parcours moteurs dans un cadre securise et adapte.,"Parc Touta, Sfax, Tunisie",False,8.9,HIGH
ETE,JUNE,2-6 ans,LOW,True,Sfax,ACTIVITE,OUTDOOR,Activite de groupe en exterieur,Jeux collectifs et parcours moteurs dans un cadre securise et adapte.,"Ain Park, Sfax, Tunisie",False,3.2,HIGH
ETE,JULY,2-3 ans,LOW,True,Sfax,ACTIVITE,OUTDOOR,Jeux de motricite au parc,Jeux collectifs et parcours moteurs dans un cadre securise et adapte.,"Parc Touta, Sfax, Tunisie",False,3.2,HIGH
ETE,JULY,2-3 ans,MEDIUM,True,Sfax,ACTIVITE,OUTDOOR,Activite de groupe en exterieur,Jeux collectifs et parcours moteurs dans un cadre securise et adapte.,"Ain Park, Sfax, Tunisie",False,11.7,HIGH
ETE,JULY,4-5 ans,LOW,True,Sfax,ACTIVITE,OUTDOOR,Jeux de motricite au parc,Jeux collectifs et parcours moteurs dans un cadre securise et adapte.,"Parc Touta, Sfax, Tunisie",False,6.2,HIGH
ETE,JULY,4-5 ans,MEDIUM,True,Sfax,ACTIVITE,OUTDOOR,Activite de groupe en exterieur,Jeux collectifs et parcours moteurs dans un cadre securise et adapte.,"Ain Park, Sfax, Tunisie",False,8.2,HIGH
ETE,JULY,2-6 ans,LOW,True,Sfax,ACTIVITE,OUTDOOR,Jeux de motricite au parc,Jeux collectifs et parcours moteurs dans un cadre securise et adapte.,"Parc Touta, Sfax, Tunisie",False,5.7,HIGH
ETE,JULY,2-6 ans,MEDIUM,True,Sfax,ACTIVITE,OUTDOOR,Activite de groupe en exterieur,Jeux collectifs et parcours moteurs dans un cadre securise et adapte.,"Ain Park, Sfax, Tunisie",False,10.9,HIGH
ETE,AUGUST,2-3 ans,LOW,True,Sfax,ACTIVITE,OUTDOOR,Jeux de motricite au parc,Jeux collectifs et parcours moteurs dans un cadre securise et adapte.,"Parc Touta, Sfax, Tunisie",False,4.5,HIGH
ETE,AUGUST,2-3 ans,LOW,True,Sfax,ACTIVITE,OUTDOOR,Activite de groupe en exterieur,Jeux collectifs et parcours moteurs dans un cadre securise et adapte.,"Ain Park, Sfax, Tunisie",False,3.2,HIGH
ETE,AUGUST,4-5 ans,LOW,True,Sfax,ACTIVITE,OUTDOOR,Jeux de motricite au parc,Jeux collectifs et parcours moteurs dans un cadre securise et adapte.,"Parc Touta, Sfax, Tunisie",False,4.6,HIGH
ETE,AUGUST,4-5 ans,LOW,True,Sfax,ACTIVITE,OUTDOOR,Activite de groupe en exterieur,Jeux collectifs et parcours moteurs dans un cadre securise et adapte.,"Ain Park, Sfax, Tunisie",False,6.9,HIGH
ETE,AUGUST,2-6 ans,MEDIUM,True,Sfax,ACTIVITE,OUTDOOR,Jeux de motricite au parc,Jeux collectifs et parcours moteurs dans un cadre securise et adapte.,"Parc Touta, Sfax, Tunisie",False,7.8,HIGH
ETE,AUGUST,2-6 ans,MEDIUM,True,Sfax,ACTIVITE,OUTDOOR,Activite de groupe en exterieur,Jeux collectifs et parcours moteurs dans un cadre securise et adapte.,"Ain Park, Sfax, Tunisie",False,9.2,HIGH
AUTOMNE,SEPTEMBER,2-3 ans,LOW,True,Sfax,ACTIVITE,OUTDOOR,Jeux de motricite au parc,Jeux collectifs et parcours moteurs dans un cadre securise et adapte.,"Parc Touta, Sfax, Tunisie",False,5.8,HIGH
AUTOMNE,SEPTEMBER,2-3 ans,LOW,True,Sfax,ACTIVITE,OUTDOOR,Activite de groupe en exterieur,Jeux collectifs et parcours moteurs dans un cadre securise et adapte.,"Ain Park, Sfax, Tunisie",False,2.1,HIGH
AUTOMNE,SEPTEMBER,4-5 ans,LOW,True,Sfax,ACTIVITE,OUTDOOR,Jeux de motricite au parc,Jeux collectifs et parcours moteurs dans un cadre securise et adapte.,"Parc Touta, Sfax, Tunisie",False,2.1,HIGH
AUTOMNE,SEPTEMBER,4-5 ans,LOW,True,Sfax,ACTIVITE,OUTDOOR,Activite de groupe en exterieur,Jeux collectifs et parcours moteurs dans un cadre securise et adapte.,"Ain Park, Sfax, Tunisie",False,2.2,HIGH
AUTOMNE,SEPTEMBER,2-6 ans,LOW,True,Sfax,ACTIVITE,OUTDOOR,Jeux de motricite au parc,Jeux collectifs et parcours moteurs dans un cadre securise et adapte.,"Parc Touta, Sfax, Tunisie",False,6.7,HIGH
AUTOMNE,SEPTEMBER,2-6 ans,MEDIUM,True,Sfax,ACTIVITE,OUTDOOR,Activite de groupe en exterieur,Jeux collectifs et parcours moteurs dans un cadre securise et adapte.,"Ain Park, Sfax, Tunisie",False,10.0,HIGH
AUTOMNE,OCTOBER,2-3 ans,MEDIUM,True,Sfax,ACTIVITE,OUTDOOR,Jeux de motricite au parc,Jeux collectifs et parcours moteurs dans un cadre securise et adapte.,"Parc Touta, Sfax, Tunisie",False,9.5,HIGH
AUTOMNE,OCTOBER,2-3 ans,MEDIUM,True,Sfax,ACTIVITE,OUTDOOR,Activite de groupe en exterieur,Jeux collectifs et parcours moteurs dans un cadre securise et adapte.,"Ain Park, Sfax, Tunisie",False,7.5,HIGH
AUTOMNE,OCTOBER,4-5 ans,LOW,True,Sfax,ACTIVITE,OUTDOOR,Jeux de motricite au parc,Jeux collectifs et parcours moteurs dans un cadre securise et adapte.,"Parc Touta, Sfax, Tunisie",False,3.4,HIGH
AUTOMNE,OCTOBER,4-5 ans,MEDIUM,True,Sfax,ACTIVITE,OUTDOOR,Activite de groupe en exterieur,Jeux collectifs et parcours moteurs dans un cadre securise et adapte.,"Ain Park, Sfax, Tunisie",False,7.5,HIGH
AUTOMNE,OCTOBER,2-6 ans,LOW,True,Sfax,ACTIVITE,OUTDOOR,Jeux de motricite au parc,Jeux collectifs et parcours moteurs dans un cadre securise et adapte.,"Parc Touta, Sfax, Tunisie",False,6.9,HIGH
AUTOMNE,OCTOBER,2-6 ans,LOW,True,Sfax,ACTIVITE,OUTDOOR,Activite de groupe en exterieur,Jeux collectifs et parcours moteurs dans un cadre securise et adapte.,"Ain Park, Sfax, Tunisie",False,4.7,HIGH
AUTOMNE,NOVEMBER,2-3 ans,MEDIUM,True,Sfax,ACTIVITE,OUTDOOR,Jeux de motricite au parc,Jeux collectifs et parcours moteurs dans un cadre securise et adapte.,"Parc Touta, Sfax, Tunisie",False,10.5,HIGH
AUTOMNE,NOVEMBER,2-3 ans,LOW,True,Sfax,ACTIVITE,OUTDOOR,Activite de groupe en exterieur,Jeux collectifs et parcours moteurs dans un cadre securise et adapte.,"Ain Park, Sfax, Tunisie",False,3.6,HIGH
AUTOMNE,NOVEMBER,4-5 ans,MEDIUM,True,Sfax,ACTIVITE,OUTDOOR,Jeux de motricite au parc,Jeux collectifs et parcours moteurs dans un cadre securise et adapte.,"Parc Touta, Sfax, Tunisie",False,11.4,HIGH
AUTOMNE,NOVEMBER,4-5 ans,LOW,True,Sfax,ACTIVITE,OUTDOOR,Activite de groupe en exterieur,Jeux collectifs et parcours moteurs dans un cadre securise et adapte.,"Ain Park, Sfax, Tunisie",False,2.3,HIGH
AUTOMNE,NOVEMBER,2-6 ans,LOW,True,Sfax,ACTIVITE,OUTDOOR,Jeux de motricite au parc,Jeux collectifs et parcours moteurs dans un cadre securise et adapte.,"Parc Touta, Sfax, Tunisie",False,6.6,HIGH
AUTOMNE,NOVEMBER,2-6 ans,LOW,True,Sfax,ACTIVITE,OUTDOOR,Activite de groupe en exterieur,Jeux collectifs et parcours moteurs dans un cadre securise et adapte.,"Ain Park, Sfax, Tunisie",False,4.3,HIGH
HIVER,DECEMBER,2-3 ans,LOW,True,Sfax,ACTIVITE,OUTDOOR,Jeux de motricite au parc,Jeux collectifs et parcours moteurs dans un cadre securise et adapte.,"Parc Touta, Sfax, Tunisie",False,3.5,HIGH
HIVER,DECEMBER,2-3 ans,LOW,True,Sfax,ACTIVITE,OUTDOOR,Activite de groupe en exterieur,Jeux collectifs et parcours moteurs dans un cadre securise et adapte.,"Ain Park, Sfax, Tunisie",False,2.6,HIGH
HIVER,DECEMBER,4-5 ans,LOW,True,Sfax,ACTIVITE,OUTDOOR,Jeux de motricite au parc,Jeux collectifs et parcours moteurs dans un cadre securise et adapte.,"Parc Touta, Sfax, Tunisie",False,5.5,HIGH
HIVER,DECEMBER,4-5 ans,LOW,True,Sfax,ACTIVITE,OUTDOOR,Activite de groupe en exterieur,Jeux collectifs et parcours moteurs dans un cadre securise et adapte.,"Ain Park, Sfax, Tunisie",False,4.5,HIGH
HIVER,DECEMBER,2-6 ans,MEDIUM,True,Sfax,ACTIVITE,OUTDOOR,Jeux de motricite au parc,Jeux collectifs et parcours moteurs dans un cadre securise et adapte.,"Parc Touta, Sfax, Tunisie",False,10.1,HIGH
HIVER,DECEMBER,2-6 ans,MEDIUM,True,Sfax,ACTIVITE,OUTDOOR,Activite de groupe en exterieur,Jeux collectifs et parcours moteurs dans un cadre securise et adapte.,"Ain Park, Sfax, Tunisie",False,8.0,HIGH
HIVER,JANUARY,2-3 ans,LOW,True,Sfax,ACTIVITE,OUTDOOR,Jeux de motricite au parc,Jeux collectifs et parcours moteurs dans un cadre securise et adapte.,"Parc Touta, Sfax, Tunisie",False,5.7,HIGH
HIVER,JANUARY,2-3 ans,MEDIUM,True,Sfax,ACTIVITE,OUTDOOR,Activite de groupe en exterieur,Jeux collectifs et parcours moteurs dans un cadre securise et adapte.,"Ain Park, Sfax, Tunisie",False,11.4,HIGH
HIVER,JANUARY,4-5 ans,LOW,True,Sfax,ACTIVITE,OUTDOOR,Jeux de motricite au parc,Jeux collectifs et parcours moteurs dans un cadre securise et adapte.,"Parc Touta, Sfax, Tunisie",False,5.9,HIGH
HIVER,JANUARY,4-5 ans,LOW,True,Sfax,ACTIVITE,OUTDOOR,Activite de groupe en exterieur,Jeux collectifs et parcours moteurs dans un cadre securise et adapte.,"Ain Park, Sfax, Tunisie",False,3.7,HIGH
HIVER,JANUARY,2-6 ans,MEDIUM,True,Sfax,ACTIVITE,OUTDOOR,Jeux de motricite au parc,Jeux collectifs et parcours moteurs dans un cadre securise et adapte.,"Parc Touta, Sfax, Tunisie",False,8.6,HIGH
HIVER,JANUARY,2-6 ans,LOW,True,Sfax,ACTIVITE,OUTDOOR,Activite de groupe en exterieur,Jeux collectifs et parcours moteurs dans un cadre securise et adapte.,"Ain Park, Sfax, Tunisie",False,3.3,HIGH
HIVER,FEBRUARY,2-3 ans,LOW,True,Sfax,ACTIVITE,OUTDOOR,Jeux de motricite au parc,Jeux collectifs et parcours moteurs dans un cadre securise et adapte.,"Parc Touta, Sfax, Tunisie",False,4.5,HIGH
HIVER,FEBRUARY,2-3 ans,MEDIUM,True,Sfax,ACTIVITE,OUTDOOR,Activite de groupe en exterieur,Jeux collectifs et parcours moteurs dans un cadre securise et adapte.,"Ain Park, Sfax, Tunisie",False,7.3,HIGH
HIVER,FEBRUARY,4-5 ans,LOW,True,Sfax,ACTIVITE,OUTDOOR,Jeux de motricite au parc,Jeux collectifs et parcours moteurs dans un cadre securise et adapte.,"Parc Touta, Sfax, Tunisie",False,3.8,HIGH
HIVER,FEBRUARY,4-5 ans,MEDIUM,True,Sfax,ACTIVITE,OUTDOOR,Activite de groupe en exterieur,Jeux collectifs et parcours moteurs dans un cadre securise et adapte.,"Ain Park, Sfax, Tunisie",False,11.6,HIGH
HIVER,FEBRUARY,2-6 ans,LOW,True,Sfax,ACTIVITE,OUTDOOR,Jeux de motricite au parc,Jeux collectifs et parcours moteurs dans un cadre securise et adapte.,"Parc Touta, Sfax, Tunisie",False,3.1,HIGH
HIVER,FEBRUARY,2-6 ans,LOW,True,Sfax,ACTIVITE,OUTDOOR,Activite de groupe en exterieur,Jeux collectifs et parcours moteurs dans un cadre securise et adapte.,"Ain Park, Sfax, Tunisie",False,2.2,HIGH
PRINTEMPS,MARCH,2-3 ans,LOW,False,Sfax,FETE,INDOOR,Fete des saisons a l exterieur,"Moment festif avec animations douces, musique, decoration et gouter encadre.","Parc Touta, Sfax, Tunisie",False,6.2,HIGH
PRINTEMPS,MARCH,2-3 ans,MEDIUM,False,Sfax,FETE,INDOOR,Fete costumee en salle,"Moment festif avec animations douces, musique, decoration et gouter encadre.","Maison de la Culture, Sfax, Tunisie",False,12.9,HIGH
PRINTEMPS,MARCH,4-5 ans,LOW,False,Sfax,FETE,INDOOR,Fete des saisons a l exterieur,"Moment festif avec animations douces, musique, decoration et gouter encadre.","Parc Touta, Sfax, Tunisie",False,5.9,HIGH
PRINTEMPS,MARCH,4-5 ans,LOW,False,Sfax,FETE,INDOOR,Fete costumee en salle,"Moment festif avec animations douces, musique, decoration et gouter encadre.","Maison de la Culture, Sfax, Tunisie",False,7.8,HIGH
PRINTEMPS,MARCH,2-6 ans,MEDIUM,False,Sfax,FETE,INDOOR,Fete des saisons a l exterieur,"Moment festif avec animations douces, musique, decoration et gouter encadre.","Parc Touta, Sfax, Tunisie",False,11.8,HIGH
PRINTEMPS,MARCH,2-6 ans,LOW,False,Sfax,FETE,INDOOR,Fete costumee en salle,"Moment festif avec animations douces, musique, decoration et gouter encadre.","Maison de la Culture, Sfax, Tunisie",False,7.1,HIGH
PRINTEMPS,APRIL,2-3 ans,MEDIUM,False,Sfax,FETE,INDOOR,Fete des saisons a l exterieur,"Moment festif avec animations douces, musique, decoration et gouter encadre.","Parc Touta, Sfax, Tunisie",False,12.2,HIGH
PRINTEMPS,APRIL,2-3 ans,LOW,False,Sfax,FETE,INDOOR,Fete costumee en salle,"Moment festif avec animations douces, musique, decoration et gouter encadre.","Maison de la Culture, Sfax, Tunisie",False,7.9,HIGH
PRINTEMPS,APRIL,4-5 ans,LOW,False,Sfax,FETE,INDOOR,Fete des saisons a l exterieur,"Moment festif avec animations douces, musique, decoration et gouter encadre.","Parc Touta, Sfax, Tunisie",False,7.5,HIGH
PRINTEMPS,APRIL,4-5 ans,LOW,False,Sfax,FETE,INDOOR,Fete costumee en salle,"Moment festif avec animations douces, musique, decoration et gouter encadre.","Maison de la Culture, Sfax, Tunisie",False,5.9,HIGH
PRINTEMPS,APRIL,2-6 ans,LOW,False,Sfax,FETE,INDOOR,Fete des saisons a l exterieur,"Moment festif avec animations douces, musique, decoration et gouter encadre.","Parc Touta, Sfax, Tunisie",False,9.8,HIGH
PRINTEMPS,APRIL,2-6 ans,LOW,False,Sfax,FETE,INDOOR,Fete costumee en salle,"Moment festif avec animations douces, musique, decoration et gouter encadre.","Maison de la Culture, Sfax, Tunisie",False,9.4,HIGH
PRINTEMPS,MAY,2-3 ans,MEDIUM,False,Sfax,FETE,INDOOR,Fete des saisons a l exterieur,"Moment festif avec animations douces, musique, decoration et gouter encadre.","Parc Touta, Sfax, Tunisie",False,16.2,HIGH
PRINTEMPS,MAY,2-3 ans,MEDIUM,False,Sfax,FETE,INDOOR,Fete costumee en salle,"Moment festif avec animations douces, musique, decoration et gouter encadre.","Maison de la Culture, Sfax, Tunisie",False,12.6,HIGH
PRINTEMPS,MAY,4-5 ans,MEDIUM,False,Sfax,FETE,INDOOR,Fete des saisons a l exterieur,"Moment festif avec animations douces, musique, decoration et gouter encadre.","Parc Touta, Sfax, Tunisie",False,10.1,HIGH
PRINTEMPS,MAY,4-5 ans,LOW,False,Sfax,FETE,INDOOR,Fete costumee en salle,"Moment festif avec animations douces, musique, decoration et gouter encadre.","Maison de la Culture, Sfax, Tunisie",False,6.5,HIGH
PRINTEMPS,MAY,2-6 ans,MEDIUM,False,Sfax,FETE,INDOOR,Fete des saisons a l exterieur,"Moment festif avec animations douces, musique, decoration et gouter encadre.","Parc Touta, Sfax, Tunisie",False,15.9,HIGH
PRINTEMPS,MAY,2-6 ans,LOW,False,Sfax,FETE,INDOOR,Fete costumee en salle,"Moment festif avec animations douces, musique, decoration et gouter encadre.","Maison de la Culture, Sfax, Tunisie",False,7.3,HIGH
ETE,JUNE,2-3 ans,MEDIUM,False,Sfax,FETE,INDOOR,Fete des saisons a l exterieur,"Moment festif avec animations douces, musique, decoration et gouter encadre.","Parc Touta, Sfax, Tunisie",False,18.0,HIGH
ETE,JUNE,2-3 ans,LOW,False,Sfax,FETE,INDOOR,Fete costumee en salle,"Moment festif avec animations douces, musique, decoration et gouter encadre.","Maison de la Culture, Sfax, Tunisie",False,8.7,HIGH
ETE,JUNE,4-5 ans,LOW,False,Sfax,FETE,INDOOR,Fete des saisons a l exterieur,"Moment festif avec animations douces, musique, decoration et gouter encadre.","Parc Touta, Sfax, Tunisie",False,5.8,HIGH
ETE,JUNE,4-5 ans,MEDIUM,False,Sfax,FETE,INDOOR,Fete costumee en salle,"Moment festif avec animations douces, musique, decoration et gouter encadre.","Maison de la Culture, Sfax, Tunisie",False,10.2,HIGH
ETE,JUNE,2-6 ans,MEDIUM,False,Sfax,FETE,INDOOR,Fete des saisons a l exterieur,"Moment festif avec animations douces, musique, decoration et gouter encadre.","Parc Touta, Sfax, Tunisie",False,15.1,HIGH
ETE,JUNE,2-6 ans,LOW,False,Sfax,FETE,INDOOR,Fete costumee en salle,"Moment festif avec animations douces, musique, decoration et gouter encadre.","Maison de la Culture, Sfax, Tunisie",False,9.8,HIGH
ETE,JULY,2-3 ans,LOW,False,Sfax,FETE,INDOOR,Fete des saisons a l exterieur,"Moment festif avec animations douces, musique, decoration et gouter encadre.","Parc Touta, Sfax, Tunisie",False,8.8,HIGH
ETE,JULY,2-3 ans,MEDIUM,False,Sfax,FETE,INDOOR,Fete costumee en salle,"Moment festif avec animations douces, musique, decoration et gouter encadre.","Maison de la Culture, Sfax, Tunisie",False,16.8,HIGH
ETE,JULY,4-5 ans,MEDIUM,False,Sfax,FETE,INDOOR,Fete des saisons a l exterieur,"Moment festif avec animations douces, musique, decoration et gouter encadre.","Parc Touta, Sfax, Tunisie",False,10.8,HIGH
ETE,JULY,4-5 ans,LOW,False,Sfax,FETE,INDOOR,Fete costumee en salle,"Moment festif avec animations douces, musique, decoration et gouter encadre.","Maison de la Culture, Sfax, Tunisie",False,7.1,HIGH
ETE,JULY,2-6 ans,LOW,False,Sfax,FETE,INDOOR,Fete des saisons a l exterieur,"Moment festif avec animations douces, musique, decoration et gouter encadre.","Parc Touta, Sfax, Tunisie",False,9.9,HIGH
ETE,JULY,2-6 ans,LOW,False,Sfax,FETE,INDOOR,Fete costumee en salle,"Moment festif avec animations douces, musique, decoration et gouter encadre.","Maison de la Culture, Sfax, Tunisie",False,8.6,HIGH
ETE,AUGUST,2-3 ans,LOW,False,Sfax,FETE,INDOOR,Fete des saisons a l exterieur,"Moment festif avec animations douces, musique, decoration et gouter encadre.","Parc Touta, Sfax, Tunisie",False,5.2,HIGH
ETE,AUGUST,2-3 ans,LOW,False,Sfax,FETE,INDOOR,Fete costumee en salle,"Moment festif avec animations douces, musique, decoration et gouter encadre.","Maison de la Culture, Sfax, Tunisie",False,9.5,HIGH
ETE,AUGUST,4-5 ans,MEDIUM,False,Sfax,FETE,INDOOR,Fete des saisons a l exterieur,"Moment festif avec animations douces, musique, decoration et gouter encadre.","Parc Touta, Sfax, Tunisie",False,15.6,HIGH
ETE,AUGUST,4-5 ans,MEDIUM,False,Sfax,FETE,INDOOR,Fete costumee en salle,"Moment festif avec animations douces, musique, decoration et gouter encadre.","Maison de la Culture, Sfax, Tunisie",False,13.7,HIGH
ETE,AUGUST,2-6 ans,LOW,False,Sfax,FETE,INDOOR,Fete des saisons a l exterieur,"Moment festif avec animations douces, musique, decoration et gouter encadre.","Parc Touta, Sfax, Tunisie",False,7.9,HIGH
ETE,AUGUST,2-6 ans,LOW,False,Sfax,FETE,INDOOR,Fete costumee en salle,"Moment festif avec animations douces, musique, decoration et gouter encadre.","Maison de la Culture, Sfax, Tunisie",False,8.2,HIGH
AUTOMNE,SEPTEMBER,2-3 ans,MEDIUM,False,Sfax,FETE,INDOOR,Fete des saisons a l exterieur,"Moment festif avec animations douces, musique, decoration et gouter encadre.","Parc Touta, Sfax, Tunisie",False,10.6,HIGH
AUTOMNE,SEPTEMBER,2-3 ans,LOW,False,Sfax,FETE,INDOOR,Fete costumee en salle,"Moment festif avec animations douces, musique, decoration et gouter encadre.","Maison de la Culture, Sfax, Tunisie",False,7.2,HIGH
AUTOMNE,SEPTEMBER,4-5 ans,LOW,False,Sfax,FETE,INDOOR,Fete des saisons a l exterieur,"Moment festif avec animations douces, musique, decoration et gouter encadre.","Parc Touta, Sfax, Tunisie",False,6.2,HIGH
AUTOMNE,SEPTEMBER,4-5 ans,MEDIUM,False,Sfax,FETE,INDOOR,Fete costumee en salle,"Moment festif avec animations douces, musique, decoration et gouter encadre.","Maison de la Culture, Sfax, Tunisie",False,16.8,HIGH
AUTOMNE,SEPTEMBER,2-6 ans,MEDIUM,False,Sfax,FETE,INDOOR,Fete des saisons a l exterieur,"Moment festif avec animations douces, musique, decoration et gouter encadre.","Parc Touta, Sfax, Tunisie",False,15.6,HIGH
AUTOMNE,SEPTEMBER,2-6 ans,MEDIUM,False,Sfax,FETE,INDOOR,Fete costumee en salle,"Moment festif avec animations douces, musique, decoration et gouter encadre.","Maison de la Culture, Sfax, Tunisie",False,12.5,HIGH
AUTOMNE,OCTOBER,2-3 ans,MEDIUM,False,Sfax,FETE,INDOOR,Fete des saisons a l exterieur,"Moment festif avec animations douces, musique, decoration et gouter encadre.","Parc Touta, Sfax, Tunisie",False,11.9,HIGH
AUTOMNE,OCTOBER,2-3 ans,LOW,False,Sfax,FETE,INDOOR,Fete costumee en salle,"Moment festif avec animations douces, musique, decoration et gouter encadre.","Maison de la Culture, Sfax, Tunisie",False,5.7,HIGH
AUTOMNE,OCTOBER,4-5 ans,LOW,False,Sfax,FETE,INDOOR,Fete des saisons a l exterieur,"Moment festif avec animations douces, musique, decoration et gouter encadre.","Parc Touta, Sfax, Tunisie",False,5.8,HIGH
AUTOMNE,OCTOBER,4-5 ans,LOW,False,Sfax,FETE,INDOOR,Fete costumee en salle,"Moment festif avec animations douces, musique, decoration et gouter encadre.","Maison de la Culture, Sfax, Tunisie",False,7.2,HIGH
AUTOMNE,OCTOBER,2-6 ans,MEDIUM,False,Sfax,FETE,INDOOR,Fete des saisons a l exterieur,"Moment festif avec animations douces, musique, decoration et gouter encadre.","Parc Touta, Sfax, Tunisie",False,13.3,HIGH
AUTOMNE,OCTOBER,2-6 ans,MEDIUM,False,Sfax,FETE,INDOOR,Fete costumee en salle,"Moment festif avec animations douces, musique, decoration et gouter encadre.","Maison de la Culture, Sfax, Tunisie",False,17.7,HIGH
AUTOMNE,NOVEMBER,2-3 ans,LOW,False,Sfax,FETE,INDOOR,Fete des saisons a l exterieur,"Moment festif avec animations douces, musique, decoration et gouter encadre.","Parc Touta, Sfax, Tunisie",False,7.3,HIGH
AUTOMNE,NOVEMBER,2-3 ans,MEDIUM,False,Sfax,FETE,INDOOR,Fete costumee en salle,"Moment festif avec animations douces, musique, decoration et gouter encadre.","Maison de la Culture, Sfax, Tunisie",False,12.1,HIGH
AUTOMNE,NOVEMBER,4-5 ans,LOW,False,Sfax,FETE,INDOOR,Fete des saisons a l exterieur,"Moment festif avec animations douces, musique, decoration et gouter encadre.","Parc Touta, Sfax, Tunisie",False,5.5,HIGH
AUTOMNE,NOVEMBER,4-5 ans,MEDIUM,False,Sfax,FETE,INDOOR,Fete costumee en salle,"Moment festif avec animations douces, musique, decoration et gouter encadre.","Maison de la Culture, Sfax, Tunisie",False,16.6,HIGH
AUTOMNE,NOVEMBER,2-6 ans,LOW,False,Sfax,FETE,INDOOR,Fete des saisons a l exterieur,"Moment festif avec animations douces, musique, decoration et gouter encadre.","Parc Touta, Sfax, Tunisie",False,6.1,HIGH
AUTOMNE,NOVEMBER,2-6 ans,MEDIUM,False,Sfax,FETE,INDOOR,Fete costumee en salle,"Moment festif avec animations douces, musique, decoration et gouter encadre.","Maison de la Culture, Sfax, Tunisie",False,11.2,HIGH
HIVER,DECEMBER,2-3 ans,LOW,False,Sfax,FETE,INDOOR,Fete des saisons a l exterieur,"Moment festif avec animations douces, musique, decoration et gouter encadre.","Parc Touta, Sfax, Tunisie",False,9.8,HIGH
HIVER,DECEMBER,2-3 ans,MEDIUM,False,Sfax,FETE,INDOOR,Fete costumee en salle,"Moment festif avec animations douces, musique, decoration et gouter encadre.","Maison de la Culture, Sfax, Tunisie",False,14.1,HIGH
HIVER,DECEMBER,4-5 ans,MEDIUM,False,Sfax,FETE,INDOOR,Fete des saisons a l exterieur,"Moment festif avec animations douces, musique, decoration et gouter encadre.","Parc Touta, Sfax, Tunisie",False,12.1,HIGH
HIVER,DECEMBER,4-5 ans,LOW,False,Sfax,FETE,INDOOR,Fete costumee en salle,"Moment festif avec animations douces, musique, decoration et gouter encadre.","Maison de la Culture, Sfax, Tunisie",False,5.2,HIGH
HIVER,DECEMBER,2-6 ans,MEDIUM,False,Sfax,FETE,INDOOR,Fete des saisons a l exterieur,"Moment festif avec animations douces, musique, decoration et gouter encadre.","Parc Touta, Sfax, Tunisie",False,16.8,HIGH
HIVER,DECEMBER,2-6 ans,LOW,False,Sfax,FETE,INDOOR,Fete costumee en salle,"Moment festif avec animations douces, musique, decoration et gouter encadre.","Maison de la Culture, Sfax, Tunisie",False,5.5,HIGH
HIVER,JANUARY,2-3 ans,LOW,False,Sfax,FETE,INDOOR,Fete des saisons a l exterieur,"Moment festif avec animations douces, musique, decoration et gouter encadre.","Parc Touta, Sfax, Tunisie",False,9.0,HIGH
HIVER,JANUARY,2-3 ans,LOW,False,Sfax,FETE,INDOOR,Fete costumee en salle,"Moment festif avec animations douces, musique, decoration et gouter encadre.","Maison de la Culture, Sfax, Tunisie",False,5.6,HIGH
HIVER,JANUARY,4-5 ans,LOW,False,Sfax,FETE,INDOOR,Fete des saisons a l exterieur,"Moment festif avec animations douces, musique, decoration et gouter encadre.","Parc Touta, Sfax, Tunisie",False,9.2,HIGH
HIVER,JANUARY,4-5 ans,LOW,False,Sfax,FETE,INDOOR,Fete costumee en salle,"Moment festif avec animations douces, musique, decoration et gouter encadre.","Maison de la Culture, Sfax, Tunisie",False,5.7,HIGH
HIVER,JANUARY,2-6 ans,MEDIUM,False,Sfax,FETE,INDOOR,Fete des saisons a l exterieur,"Moment festif avec animations douces, musique, decoration et gouter encadre.","Parc Touta, Sfax, Tunisie",False,13.0,HIGH
HIVER,JANUARY,2-6 ans,LOW,False,Sfax,FETE,INDOOR,Fete costumee en salle,"Moment festif avec animations douces, musique, decoration et gouter encadre.","Maison de la Culture, Sfax, Tunisie",False,7.9,HIGH
HIVER,FEBRUARY,2-3 ans,MEDIUM,False,Sfax,FETE,INDOOR,Fete des saisons a l exterieur,"Moment festif avec animations douces, musique, decoration et gouter encadre.","Parc Touta, Sfax, Tunisie",False,17.3,HIGH
HIVER,FEBRUARY,2-3 ans,LOW,False,Sfax,FETE,INDOOR,Fete costumee en salle,"Moment festif avec animations douces, musique, decoration et gouter encadre.","Maison de la Culture, Sfax, Tunisie",False,5.1,HIGH
HIVER,FEBRUARY,4-5 ans,LOW,False,Sfax,FETE,INDOOR,Fete des saisons a l exterieur,"Moment festif avec animations douces, musique, decoration et gouter encadre.","Parc Touta, Sfax, Tunisie",False,6.0,HIGH
HIVER,FEBRUARY,4-5 ans,MEDIUM,False,Sfax,FETE,INDOOR,Fete costumee en salle,"Moment festif avec animations douces, musique, decoration et gouter encadre.","Maison de la Culture, Sfax, Tunisie",False,16.5,HIGH
HIVER,FEBRUARY,2-6 ans,LOW,False,Sfax,FETE,INDOOR,Fete des saisons a l exterieur,"Moment festif avec animations douces, musique, decoration et gouter encadre.","Parc Touta, Sfax, Tunisie",False,9.5,HIGH
HIVER,FEBRUARY,2-6 ans,MEDIUM,False,Sfax,FETE,INDOOR,Fete costumee en salle,"Moment festif avec animations douces, musique, decoration et gouter encadre.","Maison de la Culture, Sfax, Tunisie",False,11.0,HIGH
PRINTEMPS,MARCH,2-3 ans,MEDIUM,False,Sfax,REUNION_PARENTS,INDOOR,Reunion de suivi avec les familles,Rencontre d information et d echange avec les familles dans un cadre confortable.,"Maison de la Culture, Sfax, Tunisie",False,3.3,HIGH
PRINTEMPS,MARCH,4-5 ans,MEDIUM,False,Sfax,REUNION_PARENTS,INDOOR,Reunion de suivi avec les familles,Rencontre d information et d echange avec les familles dans un cadre confortable.,"Maison de la Culture, Sfax, Tunisie",False,7.1,HIGH
PRINTEMPS,MARCH,2-6 ans,MEDIUM,False,Sfax,REUNION_PARENTS,INDOOR,Reunion de suivi avec les familles,Rencontre d information et d echange avec les familles dans un cadre confortable.,"Maison de la Culture, Sfax, Tunisie",False,5.5,HIGH
PRINTEMPS,APRIL,2-3 ans,MEDIUM,False,Sfax,REUNION_PARENTS,INDOOR,Reunion de suivi avec les familles,Rencontre d information et d echange avec les familles dans un cadre confortable.,"Maison de la Culture, Sfax, Tunisie",False,6.4,HIGH
PRINTEMPS,APRIL,4-5 ans,LOW,False,Sfax,REUNION_PARENTS,INDOOR,Reunion de suivi avec les familles,Rencontre d information et d echange avec les familles dans un cadre confortable.,"Maison de la Culture, Sfax, Tunisie",False,1.1,HIGH
PRINTEMPS,APRIL,2-6 ans,LOW,False,Sfax,REUNION_PARENTS,INDOOR,Reunion de suivi avec les familles,Rencontre d information et d echange avec les familles dans un cadre confortable.,"Maison de la Culture, Sfax, Tunisie",False,0.8,HIGH
PRINTEMPS,MAY,2-3 ans,MEDIUM,False,Sfax,REUNION_PARENTS,INDOOR,Reunion de suivi avec les familles,Rencontre d information et d echange avec les familles dans un cadre confortable.,"Maison de la Culture, Sfax, Tunisie",False,7.4,HIGH
PRINTEMPS,MAY,4-5 ans,LOW,False,Sfax,REUNION_PARENTS,INDOOR,Reunion de suivi avec les familles,Rencontre d information et d echange avec les familles dans un cadre confortable.,"Maison de la Culture, Sfax, Tunisie",False,1.8,HIGH
PRINTEMPS,MAY,2-6 ans,LOW,False,Sfax,REUNION_PARENTS,INDOOR,Reunion de suivi avec les familles,Rencontre d information et d echange avec les familles dans un cadre confortable.,"Maison de la Culture, Sfax, Tunisie",False,1.9,HIGH
ETE,JUNE,2-3 ans,MEDIUM,False,Sfax,REUNION_PARENTS,INDOOR,Reunion de suivi avec les familles,Rencontre d information et d echange avec les familles dans un cadre confortable.,"Maison de la Culture, Sfax, Tunisie",False,5.1,HIGH
ETE,JUNE,4-5 ans,MEDIUM,False,Sfax,REUNION_PARENTS,INDOOR,Reunion de suivi avec les familles,Rencontre d information et d echange avec les familles dans un cadre confortable.,"Maison de la Culture, Sfax, Tunisie",False,3.3,HIGH
ETE,JUNE,2-6 ans,MEDIUM,False,Sfax,REUNION_PARENTS,INDOOR,Reunion de suivi avec les familles,Rencontre d information et d echange avec les familles dans un cadre confortable.,"Maison de la Culture, Sfax, Tunisie",False,4.9,HIGH
ETE,JULY,2-3 ans,MEDIUM,False,Sfax,REUNION_PARENTS,INDOOR,Reunion de suivi avec les familles,Rencontre d information et d echange avec les familles dans un cadre confortable.,"Maison de la Culture, Sfax, Tunisie",False,4.0,HIGH
ETE,JULY,4-5 ans,LOW,False,Sfax,REUNION_PARENTS,INDOOR,Reunion de suivi avec les familles,Rencontre d information et d echange avec les familles dans un cadre confortable.,"Maison de la Culture, Sfax, Tunisie",False,1.9,HIGH
ETE,JULY,2-6 ans,LOW,False,Sfax,REUNION_PARENTS,INDOOR,Reunion de suivi avec les familles,Rencontre d information et d echange avec les familles dans un cadre confortable.,"Maison de la Culture, Sfax, Tunisie",False,3.0,HIGH
ETE,AUGUST,2-3 ans,MEDIUM,False,Sfax,REUNION_PARENTS,INDOOR,Reunion de suivi avec les familles,Rencontre d information et d echange avec les familles dans un cadre confortable.,"Maison de la Culture, Sfax, Tunisie",False,5.4,HIGH
ETE,AUGUST,4-5 ans,MEDIUM,False,Sfax,REUNION_PARENTS,INDOOR,Reunion de suivi avec les familles,Rencontre d information et d echange avec les familles dans un cadre confortable.,"Maison de la Culture, Sfax, Tunisie",False,4.7,HIGH
ETE,AUGUST,2-6 ans,MEDIUM,False,Sfax,REUNION_PARENTS,INDOOR,Reunion de suivi avec les familles,Rencontre d information et d echange avec les familles dans un cadre confortable.,"Maison de la Culture, Sfax, Tunisie",False,4.9,HIGH
AUTOMNE,SEPTEMBER,2-3 ans,LOW,False,Sfax,REUNION_PARENTS,INDOOR,Reunion de suivi avec les familles,Rencontre d information et d echange avec les familles dans un cadre confortable.,"Maison de la Culture, Sfax, Tunisie",False,0.1,HIGH
AUTOMNE,SEPTEMBER,4-5 ans,LOW,False,Sfax,REUNION_PARENTS,INDOOR,Reunion de suivi avec les familles,Rencontre d information et d echange avec les familles dans un cadre confortable.,"Maison de la Culture, Sfax, Tunisie",False,0.1,HIGH
AUTOMNE,SEPTEMBER,2-6 ans,MEDIUM,False,Sfax,REUNION_PARENTS,INDOOR,Reunion de suivi avec les familles,Rencontre d information et d echange avec les familles dans un cadre confortable.,"Maison de la Culture, Sfax, Tunisie",False,3.3,HIGH
AUTOMNE,OCTOBER,2-3 ans,MEDIUM,False,Sfax,REUNION_PARENTS,INDOOR,Reunion de suivi avec les familles,Rencontre d information et d echange avec les familles dans un cadre confortable.,"Maison de la Culture, Sfax, Tunisie",False,5.6,HIGH
AUTOMNE,OCTOBER,4-5 ans,LOW,False,Sfax,REUNION_PARENTS,INDOOR,Reunion de suivi avec les familles,Rencontre d information et d echange avec les familles dans un cadre confortable.,"Maison de la Culture, Sfax, Tunisie",False,2.9,HIGH
AUTOMNE,OCTOBER,2-6 ans,LOW,False,Sfax,REUNION_PARENTS,INDOOR,Reunion de suivi avec les familles,Rencontre d information et d echange avec les familles dans un cadre confortable.,"Maison de la Culture, Sfax, Tunisie",False,0.7,HIGH
AUTOMNE,NOVEMBER,2-3 ans,LOW,False,Sfax,REUNION_PARENTS,INDOOR,Reunion de suivi avec les familles,Rencontre d information et d echange avec les familles dans un cadre confortable.,"Maison de la Culture, Sfax, Tunisie",False,0.8,HIGH
AUTOMNE,NOVEMBER,4-5 ans,LOW,False,Sfax,REUNION_PARENTS,INDOOR,Reunion de suivi avec les familles,Rencontre d information et d echange avec les familles dans un cadre confortable.,"Maison de la Culture, Sfax, Tunisie",False,2.3,HIGH
AUTOMNE,NOVEMBER,2-6 ans,LOW,False,Sfax,REUNION_PARENTS,INDOOR,Reunion de suivi avec les familles,Rencontre d information et d echange avec les familles dans un cadre confortable.,"Maison de la Culture, Sfax, Tunisie",False,1.7,HIGH
HIVER,DECEMBER,2-3 ans,MEDIUM,False,Sfax,REUNION_PARENTS,INDOOR,Reunion de suivi avec les familles,Rencontre d information et d echange avec les familles dans un cadre confortable.,"Maison de la Culture, Sfax, Tunisie",False,4.8,HIGH
HIVER,DECEMBER,4-5 ans,LOW,False,Sfax,REUNION_PARENTS,INDOOR,Reunion de suivi avec les familles,Rencontre d information et d echange avec les familles dans un cadre confortable.,"Maison de la Culture, Sfax, Tunisie",False,0.5,HIGH
HIVER,DECEMBER,2-6 ans,MEDIUM,False,Sfax,REUNION_PARENTS,INDOOR,Reunion de suivi avec les familles,Rencontre d information et d echange avec les familles dans un cadre confortable.,"Maison de la Culture, Sfax, Tunisie",False,7.0,HIGH
HIVER,JANUARY,2-3 ans,MEDIUM,False,Sfax,REUNION_PARENTS,INDOOR,Reunion de suivi avec les familles,Rencontre d information et d echange avec les familles dans un cadre confortable.,"Maison de la Culture, Sfax, Tunisie",False,7.6,HIGH
HIVER,JANUARY,4-5 ans,LOW,False,Sfax,REUNION_PARENTS,INDOOR,Reunion de suivi avec les familles,Rencontre d information et d echange avec les familles dans un cadre confortable.,"Maison de la Culture, Sfax, Tunisie",False,2.1,HIGH
HIVER,JANUARY,2-6 ans,MEDIUM,False,Sfax,REUNION_PARENTS,INDOOR,Reunion de suivi avec les familles,Rencontre d information et d echange avec les familles dans un cadre confortable.,"Maison de la Culture, Sfax, Tunisie",False,7.7,HIGH
HIVER,FEBRUARY,2-3 ans,LOW,False,Sfax,REUNION_PARENTS,INDOOR,Reunion de suivi avec les familles,Rencontre d information et d echange avec les familles dans un cadre confortable.,"Maison de la Culture, Sfax, Tunisie",False,1.7,HIGH
HIVER,FEBRUARY,4-5 ans,LOW,False,Sfax,REUNION_PARENTS,INDOOR,Reunion de suivi avec les familles,Rencontre d information et d echange avec les familles dans un cadre confortable.,"Maison de la Culture, Sfax, Tunisie",False,2.5,HIGH
HIVER,FEBRUARY,2-6 ans,MEDIUM,False,Sfax,REUNION_PARENTS,INDOOR,Reunion de suivi avec les familles,Rencontre d information et d echange avec les familles dans un cadre confortable.,"Maison de la Culture, Sfax, Tunisie",False,5.7,HIGH
PRINTEMPS,MARCH,2-3 ans,LOW,True,Nabeul,SORTIE,OUTDOOR,Sortie decouverte de la medina,"Activite encadree avec decouverte, observation et temps de repos adaptes aux enfants.","Medina de Hammamet, Hammamet, Tunisie",True,6.9,HIGH
PRINTEMPS,MARCH,2-3 ans,LOW,True,Nabeul,SORTIE,OUTDOOR,Balade encadree a Yasmine Hammamet,"Activite encadree avec decouverte, observation et temps de repos adaptes aux enfants.","Yasmine Hammamet, Hammamet, Tunisie",True,4.3,HIGH
PRINTEMPS,MARCH,2-3 ans,HIGH,True,Nabeul,SORTIE,OUTDOOR,Sortie ludique a Funny Land,"Activite encadree avec decouverte, observation et temps de repos adaptes aux enfants.","Funny Land, Hammamet, Tunisie",True,20.2,HIGH
PRINTEMPS,MARCH,4-5 ans,HIGH,True,Nabeul,SORTIE,OUTDOOR,Sortie decouverte de la medina,"Activite encadree avec decouverte, observation et temps de repos adaptes aux enfants.","Medina de Hammamet, Hammamet, Tunisie",True,22.8,HIGH
PRINTEMPS,MARCH,4-5 ans,MEDIUM,True,Nabeul,SORTIE,OUTDOOR,Balade encadree a Yasmine Hammamet,"Activite encadree avec decouverte, observation et temps de repos adaptes aux enfants.","Yasmine Hammamet, Hammamet, Tunisie",True,17.3,HIGH
PRINTEMPS,MARCH,4-5 ans,LOW,True,Nabeul,SORTIE,OUTDOOR,Sortie ludique a Funny Land,"Activite encadree avec decouverte, observation et temps de repos adaptes aux enfants.","Funny Land, Hammamet, Tunisie",True,8.8,HIGH
PRINTEMPS,MARCH,2-6 ans,MEDIUM,True,Nabeul,SORTIE,OUTDOOR,Sortie decouverte de la medina,"Activite encadree avec decouverte, observation et temps de repos adaptes aux enfants.","Medina de Hammamet, Hammamet, Tunisie",True,15.7,HIGH
PRINTEMPS,MARCH,2-6 ans,MEDIUM,True,Nabeul,SORTIE,OUTDOOR,Balade encadree a Yasmine Hammamet,"Activite encadree avec decouverte, observation et temps de repos adaptes aux enfants.","Yasmine Hammamet, Hammamet, Tunisie",True,10.5,HIGH
PRINTEMPS,MARCH,2-6 ans,LOW,True,Nabeul,SORTIE,OUTDOOR,Sortie ludique a Funny Land,"Activite encadree avec decouverte, observation et temps de repos adaptes aux enfants.","Funny Land, Hammamet, Tunisie",True,7.5,HIGH
PRINTEMPS,APRIL,2-3 ans,LOW,True,Nabeul,SORTIE,OUTDOOR,Sortie decouverte de la medina,"Activite encadree avec decouverte, observation et temps de repos adaptes aux enfants.","Medina de Hammamet, Hammamet, Tunisie",True,8.6,HIGH
PRINTEMPS,APRIL,2-3 ans,HIGH,True,Nabeul,SORTIE,OUTDOOR,Balade encadree a Yasmine Hammamet,"Activite encadree avec decouverte, observation et temps de repos adaptes aux enfants.","Yasmine Hammamet, Hammamet, Tunisie",True,26.6,HIGH
PRINTEMPS,APRIL,2-3 ans,LOW,True,Nabeul,SORTIE,OUTDOOR,Sortie ludique a Funny Land,"Activite encadree avec decouverte, observation et temps de repos adaptes aux enfants.","Funny Land, Hammamet, Tunisie",True,6.2,HIGH
PRINTEMPS,APRIL,4-5 ans,HIGH,True,Nabeul,SORTIE,OUTDOOR,Sortie decouverte de la medina,"Activite encadree avec decouverte, observation et temps de repos adaptes aux enfants.","Medina de Hammamet, Hammamet, Tunisie",True,22.0,HIGH
PRINTEMPS,APRIL,4-5 ans,LOW,True,Nabeul,SORTIE,OUTDOOR,Balade encadree a Yasmine Hammamet,"Activite encadree avec decouverte, observation et temps de repos adaptes aux enfants.","Yasmine Hammamet, Hammamet, Tunisie",True,6.0,HIGH
PRINTEMPS,APRIL,4-5 ans,MEDIUM,True,Nabeul,SORTIE,OUTDOOR,Sortie ludique a Funny Land,"Activite encadree avec decouverte, observation et temps de repos adaptes aux enfants.","Funny Land, Hammamet, Tunisie",True,11.1,HIGH
PRINTEMPS,APRIL,2-6 ans,LOW,True,Nabeul,SORTIE,OUTDOOR,Sortie decouverte de la medina,"Activite encadree avec decouverte, observation et temps de repos adaptes aux enfants.","Medina de Hammamet, Hammamet, Tunisie",True,8.4,HIGH
PRINTEMPS,APRIL,2-6 ans,MEDIUM,True,Nabeul,SORTIE,OUTDOOR,Balade encadree a Yasmine Hammamet,"Activite encadree avec decouverte, observation et temps de repos adaptes aux enfants.","Yasmine Hammamet, Hammamet, Tunisie",True,16.3,HIGH
PRINTEMPS,APRIL,2-6 ans,MEDIUM,True,Nabeul,SORTIE,OUTDOOR,Sortie ludique a Funny Land,"Activite encadree avec decouverte, observation et temps de repos adaptes aux enfants.","Funny Land, Hammamet, Tunisie",True,15.2,HIGH
PRINTEMPS,MAY,2-3 ans,LOW,True,Nabeul,SORTIE,OUTDOOR,Sortie decouverte de la medina,"Activite encadree avec decouverte, observation et temps de repos adaptes aux enfants.","Medina de Hammamet, Hammamet, Tunisie",True,8.2,HIGH
PRINTEMPS,MAY,2-3 ans,HIGH,True,Nabeul,SORTIE,OUTDOOR,Balade encadree a Yasmine Hammamet,"Activite encadree avec decouverte, observation et temps de repos adaptes aux enfants.","Yasmine Hammamet, Hammamet, Tunisie",True,24.9,HIGH
PRINTEMPS,MAY,2-3 ans,HIGH,True,Nabeul,SORTIE,OUTDOOR,Sortie ludique a Funny Land,"Activite encadree avec decouverte, observation et temps de repos adaptes aux enfants.","Funny Land, Hammamet, Tunisie",True,25.9,HIGH
PRINTEMPS,MAY,4-5 ans,LOW,True,Nabeul,SORTIE,OUTDOOR,Sortie decouverte de la medina,"Activite encadree avec decouverte, observation et temps de repos adaptes aux enfants.","Medina de Hammamet, Hammamet, Tunisie",True,8.0,HIGH
PRINTEMPS,MAY,4-5 ans,LOW,True,Nabeul,SORTIE,OUTDOOR,Balade encadree a Yasmine Hammamet,"Activite encadree avec decouverte, observation et temps de repos adaptes aux enfants.","Yasmine Hammamet, Hammamet, Tunisie",True,6.3,HIGH
PRINTEMPS,MAY,4-5 ans,HIGH,True,Nabeul,SORTIE,OUTDOOR,Sortie ludique a Funny Land,"Activite encadree avec decouverte, observation et temps de repos adaptes aux enfants.","Funny Land, Hammamet, Tunisie",True,24.9,HIGH
PRINTEMPS,MAY,2-6 ans,LOW,True,Nabeul,SORTIE,OUTDOOR,Sortie decouverte de la medina,"Activite encadree avec decouverte, observation et temps de repos adaptes aux enfants.","Medina de Hammamet, Hammamet, Tunisie",True,5.1,HIGH
PRINTEMPS,MAY,2-6 ans,LOW,True,Nabeul,SORTIE,OUTDOOR,Balade encadree a Yasmine Hammamet,"Activite encadree avec decouverte, observation et temps de repos adaptes aux enfants.","Yasmine Hammamet, Hammamet, Tunisie",True,9.7,HIGH
PRINTEMPS,MAY,2-6 ans,HIGH,True,Nabeul,SORTIE,OUTDOOR,Sortie ludique a Funny Land,"Activite encadree avec decouverte, observation et temps de repos adaptes aux enfants.","Funny Land, Hammamet, Tunisie",True,21.9,HIGH
ETE,JUNE,2-3 ans,HIGH,True,Nabeul,SORTIE,OUTDOOR,Sortie decouverte de la medina,"Activite encadree avec decouverte, observation et temps de repos adaptes aux enfants.","Medina de Hammamet, Hammamet, Tunisie",True,18.3,HIGH
ETE,JUNE,2-3 ans,HIGH,True,Nabeul,SORTIE,OUTDOOR,Balade encadree a Yasmine Hammamet,"Activite encadree avec decouverte, observation et temps de repos adaptes aux enfants.","Yasmine Hammamet, Hammamet, Tunisie",True,21.2,HIGH
ETE,JUNE,2-3 ans,HIGH,True,Nabeul,SORTIE,OUTDOOR,Sortie ludique a Funny Land,"Activite encadree avec decouverte, observation et temps de repos adaptes aux enfants.","Funny Land, Hammamet, Tunisie",True,20.2,HIGH
ETE,JUNE,4-5 ans,HIGH,True,Nabeul,SORTIE,OUTDOOR,Sortie decouverte de la medina,"Activite encadree avec decouverte, observation et temps de repos adaptes aux enfants.","Medina de Hammamet, Hammamet, Tunisie",True,19.0,HIGH
ETE,JUNE,4-5 ans,MEDIUM,True,Nabeul,SORTIE,OUTDOOR,Balade encadree a Yasmine Hammamet,"Activite encadree avec decouverte, observation et temps de repos adaptes aux enfants.","Yasmine Hammamet, Hammamet, Tunisie",True,11.1,HIGH
ETE,JUNE,4-5 ans,HIGH,True,Nabeul,SORTIE,OUTDOOR,Sortie ludique a Funny Land,"Activite encadree avec decouverte, observation et temps de repos adaptes aux enfants.","Funny Land, Hammamet, Tunisie",True,18.8,HIGH
ETE,JUNE,2-6 ans,MEDIUM,True,Nabeul,SORTIE,OUTDOOR,Sortie decouverte de la medina,"Activite encadree avec decouverte, observation et temps de repos adaptes aux enfants.","Medina de Hammamet, Hammamet, Tunisie",True,17.9,HIGH
ETE,JUNE,2-6 ans,LOW,True,Nabeul,SORTIE,OUTDOOR,Balade encadree a Yasmine Hammamet,"Activite encadree avec decouverte, observation et temps de repos adaptes aux enfants.","Yasmine Hammamet, Hammamet, Tunisie",True,7.8,HIGH
ETE,JUNE,2-6 ans,LOW,True,Nabeul,SORTIE,OUTDOOR,Sortie ludique a Funny Land,"Activite encadree avec decouverte, observation et temps de repos adaptes aux enfants.","Funny Land, Hammamet, Tunisie",True,8.9,HIGH
ETE,JULY,2-3 ans,HIGH,True,Nabeul,SORTIE,OUTDOOR,Sortie decouverte de la medina,"Activite encadree avec decouverte, observation et temps de repos adaptes aux enfants.","Medina de Hammamet, Hammamet, Tunisie",True,24.4,HIGH
ETE,JULY,2-3 ans,MEDIUM,True,Nabeul,SORTIE,OUTDOOR,Balade encadree a Yasmine Hammamet,"Activite encadree avec decouverte, observation et temps de repos adaptes aux enfants.","Yasmine Hammamet, Hammamet, Tunisie",True,13.6,HIGH
ETE,JULY,2-3 ans,MEDIUM,True,Nabeul,SORTIE,OUTDOOR,Sortie ludique a Funny Land,"Activite encadree avec decouverte, observation et temps de repos adaptes aux enfants.","Funny Land, Hammamet, Tunisie",True,11.7,HIGH
ETE,JULY,4-5 ans,HIGH,True,Nabeul,SORTIE,OUTDOOR,Sortie decouverte de la medina,"Activite encadree avec decouverte, observation et temps de repos adaptes aux enfants.","Medina de Hammamet, Hammamet, Tunisie",True,18.7,HIGH
ETE,JULY,4-5 ans,MEDIUM,True,Nabeul,SORTIE,OUTDOOR,Balade encadree a Yasmine Hammamet,"Activite encadree avec decouverte, observation et temps de repos adaptes aux enfants.","Yasmine Hammamet, Hammamet, Tunisie",True,16.3,HIGH
ETE,JULY,4-5 ans,HIGH,True,Nabeul,SORTIE,OUTDOOR,Sortie ludique a Funny Land,"Activite encadree avec decouverte, observation et temps de repos adaptes aux enfants.","Funny Land, Hammamet, Tunisie",True,18.0,HIGH
ETE,JULY,2-6 ans,MEDIUM,True,Nabeul,SORTIE,OUTDOOR,Sortie decouverte de la medina,"Activite encadree avec decouverte, observation et temps de repos adaptes aux enfants.","Medina de Hammamet, Hammamet, Tunisie",True,13.5,HIGH
ETE,JULY,2-6 ans,MEDIUM,True,Nabeul,SORTIE,OUTDOOR,Balade encadree a Yasmine Hammamet,"Activite encadree avec decouverte, observation et temps de repos adaptes aux enfants.","Yasmine Hammamet, Hammamet, Tunisie",True,17.8,HIGH
ETE,JULY,2-6 ans,MEDIUM,True,Nabeul,SORTIE,OUTDOOR,Sortie ludique a Funny Land,"Activite encadree avec decouverte, observation et temps de repos adaptes aux enfants.","Funny Land, Hammamet, Tunisie",True,13.9,HIGH
ETE,AUGUST,2-3 ans,MEDIUM,True,Nabeul,SORTIE,OUTDOOR,Sortie decouverte de la medina,"Activite encadree avec decouverte, observation et temps de repos adaptes aux enfants.","Medina de Hammamet, Hammamet, Tunisie",True,12.8,HIGH
ETE,AUGUST,2-3 ans,MEDIUM,True,Nabeul,SORTIE,OUTDOOR,Balade encadree a Yasmine Hammamet,"Activite encadree avec decouverte, observation et temps de repos adaptes aux enfants.","Yasmine Hammamet, Hammamet, Tunisie",True,10.8,HIGH
ETE,AUGUST,2-3 ans,MEDIUM,True,Nabeul,SORTIE,OUTDOOR,Sortie ludique a Funny Land,"Activite encadree avec decouverte, observation et temps de repos adaptes aux enfants.","Funny Land, Hammamet, Tunisie",True,16.3,HIGH
ETE,AUGUST,4-5 ans,HIGH,True,Nabeul,SORTIE,OUTDOOR,Sortie decouverte de la medina,"Activite encadree avec decouverte, observation et temps de repos adaptes aux enfants.","Medina de Hammamet, Hammamet, Tunisie",True,24.5,HIGH
ETE,AUGUST,4-5 ans,HIGH,True,Nabeul,SORTIE,OUTDOOR,Balade encadree a Yasmine Hammamet,"Activite encadree avec decouverte, observation et temps de repos adaptes aux enfants.","Yasmine Hammamet, Hammamet, Tunisie",True,20.3,HIGH
ETE,AUGUST,4-5 ans,MEDIUM,True,Nabeul,SORTIE,OUTDOOR,Sortie ludique a Funny Land,"Activite encadree avec decouverte, observation et temps de repos adaptes aux enfants.","Funny Land, Hammamet, Tunisie",True,10.6,HIGH
ETE,AUGUST,2-6 ans,LOW,True,Nabeul,SORTIE,OUTDOOR,Sortie decouverte de la medina,"Activite encadree avec decouverte, observation et temps de repos adaptes aux enfants.","Medina de Hammamet, Hammamet, Tunisie",True,5.8,HIGH
ETE,AUGUST,2-6 ans,MEDIUM,True,Nabeul,SORTIE,OUTDOOR,Balade encadree a Yasmine Hammamet,"Activite encadree avec decouverte, observation et temps de repos adaptes aux enfants.","Yasmine Hammamet, Hammamet, Tunisie",True,12.1,HIGH
ETE,AUGUST,2-6 ans,LOW,True,Nabeul,SORTIE,OUTDOOR,Sortie ludique a Funny Land,"Activite encadree avec decouverte, observation et temps de repos adaptes aux enfants.","Funny Land, Hammamet, Tunisie",True,4.4,HIGH
AUTOMNE,SEPTEMBER,2-3 ans,LOW,True,Nabeul,SORTIE,OUTDOOR,Sortie decouverte de la medina,"Activite encadree avec decouverte, observation et temps de repos adaptes aux enfants.","Medina de Hammamet, Hammamet, Tunisie",True,9.3,HIGH
AUTOMNE,SEPTEMBER,2-3 ans,LOW,True,Nabeul,SORTIE,OUTDOOR,Balade encadree a Yasmine Hammamet,"Activite encadree avec decouverte, observation et temps de repos adaptes aux enfants.","Yasmine Hammamet, Hammamet, Tunisie",True,8.4,HIGH
AUTOMNE,SEPTEMBER,2-3 ans,HIGH,True,Nabeul,SORTIE,OUTDOOR,Sortie ludique a Funny Land,"Activite encadree avec decouverte, observation et temps de repos adaptes aux enfants.","Funny Land, Hammamet, Tunisie",True,27.4,HIGH
AUTOMNE,SEPTEMBER,4-5 ans,LOW,True,Nabeul,SORTIE,OUTDOOR,Sortie decouverte de la medina,"Activite encadree avec decouverte, observation et temps de repos adaptes aux enfants.","Medina de Hammamet, Hammamet, Tunisie",True,6.0,HIGH
AUTOMNE,SEPTEMBER,4-5 ans,HIGH,True,Nabeul,SORTIE,OUTDOOR,Balade encadree a Yasmine Hammamet,"Activite encadree avec decouverte, observation et temps de repos adaptes aux enfants.","Yasmine Hammamet, Hammamet, Tunisie",True,26.9,HIGH
AUTOMNE,SEPTEMBER,4-5 ans,HIGH,True,Nabeul,SORTIE,OUTDOOR,Sortie ludique a Funny Land,"Activite encadree avec decouverte, observation et temps de repos adaptes aux enfants.","Funny Land, Hammamet, Tunisie",True,18.3,HIGH
AUTOMNE,SEPTEMBER,2-6 ans,HIGH,True,Nabeul,SORTIE,OUTDOOR,Sortie decouverte de la medina,"Activite encadree avec decouverte, observation et temps de repos adaptes aux enfants.","Medina de Hammamet, Hammamet, Tunisie",True,19.6,HIGH
AUTOMNE,SEPTEMBER,2-6 ans,MEDIUM,True,Nabeul,SORTIE,OUTDOOR,Balade encadree a Yasmine Hammamet,"Activite encadree avec decouverte, observation et temps de repos adaptes aux enfants.","Yasmine Hammamet, Hammamet, Tunisie",True,11.3,HIGH
AUTOMNE,SEPTEMBER,2-6 ans,LOW,True,Nabeul,SORTIE,OUTDOOR,Sortie ludique a Funny Land,"Activite encadree avec decouverte, observation et temps de repos adaptes aux enfants.","Funny Land, Hammamet, Tunisie",True,6.0,HIGH
AUTOMNE,OCTOBER,2-3 ans,LOW,True,Nabeul,SORTIE,OUTDOOR,Sortie decouverte de la medina,"Activite encadree avec decouverte, observation et temps de repos adaptes aux enfants.","Medina de Hammamet, Hammamet, Tunisie",True,6.5,HIGH
AUTOMNE,OCTOBER,2-3 ans,HIGH,True,Nabeul,SORTIE,OUTDOOR,Balade encadree a Yasmine Hammamet,"Activite encadree avec decouverte, observation et temps de repos adaptes aux enfants.","Yasmine Hammamet, Hammamet, Tunisie",True,25.2,HIGH
AUTOMNE,OCTOBER,2-3 ans,HIGH,True,Nabeul,SORTIE,OUTDOOR,Sortie ludique a Funny Land,"Activite encadree avec decouverte, observation et temps de repos adaptes aux enfants.","Funny Land, Hammamet, Tunisie",True,23.4,HIGH
AUTOMNE,OCTOBER,4-5 ans,HIGH,True,Nabeul,SORTIE,OUTDOOR,Sortie decouverte de la medina,"Activite encadree avec decouverte, observation et temps de repos adaptes aux enfants.","Medina de Hammamet, Hammamet, Tunisie",True,20.8,HIGH
AUTOMNE,OCTOBER,4-5 ans,LOW,True,Nabeul,SORTIE,OUTDOOR,Balade encadree a Yasmine Hammamet,"Activite encadree avec decouverte, observation et temps de repos adaptes aux enfants.","Yasmine Hammamet, Hammamet, Tunisie",True,4.6,HIGH
AUTOMNE,OCTOBER,4-5 ans,MEDIUM,True,Nabeul,SORTIE,OUTDOOR,Sortie ludique a Funny Land,"Activite encadree avec decouverte, observation et temps de repos adaptes aux enfants.","Funny Land, Hammamet, Tunisie",True,14.6,HIGH
AUTOMNE,OCTOBER,2-6 ans,MEDIUM,True,Nabeul,SORTIE,OUTDOOR,Sortie decouverte de la medina,"Activite encadree avec decouverte, observation et temps de repos adaptes aux enfants.","Medina de Hammamet, Hammamet, Tunisie",True,11.2,HIGH
AUTOMNE,OCTOBER,2-6 ans,MEDIUM,True,Nabeul,SORTIE,OUTDOOR,Balade encadree a Yasmine Hammamet,"Activite encadree avec decouverte, observation et temps de repos adaptes aux enfants.","Yasmine Hammamet, Hammamet, Tunisie",True,10.0,HIGH
AUTOMNE,OCTOBER,2-6 ans,LOW,True,Nabeul,SORTIE,OUTDOOR,Sortie ludique a Funny Land,"Activite encadree avec decouverte, observation et temps de repos adaptes aux enfants.","Funny Land, Hammamet, Tunisie",True,5.8,HIGH
AUTOMNE,NOVEMBER,2-3 ans,HIGH,True,Nabeul,SORTIE,OUTDOOR,Sortie decouverte de la medina,"Activite encadree avec decouverte, observation et temps de repos adaptes aux enfants.","Medina de Hammamet, Hammamet, Tunisie",True,24.3,HIGH
AUTOMNE,NOVEMBER,2-3 ans,MEDIUM,True,Nabeul,SORTIE,OUTDOOR,Balade encadree a Yasmine Hammamet,"Activite encadree avec decouverte, observation et temps de repos adaptes aux enfants.","Yasmine Hammamet, Hammamet, Tunisie",True,11.6,HIGH
AUTOMNE,NOVEMBER,2-3 ans,LOW,True,Nabeul,SORTIE,OUTDOOR,Sortie ludique a Funny Land,"Activite encadree avec decouverte, observation et temps de repos adaptes aux enfants.","Funny Land, Hammamet, Tunisie",True,5.2,HIGH
AUTOMNE,NOVEMBER,4-5 ans,HIGH,True,Nabeul,SORTIE,OUTDOOR,Sortie decouverte de la medina,"Activite encadree avec decouverte, observation et temps de repos adaptes aux enfants.","Medina de Hammamet, Hammamet, Tunisie",True,20.9,HIGH
AUTOMNE,NOVEMBER,4-5 ans,LOW,True,Nabeul,SORTIE,OUTDOOR,Balade encadree a Yasmine Hammamet,"Activite encadree avec decouverte, observation et temps de repos adaptes aux enfants.","Yasmine Hammamet, Hammamet, Tunisie",True,6.8,HIGH
AUTOMNE,NOVEMBER,4-5 ans,LOW,True,Nabeul,SORTIE,OUTDOOR,Sortie ludique a Funny Land,"Activite encadree avec decouverte, observation et temps de repos adaptes aux enfants.","Funny Land, Hammamet, Tunisie",True,5.9,HIGH
AUTOMNE,NOVEMBER,2-6 ans,MEDIUM,True,Nabeul,SORTIE,OUTDOOR,Sortie decouverte de la medina,"Activite encadree avec decouverte, observation et temps de repos adaptes aux enfants.","Medina de Hammamet, Hammamet, Tunisie",True,13.8,HIGH
AUTOMNE,NOVEMBER,2-6 ans,HIGH,True,Nabeul,SORTIE,OUTDOOR,Balade encadree a Yasmine Hammamet,"Activite encadree avec decouverte, observation et temps de repos adaptes aux enfants.","Yasmine Hammamet, Hammamet, Tunisie",True,20.7,HIGH
AUTOMNE,NOVEMBER,2-6 ans,HIGH,True,Nabeul,SORTIE,OUTDOOR,Sortie ludique a Funny Land,"Activite encadree avec decouverte, observation et temps de repos adaptes aux enfants.","Funny Land, Hammamet, Tunisie",True,23.4,HIGH
HIVER,DECEMBER,2-3 ans,LOW,True,Nabeul,SORTIE,OUTDOOR,Sortie decouverte de la medina,"Activite encadree avec decouverte, observation et temps de repos adaptes aux enfants.","Medina de Hammamet, Hammamet, Tunisie",True,6.2,HIGH
HIVER,DECEMBER,2-3 ans,MEDIUM,True,Nabeul,SORTIE,OUTDOOR,Balade encadree a Yasmine Hammamet,"Activite encadree avec decouverte, observation et temps de repos adaptes aux enfants.","Yasmine Hammamet, Hammamet, Tunisie",True,13.0,HIGH
HIVER,DECEMBER,2-3 ans,MEDIUM,True,Nabeul,SORTIE,OUTDOOR,Sortie ludique a Funny Land,"Activite encadree avec decouverte, observation et temps de repos adaptes aux enfants.","Funny Land, Hammamet, Tunisie",True,10.4,HIGH
HIVER,DECEMBER,4-5 ans,MEDIUM,True,Nabeul,SORTIE,OUTDOOR,Sortie decouverte de la medina,"Activite encadree avec decouverte, observation et temps de repos adaptes aux enfants.","Medina de Hammamet, Hammamet, Tunisie",True,13.7,HIGH
HIVER,DECEMBER,4-5 ans,LOW,True,Nabeul,SORTIE,OUTDOOR,Balade encadree a Yasmine Hammamet,"Activite encadree avec decouverte, observation et temps de repos adaptes aux enfants.","Yasmine Hammamet, Hammamet, Tunisie",True,9.0,HIGH
HIVER,DECEMBER,4-5 ans,HIGH,True,Nabeul,SORTIE,OUTDOOR,Sortie ludique a Funny Land,"Activite encadree avec decouverte, observation et temps de repos adaptes aux enfants.","Funny Land, Hammamet, Tunisie",True,18.6,HIGH
HIVER,DECEMBER,2-6 ans,HIGH,True,Nabeul,SORTIE,OUTDOOR,Sortie decouverte de la medina,"Activite encadree avec decouverte, observation et temps de repos adaptes aux enfants.","Medina de Hammamet, Hammamet, Tunisie",True,24.7,HIGH
HIVER,DECEMBER,2-6 ans,LOW,True,Nabeul,SORTIE,OUTDOOR,Balade encadree a Yasmine Hammamet,"Activite encadree avec decouverte, observation et temps de repos adaptes aux enfants.","Yasmine Hammamet, Hammamet, Tunisie",True,8.0,HIGH
HIVER,DECEMBER,2-6 ans,HIGH,True,Nabeul,SORTIE,OUTDOOR,Sortie ludique a Funny Land,"Activite encadree avec decouverte, observation et temps de repos adaptes aux enfants.","Funny Land, Hammamet, Tunisie",True,22.1,HIGH
HIVER,JANUARY,2-3 ans,HIGH,True,Nabeul,SORTIE,OUTDOOR,Sortie decouverte de la medina,"Activite encadree avec decouverte, observation et temps de repos adaptes aux enfants.","Medina de Hammamet, Hammamet, Tunisie",True,20.3,HIGH
HIVER,JANUARY,2-3 ans,LOW,True,Nabeul,SORTIE,OUTDOOR,Balade encadree a Yasmine Hammamet,"Activite encadree avec decouverte, observation et temps de repos adaptes aux enfants.","Yasmine Hammamet, Hammamet, Tunisie",True,9.0,HIGH
HIVER,JANUARY,2-3 ans,HIGH,True,Nabeul,SORTIE,OUTDOOR,Sortie ludique a Funny Land,"Activite encadree avec decouverte, observation et temps de repos adaptes aux enfants.","Funny Land, Hammamet, Tunisie",True,22.2,HIGH
HIVER,JANUARY,4-5 ans,HIGH,True,Nabeul,SORTIE,OUTDOOR,Sortie decouverte de la medina,"Activite encadree avec decouverte, observation et temps de repos adaptes aux enfants.","Medina de Hammamet, Hammamet, Tunisie",True,24.9,HIGH
HIVER,JANUARY,4-5 ans,MEDIUM,True,Nabeul,SORTIE,OUTDOOR,Balade encadree a Yasmine Hammamet,"Activite encadree avec decouverte, observation et temps de repos adaptes aux enfants.","Yasmine Hammamet, Hammamet, Tunisie",True,14.6,HIGH
HIVER,JANUARY,4-5 ans,LOW,True,Nabeul,SORTIE,OUTDOOR,Sortie ludique a Funny Land,"Activite encadree avec decouverte, observation et temps de repos adaptes aux enfants.","Funny Land, Hammamet, Tunisie",True,6.9,HIGH
HIVER,JANUARY,2-6 ans,LOW,True,Nabeul,SORTIE,OUTDOOR,Sortie decouverte de la medina,"Activite encadree avec decouverte, observation et temps de repos adaptes aux enfants.","Medina de Hammamet, Hammamet, Tunisie",True,6.4,HIGH
HIVER,JANUARY,2-6 ans,HIGH,True,Nabeul,SORTIE,OUTDOOR,Balade encadree a Yasmine Hammamet,"Activite encadree avec decouverte, observation et temps de repos adaptes aux enfants.","Yasmine Hammamet, Hammamet, Tunisie",True,18.3,HIGH
HIVER,JANUARY,2-6 ans,HIGH,True,Nabeul,SORTIE,OUTDOOR,Sortie ludique a Funny Land,"Activite encadree avec decouverte, observation et temps de repos adaptes aux enfants.","Funny Land, Hammamet, Tunisie",True,27.0,HIGH
HIVER,FEBRUARY,2-3 ans,HIGH,True,Nabeul,SORTIE,OUTDOOR,Sortie decouverte de la medina,"Activite encadree avec decouverte, observation et temps de repos adaptes aux enfants.","Medina de Hammamet, Hammamet, Tunisie",True,24.8,HIGH
HIVER,FEBRUARY,2-3 ans,HIGH,True,Nabeul,SORTIE,OUTDOOR,Balade encadree a Yasmine Hammamet,"Activite encadree avec decouverte, observation et temps de repos adaptes aux enfants.","Yasmine Hammamet, Hammamet, Tunisie",True,19.5,HIGH
HIVER,FEBRUARY,2-3 ans,MEDIUM,True,Nabeul,SORTIE,OUTDOOR,Sortie ludique a Funny Land,"Activite encadree avec decouverte, observation et temps de repos adaptes aux enfants.","Funny Land, Hammamet, Tunisie",True,11.4,HIGH
HIVER,FEBRUARY,4-5 ans,LOW,True,Nabeul,SORTIE,OUTDOOR,Sortie decouverte de la medina,"Activite encadree avec decouverte, observation et temps de repos adaptes aux enfants.","Medina de Hammamet, Hammamet, Tunisie",True,9.8,HIGH
HIVER,FEBRUARY,4-5 ans,LOW,True,Nabeul,SORTIE,OUTDOOR,Balade encadree a Yasmine Hammamet,"Activite encadree avec decouverte, observation et temps de repos adaptes aux enfants.","Yasmine Hammamet, Hammamet, Tunisie",True,4.8,HIGH
HIVER,FEBRUARY,4-5 ans,MEDIUM,True,Nabeul,SORTIE,OUTDOOR,Sortie ludique a Funny Land,"Activite encadree avec decouverte, observation et temps de repos adaptes aux enfants.","Funny Land, Hammamet, Tunisie",True,10.6,HIGH
HIVER,FEBRUARY,2-6 ans,HIGH,True,Nabeul,SORTIE,OUTDOOR,Sortie decouverte de la medina,"Activite encadree avec decouverte, observation et temps de repos adaptes aux enfants.","Medina de Hammamet, Hammamet, Tunisie",True,22.4,HIGH
HIVER,FEBRUARY,2-6 ans,HIGH,True,Nabeul,SORTIE,OUTDOOR,Balade encadree a Yasmine Hammamet,"Activite encadree avec decouverte, observation et temps de repos adaptes aux enfants.","Yasmine Hammamet, Hammamet, Tunisie",True,19.5,HIGH
HIVER,FEBRUARY,2-6 ans,HIGH,True,Nabeul,SORTIE,OUTDOOR,Sortie ludique a Funny Land,"Activite encadree avec decouverte, observation et temps de repos adaptes aux enfants.","Funny Land, Hammamet, Tunisie",True,20.6,HIGH
PRINTEMPS,MARCH,2-3 ans,LOW,False,Nabeul,ATELIER,INDOOR,Atelier theatre et expression,Activite creatrice et sensorielle adaptee au rythme des enfants avec materiel simple.,"Centre culturel international de Hammamet, Hammamet, Tunisie",False,3.4,HIGH
PRINTEMPS,MARCH,2-3 ans,MEDIUM,False,Nabeul,ATELIER,INDOOR,Atelier poterie et couleurs,Activite creatrice et sensorielle adaptee au rythme des enfants avec materiel simple.,"Maison de la Culture, Nabeul, Tunisie",False,11.9,HIGH
PRINTEMPS,MARCH,4-5 ans,MEDIUM,False,Nabeul,ATELIER,INDOOR,Atelier theatre et expression,Activite creatrice et sensorielle adaptee au rythme des enfants avec materiel simple.,"Centre culturel international de Hammamet, Hammamet, Tunisie",False,11.6,HIGH
PRINTEMPS,MARCH,4-5 ans,LOW,False,Nabeul,ATELIER,INDOOR,Atelier poterie et couleurs,Activite creatrice et sensorielle adaptee au rythme des enfants avec materiel simple.,"Maison de la Culture, Nabeul, Tunisie",False,6.9,HIGH
PRINTEMPS,MARCH,2-6 ans,MEDIUM,False,Nabeul,ATELIER,INDOOR,Atelier theatre et expression,Activite creatrice et sensorielle adaptee au rythme des enfants avec materiel simple.,"Centre culturel international de Hammamet, Hammamet, Tunisie",False,8.8,HIGH
PRINTEMPS,MARCH,2-6 ans,LOW,False,Nabeul,ATELIER,INDOOR,Atelier poterie et couleurs,Activite creatrice et sensorielle adaptee au rythme des enfants avec materiel simple.,"Maison de la Culture, Nabeul, Tunisie",False,3.7,HIGH
PRINTEMPS,APRIL,2-3 ans,LOW,False,Nabeul,ATELIER,INDOOR,Atelier theatre et expression,Activite creatrice et sensorielle adaptee au rythme des enfants avec materiel simple.,"Centre culturel international de Hammamet, Hammamet, Tunisie",False,7.6,HIGH
PRINTEMPS,APRIL,2-3 ans,LOW,False,Nabeul,ATELIER,INDOOR,Atelier poterie et couleurs,Activite creatrice et sensorielle adaptee au rythme des enfants avec materiel simple.,"Maison de la Culture, Nabeul, Tunisie",False,6.9,HIGH
PRINTEMPS,APRIL,4-5 ans,MEDIUM,False,Nabeul,ATELIER,INDOOR,Atelier theatre et expression,Activite creatrice et sensorielle adaptee au rythme des enfants avec materiel simple.,"Centre culturel international de Hammamet, Hammamet, Tunisie",False,14.1,HIGH
PRINTEMPS,APRIL,4-5 ans,MEDIUM,False,Nabeul,ATELIER,INDOOR,Atelier poterie et couleurs,Activite creatrice et sensorielle adaptee au rythme des enfants avec materiel simple.,"Maison de la Culture, Nabeul, Tunisie",False,10.7,HIGH
PRINTEMPS,APRIL,2-6 ans,MEDIUM,False,Nabeul,ATELIER,INDOOR,Atelier theatre et expression,Activite creatrice et sensorielle adaptee au rythme des enfants avec materiel simple.,"Centre culturel international de Hammamet, Hammamet, Tunisie",False,12.0,HIGH
PRINTEMPS,APRIL,2-6 ans,MEDIUM,False,Nabeul,ATELIER,INDOOR,Atelier poterie et couleurs,Activite creatrice et sensorielle adaptee au rythme des enfants avec materiel simple.,"Maison de la Culture, Nabeul, Tunisie",False,8.3,HIGH
PRINTEMPS,MAY,2-3 ans,MEDIUM,False,Nabeul,ATELIER,INDOOR,Atelier theatre et expression,Activite creatrice et sensorielle adaptee au rythme des enfants avec materiel simple.,"Centre culturel international de Hammamet, Hammamet, Tunisie",False,10.8,HIGH
PRINTEMPS,MAY,2-3 ans,MEDIUM,False,Nabeul,ATELIER,INDOOR,Atelier poterie et couleurs,Activite creatrice et sensorielle adaptee au rythme des enfants avec materiel simple.,"Maison de la Culture, Nabeul, Tunisie",False,8.3,HIGH
PRINTEMPS,MAY,4-5 ans,MEDIUM,False,Nabeul,ATELIER,INDOOR,Atelier theatre et expression,Activite creatrice et sensorielle adaptee au rythme des enfants avec materiel simple.,"Centre culturel international de Hammamet, Hammamet, Tunisie",False,12.8,HIGH
PRINTEMPS,MAY,4-5 ans,LOW,False,Nabeul,ATELIER,INDOOR,Atelier poterie et couleurs,Activite creatrice et sensorielle adaptee au rythme des enfants avec materiel simple.,"Maison de la Culture, Nabeul, Tunisie",False,6.7,HIGH
PRINTEMPS,MAY,2-6 ans,MEDIUM,False,Nabeul,ATELIER,INDOOR,Atelier theatre et expression,Activite creatrice et sensorielle adaptee au rythme des enfants avec materiel simple.,"Centre culturel international de Hammamet, Hammamet, Tunisie",False,14.3,HIGH
PRINTEMPS,MAY,2-6 ans,LOW,False,Nabeul,ATELIER,INDOOR,Atelier poterie et couleurs,Activite creatrice et sensorielle adaptee au rythme des enfants avec materiel simple.,"Maison de la Culture, Nabeul, Tunisie",False,4.7,HIGH
ETE,JUNE,2-3 ans,MEDIUM,False,Nabeul,ATELIER,INDOOR,Atelier theatre et expression,Activite creatrice et sensorielle adaptee au rythme des enfants avec materiel simple.,"Centre culturel international de Hammamet, Hammamet, Tunisie",False,10.2,HIGH
ETE,JUNE,2-3 ans,MEDIUM,False,Nabeul,ATELIER,INDOOR,Atelier poterie et couleurs,Activite creatrice et sensorielle adaptee au rythme des enfants avec materiel simple.,"Maison de la Culture, Nabeul, Tunisie",False,14.0,HIGH
ETE,JUNE,4-5 ans,LOW,False,Nabeul,ATELIER,INDOOR,Atelier theatre et expression,Activite creatrice et sensorielle adaptee au rythme des enfants avec materiel simple.,"Centre culturel international de Hammamet, Hammamet, Tunisie",False,7.9,HIGH
ETE,JUNE,4-5 ans,LOW,False,Nabeul,ATELIER,INDOOR,Atelier poterie et couleurs,Activite creatrice et sensorielle adaptee au rythme des enfants avec materiel simple.,"Maison de la Culture, Nabeul, Tunisie",False,3.7,HIGH
ETE,JUNE,2-6 ans,MEDIUM,False,Nabeul,ATELIER,INDOOR,Atelier theatre et expression,Activite creatrice et sensorielle adaptee au rythme des enfants avec materiel simple.,"Centre culturel international de Hammamet, Hammamet, Tunisie",False,13.4,HIGH
ETE,JUNE,2-6 ans,MEDIUM,False,Nabeul,ATELIER,INDOOR,Atelier poterie et couleurs,Activite creatrice et sensorielle adaptee au rythme des enfants avec materiel simple.,"Maison de la Culture, Nabeul, Tunisie",False,9.9,HIGH
ETE,JULY,2-3 ans,MEDIUM,False,Nabeul,ATELIER,INDOOR,Atelier theatre et expression,Activite creatrice et sensorielle adaptee au rythme des enfants avec materiel simple.,"Centre culturel international de Hammamet, Hammamet, Tunisie",False,12.2,HIGH
ETE,JULY,2-3 ans,LOW,False,Nabeul,ATELIER,INDOOR,Atelier poterie et couleurs,Activite creatrice et sensorielle adaptee au rythme des enfants avec materiel simple.,"Maison de la Culture, Nabeul, Tunisie",False,3.9,HIGH
ETE,JULY,4-5 ans,LOW,False,Nabeul,ATELIER,INDOOR,Atelier theatre et expression,Activite creatrice et sensorielle adaptee au rythme des enfants avec materiel simple.,"Centre culturel international de Hammamet, Hammamet, Tunisie",False,7.6,HIGH
ETE,JULY,4-5 ans,MEDIUM,False,Nabeul,ATELIER,INDOOR,Atelier poterie et couleurs,Activite creatrice et sensorielle adaptee au rythme des enfants avec materiel simple.,"Maison de la Culture, Nabeul, Tunisie",False,13.2,HIGH
ETE,JULY,2-6 ans,MEDIUM,False,Nabeul,ATELIER,INDOOR,Atelier theatre et expression,Activite creatrice et sensorielle adaptee au rythme des enfants avec materiel simple.,"Centre culturel international de Hammamet, Hammamet, Tunisie",False,13.7,HIGH
ETE,JULY,2-6 ans,LOW,False,Nabeul,ATELIER,INDOOR,Atelier poterie et couleurs,Activite creatrice et sensorielle adaptee au rythme des enfants avec materiel simple.,"Maison de la Culture, Nabeul, Tunisie",False,3.3,HIGH
ETE,AUGUST,2-3 ans,MEDIUM,False,Nabeul,ATELIER,INDOOR,Atelier theatre et expression,Activite creatrice et sensorielle adaptee au rythme des enfants avec materiel simple.,"Centre culturel international de Hammamet, Hammamet, Tunisie",False,8.9,HIGH
ETE,AUGUST,2-3 ans,LOW,False,Nabeul,ATELIER,INDOOR,Atelier poterie et couleurs,Activite creatrice et sensorielle adaptee au rythme des enfants avec materiel simple.,"Maison de la Culture, Nabeul, Tunisie",False,3.9,HIGH
ETE,AUGUST,4-5 ans,LOW,False,Nabeul,ATELIER,INDOOR,Atelier theatre et expression,Activite creatrice et sensorielle adaptee au rythme des enfants avec materiel simple.,"Centre culturel international de Hammamet, Hammamet, Tunisie",False,7.2,HIGH
ETE,AUGUST,4-5 ans,LOW,False,Nabeul,ATELIER,INDOOR,Atelier poterie et couleurs,Activite creatrice et sensorielle adaptee au rythme des enfants avec materiel simple.,"Maison de la Culture, Nabeul, Tunisie",False,3.2,HIGH
ETE,AUGUST,2-6 ans,LOW,False,Nabeul,ATELIER,INDOOR,Atelier theatre et expression,Activite creatrice et sensorielle adaptee au rythme des enfants avec materiel simple.,"Centre culturel international de Hammamet, Hammamet, Tunisie",False,7.6,HIGH
ETE,AUGUST,2-6 ans,LOW,False,Nabeul,ATELIER,INDOOR,Atelier poterie et couleurs,Activite creatrice et sensorielle adaptee au rythme des enfants avec materiel simple.,"Maison de la Culture, Nabeul, Tunisie",False,4.4,HIGH
AUTOMNE,SEPTEMBER,2-3 ans,MEDIUM,False,Nabeul,ATELIER,INDOOR,Atelier theatre et expression,Activite creatrice et sensorielle adaptee au rythme des enfants avec materiel simple.,"Centre culturel international de Hammamet, Hammamet, Tunisie",False,11.5,HIGH
AUTOMNE,SEPTEMBER,2-3 ans,LOW,False,Nabeul,ATELIER,INDOOR,Atelier poterie et couleurs,Activite creatrice et sensorielle adaptee au rythme des enfants avec materiel simple.,"Maison de la Culture, Nabeul, Tunisie",False,6.4,HIGH
AUTOMNE,SEPTEMBER,4-5 ans,LOW,False,Nabeul,ATELIER,INDOOR,Atelier theatre et expression,Activite creatrice et sensorielle adaptee au rythme des enfants avec materiel simple.,"Centre culturel international de Hammamet, Hammamet, Tunisie",False,4.9,HIGH
AUTOMNE,SEPTEMBER,4-5 ans,MEDIUM,False,Nabeul,ATELIER,INDOOR,Atelier poterie et couleurs,Activite creatrice et sensorielle adaptee au rythme des enfants avec materiel simple.,"Maison de la Culture, Nabeul, Tunisie",False,9.2,HIGH
AUTOMNE,SEPTEMBER,2-6 ans,MEDIUM,False,Nabeul,ATELIER,INDOOR,Atelier theatre et expression,Activite creatrice et sensorielle adaptee au rythme des enfants avec materiel simple.,"Centre culturel international de Hammamet, Hammamet, Tunisie",False,12.1,HIGH
AUTOMNE,SEPTEMBER,2-6 ans,MEDIUM,False,Nabeul,ATELIER,INDOOR,Atelier poterie et couleurs,Activite creatrice et sensorielle adaptee au rythme des enfants avec materiel simple.,"Maison de la Culture, Nabeul, Tunisie",False,10.4,HIGH
AUTOMNE,OCTOBER,2-3 ans,MEDIUM,False,Nabeul,ATELIER,INDOOR,Atelier theatre et expression,Activite creatrice et sensorielle adaptee au rythme des enfants avec materiel simple.,"Centre culturel international de Hammamet, Hammamet, Tunisie",False,13.2,HIGH
AUTOMNE,OCTOBER,2-3 ans,LOW,False,Nabeul,ATELIER,INDOOR,Atelier poterie et couleurs,Activite creatrice et sensorielle adaptee au rythme des enfants avec materiel simple.,"Maison de la Culture, Nabeul, Tunisie",False,4.4,HIGH
AUTOMNE,OCTOBER,4-5 ans,MEDIUM,False,Nabeul,ATELIER,INDOOR,Atelier theatre et expression,Activite creatrice et sensorielle adaptee au rythme des enfants avec materiel simple.,"Centre culturel international de Hammamet, Hammamet, Tunisie",False,8.3,HIGH
AUTOMNE,OCTOBER,4-5 ans,LOW,False,Nabeul,ATELIER,INDOOR,Atelier poterie et couleurs,Activite creatrice et sensorielle adaptee au rythme des enfants avec materiel simple.,"Maison de la Culture, Nabeul, Tunisie",False,7.3,HIGH
AUTOMNE,OCTOBER,2-6 ans,LOW,False,Nabeul,ATELIER,INDOOR,Atelier theatre et expression,Activite creatrice et sensorielle adaptee au rythme des enfants avec materiel simple.,"Centre culturel international de Hammamet, Hammamet, Tunisie",False,6.4,HIGH
AUTOMNE,OCTOBER,2-6 ans,MEDIUM,False,Nabeul,ATELIER,INDOOR,Atelier poterie et couleurs,Activite creatrice et sensorielle adaptee au rythme des enfants avec materiel simple.,"Maison de la Culture, Nabeul, Tunisie",False,12.6,HIGH
AUTOMNE,NOVEMBER,2-3 ans,LOW,False,Nabeul,ATELIER,INDOOR,Atelier theatre et expression,Activite creatrice et sensorielle adaptee au rythme des enfants avec materiel simple.,"Centre culturel international de Hammamet, Hammamet, Tunisie",False,7.3,HIGH
AUTOMNE,NOVEMBER,2-3 ans,LOW,False,Nabeul,ATELIER,INDOOR,Atelier poterie et couleurs,Activite creatrice et sensorielle adaptee au rythme des enfants avec materiel simple.,"Maison de la Culture, Nabeul, Tunisie",False,5.4,HIGH
AUTOMNE,NOVEMBER,4-5 ans,LOW,False,Nabeul,ATELIER,INDOOR,Atelier theatre et expression,Activite creatrice et sensorielle adaptee au rythme des enfants avec materiel simple.,"Centre culturel international de Hammamet, Hammamet, Tunisie",False,6.2,HIGH
AUTOMNE,NOVEMBER,4-5 ans,LOW,False,Nabeul,ATELIER,INDOOR,Atelier poterie et couleurs,Activite creatrice et sensorielle adaptee au rythme des enfants avec materiel simple.,"Maison de la Culture, Nabeul, Tunisie",False,4.1,HIGH
AUTOMNE,NOVEMBER,2-6 ans,MEDIUM,False,Nabeul,ATELIER,INDOOR,Atelier theatre et expression,Activite creatrice et sensorielle adaptee au rythme des enfants avec materiel simple.,"Centre culturel international de Hammamet, Hammamet, Tunisie",False,13.0,HIGH
AUTOMNE,NOVEMBER,2-6 ans,MEDIUM,False,Nabeul,ATELIER,INDOOR,Atelier poterie et couleurs,Activite creatrice et sensorielle adaptee au rythme des enfants avec materiel simple.,"Maison de la Culture, Nabeul, Tunisie",False,11.0,HIGH
HIVER,DECEMBER,2-3 ans,MEDIUM,False,Nabeul,ATELIER,INDOOR,Atelier theatre et expression,Activite creatrice et sensorielle adaptee au rythme des enfants avec materiel simple.,"Centre culturel international de Hammamet, Hammamet, Tunisie",False,14.0,HIGH
HIVER,DECEMBER,2-3 ans,MEDIUM,False,Nabeul,ATELIER,INDOOR,Atelier poterie et couleurs,Activite creatrice et sensorielle adaptee au rythme des enfants avec materiel simple.,"Maison de la Culture, Nabeul, Tunisie",False,9.8,HIGH
HIVER,DECEMBER,4-5 ans,MEDIUM,False,Nabeul,ATELIER,INDOOR,Atelier theatre et expression,Activite creatrice et sensorielle adaptee au rythme des enfants avec materiel simple.,"Centre culturel international de Hammamet, Hammamet, Tunisie",False,10.1,HIGH
HIVER,DECEMBER,4-5 ans,MEDIUM,False,Nabeul,ATELIER,INDOOR,Atelier poterie et couleurs,Activite creatrice et sensorielle adaptee au rythme des enfants avec materiel simple.,"Maison de la Culture, Nabeul, Tunisie",False,12.1,HIGH
HIVER,DECEMBER,2-6 ans,LOW,False,Nabeul,ATELIER,INDOOR,Atelier theatre et expression,Activite creatrice et sensorielle adaptee au rythme des enfants avec materiel simple.,"Centre culturel international de Hammamet, Hammamet, Tunisie",False,5.6,HIGH
HIVER,DECEMBER,2-6 ans,MEDIUM,False,Nabeul,ATELIER,INDOOR,Atelier poterie et couleurs,Activite creatrice et sensorielle adaptee au rythme des enfants avec materiel simple.,"Maison de la Culture, Nabeul, Tunisie",False,11.9,HIGH
HIVER,JANUARY,2-3 ans,MEDIUM,False,Nabeul,ATELIER,INDOOR,Atelier theatre et expression,Activite creatrice et sensorielle adaptee au rythme des enfants avec materiel simple.,"Centre culturel international de Hammamet, Hammamet, Tunisie",False,10.1,HIGH
HIVER,JANUARY,2-3 ans,LOW,False,Nabeul,ATELIER,INDOOR,Atelier poterie et couleurs,Activite creatrice et sensorielle adaptee au rythme des enfants avec materiel simple.,"Maison de la Culture, Nabeul, Tunisie",False,5.4,HIGH
HIVER,JANUARY,4-5 ans,MEDIUM,False,Nabeul,ATELIER,INDOOR,Atelier theatre et expression,Activite creatrice et sensorielle adaptee au rythme des enfants avec materiel simple.,"Centre culturel international de Hammamet, Hammamet, Tunisie",False,14.9,HIGH
HIVER,JANUARY,4-5 ans,MEDIUM,False,Nabeul,ATELIER,INDOOR,Atelier poterie et couleurs,Activite creatrice et sensorielle adaptee au rythme des enfants avec materiel simple.,"Maison de la Culture, Nabeul, Tunisie",False,14.0,HIGH
HIVER,JANUARY,2-6 ans,MEDIUM,False,Nabeul,ATELIER,INDOOR,Atelier theatre et expression,Activite creatrice et sensorielle adaptee au rythme des enfants avec materiel simple.,"Centre culturel international de Hammamet, Hammamet, Tunisie",False,12.6,HIGH
HIVER,JANUARY,2-6 ans,MEDIUM,False,Nabeul,ATELIER,INDOOR,Atelier poterie et couleurs,Activite creatrice et sensorielle adaptee au rythme des enfants avec materiel simple.,"Maison de la Culture, Nabeul, Tunisie",False,9.3,HIGH
HIVER,FEBRUARY,2-3 ans,LOW,False,Nabeul,ATELIER,INDOOR,Atelier theatre et expression,Activite creatrice et sensorielle adaptee au rythme des enfants avec materiel simple.,"Centre culturel international de Hammamet, Hammamet, Tunisie",False,7.5,HIGH
HIVER,FEBRUARY,2-3 ans,MEDIUM,False,Nabeul,ATELIER,INDOOR,Atelier poterie et couleurs,Activite creatrice et sensorielle adaptee au rythme des enfants avec materiel simple.,"Maison de la Culture, Nabeul, Tunisie",False,12.6,HIGH
HIVER,FEBRUARY,4-5 ans,LOW,False,Nabeul,ATELIER,INDOOR,Atelier theatre et expression,Activite creatrice et sensorielle adaptee au rythme des enfants avec materiel simple.,"Centre culturel international de Hammamet, Hammamet, Tunisie",False,6.6,HIGH
HIVER,FEBRUARY,4-5 ans,MEDIUM,False,Nabeul,ATELIER,INDOOR,Atelier poterie et couleurs,Activite creatrice et sensorielle adaptee au rythme des enfants avec materiel simple.,"Maison de la Culture, Nabeul, Tunisie",False,15.0,HIGH
HIVER,FEBRUARY,2-6 ans,MEDIUM,False,Nabeul,ATELIER,INDOOR,Atelier theatre et expression,Activite creatrice et sensorielle adaptee au rythme des enfants avec materiel simple.,"Centre culturel international de Hammamet, Hammamet, Tunisie",False,14.3,HIGH
HIVER,FEBRUARY,2-6 ans,MEDIUM,False,Nabeul,ATELIER,INDOOR,Atelier poterie et couleurs,Activite creatrice et sensorielle adaptee au rythme des enfants avec materiel simple.,"Maison de la Culture, Nabeul, Tunisie",False,10.7,HIGH
PRINTEMPS,MARCH,2-3 ans,LOW,True,Nabeul,ACTIVITE,OUTDOOR,Jeux d adresse et motricite,Jeux collectifs et parcours moteurs dans un cadre securise et adapte.,"Funny Land, Hammamet, Tunisie",False,4.9,HIGH
PRINTEMPS,MARCH,2-3 ans,LOW,True,Nabeul,ACTIVITE,OUTDOOR,Activite observation et reperage,Jeux collectifs et parcours moteurs dans un cadre securise et adapte.,"Medina de Hammamet, Hammamet, Tunisie",False,3.7,HIGH
PRINTEMPS,MARCH,4-5 ans,LOW,True,Nabeul,ACTIVITE,OUTDOOR,Jeux d adresse et motricite,Jeux collectifs et parcours moteurs dans un cadre securise et adapte.,"Funny Land, Hammamet, Tunisie",False,5.4,HIGH
PRINTEMPS,MARCH,4-5 ans,MEDIUM,True,Nabeul,ACTIVITE,OUTDOOR,Activite observation et reperage,Jeux collectifs et parcours moteurs dans un cadre securise et adapte.,"Medina de Hammamet, Hammamet, Tunisie",False,12.4,HIGH
PRINTEMPS,MARCH,2-6 ans,MEDIUM,True,Nabeul,ACTIVITE,OUTDOOR,Jeux d adresse et motricite,Jeux collectifs et parcours moteurs dans un cadre securise et adapte.,"Funny Land, Hammamet, Tunisie",False,10.0,HIGH
PRINTEMPS,MARCH,2-6 ans,LOW,True,Nabeul,ACTIVITE,OUTDOOR,Activite observation et reperage,Jeux collectifs et parcours moteurs dans un cadre securise et adapte.,"Medina de Hammamet, Hammamet, Tunisie",False,6.2,HIGH
PRINTEMPS,APRIL,2-3 ans,LOW,True,Nabeul,ACTIVITE,OUTDOOR,Jeux d adresse et motricite,Jeux collectifs et parcours moteurs dans un cadre securise et adapte.,"Funny Land, Hammamet, Tunisie",False,3.5,HIGH
PRINTEMPS,APRIL,2-3 ans,MEDIUM,True,Nabeul,ACTIVITE,OUTDOOR,Activite observation et reperage,Jeux collectifs et parcours moteurs dans un cadre securise et adapte.,"Medina de Hammamet, Hammamet, Tunisie",False,7.8,HIGH
PRINTEMPS,APRIL,4-5 ans,MEDIUM,True,Nabeul,ACTIVITE,OUTDOOR,Jeux d adresse et motricite,Jeux collectifs et parcours moteurs dans un cadre securise et adapte.,"Funny Land, Hammamet, Tunisie",False,11.4,HIGH
PRINTEMPS,APRIL,4-5 ans,LOW,True,Nabeul,ACTIVITE,OUTDOOR,Activite observation et reperage,Jeux collectifs et parcours moteurs dans un cadre securise et adapte.,"Medina de Hammamet, Hammamet, Tunisie",False,6.7,HIGH
PRINTEMPS,APRIL,2-6 ans,MEDIUM,True,Nabeul,ACTIVITE,OUTDOOR,Jeux d adresse et motricite,Jeux collectifs et parcours moteurs dans un cadre securise et adapte.,"Funny Land, Hammamet, Tunisie",False,10.9,HIGH
PRINTEMPS,APRIL,2-6 ans,LOW,True,Nabeul,ACTIVITE,OUTDOOR,Activite observation et reperage,Jeux collectifs et parcours moteurs dans un cadre securise et adapte.,"Medina de Hammamet, Hammamet, Tunisie",False,3.8,HIGH
PRINTEMPS,MAY,2-3 ans,MEDIUM,True,Nabeul,ACTIVITE,OUTDOOR,Jeux d adresse et motricite,Jeux collectifs et parcours moteurs dans un cadre securise et adapte.,"Funny Land, Hammamet, Tunisie",False,9.5,HIGH
PRINTEMPS,MAY,2-3 ans,MEDIUM,True,Nabeul,ACTIVITE,OUTDOOR,Activite observation et reperage,Jeux collectifs et parcours moteurs dans un cadre securise et adapte.,"Medina de Hammamet, Hammamet, Tunisie",False,9.2,HIGH
PRINTEMPS,MAY,4-5 ans,MEDIUM,True,Nabeul,ACTIVITE,OUTDOOR,Jeux d adresse et motricite,Jeux collectifs et parcours moteurs dans un cadre securise et adapte.,"Funny Land, Hammamet, Tunisie",False,9.8,HIGH
PRINTEMPS,MAY,4-5 ans,LOW,True,Nabeul,ACTIVITE,OUTDOOR,Activite observation et reperage,Jeux collectifs et parcours moteurs dans un cadre securise et adapte.,"Medina de Hammamet, Hammamet, Tunisie",False,4.4,HIGH
PRINTEMPS,MAY,2-6 ans,LOW,True,Nabeul,ACTIVITE,OUTDOOR,Jeux d adresse et motricite,Jeux collectifs et parcours moteurs dans un cadre securise et adapte.,"Funny Land, Hammamet, Tunisie",False,4.4,HIGH
PRINTEMPS,MAY,2-6 ans,LOW,True,Nabeul,ACTIVITE,OUTDOOR,Activite observation et reperage,Jeux collectifs et parcours moteurs dans un cadre securise et adapte.,"Medina de Hammamet, Hammamet, Tunisie",False,4.5,HIGH
ETE,JUNE,2-3 ans,MEDIUM,True,Nabeul,ACTIVITE,OUTDOOR,Jeux d adresse et motricite,Jeux collectifs et parcours moteurs dans un cadre securise et adapte.,"Funny Land, Hammamet, Tunisie",False,10.2,HIGH
ETE,JUNE,2-3 ans,MEDIUM,True,Nabeul,ACTIVITE,OUTDOOR,Activite observation et reperage,Jeux collectifs et parcours moteurs dans un cadre securise et adapte.,"Medina de Hammamet, Hammamet, Tunisie",False,7.3,HIGH
ETE,JUNE,4-5 ans,LOW,True,Nabeul,ACTIVITE,OUTDOOR,Jeux d adresse et motricite,Jeux collectifs et parcours moteurs dans un cadre securise et adapte.,"Funny Land, Hammamet, Tunisie",False,2.7,HIGH
ETE,JUNE,4-5 ans,LOW,True,Nabeul,ACTIVITE,OUTDOOR,Activite observation et reperage,Jeux collectifs et parcours moteurs dans un cadre securise et adapte.,"Medina de Hammamet, Hammamet, Tunisie",False,3.7,HIGH
ETE,JUNE,2-6 ans,MEDIUM,True,Nabeul,ACTIVITE,OUTDOOR,Jeux d adresse et motricite,Jeux collectifs et parcours moteurs dans un cadre securise et adapte.,"Funny Land, Hammamet, Tunisie",False,7.9,HIGH
ETE,JUNE,2-6 ans,LOW,True,Nabeul,ACTIVITE,OUTDOOR,Activite observation et reperage,Jeux collectifs et parcours moteurs dans un cadre securise et adapte.,"Medina de Hammamet, Hammamet, Tunisie",False,5.9,HIGH
ETE,JULY,2-3 ans,MEDIUM,True,Nabeul,ACTIVITE,OUTDOOR,Jeux d adresse et motricite,Jeux collectifs et parcours moteurs dans un cadre securise et adapte.,"Funny Land, Hammamet, Tunisie",False,9.0,HIGH
ETE,JULY,2-3 ans,LOW,True,Nabeul,ACTIVITE,OUTDOOR,Activite observation et reperage,Jeux collectifs et parcours moteurs dans un cadre securise et adapte.,"Medina de Hammamet, Hammamet, Tunisie",False,3.6,HIGH
ETE,JULY,4-5 ans,LOW,True,Nabeul,ACTIVITE,OUTDOOR,Jeux d adresse et motricite,Jeux collectifs et parcours moteurs dans un cadre securise et adapte.,"Funny Land, Hammamet, Tunisie",False,2.0,HIGH
ETE,JULY,4-5 ans,MEDIUM,True,Nabeul,ACTIVITE,OUTDOOR,Activite observation et reperage,Jeux collectifs et parcours moteurs dans un cadre securise et adapte.,"Medina de Hammamet, Hammamet, Tunisie",False,8.3,HIGH
ETE,JULY,2-6 ans,LOW,True,Nabeul,ACTIVITE,OUTDOOR,Jeux d adresse et motricite,Jeux collectifs et parcours moteurs dans un cadre securise et adapte.,"Funny Land, Hammamet, Tunisie",False,4.9,HIGH
ETE,JULY,2-6 ans,LOW,True,Nabeul,ACTIVITE,OUTDOOR,Activite observation et reperage,Jeux collectifs et parcours moteurs dans un cadre securise et adapte.,"Medina de Hammamet, Hammamet, Tunisie",False,4.4,HIGH
ETE,AUGUST,2-3 ans,LOW,True,Nabeul,ACTIVITE,OUTDOOR,Jeux d adresse et motricite,Jeux collectifs et parcours moteurs dans un cadre securise et adapte.,"Funny Land, Hammamet, Tunisie",False,2.6,HIGH
ETE,AUGUST,2-3 ans,MEDIUM,True,Nabeul,ACTIVITE,OUTDOOR,Activite observation et reperage,Jeux collectifs et parcours moteurs dans un cadre securise et adapte.,"Medina de Hammamet, Hammamet, Tunisie",False,10.8,HIGH
ETE,AUGUST,4-5 ans,MEDIUM,True,Nabeul,ACTIVITE,OUTDOOR,Jeux d adresse et motricite,Jeux collectifs et parcours moteurs dans un cadre securise et adapte.,"Funny Land, Hammamet, Tunisie",False,9.6,HIGH
ETE,AUGUST,4-5 ans,MEDIUM,True,Nabeul,ACTIVITE,OUTDOOR,Activite observation et reperage,Jeux collectifs et parcours moteurs dans un cadre securise et adapte.,"Medina de Hammamet, Hammamet, Tunisie",False,9.3,HIGH
ETE,AUGUST,2-6 ans,LOW,True,Nabeul,ACTIVITE,OUTDOOR,Jeux d adresse et motricite,Jeux collectifs et parcours moteurs dans un cadre securise et adapte.,"Funny Land, Hammamet, Tunisie",False,4.7,HIGH
ETE,AUGUST,2-6 ans,MEDIUM,True,Nabeul,ACTIVITE,OUTDOOR,Activite observation et reperage,Jeux collectifs et parcours moteurs dans un cadre securise et adapte.,"Medina de Hammamet, Hammamet, Tunisie",False,12.7,HIGH
AUTOMNE,SEPTEMBER,2-3 ans,MEDIUM,True,Nabeul,ACTIVITE,OUTDOOR,Jeux d adresse et motricite,Jeux collectifs et parcours moteurs dans un cadre securise et adapte.,"Funny Land, Hammamet, Tunisie",False,11.5,HIGH
AUTOMNE,SEPTEMBER,2-3 ans,LOW,True,Nabeul,ACTIVITE,OUTDOOR,Activite observation et reperage,Jeux collectifs et parcours moteurs dans un cadre securise et adapte.,"Medina de Hammamet, Hammamet, Tunisie",False,2.1,HIGH
AUTOMNE,SEPTEMBER,4-5 ans,LOW,True,Nabeul,ACTIVITE,OUTDOOR,Jeux d adresse et motricite,Jeux collectifs et parcours moteurs dans un cadre securise et adapte.,"Funny Land, Hammamet, Tunisie",False,5.1,HIGH
AUTOMNE,SEPTEMBER,4-5 ans,LOW,True,Nabeul,ACTIVITE,OUTDOOR,Activite observation et reperage,Jeux collectifs et parcours moteurs dans un cadre securise et adapte.,"Medina de Hammamet, Hammamet, Tunisie",False,3.1,HIGH
AUTOMNE,SEPTEMBER,2-6 ans,MEDIUM,True,Nabeul,ACTIVITE,OUTDOOR,Jeux d adresse et motricite,Jeux collectifs et parcours moteurs dans un cadre securise et adapte.,"Funny Land, Hammamet, Tunisie",False,8.9,HIGH
AUTOMNE,SEPTEMBER,2-6 ans,LOW,True,Nabeul,ACTIVITE,OUTDOOR,Activite observation et reperage,Jeux collectifs et parcours moteurs dans un cadre securise et adapte.,"Medina de Hammamet, Hammamet, Tunisie",False,3.9,HIGH
AUTOMNE,OCTOBER,2-3 ans,MEDIUM,True,Nabeul,ACTIVITE,OUTDOOR,Jeux d adresse et motricite,Jeux collectifs et parcours moteurs dans un cadre securise et adapte.,"Funny Land, Hammamet, Tunisie",False,8.0,HIGH
AUTOMNE,OCTOBER,2-3 ans,LOW,True,Nabeul,ACTIVITE,OUTDOOR,Activite observation et reperage,Jeux collectifs et parcours moteurs dans un cadre securise et adapte.,"Medina de Hammamet, Hammamet, Tunisie",False,3.5,HIGH
AUTOMNE,OCTOBER,4-5 ans,MEDIUM,True,Nabeul,ACTIVITE,OUTDOOR,Jeux d adresse et motricite,Jeux collectifs et parcours moteurs dans un cadre securise et adapte.,"Funny Land, Hammamet, Tunisie",False,9.7,HIGH
AUTOMNE,OCTOBER,4-5 ans,MEDIUM,True,Nabeul,ACTIVITE,OUTDOOR,Activite observation et reperage,Jeux collectifs et parcours moteurs dans un cadre securise et adapte.,"Medina de Hammamet, Hammamet, Tunisie",False,9.6,HIGH
AUTOMNE,OCTOBER,2-6 ans,LOW,True,Nabeul,ACTIVITE,OUTDOOR,Jeux d adresse et motricite,Jeux collectifs et parcours moteurs dans un cadre securise et adapte.,"Funny Land, Hammamet, Tunisie",False,3.7,HIGH
AUTOMNE,OCTOBER,2-6 ans,MEDIUM,True,Nabeul,ACTIVITE,OUTDOOR,Activite observation et reperage,Jeux collectifs et parcours moteurs dans un cadre securise et adapte.,"Medina de Hammamet, Hammamet, Tunisie",False,9.2,HIGH
AUTOMNE,NOVEMBER,2-3 ans,LOW,True,Nabeul,ACTIVITE,OUTDOOR,Jeux d adresse et motricite,Jeux collectifs et parcours moteurs dans un cadre securise et adapte.,"Funny Land, Hammamet, Tunisie",False,2.8,HIGH
AUTOMNE,NOVEMBER,2-3 ans,MEDIUM,True,Nabeul,ACTIVITE,OUTDOOR,Activite observation et reperage,Jeux collectifs et parcours moteurs dans un cadre securise et adapte.,"Medina de Hammamet, Hammamet, Tunisie",False,7.1,HIGH
AUTOMNE,NOVEMBER,4-5 ans,LOW,True,Nabeul,ACTIVITE,OUTDOOR,Jeux d adresse et motricite,Jeux collectifs et parcours moteurs dans un cadre securise et adapte.,"Funny Land, Hammamet, Tunisie",False,5.6,HIGH
AUTOMNE,NOVEMBER,4-5 ans,LOW,True,Nabeul,ACTIVITE,OUTDOOR,Activite observation et reperage,Jeux collectifs et parcours moteurs dans un cadre securise et adapte.,"Medina de Hammamet, Hammamet, Tunisie",False,3.1,HIGH
AUTOMNE,NOVEMBER,2-6 ans,LOW,True,Nabeul,ACTIVITE,OUTDOOR,Jeux d adresse et motricite,Jeux collectifs et parcours moteurs dans un cadre securise et adapte.,"Funny Land, Hammamet, Tunisie",False,4.9,HIGH
AUTOMNE,NOVEMBER,2-6 ans,LOW,True,Nabeul,ACTIVITE,OUTDOOR,Activite observation et reperage,Jeux collectifs et parcours moteurs dans un cadre securise et adapte.,"Medina de Hammamet, Hammamet, Tunisie",False,2.6,HIGH
HIVER,DECEMBER,2-3 ans,LOW,True,Nabeul,ACTIVITE,OUTDOOR,Jeux d adresse et motricite,Jeux collectifs et parcours moteurs dans un cadre securise et adapte.,"Funny Land, Hammamet, Tunisie",False,3.9,HIGH
HIVER,DECEMBER,2-3 ans,MEDIUM,True,Nabeul,ACTIVITE,OUTDOOR,Activite observation et reperage,Jeux collectifs et parcours moteurs dans un cadre securise et adapte.,"Medina de Hammamet, Hammamet, Tunisie",False,11.6,HIGH
HIVER,DECEMBER,4-5 ans,LOW,True,Nabeul,ACTIVITE,OUTDOOR,Jeux d adresse et motricite,Jeux collectifs et parcours moteurs dans un cadre securise et adapte.,"Funny Land, Hammamet, Tunisie",False,5.0,HIGH
HIVER,DECEMBER,4-5 ans,LOW,True,Nabeul,ACTIVITE,OUTDOOR,Activite observation et reperage,Jeux collectifs et parcours moteurs dans un cadre securise et adapte.,"Medina de Hammamet, Hammamet, Tunisie",False,5.3,HIGH
HIVER,DECEMBER,2-6 ans,LOW,True,Nabeul,ACTIVITE,OUTDOOR,Jeux d adresse et motricite,Jeux collectifs et parcours moteurs dans un cadre securise et adapte.,"Funny Land, Hammamet, Tunisie",False,2.2,HIGH
HIVER,DECEMBER,2-6 ans,LOW,True,Nabeul,ACTIVITE,OUTDOOR,Activite observation et reperage,Jeux collectifs et parcours moteurs dans un cadre securise et adapte.,"Medina de Hammamet, Hammamet, Tunisie",False,4.1,HIGH
HIVER,JANUARY,2-3 ans,MEDIUM,True,Nabeul,ACTIVITE,OUTDOOR,Jeux d adresse et motricite,Jeux collectifs et parcours moteurs dans un cadre securise et adapte.,"Funny Land, Hammamet, Tunisie",False,7.7,HIGH
HIVER,JANUARY,2-3 ans,MEDIUM,True,Nabeul,ACTIVITE,OUTDOOR,Activite observation et reperage,Jeux collectifs et parcours moteurs dans un cadre securise et adapte.,"Medina de Hammamet, Hammamet, Tunisie",False,9.8,HIGH
HIVER,JANUARY,4-5 ans,LOW,True,Nabeul,ACTIVITE,OUTDOOR,Jeux d adresse et motricite,Jeux collectifs et parcours moteurs dans un cadre securise et adapte.,"Funny Land, Hammamet, Tunisie",False,3.0,HIGH
HIVER,JANUARY,4-5 ans,LOW,True,Nabeul,ACTIVITE,OUTDOOR,Activite observation et reperage,Jeux collectifs et parcours moteurs dans un cadre securise et adapte.,"Medina de Hammamet, Hammamet, Tunisie",False,3.5,HIGH
HIVER,JANUARY,2-6 ans,LOW,True,Nabeul,ACTIVITE,OUTDOOR,Jeux d adresse et motricite,Jeux collectifs et parcours moteurs dans un cadre securise et adapte.,"Funny Land, Hammamet, Tunisie",False,5.3,HIGH
HIVER,JANUARY,2-6 ans,MEDIUM,True,Nabeul,ACTIVITE,OUTDOOR,Activite observation et reperage,Jeux collectifs et parcours moteurs dans un cadre securise et adapte.,"Medina de Hammamet, Hammamet, Tunisie",False,10.7,HIGH
HIVER,FEBRUARY,2-3 ans,LOW,True,Nabeul,ACTIVITE,OUTDOOR,Jeux d adresse et motricite,Jeux collectifs et parcours moteurs dans un cadre securise et adapte.,"Funny Land, Hammamet, Tunisie",False,4.1,HIGH
HIVER,FEBRUARY,2-3 ans,LOW,True,Nabeul,ACTIVITE,OUTDOOR,Activite observation et reperage,Jeux collectifs et parcours moteurs dans un cadre securise et adapte.,"Medina de Hammamet, Hammamet, Tunisie",False,4.6,HIGH
HIVER,FEBRUARY,4-5 ans,LOW,True,Nabeul,ACTIVITE,OUTDOOR,Jeux d adresse et motricite,Jeux collectifs et parcours moteurs dans un cadre securise et adapte.,"Funny Land, Hammamet, Tunisie",False,3.4,HIGH
HIVER,FEBRUARY,4-5 ans,LOW,True,Nabeul,ACTIVITE,OUTDOOR,Activite observation et reperage,Jeux collectifs et parcours moteurs dans un cadre securise et adapte.,"Medina de Hammamet, Hammamet, Tunisie",False,4.5,HIGH
HIVER,FEBRUARY,2-6 ans,LOW,True,Nabeul,ACTIVITE,OUTDOOR,Jeux d adresse et motricite,Jeux collectifs et parcours moteurs dans un cadre securise et adapte.,"Funny Land, Hammamet, Tunisie",False,5.9,HIGH
HIVER,FEBRUARY,2-6 ans,LOW,True,Nabeul,ACTIVITE,OUTDOOR,Activite observation et reperage,Jeux collectifs et parcours moteurs dans un cadre securise et adapte.,"Medina de Hammamet, Hammamet, Tunisie",False,3.8,HIGH
PRINTEMPS,MARCH,2-3 ans,MEDIUM,False,Nabeul,FETE,INDOOR,Fete de fin de saison,"Moment festif avec animations douces, musique, decoration et gouter encadre.","Yasmine Hammamet, Hammamet, Tunisie",False,12.4,HIGH
PRINTEMPS,MARCH,2-3 ans,LOW,False,Nabeul,FETE,INDOOR,Fete a theme en interieur,"Moment festif avec animations douces, musique, decoration et gouter encadre.","Maison de la Culture, Nabeul, Tunisie",False,7.7,HIGH
PRINTEMPS,MARCH,4-5 ans,LOW,False,Nabeul,FETE,INDOOR,Fete de fin de saison,"Moment festif avec animations douces, musique, decoration et gouter encadre.","Yasmine Hammamet, Hammamet, Tunisie",False,8.4,HIGH
PRINTEMPS,MARCH,4-5 ans,MEDIUM,False,Nabeul,FETE,INDOOR,Fete a theme en interieur,"Moment festif avec animations douces, musique, decoration et gouter encadre.","Maison de la Culture, Nabeul, Tunisie",False,12.6,HIGH
PRINTEMPS,MARCH,2-6 ans,LOW,False,Nabeul,FETE,INDOOR,Fete de fin de saison,"Moment festif avec animations douces, musique, decoration et gouter encadre.","Yasmine Hammamet, Hammamet, Tunisie",False,5.1,HIGH
PRINTEMPS,MARCH,2-6 ans,LOW,False,Nabeul,FETE,INDOOR,Fete a theme en interieur,"Moment festif avec animations douces, musique, decoration et gouter encadre.","Maison de la Culture, Nabeul, Tunisie",False,9.5,HIGH
PRINTEMPS,APRIL,2-3 ans,MEDIUM,False,Nabeul,FETE,INDOOR,Fete de fin de saison,"Moment festif avec animations douces, musique, decoration et gouter encadre.","Yasmine Hammamet, Hammamet, Tunisie",False,11.2,HIGH
PRINTEMPS,APRIL,2-3 ans,LOW,False,Nabeul,FETE,INDOOR,Fete a theme en interieur,"Moment festif avec animations douces, musique, decoration et gouter encadre.","Maison de la Culture, Nabeul, Tunisie",False,8.9,HIGH
PRINTEMPS,APRIL,4-5 ans,LOW,False,Nabeul,FETE,INDOOR,Fete de fin de saison,"Moment festif avec animations douces, musique, decoration et gouter encadre.","Yasmine Hammamet, Hammamet, Tunisie",False,8.6,HIGH
PRINTEMPS,APRIL,4-5 ans,LOW,False,Nabeul,FETE,INDOOR,Fete a theme en interieur,"Moment festif avec animations douces, musique, decoration et gouter encadre.","Maison de la Culture, Nabeul, Tunisie",False,9.5,HIGH
PRINTEMPS,APRIL,2-6 ans,LOW,False,Nabeul,FETE,INDOOR,Fete de fin de saison,"Moment festif avec animations douces, musique, decoration et gouter encadre.","Yasmine Hammamet, Hammamet, Tunisie",False,7.3,HIGH
PRINTEMPS,APRIL,2-6 ans,MEDIUM,False,Nabeul,FETE,INDOOR,Fete a theme en interieur,"Moment festif avec animations douces, musique, decoration et gouter encadre.","Maison de la Culture, Nabeul, Tunisie",False,12.1,HIGH
PRINTEMPS,MAY,2-3 ans,LOW,False,Nabeul,FETE,INDOOR,Fete de fin de saison,"Moment festif avec animations douces, musique, decoration et gouter encadre.","Yasmine Hammamet, Hammamet, Tunisie",False,5.5,HIGH
PRINTEMPS,MAY,2-3 ans,LOW,False,Nabeul,FETE,INDOOR,Fete a theme en interieur,"Moment festif avec animations douces, musique, decoration et gouter encadre.","Maison de la Culture, Nabeul, Tunisie",False,9.4,HIGH
PRINTEMPS,MAY,4-5 ans,MEDIUM,False,Nabeul,FETE,INDOOR,Fete de fin de saison,"Moment festif avec animations douces, musique, decoration et gouter encadre.","Yasmine Hammamet, Hammamet, Tunisie",False,12.9,HIGH
PRINTEMPS,MAY,4-5 ans,MEDIUM,False,Nabeul,FETE,INDOOR,Fete a theme en interieur,"Moment festif avec animations douces, musique, decoration et gouter encadre.","Maison de la Culture, Nabeul, Tunisie",False,13.4,HIGH
PRINTEMPS,MAY,2-6 ans,LOW,False,Nabeul,FETE,INDOOR,Fete de fin de saison,"Moment festif avec animations douces, musique, decoration et gouter encadre.","Yasmine Hammamet, Hammamet, Tunisie",False,5.5,HIGH
PRINTEMPS,MAY,2-6 ans,LOW,False,Nabeul,FETE,INDOOR,Fete a theme en interieur,"Moment festif avec animations douces, musique, decoration et gouter encadre.","Maison de la Culture, Nabeul, Tunisie",False,5.0,HIGH
ETE,JUNE,2-3 ans,LOW,False,Nabeul,FETE,INDOOR,Fete de fin de saison,"Moment festif avec animations douces, musique, decoration et gouter encadre.","Yasmine Hammamet, Hammamet, Tunisie",False,8.3,HIGH
ETE,JUNE,2-3 ans,LOW,False,Nabeul,FETE,INDOOR,Fete a theme en interieur,"Moment festif avec animations douces, musique, decoration et gouter encadre.","Maison de la Culture, Nabeul, Tunisie",False,6.6,HIGH
ETE,JUNE,4-5 ans,MEDIUM,False,Nabeul,FETE,INDOOR,Fete de fin de saison,"Moment festif avec animations douces, musique, decoration et gouter encadre.","Yasmine Hammamet, Hammamet, Tunisie",False,17.6,HIGH
ETE,JUNE,4-5 ans,MEDIUM,False,Nabeul,FETE,INDOOR,Fete a theme en interieur,"Moment festif avec animations douces, musique, decoration et gouter encadre.","Maison de la Culture, Nabeul, Tunisie",False,17.0,HIGH
ETE,JUNE,2-6 ans,LOW,False,Nabeul,FETE,INDOOR,Fete de fin de saison,"Moment festif avec animations douces, musique, decoration et gouter encadre.","Yasmine Hammamet, Hammamet, Tunisie",False,6.9,HIGH
ETE,JUNE,2-6 ans,MEDIUM,False,Nabeul,FETE,INDOOR,Fete a theme en interieur,"Moment festif avec animations douces, musique, decoration et gouter encadre.","Maison de la Culture, Nabeul, Tunisie",False,11.5,HIGH
ETE,JULY,2-3 ans,MEDIUM,False,Nabeul,FETE,INDOOR,Fete de fin de saison,"Moment festif avec animations douces, musique, decoration et gouter encadre.","Yasmine Hammamet, Hammamet, Tunisie",False,13.2,HIGH
ETE,JULY,2-3 ans,MEDIUM,False,Nabeul,FETE,INDOOR,Fete a theme en interieur,"Moment festif avec animations douces, musique, decoration et gouter encadre.","Maison de la Culture, Nabeul, Tunisie",False,12.2,HIGH
ETE,JULY,4-5 ans,MEDIUM,False,Nabeul,FETE,INDOOR,Fete de fin de saison,"Moment festif avec animations douces, musique, decoration et gouter encadre.","Yasmine Hammamet, Hammamet, Tunisie",False,15.5,HIGH
ETE,JULY,4-5 ans,MEDIUM,False,Nabeul,FETE,INDOOR,Fete a theme en interieur,"Moment festif avec animations douces, musique, decoration et gouter encadre.","Maison de la Culture, Nabeul, Tunisie",False,16.4,HIGH
ETE,JULY,2-6 ans,LOW,False,Nabeul,FETE,INDOOR,Fete de fin de saison,"Moment festif avec animations douces, musique, decoration et gouter encadre.","Yasmine Hammamet, Hammamet, Tunisie",False,5.6,HIGH
ETE,JULY,2-6 ans,LOW,False,Nabeul,FETE,INDOOR,Fete a theme en interieur,"Moment festif avec animations douces, musique, decoration et gouter encadre.","Maison de la Culture, Nabeul, Tunisie",False,9.9,HIGH
ETE,AUGUST,2-3 ans,LOW,False,Nabeul,FETE,INDOOR,Fete de fin de saison,"Moment festif avec animations douces, musique, decoration et gouter encadre.","Yasmine Hammamet, Hammamet, Tunisie",False,5.5,HIGH
ETE,AUGUST,2-3 ans,MEDIUM,False,Nabeul,FETE,INDOOR,Fete a theme en interieur,"Moment festif avec animations douces, musique, decoration et gouter encadre.","Maison de la Culture, Nabeul, Tunisie",False,16.4,HIGH
ETE,AUGUST,4-5 ans,MEDIUM,False,Nabeul,FETE,INDOOR,Fete de fin de saison,"Moment festif avec animations douces, musique, decoration et gouter encadre.","Yasmine Hammamet, Hammamet, Tunisie",False,11.5,HIGH
ETE,AUGUST,4-5 ans,MEDIUM,False,Nabeul,FETE,INDOOR,Fete a theme en interieur,"Moment festif avec animations douces, musique, decoration et gouter encadre.","Maison de la Culture, Nabeul, Tunisie",False,16.2,HIGH
ETE,AUGUST,2-6 ans,LOW,False,Nabeul,FETE,INDOOR,Fete de fin de saison,"Moment festif avec animations douces, musique, decoration et gouter encadre.","Yasmine Hammamet, Hammamet, Tunisie",False,9.3,HIGH
ETE,AUGUST,2-6 ans,LOW,False,Nabeul,FETE,INDOOR,Fete a theme en interieur,"Moment festif avec animations douces, musique, decoration et gouter encadre.","Maison de la Culture, Nabeul, Tunisie",False,7.4,HIGH
AUTOMNE,SEPTEMBER,2-3 ans,MEDIUM,False,Nabeul,FETE,INDOOR,Fete de fin de saison,"Moment festif avec animations douces, musique, decoration et gouter encadre.","Yasmine Hammamet, Hammamet, Tunisie",False,10.9,HIGH
AUTOMNE,SEPTEMBER,2-3 ans,MEDIUM,False,Nabeul,FETE,INDOOR,Fete a theme en interieur,"Moment festif avec animations douces, musique, decoration et gouter encadre.","Maison de la Culture, Nabeul, Tunisie",False,13.5,HIGH
AUTOMNE,SEPTEMBER,4-5 ans,LOW,False,Nabeul,FETE,INDOOR,Fete de fin de saison,"Moment festif avec animations douces, musique, decoration et gouter encadre.","Yasmine Hammamet, Hammamet, Tunisie",False,6.3,HIGH
AUTOMNE,SEPTEMBER,4-5 ans,MEDIUM,False,Nabeul,FETE,INDOOR,Fete a theme en interieur,"Moment festif avec animations douces, musique, decoration et gouter encadre.","Maison de la Culture, Nabeul, Tunisie",False,10.1,HIGH
AUTOMNE,SEPTEMBER,2-6 ans,LOW,False,Nabeul,FETE,INDOOR,Fete de fin de saison,"Moment festif avec animations douces, musique, decoration et gouter encadre.","Yasmine Hammamet, Hammamet, Tunisie",False,9.9,HIGH
AUTOMNE,SEPTEMBER,2-6 ans,MEDIUM,False,Nabeul,FETE,INDOOR,Fete a theme en interieur,"Moment festif avec animations douces, musique, decoration et gouter encadre.","Maison de la Culture, Nabeul, Tunisie",False,14.2,HIGH
AUTOMNE,OCTOBER,2-3 ans,LOW,False,Nabeul,FETE,INDOOR,Fete de fin de saison,"Moment festif avec animations douces, musique, decoration et gouter encadre.","Yasmine Hammamet, Hammamet, Tunisie",False,7.2,HIGH
AUTOMNE,OCTOBER,2-3 ans,LOW,False,Nabeul,FETE,INDOOR,Fete a theme en interieur,"Moment festif avec animations douces, musique, decoration et gouter encadre.","Maison de la Culture, Nabeul, Tunisie",False,7.4,HIGH
AUTOMNE,OCTOBER,4-5 ans,MEDIUM,False,Nabeul,FETE,INDOOR,Fete de fin de saison,"Moment festif avec animations douces, musique, decoration et gouter encadre.","Yasmine Hammamet, Hammamet, Tunisie",False,11.2,HIGH
AUTOMNE,OCTOBER,4-5 ans,LOW,False,Nabeul,FETE,INDOOR,Fete a theme en interieur,"Moment festif avec animations douces, musique, decoration et gouter encadre.","Maison de la Culture, Nabeul, Tunisie",False,5.1,HIGH
AUTOMNE,OCTOBER,2-6 ans,LOW,False,Nabeul,FETE,INDOOR,Fete de fin de saison,"Moment festif avec animations douces, musique, decoration et gouter encadre.","Yasmine Hammamet, Hammamet, Tunisie",False,7.5,HIGH
AUTOMNE,OCTOBER,2-6 ans,MEDIUM,False,Nabeul,FETE,INDOOR,Fete a theme en interieur,"Moment festif avec animations douces, musique, decoration et gouter encadre.","Maison de la Culture, Nabeul, Tunisie",False,16.8,HIGH
AUTOMNE,NOVEMBER,2-3 ans,LOW,False,Nabeul,FETE,INDOOR,Fete de fin de saison,"Moment festif avec animations douces, musique, decoration et gouter encadre.","Yasmine Hammamet, Hammamet, Tunisie",False,5.4,HIGH
AUTOMNE,NOVEMBER,2-3 ans,MEDIUM,False,Nabeul,FETE,INDOOR,Fete a theme en interieur,"Moment festif avec animations douces, musique, decoration et gouter encadre.","Maison de la Culture, Nabeul, Tunisie",False,12.6,HIGH
AUTOMNE,NOVEMBER,4-5 ans,MEDIUM,False,Nabeul,FETE,INDOOR,Fete de fin de saison,"Moment festif avec animations douces, musique, decoration et gouter encadre.","Yasmine Hammamet, Hammamet, Tunisie",False,17.8,HIGH
AUTOMNE,NOVEMBER,4-5 ans,LOW,False,Nabeul,FETE,INDOOR,Fete a theme en interieur,"Moment festif avec animations douces, musique, decoration et gouter encadre.","Maison de la Culture, Nabeul, Tunisie",False,7.5,HIGH
AUTOMNE,NOVEMBER,2-6 ans,MEDIUM,False,Nabeul,FETE,INDOOR,Fete de fin de saison,"Moment festif avec animations douces, musique, decoration et gouter encadre.","Yasmine Hammamet, Hammamet, Tunisie",False,13.2,HIGH
AUTOMNE,NOVEMBER,2-6 ans,LOW,False,Nabeul,FETE,INDOOR,Fete a theme en interieur,"Moment festif avec animations douces, musique, decoration et gouter encadre.","Maison de la Culture, Nabeul, Tunisie",False,5.4,HIGH
HIVER,DECEMBER,2-3 ans,MEDIUM,False,Nabeul,FETE,INDOOR,Fete de fin de saison,"Moment festif avec animations douces, musique, decoration et gouter encadre.","Yasmine Hammamet, Hammamet, Tunisie",False,16.4,HIGH
HIVER,DECEMBER,2-3 ans,MEDIUM,False,Nabeul,FETE,INDOOR,Fete a theme en interieur,"Moment festif avec animations douces, musique, decoration et gouter encadre.","Maison de la Culture, Nabeul, Tunisie",False,10.7,HIGH
HIVER,DECEMBER,4-5 ans,MEDIUM,False,Nabeul,FETE,INDOOR,Fete de fin de saison,"Moment festif avec animations douces, musique, decoration et gouter encadre.","Yasmine Hammamet, Hammamet, Tunisie",False,13.6,HIGH
HIVER,DECEMBER,4-5 ans,LOW,False,Nabeul,FETE,INDOOR,Fete a theme en interieur,"Moment festif avec animations douces, musique, decoration et gouter encadre.","Maison de la Culture, Nabeul, Tunisie",False,9.9,HIGH
HIVER,DECEMBER,2-6 ans,LOW,False,Nabeul,FETE,INDOOR,Fete de fin de saison,"Moment festif avec animations douces, musique, decoration et gouter encadre.","Yasmine Hammamet, Hammamet, Tunisie",False,5.5,HIGH
HIVER,DECEMBER,2-6 ans,MEDIUM,False,Nabeul,FETE,INDOOR,Fete a theme en interieur,"Moment festif avec animations douces, musique, decoration et gouter encadre.","Maison de la Culture, Nabeul, Tunisie",False,10.3,HIGH
HIVER,JANUARY,2-3 ans,LOW,False,Nabeul,FETE,INDOOR,Fete de fin de saison,"Moment festif avec animations douces, musique, decoration et gouter encadre.","Yasmine Hammamet, Hammamet, Tunisie",False,9.1,HIGH
HIVER,JANUARY,2-3 ans,MEDIUM,False,Nabeul,FETE,INDOOR,Fete a theme en interieur,"Moment festif avec animations douces, musique, decoration et gouter encadre.","Maison de la Culture, Nabeul, Tunisie",False,17.1,HIGH
HIVER,JANUARY,4-5 ans,LOW,False,Nabeul,FETE,INDOOR,Fete de fin de saison,"Moment festif avec animations douces, musique, decoration et gouter encadre.","Yasmine Hammamet, Hammamet, Tunisie",False,8.3,HIGH
HIVER,JANUARY,4-5 ans,MEDIUM,False,Nabeul,FETE,INDOOR,Fete a theme en interieur,"Moment festif avec animations douces, musique, decoration et gouter encadre.","Maison de la Culture, Nabeul, Tunisie",False,17.6,HIGH
HIVER,JANUARY,2-6 ans,MEDIUM,False,Nabeul,FETE,INDOOR,Fete de fin de saison,"Moment festif avec animations douces, musique, decoration et gouter encadre.","Yasmine Hammamet, Hammamet, Tunisie",False,16.6,HIGH
HIVER,JANUARY,2-6 ans,LOW,False,Nabeul,FETE,INDOOR,Fete a theme en interieur,"Moment festif avec animations douces, musique, decoration et gouter encadre.","Maison de la Culture, Nabeul, Tunisie",False,9.2,HIGH
HIVER,FEBRUARY,2-3 ans,MEDIUM,False,Nabeul,FETE,INDOOR,Fete de fin de saison,"Moment festif avec animations douces, musique, decoration et gouter encadre.","Yasmine Hammamet, Hammamet, Tunisie",False,14.5,HIGH
HIVER,FEBRUARY,2-3 ans,MEDIUM,False,Nabeul,FETE,INDOOR,Fete a theme en interieur,"Moment festif avec animations douces, musique, decoration et gouter encadre.","Maison de la Culture, Nabeul, Tunisie",False,15.7,HIGH
HIVER,FEBRUARY,4-5 ans,MEDIUM,False,Nabeul,FETE,INDOOR,Fete de fin de saison,"Moment festif avec animations douces, musique, decoration et gouter encadre.","Yasmine Hammamet, Hammamet, Tunisie",False,15.7,HIGH
HIVER,FEBRUARY,4-5 ans,LOW,False,Nabeul,FETE,INDOOR,Fete a theme en interieur,"Moment festif avec animations douces, musique, decoration et gouter encadre.","Maison de la Culture, Nabeul, Tunisie",False,5.5,HIGH
HIVER,FEBRUARY,2-6 ans,LOW,False,Nabeul,FETE,INDOOR,Fete de fin de saison,"Moment festif avec animations douces, musique, decoration et gouter encadre.","Yasmine Hammamet, Hammamet, Tunisie",False,5.0,HIGH
HIVER,FEBRUARY,2-6 ans,MEDIUM,False,Nabeul,FETE,INDOOR,Fete a theme en interieur,"Moment festif avec animations douces, musique, decoration et gouter encadre.","Maison de la Culture, Nabeul, Tunisie",False,16.6,HIGH
PRINTEMPS,MARCH,2-3 ans,MEDIUM,False,Nabeul,REUNION_PARENTS,INDOOR,Reunion de coordination parents,Rencontre d information et d echange avec les familles dans un cadre confortable.,"Maison de la Culture, Nabeul, Tunisie",False,5.7,HIGH
PRINTEMPS,MARCH,4-5 ans,MEDIUM,False,Nabeul,REUNION_PARENTS,INDOOR,Reunion de coordination parents,Rencontre d information et d echange avec les familles dans un cadre confortable.,"Maison de la Culture, Nabeul, Tunisie",False,6.5,HIGH
PRINTEMPS,MARCH,2-6 ans,LOW,False,Nabeul,REUNION_PARENTS,INDOOR,Reunion de coordination parents,Rencontre d information et d echange avec les familles dans un cadre confortable.,"Maison de la Culture, Nabeul, Tunisie",False,2.7,HIGH
PRINTEMPS,APRIL,2-3 ans,MEDIUM,False,Nabeul,REUNION_PARENTS,INDOOR,Reunion de coordination parents,Rencontre d information et d echange avec les familles dans un cadre confortable.,"Maison de la Culture, Nabeul, Tunisie",False,3.7,HIGH
PRINTEMPS,APRIL,4-5 ans,MEDIUM,False,Nabeul,REUNION_PARENTS,INDOOR,Reunion de coordination parents,Rencontre d information et d echange avec les familles dans un cadre confortable.,"Maison de la Culture, Nabeul, Tunisie",False,3.5,HIGH
PRINTEMPS,APRIL,2-6 ans,LOW,False,Nabeul,REUNION_PARENTS,INDOOR,Reunion de coordination parents,Rencontre d information et d echange avec les familles dans un cadre confortable.,"Maison de la Culture, Nabeul, Tunisie",False,0.6,HIGH
PRINTEMPS,MAY,2-3 ans,MEDIUM,False,Nabeul,REUNION_PARENTS,INDOOR,Reunion de coordination parents,Rencontre d information et d echange avec les familles dans un cadre confortable.,"Maison de la Culture, Nabeul, Tunisie",False,4.1,HIGH
PRINTEMPS,MAY,4-5 ans,LOW,False,Nabeul,REUNION_PARENTS,INDOOR,Reunion de coordination parents,Rencontre d information et d echange avec les familles dans un cadre confortable.,"Maison de la Culture, Nabeul, Tunisie",False,2.2,HIGH
PRINTEMPS,MAY,2-6 ans,LOW,False,Nabeul,REUNION_PARENTS,INDOOR,Reunion de coordination parents,Rencontre d information et d echange avec les familles dans un cadre confortable.,"Maison de la Culture, Nabeul, Tunisie",False,2.3,HIGH
ETE,JUNE,2-3 ans,LOW,False,Nabeul,REUNION_PARENTS,INDOOR,Reunion de coordination parents,Rencontre d information et d echange avec les familles dans un cadre confortable.,"Maison de la Culture, Nabeul, Tunisie",False,2.8,HIGH
ETE,JUNE,4-5 ans,LOW,False,Nabeul,REUNION_PARENTS,INDOOR,Reunion de coordination parents,Rencontre d information et d echange avec les familles dans un cadre confortable.,"Maison de la Culture, Nabeul, Tunisie",False,2.3,HIGH
ETE,JUNE,2-6 ans,MEDIUM,False,Nabeul,REUNION_PARENTS,INDOOR,Reunion de coordination parents,Rencontre d information et d echange avec les familles dans un cadre confortable.,"Maison de la Culture, Nabeul, Tunisie",False,5.3,HIGH
ETE,JULY,2-3 ans,LOW,False,Nabeul,REUNION_PARENTS,INDOOR,Reunion de coordination parents,Rencontre d information et d echange avec les familles dans un cadre confortable.,"Maison de la Culture, Nabeul, Tunisie",False,2.9,HIGH
ETE,JULY,4-5 ans,LOW,False,Nabeul,REUNION_PARENTS,INDOOR,Reunion de coordination parents,Rencontre d information et d echange avec les familles dans un cadre confortable.,"Maison de la Culture, Nabeul, Tunisie",False,1.6,HIGH
ETE,JULY,2-6 ans,LOW,False,Nabeul,REUNION_PARENTS,INDOOR,Reunion de coordination parents,Rencontre d information et d echange avec les familles dans un cadre confortable.,"Maison de la Culture, Nabeul, Tunisie",False,1.7,HIGH
ETE,AUGUST,2-3 ans,MEDIUM,False,Nabeul,REUNION_PARENTS,INDOOR,Reunion de coordination parents,Rencontre d information et d echange avec les familles dans un cadre confortable.,"Maison de la Culture, Nabeul, Tunisie",False,7.2,HIGH
ETE,AUGUST,4-5 ans,MEDIUM,False,Nabeul,REUNION_PARENTS,INDOOR,Reunion de coordination parents,Rencontre d information et d echange avec les familles dans un cadre confortable.,"Maison de la Culture, Nabeul, Tunisie",False,7.6,HIGH
ETE,AUGUST,2-6 ans,LOW,False,Nabeul,REUNION_PARENTS,INDOOR,Reunion de coordination parents,Rencontre d information et d echange avec les familles dans un cadre confortable.,"Maison de la Culture, Nabeul, Tunisie",False,2.1,HIGH
AUTOMNE,SEPTEMBER,2-3 ans,LOW,False,Nabeul,REUNION_PARENTS,INDOOR,Reunion de coordination parents,Rencontre d information et d echange avec les familles dans un cadre confortable.,"Maison de la Culture, Nabeul, Tunisie",False,2.2,HIGH
AUTOMNE,SEPTEMBER,4-5 ans,LOW,False,Nabeul,REUNION_PARENTS,INDOOR,Reunion de coordination parents,Rencontre d information et d echange avec les familles dans un cadre confortable.,"Maison de la Culture, Nabeul, Tunisie",False,0.3,HIGH
AUTOMNE,SEPTEMBER,2-6 ans,MEDIUM,False,Nabeul,REUNION_PARENTS,INDOOR,Reunion de coordination parents,Rencontre d information et d echange avec les familles dans un cadre confortable.,"Maison de la Culture, Nabeul, Tunisie",False,5.5,HIGH
AUTOMNE,OCTOBER,2-3 ans,MEDIUM,False,Nabeul,REUNION_PARENTS,INDOOR,Reunion de coordination parents,Rencontre d information et d echange avec les familles dans un cadre confortable.,"Maison de la Culture, Nabeul, Tunisie",False,5.1,HIGH
AUTOMNE,OCTOBER,4-5 ans,LOW,False,Nabeul,REUNION_PARENTS,INDOOR,Reunion de coordination parents,Rencontre d information et d echange avec les familles dans un cadre confortable.,"Maison de la Culture, Nabeul, Tunisie",False,0.8,HIGH
AUTOMNE,OCTOBER,2-6 ans,MEDIUM,False,Nabeul,REUNION_PARENTS,INDOOR,Reunion de coordination parents,Rencontre d information et d echange avec les familles dans un cadre confortable.,"Maison de la Culture, Nabeul, Tunisie",False,7.9,HIGH
AUTOMNE,NOVEMBER,2-3 ans,MEDIUM,False,Nabeul,REUNION_PARENTS,INDOOR,Reunion de coordination parents,Rencontre d information et d echange avec les familles dans un cadre confortable.,"Maison de la Culture, Nabeul, Tunisie",False,7.0,HIGH
AUTOMNE,NOVEMBER,4-5 ans,LOW,False,Nabeul,REUNION_PARENTS,INDOOR,Reunion de coordination parents,Rencontre d information et d echange avec les familles dans un cadre confortable.,"Maison de la Culture, Nabeul, Tunisie",False,1.2,HIGH
AUTOMNE,NOVEMBER,2-6 ans,MEDIUM,False,Nabeul,REUNION_PARENTS,INDOOR,Reunion de coordination parents,Rencontre d information et d echange avec les familles dans un cadre confortable.,"Maison de la Culture, Nabeul, Tunisie",False,7.2,HIGH
HIVER,DECEMBER,2-3 ans,MEDIUM,False,Nabeul,REUNION_PARENTS,INDOOR,Reunion de coordination parents,Rencontre d information et d echange avec les familles dans un cadre confortable.,"Maison de la Culture, Nabeul, Tunisie",False,6.6,HIGH
HIVER,DECEMBER,4-5 ans,LOW,False,Nabeul,REUNION_PARENTS,INDOOR,Reunion de coordination parents,Rencontre d information et d echange avec les familles dans un cadre confortable.,"Maison de la Culture, Nabeul, Tunisie",False,0.6,HIGH
HIVER,DECEMBER,2-6 ans,MEDIUM,False,Nabeul,REUNION_PARENTS,INDOOR,Reunion de coordination parents,Rencontre d information et d echange avec les familles dans un cadre confortable.,"Maison de la Culture, Nabeul, Tunisie",False,6.4,HIGH
HIVER,JANUARY,2-3 ans,LOW,False,Nabeul,REUNION_PARENTS,INDOOR,Reunion de coordination parents,Rencontre d information et d echange avec les familles dans un cadre confortable.,"Maison de la Culture, Nabeul, Tunisie",False,2.9,HIGH
HIVER,JANUARY,4-5 ans,LOW,False,Nabeul,REUNION_PARENTS,INDOOR,Reunion de coordination parents,Rencontre d information et d echange avec les familles dans un cadre confortable.,"Maison de la Culture, Nabeul, Tunisie",False,1.5,HIGH
HIVER,JANUARY,2-6 ans,MEDIUM,False,Nabeul,REUNION_PARENTS,INDOOR,Reunion de coordination parents,Rencontre d information et d echange avec les familles dans un cadre confortable.,"Maison de la Culture, Nabeul, Tunisie",False,6.6,HIGH
HIVER,FEBRUARY,2-3 ans,MEDIUM,False,Nabeul,REUNION_PARENTS,INDOOR,Reunion de coordination parents,Rencontre d information et d echange avec les familles dans un cadre confortable.,"Maison de la Culture, Nabeul, Tunisie",False,5.8,HIGH
HIVER,FEBRUARY,4-5 ans,MEDIUM,False,Nabeul,REUNION_PARENTS,INDOOR,Reunion de coordination parents,Rencontre d information et d echange avec les familles dans un cadre confortable.,"Maison de la Culture, Nabeul, Tunisie",False,6.4,HIGH
HIVER,FEBRUARY,2-6 ans,MEDIUM,False,Nabeul,REUNION_PARENTS,INDOOR,Reunion de coordination parents,Rencontre d information et d echange avec les familles dans un cadre confortable.,"Maison de la Culture, Nabeul, Tunisie",False,7.4,HIGH
PRINTEMPS,MARCH,2-3 ans,MEDIUM,True,Monastir,SORTIE,OUTDOOR,Visite patrimoniale courte,"Activite encadree avec decouverte, observation et temps de repos adaptes aux enfants.","Ribat de Monastir, Monastir, Tunisie",True,16.5,HIGH
PRINTEMPS,MARCH,2-3 ans,HIGH,True,Monastir,SORTIE,OUTDOOR,Balade educative a la marina,"Activite encadree avec decouverte, observation et temps de repos adaptes aux enfants.","Marina de Monastir, Monastir, Tunisie",True,19.1,HIGH
PRINTEMPS,MARCH,2-3 ans,MEDIUM,True,Monastir,SORTIE,OUTDOOR,Sortie nature et jeux libres,"Activite encadree avec decouverte, observation et temps de repos adaptes aux enfants.","Parc Falaise, Monastir, Tunisie",True,11.2,HIGH
PRINTEMPS,MARCH,4-5 ans,HIGH,True,Monastir,SORTIE,OUTDOOR,Visite patrimoniale courte,"Activite encadree avec decouverte, observation et temps de repos adaptes aux enfants.","Ribat de Monastir, Monastir, Tunisie",True,18.6,HIGH
PRINTEMPS,MARCH,4-5 ans,MEDIUM,True,Monastir,SORTIE,OUTDOOR,Balade educative a la marina,"Activite encadree avec decouverte, observation et temps de repos adaptes aux enfants.","Marina de Monastir, Monastir, Tunisie",True,16.0,HIGH
PRINTEMPS,MARCH,4-5 ans,LOW,True,Monastir,SORTIE,OUTDOOR,Sortie nature et jeux libres,"Activite encadree avec decouverte, observation et temps de repos adaptes aux enfants.","Parc Falaise, Monastir, Tunisie",True,9.9,HIGH
PRINTEMPS,MARCH,2-6 ans,HIGH,True,Monastir,SORTIE,OUTDOOR,Visite patrimoniale courte,"Activite encadree avec decouverte, observation et temps de repos adaptes aux enfants.","Ribat de Monastir, Monastir, Tunisie",True,20.5,HIGH
PRINTEMPS,MARCH,2-6 ans,LOW,True,Monastir,SORTIE,OUTDOOR,Balade educative a la marina,"Activite encadree avec decouverte, observation et temps de repos adaptes aux enfants.","Marina de Monastir, Monastir, Tunisie",True,8.1,HIGH
PRINTEMPS,MARCH,2-6 ans,MEDIUM,True,Monastir,SORTIE,OUTDOOR,Sortie nature et jeux libres,"Activite encadree avec decouverte, observation et temps de repos adaptes aux enfants.","Parc Falaise, Monastir, Tunisie",True,11.6,HIGH
PRINTEMPS,APRIL,2-3 ans,HIGH,True,Monastir,SORTIE,OUTDOOR,Visite patrimoniale courte,"Activite encadree avec decouverte, observation et temps de repos adaptes aux enfants.","Ribat de Monastir, Monastir, Tunisie",True,18.3,HIGH
PRINTEMPS,APRIL,2-3 ans,MEDIUM,True,Monastir,SORTIE,OUTDOOR,Balade educative a la marina,"Activite encadree avec decouverte, observation et temps de repos adaptes aux enfants.","Marina de Monastir, Monastir, Tunisie",True,10.8,HIGH
PRINTEMPS,APRIL,2-3 ans,HIGH,True,Monastir,SORTIE,OUTDOOR,Sortie nature et jeux libres,"Activite encadree avec decouverte, observation et temps de repos adaptes aux enfants.","Parc Falaise, Monastir, Tunisie",True,25.4,HIGH
PRINTEMPS,APRIL,4-5 ans,LOW,True,Monastir,SORTIE,OUTDOOR,Visite patrimoniale courte,"Activite encadree avec decouverte, observation et temps de repos adaptes aux enfants.","Ribat de Monastir, Monastir, Tunisie",True,8.5,HIGH
PRINTEMPS,APRIL,4-5 ans,HIGH,True,Monastir,SORTIE,OUTDOOR,Balade educative a la marina,"Activite encadree avec decouverte, observation et temps de repos adaptes aux enfants.","Marina de Monastir, Monastir, Tunisie",True,21.9,HIGH
PRINTEMPS,APRIL,4-5 ans,HIGH,True,Monastir,SORTIE,OUTDOOR,Sortie nature et jeux libres,"Activite encadree avec decouverte, observation et temps de repos adaptes aux enfants.","Parc Falaise, Monastir, Tunisie",True,25.8,HIGH
PRINTEMPS,APRIL,2-6 ans,HIGH,True,Monastir,SORTIE,OUTDOOR,Visite patrimoniale courte,"Activite encadree avec decouverte, observation et temps de repos adaptes aux enfants.","Ribat de Monastir, Monastir, Tunisie",True,20.9,HIGH
PRINTEMPS,APRIL,2-6 ans,HIGH,True,Monastir,SORTIE,OUTDOOR,Balade educative a la marina,"Activite encadree avec decouverte, observation et temps de repos adaptes aux enfants.","Marina de Monastir, Monastir, Tunisie",True,18.5,HIGH
PRINTEMPS,APRIL,2-6 ans,MEDIUM,True,Monastir,SORTIE,OUTDOOR,Sortie nature et jeux libres,"Activite encadree avec decouverte, observation et temps de repos adaptes aux enfants.","Parc Falaise, Monastir, Tunisie",True,13.1,HIGH
PRINTEMPS,MAY,2-3 ans,HIGH,True,Monastir,SORTIE,OUTDOOR,Visite patrimoniale courte,"Activite encadree avec decouverte, observation et temps de repos adaptes aux enfants.","Ribat de Monastir, Monastir, Tunisie",True,21.1,HIGH
PRINTEMPS,MAY,2-3 ans,HIGH,True,Monastir,SORTIE,OUTDOOR,Balade educative a la marina,"Activite encadree avec decouverte, observation et temps de repos adaptes aux enfants.","Marina de Monastir, Monastir, Tunisie",True,18.5,HIGH
PRINTEMPS,MAY,2-3 ans,HIGH,True,Monastir,SORTIE,OUTDOOR,Sortie nature et jeux libres,"Activite encadree avec decouverte, observation et temps de repos adaptes aux enfants.","Parc Falaise, Monastir, Tunisie",True,20.5,HIGH
PRINTEMPS,MAY,4-5 ans,HIGH,True,Monastir,SORTIE,OUTDOOR,Visite patrimoniale courte,"Activite encadree avec decouverte, observation et temps de repos adaptes aux enfants.","Ribat de Monastir, Monastir, Tunisie",True,26.7,HIGH
PRINTEMPS,MAY,4-5 ans,MEDIUM,True,Monastir,SORTIE,OUTDOOR,Balade educative a la marina,"Activite encadree avec decouverte, observation et temps de repos adaptes aux enfants.","Marina de Monastir, Monastir, Tunisie",True,16.6,HIGH
PRINTEMPS,MAY,4-5 ans,HIGH,True,Monastir,SORTIE,OUTDOOR,Sortie nature et jeux libres,"Activite encadree avec decouverte, observation et temps de repos adaptes aux enfants.","Parc Falaise, Monastir, Tunisie",True,25.0,HIGH
PRINTEMPS,MAY,2-6 ans,HIGH,True,Monastir,SORTIE,OUTDOOR,Visite patrimoniale courte,"Activite encadree avec decouverte, observation et temps de repos adaptes aux enfants.","Ribat de Monastir, Monastir, Tunisie",True,21.7,HIGH
PRINTEMPS,MAY,2-6 ans,HIGH,True,Monastir,SORTIE,OUTDOOR,Balade educative a la marina,"Activite encadree avec decouverte, observation et temps de repos adaptes aux enfants.","Marina de Monastir, Monastir, Tunisie",True,23.5,HIGH
PRINTEMPS,MAY,2-6 ans,HIGH,True,Monastir,SORTIE,OUTDOOR,Sortie nature et jeux libres,"Activite encadree avec decouverte, observation et temps de repos adaptes aux enfants.","Parc Falaise, Monastir, Tunisie",True,20.0,HIGH
ETE,JUNE,2-3 ans,HIGH,True,Monastir,SORTIE,OUTDOOR,Visite patrimoniale courte,"Activite encadree avec decouverte, observation et temps de repos adaptes aux enfants.","Ribat de Monastir, Monastir, Tunisie",True,27.6,HIGH
ETE,JUNE,2-3 ans,MEDIUM,True,Monastir,SORTIE,OUTDOOR,Balade educative a la marina,"Activite encadree avec decouverte, observation et temps de repos adaptes aux enfants.","Marina de Monastir, Monastir, Tunisie",True,13.6,HIGH
ETE,JUNE,2-3 ans,HIGH,True,Monastir,SORTIE,OUTDOOR,Sortie nature et jeux libres,"Activite encadree avec decouverte, observation et temps de repos adaptes aux enfants.","Parc Falaise, Monastir, Tunisie",True,18.7,HIGH
ETE,JUNE,4-5 ans,LOW,True,Monastir,SORTIE,OUTDOOR,Visite patrimoniale courte,"Activite encadree avec decouverte, observation et temps de repos adaptes aux enfants.","Ribat de Monastir, Monastir, Tunisie",True,8.4,HIGH
ETE,JUNE,4-5 ans,LOW,True,Monastir,SORTIE,OUTDOOR,Balade educative a la marina,"Activite encadree avec decouverte, observation et temps de repos adaptes aux enfants.","Marina de Monastir, Monastir, Tunisie",True,6.3,HIGH
ETE,JUNE,4-5 ans,MEDIUM,True,Monastir,SORTIE,OUTDOOR,Sortie nature et jeux libres,"Activite encadree avec decouverte, observation et temps de repos adaptes aux enfants.","Parc Falaise, Monastir, Tunisie",True,12.2,HIGH
ETE,JUNE,2-6 ans,MEDIUM,True,Monastir,SORTIE,OUTDOOR,Visite patrimoniale courte,"Activite encadree avec decouverte, observation et temps de repos adaptes aux enfants.","Ribat de Monastir, Monastir, Tunisie",True,11.0,HIGH
ETE,JUNE,2-6 ans,HIGH,True,Monastir,SORTIE,OUTDOOR,Balade educative a la marina,"Activite encadree avec decouverte, observation et temps de repos adaptes aux enfants.","Marina de Monastir, Monastir, Tunisie",True,26.5,HIGH
ETE,JUNE,2-6 ans,LOW,True,Monastir,SORTIE,OUTDOOR,Sortie nature et jeux libres,"Activite encadree avec decouverte, observation et temps de repos adaptes aux enfants.","Parc Falaise, Monastir, Tunisie",True,6.0,HIGH
ETE,JULY,2-3 ans,HIGH,True,Monastir,SORTIE,OUTDOOR,Visite patrimoniale courte,"Activite encadree avec decouverte, observation et temps de repos adaptes aux enfants.","Ribat de Monastir, Monastir, Tunisie",True,27.4,HIGH
ETE,JULY,2-3 ans,LOW,True,Monastir,SORTIE,OUTDOOR,Balade educative a la marina,"Activite encadree avec decouverte, observation et temps de repos adaptes aux enfants.","Marina de Monastir, Monastir, Tunisie",True,4.9,HIGH
ETE,JULY,2-3 ans,MEDIUM,True,Monastir,SORTIE,OUTDOOR,Sortie nature et jeux libres,"Activite encadree avec decouverte, observation et temps de repos adaptes aux enfants.","Parc Falaise, Monastir, Tunisie",True,14.8,HIGH
ETE,JULY,4-5 ans,HIGH,True,Monastir,SORTIE,OUTDOOR,Visite patrimoniale courte,"Activite encadree avec decouverte, observation et temps de repos adaptes aux enfants.","Ribat de Monastir, Monastir, Tunisie",True,24.2,HIGH
ETE,JULY,4-5 ans,HIGH,True,Monastir,SORTIE,OUTDOOR,Balade educative a la marina,"Activite encadree avec decouverte, observation et temps de repos adaptes aux enfants.","Marina de Monastir, Monastir, Tunisie",True,21.0,HIGH
ETE,JULY,4-5 ans,HIGH,True,Monastir,SORTIE,OUTDOOR,Sortie nature et jeux libres,"Activite encadree avec decouverte, observation et temps de repos adaptes aux enfants.","Parc Falaise, Monastir, Tunisie",True,23.5,HIGH
ETE,JULY,2-6 ans,LOW,True,Monastir,SORTIE,OUTDOOR,Visite patrimoniale courte,"Activite encadree avec decouverte, observation et temps de repos adaptes aux enfants.","Ribat de Monastir, Monastir, Tunisie",True,8.7,HIGH
ETE,JULY,2-6 ans,MEDIUM,True,Monastir,SORTIE,OUTDOOR,Balade educative a la marina,"Activite encadree avec decouverte, observation et temps de repos adaptes aux enfants.","Marina de Monastir, Monastir, Tunisie",True,14.2,HIGH
ETE,JULY,2-6 ans,LOW,True,Monastir,SORTIE,OUTDOOR,Sortie nature et jeux libres,"Activite encadree avec decouverte, observation et temps de repos adaptes aux enfants.","Parc Falaise, Monastir, Tunisie",True,7.1,HIGH
ETE,AUGUST,2-3 ans,HIGH,True,Monastir,SORTIE,OUTDOOR,Visite patrimoniale courte,"Activite encadree avec decouverte, observation et temps de repos adaptes aux enfants.","Ribat de Monastir, Monastir, Tunisie",True,19.6,HIGH
ETE,AUGUST,2-3 ans,HIGH,True,Monastir,SORTIE,OUTDOOR,Balade educative a la marina,"Activite encadree avec decouverte, observation et temps de repos adaptes aux enfants.","Marina de Monastir, Monastir, Tunisie",True,23.4,HIGH
ETE,AUGUST,2-3 ans,LOW,True,Monastir,SORTIE,OUTDOOR,Sortie nature et jeux libres,"Activite encadree avec decouverte, observation et temps de repos adaptes aux enfants.","Parc Falaise, Monastir, Tunisie",True,6.1,HIGH
ETE,AUGUST,4-5 ans,LOW,True,Monastir,SORTIE,OUTDOOR,Visite patrimoniale courte,"Activite encadree avec decouverte, observation et temps de repos adaptes aux enfants.","Ribat de Monastir, Monastir, Tunisie",True,8.0,HIGH
ETE,AUGUST,4-5 ans,MEDIUM,True,Monastir,SORTIE,OUTDOOR,Balade educative a la marina,"Activite encadree avec decouverte, observation et temps de repos adaptes aux enfants.","Marina de Monastir, Monastir, Tunisie",True,12.9,HIGH
ETE,AUGUST,4-5 ans,LOW,True,Monastir,SORTIE,OUTDOOR,Sortie nature et jeux libres,"Activite encadree avec decouverte, observation et temps de repos adaptes aux enfants.","Parc Falaise, Monastir, Tunisie",True,9.7,HIGH
ETE,AUGUST,2-6 ans,HIGH,True,Monastir,SORTIE,OUTDOOR,Visite patrimoniale courte,"Activite encadree avec decouverte, observation et temps de repos adaptes aux enfants.","Ribat de Monastir, Monastir, Tunisie",True,23.3,HIGH
ETE,AUGUST,2-6 ans,HIGH,True,Monastir,SORTIE,OUTDOOR,Balade educative a la marina,"Activite encadree avec decouverte, observation et temps de repos adaptes aux enfants.","Marina de Monastir, Monastir, Tunisie",True,26.2,HIGH
ETE,AUGUST,2-6 ans,HIGH,True,Monastir,SORTIE,OUTDOOR,Sortie nature et jeux libres,"Activite encadree avec decouverte, observation et temps de repos adaptes aux enfants.","Parc Falaise, Monastir, Tunisie",True,18.1,HIGH
AUTOMNE,SEPTEMBER,2-3 ans,HIGH,True,Monastir,SORTIE,OUTDOOR,Visite patrimoniale courte,"Activite encadree avec decouverte, observation et temps de repos adaptes aux enfants.","Ribat de Monastir, Monastir, Tunisie",True,21.5,HIGH
AUTOMNE,SEPTEMBER,2-3 ans,LOW,True,Monastir,SORTIE,OUTDOOR,Balade educative a la marina,"Activite encadree avec decouverte, observation et temps de repos adaptes aux enfants.","Marina de Monastir, Monastir, Tunisie",True,9.4,HIGH
AUTOMNE,SEPTEMBER,2-3 ans,HIGH,True,Monastir,SORTIE,OUTDOOR,Sortie nature et jeux libres,"Activite encadree avec decouverte, observation et temps de repos adaptes aux enfants.","Parc Falaise, Monastir, Tunisie",True,27.2,HIGH
AUTOMNE,SEPTEMBER,4-5 ans,LOW,True,Monastir,SORTIE,OUTDOOR,Visite patrimoniale courte,"Activite encadree avec decouverte, observation et temps de repos adaptes aux enfants.","Ribat de Monastir, Monastir, Tunisie",True,9.8,HIGH
AUTOMNE,SEPTEMBER,4-5 ans,HIGH,True,Monastir,SORTIE,OUTDOOR,Balade educative a la marina,"Activite encadree avec decouverte, observation et temps de repos adaptes aux enfants.","Marina de Monastir, Monastir, Tunisie",True,26.9,HIGH
AUTOMNE,SEPTEMBER,4-5 ans,MEDIUM,True,Monastir,SORTIE,OUTDOOR,Sortie nature et jeux libres,"Activite encadree avec decouverte, observation et temps de repos adaptes aux enfants.","Parc Falaise, Monastir, Tunisie",True,17.3,HIGH
AUTOMNE,SEPTEMBER,2-6 ans,LOW,True,Monastir,SORTIE,OUTDOOR,Visite patrimoniale courte,"Activite encadree avec decouverte, observation et temps de repos adaptes aux enfants.","Ribat de Monastir, Monastir, Tunisie",True,6.3,HIGH
AUTOMNE,SEPTEMBER,2-6 ans,HIGH,True,Monastir,SORTIE,OUTDOOR,Balade educative a la marina,"Activite encadree avec decouverte, observation et temps de repos adaptes aux enfants.","Marina de Monastir, Monastir, Tunisie",True,25.2,HIGH
AUTOMNE,SEPTEMBER,2-6 ans,LOW,True,Monastir,SORTIE,OUTDOOR,Sortie nature et jeux libres,"Activite encadree avec decouverte, observation et temps de repos adaptes aux enfants.","Parc Falaise, Monastir, Tunisie",True,9.5,HIGH
AUTOMNE,OCTOBER,2-3 ans,MEDIUM,True,Monastir,SORTIE,OUTDOOR,Visite patrimoniale courte,"Activite encadree avec decouverte, observation et temps de repos adaptes aux enfants.","Ribat de Monastir, Monastir, Tunisie",True,14.1,HIGH
AUTOMNE,OCTOBER,2-3 ans,HIGH,True,Monastir,SORTIE,OUTDOOR,Balade educative a la marina,"Activite encadree avec decouverte, observation et temps de repos adaptes aux enfants.","Marina de Monastir, Monastir, Tunisie",True,22.5,HIGH
AUTOMNE,OCTOBER,2-3 ans,LOW,True,Monastir,SORTIE,OUTDOOR,Sortie nature et jeux libres,"Activite encadree avec decouverte, observation et temps de repos adaptes aux enfants.","Parc Falaise, Monastir, Tunisie",True,5.8,HIGH
AUTOMNE,OCTOBER,4-5 ans,HIGH,True,Monastir,SORTIE,OUTDOOR,Visite patrimoniale courte,"Activite encadree avec decouverte, observation et temps de repos adaptes aux enfants.","Ribat de Monastir, Monastir, Tunisie",True,19.9,HIGH
AUTOMNE,OCTOBER,4-5 ans,HIGH,True,Monastir,SORTIE,OUTDOOR,Balade educative a la marina,"Activite encadree avec decouverte, observation et temps de repos adaptes aux enfants.","Marina de Monastir, Monastir, Tunisie",True,18.8,HIGH
AUTOMNE,OCTOBER,4-5 ans,LOW,True,Monastir,SORTIE,OUTDOOR,Sortie nature et jeux libres,"Activite encadree avec decouverte, observation et temps de repos adaptes aux enfants.","Parc Falaise, Monastir, Tunisie",True,5.0,HIGH
AUTOMNE,OCTOBER,2-6 ans,HIGH,True,Monastir,SORTIE,OUTDOOR,Visite patrimoniale courte,"Activite encadree avec decouverte, observation et temps de repos adaptes aux enfants.","Ribat de Monastir, Monastir, Tunisie",True,23.3,HIGH
AUTOMNE,OCTOBER,2-6 ans,HIGH,True,Monastir,SORTIE,OUTDOOR,Balade educative a la marina,"Activite encadree avec decouverte, observation et temps de repos adaptes aux enfants.","Marina de Monastir, Monastir, Tunisie",True,18.7,HIGH
AUTOMNE,OCTOBER,2-6 ans,HIGH,True,Monastir,SORTIE,OUTDOOR,Sortie nature et jeux libres,"Activite encadree avec decouverte, observation et temps de repos adaptes aux enfants.","Parc Falaise, Monastir, Tunisie",True,24.3,HIGH
AUTOMNE,NOVEMBER,2-3 ans,LOW,True,Monastir,SORTIE,OUTDOOR,Visite patrimoniale courte,"Activite encadree avec decouverte, observation et temps de repos adaptes aux enfants.","Ribat de Monastir, Monastir, Tunisie",True,9.2,HIGH
AUTOMNE,NOVEMBER,2-3 ans,MEDIUM,True,Monastir,SORTIE,OUTDOOR,Balade educative a la marina,"Activite encadree avec decouverte, observation et temps de repos adaptes aux enfants.","Marina de Monastir, Monastir, Tunisie",True,16.7,HIGH
AUTOMNE,NOVEMBER,2-3 ans,LOW,True,Monastir,SORTIE,OUTDOOR,Sortie nature et jeux libres,"Activite encadree avec decouverte, observation et temps de repos adaptes aux enfants.","Parc Falaise, Monastir, Tunisie",True,7.2,HIGH
AUTOMNE,NOVEMBER,4-5 ans,HIGH,True,Monastir,SORTIE,OUTDOOR,Visite patrimoniale courte,"Activite encadree avec decouverte, observation et temps de repos adaptes aux enfants.","Ribat de Monastir, Monastir, Tunisie",True,26.8,HIGH
AUTOMNE,NOVEMBER,4-5 ans,HIGH,True,Monastir,SORTIE,OUTDOOR,Balade educative a la marina,"Activite encadree avec decouverte, observation et temps de repos adaptes aux enfants.","Marina de Monastir, Monastir, Tunisie",True,25.8,HIGH
AUTOMNE,NOVEMBER,4-5 ans,HIGH,True,Monastir,SORTIE,OUTDOOR,Sortie nature et jeux libres,"Activite encadree avec decouverte, observation et temps de repos adaptes aux enfants.","Parc Falaise, Monastir, Tunisie",True,26.2,HIGH
AUTOMNE,NOVEMBER,2-6 ans,LOW,True,Monastir,SORTIE,OUTDOOR,Visite patrimoniale courte,"Activite encadree avec decouverte, observation et temps de repos adaptes aux enfants.","Ribat de Monastir, Monastir, Tunisie",True,8.5,HIGH
AUTOMNE,NOVEMBER,2-6 ans,LOW,True,Monastir,SORTIE,OUTDOOR,Balade educative a la marina,"Activite encadree avec decouverte, observation et temps de repos adaptes aux enfants.","Marina de Monastir, Monastir, Tunisie",True,4.1,HIGH
AUTOMNE,NOVEMBER,2-6 ans,HIGH,True,Monastir,SORTIE,OUTDOOR,Sortie nature et jeux libres,"Activite encadree avec decouverte, observation et temps de repos adaptes aux enfants.","Parc Falaise, Monastir, Tunisie",True,21.3,HIGH
HIVER,DECEMBER,2-3 ans,LOW,True,Monastir,SORTIE,OUTDOOR,Visite patrimoniale courte,"Activite encadree avec decouverte, observation et temps de repos adaptes aux enfants.","Ribat de Monastir, Monastir, Tunisie",True,4.4,HIGH
HIVER,DECEMBER,2-3 ans,LOW,True,Monastir,SORTIE,OUTDOOR,Balade educative a la marina,"Activite encadree avec decouverte, observation et temps de repos adaptes aux enfants.","Marina de Monastir, Monastir, Tunisie",True,8.8,HIGH
HIVER,DECEMBER,2-3 ans,HIGH,True,Monastir,SORTIE,OUTDOOR,Sortie nature et jeux libres,"Activite encadree avec decouverte, observation et temps de repos adaptes aux enfants.","Parc Falaise, Monastir, Tunisie",True,18.7,HIGH
HIVER,DECEMBER,4-5 ans,LOW,True,Monastir,SORTIE,OUTDOOR,Visite patrimoniale courte,"Activite encadree avec decouverte, observation et temps de repos adaptes aux enfants.","Ribat de Monastir, Monastir, Tunisie",True,9.5,HIGH
HIVER,DECEMBER,4-5 ans,MEDIUM,True,Monastir,SORTIE,OUTDOOR,Balade educative a la marina,"Activite encadree avec decouverte, observation et temps de repos adaptes aux enfants.","Marina de Monastir, Monastir, Tunisie",True,13.1,HIGH
HIVER,DECEMBER,4-5 ans,HIGH,True,Monastir,SORTIE,OUTDOOR,Sortie nature et jeux libres,"Activite encadree avec decouverte, observation et temps de repos adaptes aux enfants.","Parc Falaise, Monastir, Tunisie",True,22.0,HIGH
HIVER,DECEMBER,2-6 ans,MEDIUM,True,Monastir,SORTIE,OUTDOOR,Visite patrimoniale courte,"Activite encadree avec decouverte, observation et temps de repos adaptes aux enfants.","Ribat de Monastir, Monastir, Tunisie",True,10.1,HIGH
HIVER,DECEMBER,2-6 ans,HIGH,True,Monastir,SORTIE,OUTDOOR,Balade educative a la marina,"Activite encadree avec decouverte, observation et temps de repos adaptes aux enfants.","Marina de Monastir, Monastir, Tunisie",True,19.2,HIGH
HIVER,DECEMBER,2-6 ans,LOW,True,Monastir,SORTIE,OUTDOOR,Sortie nature et jeux libres,"Activite encadree avec decouverte, observation et temps de repos adaptes aux enfants.","Parc Falaise, Monastir, Tunisie",True,7.8,HIGH
HIVER,JANUARY,2-3 ans,HIGH,True,Monastir,SORTIE,OUTDOOR,Visite patrimoniale courte,"Activite encadree avec decouverte, observation et temps de repos adaptes aux enfants.","Ribat de Monastir, Monastir, Tunisie",True,18.6,HIGH
HIVER,JANUARY,2-3 ans,HIGH,True,Monastir,SORTIE,OUTDOOR,Balade educative a la marina,"Activite encadree avec decouverte, observation et temps de repos adaptes aux enfants.","Marina de Monastir, Monastir, Tunisie",True,23.9,HIGH
HIVER,JANUARY,2-3 ans,HIGH,True,Monastir,SORTIE,OUTDOOR,Sortie nature et jeux libres,"Activite encadree avec decouverte, observation et temps de repos adaptes aux enfants.","Parc Falaise, Monastir, Tunisie",True,26.5,HIGH
HIVER,JANUARY,4-5 ans,MEDIUM,True,Monastir,SORTIE,OUTDOOR,Visite patrimoniale courte,"Activite encadree avec decouverte, observation et temps de repos adaptes aux enfants.","Ribat de Monastir, Monastir, Tunisie",True,17.4,HIGH
HIVER,JANUARY,4-5 ans,LOW,True,Monastir,SORTIE,OUTDOOR,Balade educative a la marina,"Activite encadree avec decouverte, observation et temps de repos adaptes aux enfants.","Marina de Monastir, Monastir, Tunisie",True,5.7,HIGH
HIVER,JANUARY,4-5 ans,HIGH,True,Monastir,SORTIE,OUTDOOR,Sortie nature et jeux libres,"Activite encadree avec decouverte, observation et temps de repos adaptes aux enfants.","Parc Falaise, Monastir, Tunisie",True,21.0,HIGH
HIVER,JANUARY,2-6 ans,LOW,True,Monastir,SORTIE,OUTDOOR,Visite patrimoniale courte,"Activite encadree avec decouverte, observation et temps de repos adaptes aux enfants.","Ribat de Monastir, Monastir, Tunisie",True,5.7,HIGH
HIVER,JANUARY,2-6 ans,MEDIUM,True,Monastir,SORTIE,OUTDOOR,Balade educative a la marina,"Activite encadree avec decouverte, observation et temps de repos adaptes aux enfants.","Marina de Monastir, Monastir, Tunisie",True,13.1,HIGH
HIVER,JANUARY,2-6 ans,HIGH,True,Monastir,SORTIE,OUTDOOR,Sortie nature et jeux libres,"Activite encadree avec decouverte, observation et temps de repos adaptes aux enfants.","Parc Falaise, Monastir, Tunisie",True,18.3,HIGH
HIVER,FEBRUARY,2-3 ans,LOW,True,Monastir,SORTIE,OUTDOOR,Visite patrimoniale courte,"Activite encadree avec decouverte, observation et temps de repos adaptes aux enfants.","Ribat de Monastir, Monastir, Tunisie",True,7.2,HIGH
HIVER,FEBRUARY,2-3 ans,LOW,True,Monastir,SORTIE,OUTDOOR,Balade educative a la marina,"Activite encadree avec decouverte, observation et temps de repos adaptes aux enfants.","Marina de Monastir, Monastir, Tunisie",True,8.5,HIGH
HIVER,FEBRUARY,2-3 ans,HIGH,True,Monastir,SORTIE,OUTDOOR,Sortie nature et jeux libres,"Activite encadree avec decouverte, observation et temps de repos adaptes aux enfants.","Parc Falaise, Monastir, Tunisie",True,20.9,HIGH
HIVER,FEBRUARY,4-5 ans,HIGH,True,Monastir,SORTIE,OUTDOOR,Visite patrimoniale courte,"Activite encadree avec decouverte, observation et temps de repos adaptes aux enfants.","Ribat de Monastir, Monastir, Tunisie",True,19.4,HIGH
HIVER,FEBRUARY,4-5 ans,HIGH,True,Monastir,SORTIE,OUTDOOR,Balade educative a la marina,"Activite encadree avec decouverte, observation et temps de repos adaptes aux enfants.","Marina de Monastir, Monastir, Tunisie",True,26.9,HIGH
HIVER,FEBRUARY,4-5 ans,HIGH,True,Monastir,SORTIE,OUTDOOR,Sortie nature et jeux libres,"Activite encadree avec decouverte, observation et temps de repos adaptes aux enfants.","Parc Falaise, Monastir, Tunisie",True,24.5,HIGH
HIVER,FEBRUARY,2-6 ans,LOW,True,Monastir,SORTIE,OUTDOOR,Visite patrimoniale courte,"Activite encadree avec decouverte, observation et temps de repos adaptes aux enfants.","Ribat de Monastir, Monastir, Tunisie",True,7.3,HIGH
HIVER,FEBRUARY,2-6 ans,HIGH,True,Monastir,SORTIE,OUTDOOR,Balade educative a la marina,"Activite encadree avec decouverte, observation et temps de repos adaptes aux enfants.","Marina de Monastir, Monastir, Tunisie",True,19.4,HIGH
HIVER,FEBRUARY,2-6 ans,LOW,True,Monastir,SORTIE,OUTDOOR,Sortie nature et jeux libres,"Activite encadree avec decouverte, observation et temps de repos adaptes aux enfants.","Parc Falaise, Monastir, Tunisie",True,4.0,HIGH
PRINTEMPS,MARCH,2-3 ans,MEDIUM,False,Monastir,ATELIER,INDOOR,Atelier dessin et narration,Activite creatrice et sensorielle adaptee au rythme des enfants avec materiel simple.,"Maison de la Culture, Monastir, Tunisie",False,11.8,HIGH
PRINTEMPS,MARCH,2-3 ans,LOW,False,Monastir,ATELIER,INDOOR,Atelier d eveil artistique,Activite creatrice et sensorielle adaptee au rythme des enfants avec materiel simple.,"Centre culturel de Monastir, Monastir, Tunisie",False,4.5,HIGH
PRINTEMPS,MARCH,4-5 ans,MEDIUM,False,Monastir,ATELIER,INDOOR,Atelier dessin et narration,Activite creatrice et sensorielle adaptee au rythme des enfants avec materiel simple.,"Maison de la Culture, Monastir, Tunisie",False,9.5,HIGH
PRINTEMPS,MARCH,4-5 ans,LOW,False,Monastir,ATELIER,INDOOR,Atelier d eveil artistique,Activite creatrice et sensorielle adaptee au rythme des enfants avec materiel simple.,"Centre culturel de Monastir, Monastir, Tunisie",False,3.8,HIGH
PRINTEMPS,MARCH,2-6 ans,LOW,False,Monastir,ATELIER,INDOOR,Atelier dessin et narration,Activite creatrice et sensorielle adaptee au rythme des enfants avec materiel simple.,"Maison de la Culture, Monastir, Tunisie",False,6.1,HIGH
PRINTEMPS,MARCH,2-6 ans,MEDIUM,False,Monastir,ATELIER,INDOOR,Atelier d eveil artistique,Activite creatrice et sensorielle adaptee au rythme des enfants avec materiel simple.,"Centre culturel de Monastir, Monastir, Tunisie",False,9.4,HIGH
PRINTEMPS,APRIL,2-3 ans,LOW,False,Monastir,ATELIER,INDOOR,Atelier dessin et narration,Activite creatrice et sensorielle adaptee au rythme des enfants avec materiel simple.,"Maison de la Culture, Monastir, Tunisie",False,6.4,HIGH
PRINTEMPS,APRIL,2-3 ans,LOW,False,Monastir,ATELIER,INDOOR,Atelier d eveil artistique,Activite creatrice et sensorielle adaptee au rythme des enfants avec materiel simple.,"Centre culturel de Monastir, Monastir, Tunisie",False,7.3,HIGH
PRINTEMPS,APRIL,4-5 ans,MEDIUM,False,Monastir,ATELIER,INDOOR,Atelier dessin et narration,Activite creatrice et sensorielle adaptee au rythme des enfants avec materiel simple.,"Maison de la Culture, Monastir, Tunisie",False,12.5,HIGH
PRINTEMPS,APRIL,4-5 ans,LOW,False,Monastir,ATELIER,INDOOR,Atelier d eveil artistique,Activite creatrice et sensorielle adaptee au rythme des enfants avec materiel simple.,"Centre culturel de Monastir, Monastir, Tunisie",False,4.5,HIGH
PRINTEMPS,APRIL,2-6 ans,LOW,False,Monastir,ATELIER,INDOOR,Atelier dessin et narration,Activite creatrice et sensorielle adaptee au rythme des enfants avec materiel simple.,"Maison de la Culture, Monastir, Tunisie",False,4.3,HIGH
PRINTEMPS,APRIL,2-6 ans,LOW,False,Monastir,ATELIER,INDOOR,Atelier d eveil artistique,Activite creatrice et sensorielle adaptee au rythme des enfants avec materiel simple.,"Centre culturel de Monastir, Monastir, Tunisie",False,6.6,HIGH
PRINTEMPS,MAY,2-3 ans,MEDIUM,False,Monastir,ATELIER,INDOOR,Atelier dessin et narration,Activite creatrice et sensorielle adaptee au rythme des enfants avec materiel simple.,"Maison de la Culture, Monastir, Tunisie",False,14.7,HIGH
PRINTEMPS,MAY,2-3 ans,MEDIUM,False,Monastir,ATELIER,INDOOR,Atelier d eveil artistique,Activite creatrice et sensorielle adaptee au rythme des enfants avec materiel simple.,"Centre culturel de Monastir, Monastir, Tunisie",False,8.9,HIGH
PRINTEMPS,MAY,4-5 ans,LOW,False,Monastir,ATELIER,INDOOR,Atelier dessin et narration,Activite creatrice et sensorielle adaptee au rythme des enfants avec materiel simple.,"Maison de la Culture, Monastir, Tunisie",False,3.5,HIGH
PRINTEMPS,MAY,4-5 ans,LOW,False,Monastir,ATELIER,INDOOR,Atelier d eveil artistique,Activite creatrice et sensorielle adaptee au rythme des enfants avec materiel simple.,"Centre culturel de Monastir, Monastir, Tunisie",False,7.5,HIGH
PRINTEMPS,MAY,2-6 ans,MEDIUM,False,Monastir,ATELIER,INDOOR,Atelier dessin et narration,Activite creatrice et sensorielle adaptee au rythme des enfants avec materiel simple.,"Maison de la Culture, Monastir, Tunisie",False,11.4,HIGH
PRINTEMPS,MAY,2-6 ans,MEDIUM,False,Monastir,ATELIER,INDOOR,Atelier d eveil artistique,Activite creatrice et sensorielle adaptee au rythme des enfants avec materiel simple.,"Centre culturel de Monastir, Monastir, Tunisie",False,12.3,HIGH
ETE,JUNE,2-3 ans,MEDIUM,False,Monastir,ATELIER,INDOOR,Atelier dessin et narration,Activite creatrice et sensorielle adaptee au rythme des enfants avec materiel simple.,"Maison de la Culture, Monastir, Tunisie",False,12.9,HIGH
ETE,JUNE,2-3 ans,LOW,False,Monastir,ATELIER,INDOOR,Atelier d eveil artistique,Activite creatrice et sensorielle adaptee au rythme des enfants avec materiel simple.,"Centre culturel de Monastir, Monastir, Tunisie",False,5.8,HIGH
ETE,JUNE,4-5 ans,MEDIUM,False,Monastir,ATELIER,INDOOR,Atelier dessin et narration,Activite creatrice et sensorielle adaptee au rythme des enfants avec materiel simple.,"Maison de la Culture, Monastir, Tunisie",False,13.7,HIGH
ETE,JUNE,4-5 ans,MEDIUM,False,Monastir,ATELIER,INDOOR,Atelier d eveil artistique,Activite creatrice et sensorielle adaptee au rythme des enfants avec materiel simple.,"Centre culturel de Monastir, Monastir, Tunisie",False,9.2,HIGH
ETE,JUNE,2-6 ans,MEDIUM,False,Monastir,ATELIER,INDOOR,Atelier dessin et narration,Activite creatrice et sensorielle adaptee au rythme des enfants avec materiel simple.,"Maison de la Culture, Monastir, Tunisie",False,9.7,HIGH
ETE,JUNE,2-6 ans,LOW,False,Monastir,ATELIER,INDOOR,Atelier d eveil artistique,Activite creatrice et sensorielle adaptee au rythme des enfants avec materiel simple.,"Centre culturel de Monastir, Monastir, Tunisie",False,6.6,HIGH
ETE,JULY,2-3 ans,MEDIUM,False,Monastir,ATELIER,INDOOR,Atelier dessin et narration,Activite creatrice et sensorielle adaptee au rythme des enfants avec materiel simple.,"Maison de la Culture, Monastir, Tunisie",False,9.9,HIGH
ETE,JULY,2-3 ans,MEDIUM,False,Monastir,ATELIER,INDOOR,Atelier d eveil artistique,Activite creatrice et sensorielle adaptee au rythme des enfants avec materiel simple.,"Centre culturel de Monastir, Monastir, Tunisie",False,8.9,HIGH
ETE,JULY,4-5 ans,MEDIUM,False,Monastir,ATELIER,INDOOR,Atelier dessin et narration,Activite creatrice et sensorielle adaptee au rythme des enfants avec materiel simple.,"Maison de la Culture, Monastir, Tunisie",False,14.1,HIGH
ETE,JULY,4-5 ans,MEDIUM,False,Monastir,ATELIER,INDOOR,Atelier d eveil artistique,Activite creatrice et sensorielle adaptee au rythme des enfants avec materiel simple.,"Centre culturel de Monastir, Monastir, Tunisie",False,11.1,HIGH
ETE,JULY,2-6 ans,MEDIUM,False,Monastir,ATELIER,INDOOR,Atelier dessin et narration,Activite creatrice et sensorielle adaptee au rythme des enfants avec materiel simple.,"Maison de la Culture, Monastir, Tunisie",False,11.4,HIGH
ETE,JULY,2-6 ans,LOW,False,Monastir,ATELIER,INDOOR,Atelier d eveil artistique,Activite creatrice et sensorielle adaptee au rythme des enfants avec materiel simple.,"Centre culturel de Monastir, Monastir, Tunisie",False,3.9,HIGH
ETE,AUGUST,2-3 ans,LOW,False,Monastir,ATELIER,INDOOR,Atelier dessin et narration,Activite creatrice et sensorielle adaptee au rythme des enfants avec materiel simple.,"Maison de la Culture, Monastir, Tunisie",False,7.2,HIGH
ETE,AUGUST,2-3 ans,LOW,False,Monastir,ATELIER,INDOOR,Atelier d eveil artistique,Activite creatrice et sensorielle adaptee au rythme des enfants avec materiel simple.,"Centre culturel de Monastir, Monastir, Tunisie",False,7.5,HIGH
ETE,AUGUST,4-5 ans,LOW,False,Monastir,ATELIER,INDOOR,Atelier dessin et narration,Activite creatrice et sensorielle adaptee au rythme des enfants avec materiel simple.,"Maison de la Culture, Monastir, Tunisie",False,4.3,HIGH
ETE,AUGUST,4-5 ans,LOW,False,Monastir,ATELIER,INDOOR,Atelier d eveil artistique,Activite creatrice et sensorielle adaptee au rythme des enfants avec materiel simple.,"Centre culturel de Monastir, Monastir, Tunisie",False,6.6,HIGH
ETE,AUGUST,2-6 ans,LOW,False,Monastir,ATELIER,INDOOR,Atelier dessin et narration,Activite creatrice et sensorielle adaptee au rythme des enfants avec materiel simple.,"Maison de la Culture, Monastir, Tunisie",False,7.2,HIGH
ETE,AUGUST,2-6 ans,LOW,False,Monastir,ATELIER,INDOOR,Atelier d eveil artistique,Activite creatrice et sensorielle adaptee au rythme des enfants avec materiel simple.,"Centre culturel de Monastir, Monastir, Tunisie",False,7.1,HIGH
AUTOMNE,SEPTEMBER,2-3 ans,MEDIUM,False,Monastir,ATELIER,INDOOR,Atelier dessin et narration,Activite creatrice et sensorielle adaptee au rythme des enfants avec materiel simple.,"Maison de la Culture, Monastir, Tunisie",False,13.4,HIGH
AUTOMNE,SEPTEMBER,2-3 ans,LOW,False,Monastir,ATELIER,INDOOR,Atelier d eveil artistique,Activite creatrice et sensorielle adaptee au rythme des enfants avec materiel simple.,"Centre culturel de Monastir, Monastir, Tunisie",False,7.5,HIGH
AUTOMNE,SEPTEMBER,4-5 ans,MEDIUM,False,Monastir,ATELIER,INDOOR,Atelier dessin et narration,Activite creatrice et sensorielle adaptee au rythme des enfants avec materiel simple.,"Maison de la Culture, Monastir, Tunisie",False,11.8,HIGH
AUTOMNE,SEPTEMBER,4-5 ans,MEDIUM,False,Monastir,ATELIER,INDOOR,Atelier d eveil artistique,Activite creatrice et sensorielle adaptee au rythme des enfants avec materiel simple.,"Centre culturel de Monastir, Monastir, Tunisie",False,12.6,HIGH
AUTOMNE,SEPTEMBER,2-6 ans,LOW,False,Monastir,ATELIER,INDOOR,Atelier dessin et narration,Activite creatrice et sensorielle adaptee au rythme des enfants avec materiel simple.,"Maison de la Culture, Monastir, Tunisie",False,4.8,HIGH
AUTOMNE,SEPTEMBER,2-6 ans,LOW,False,Monastir,ATELIER,INDOOR,Atelier d eveil artistique,Activite creatrice et sensorielle adaptee au rythme des enfants avec materiel simple.,"Centre culturel de Monastir, Monastir, Tunisie",False,7.5,HIGH
AUTOMNE,OCTOBER,2-3 ans,MEDIUM,False,Monastir,ATELIER,INDOOR,Atelier dessin et narration,Activite creatrice et sensorielle adaptee au rythme des enfants avec materiel simple.,"Maison de la Culture, Monastir, Tunisie",False,8.9,HIGH
AUTOMNE,OCTOBER,2-3 ans,LOW,False,Monastir,ATELIER,INDOOR,Atelier d eveil artistique,Activite creatrice et sensorielle adaptee au rythme des enfants avec materiel simple.,"Centre culturel de Monastir, Monastir, Tunisie",False,5.0,HIGH
AUTOMNE,OCTOBER,4-5 ans,LOW,False,Monastir,ATELIER,INDOOR,Atelier dessin et narration,Activite creatrice et sensorielle adaptee au rythme des enfants avec materiel simple.,"Maison de la Culture, Monastir, Tunisie",False,6.3,HIGH
AUTOMNE,OCTOBER,4-5 ans,LOW,False,Monastir,ATELIER,INDOOR,Atelier d eveil artistique,Activite creatrice et sensorielle adaptee au rythme des enfants avec materiel simple.,"Centre culturel de Monastir, Monastir, Tunisie",False,6.8,HIGH
AUTOMNE,OCTOBER,2-6 ans,LOW,False,Monastir,ATELIER,INDOOR,Atelier dessin et narration,Activite creatrice et sensorielle adaptee au rythme des enfants avec materiel simple.,"Maison de la Culture, Monastir, Tunisie",False,5.2,HIGH
AUTOMNE,OCTOBER,2-6 ans,LOW,False,Monastir,ATELIER,INDOOR,Atelier d eveil artistique,Activite creatrice et sensorielle adaptee au rythme des enfants avec materiel simple.,"Centre culturel de Monastir, Monastir, Tunisie",False,5.8,HIGH
AUTOMNE,NOVEMBER,2-3 ans,LOW,False,Monastir,ATELIER,INDOOR,Atelier dessin et narration,Activite creatrice et sensorielle adaptee au rythme des enfants avec materiel simple.,"Maison de la Culture, Monastir, Tunisie",False,6.7,HIGH
AUTOMNE,NOVEMBER,2-3 ans,MEDIUM,False,Monastir,ATELIER,INDOOR,Atelier d eveil artistique,Activite creatrice et sensorielle adaptee au rythme des enfants avec materiel simple.,"Centre culturel de Monastir, Monastir, Tunisie",False,14.6,HIGH
AUTOMNE,NOVEMBER,4-5 ans,LOW,False,Monastir,ATELIER,INDOOR,Atelier dessin et narration,Activite creatrice et sensorielle adaptee au rythme des enfants avec materiel simple.,"Maison de la Culture, Monastir, Tunisie",False,4.1,HIGH
AUTOMNE,NOVEMBER,4-5 ans,MEDIUM,False,Monastir,ATELIER,INDOOR,Atelier d eveil artistique,Activite creatrice et sensorielle adaptee au rythme des enfants avec materiel simple.,"Centre culturel de Monastir, Monastir, Tunisie",False,9.6,HIGH
AUTOMNE,NOVEMBER,2-6 ans,MEDIUM,False,Monastir,ATELIER,INDOOR,Atelier dessin et narration,Activite creatrice et sensorielle adaptee au rythme des enfants avec materiel simple.,"Maison de la Culture, Monastir, Tunisie",False,10.6,HIGH
AUTOMNE,NOVEMBER,2-6 ans,LOW,False,Monastir,ATELIER,INDOOR,Atelier d eveil artistique,Activite creatrice et sensorielle adaptee au rythme des enfants avec materiel simple.,"Centre culturel de Monastir, Monastir, Tunisie",False,6.3,HIGH
HIVER,DECEMBER,2-3 ans,MEDIUM,False,Monastir,ATELIER,INDOOR,Atelier dessin et narration,Activite creatrice et sensorielle adaptee au rythme des enfants avec materiel simple.,"Maison de la Culture, Monastir, Tunisie",False,10.7,HIGH
HIVER,DECEMBER,2-3 ans,MEDIUM,False,Monastir,ATELIER,INDOOR,Atelier d eveil artistique,Activite creatrice et sensorielle adaptee au rythme des enfants avec materiel simple.,"Centre culturel de Monastir, Monastir, Tunisie",False,14.2,HIGH
HIVER,DECEMBER,4-5 ans,LOW,False,Monastir,ATELIER,INDOOR,Atelier dessin et narration,Activite creatrice et sensorielle adaptee au rythme des enfants avec materiel simple.,"Maison de la Culture, Monastir, Tunisie",False,7.9,HIGH
HIVER,DECEMBER,4-5 ans,MEDIUM,False,Monastir,ATELIER,INDOOR,Atelier d eveil artistique,Activite creatrice et sensorielle adaptee au rythme des enfants avec materiel simple.,"Centre culturel de Monastir, Monastir, Tunisie",False,8.7,HIGH
HIVER,DECEMBER,2-6 ans,MEDIUM,False,Monastir,ATELIER,INDOOR,Atelier dessin et narration,Activite creatrice et sensorielle adaptee au rythme des enfants avec materiel simple.,"Maison de la Culture, Monastir, Tunisie",False,13.8,HIGH
HIVER,DECEMBER,2-6 ans,MEDIUM,False,Monastir,ATELIER,INDOOR,Atelier d eveil artistique,Activite creatrice et sensorielle adaptee au rythme des enfants avec materiel simple.,"Centre culturel de Monastir, Monastir, Tunisie",False,12.1,HIGH
HIVER,JANUARY,2-3 ans,LOW,False,Monastir,ATELIER,INDOOR,Atelier dessin et narration,Activite creatrice et sensorielle adaptee au rythme des enfants avec materiel simple.,"Maison de la Culture, Monastir, Tunisie",False,4.9,HIGH
HIVER,JANUARY,2-3 ans,MEDIUM,False,Monastir,ATELIER,INDOOR,Atelier d eveil artistique,Activite creatrice et sensorielle adaptee au rythme des enfants avec materiel simple.,"Centre culturel de Monastir, Monastir, Tunisie",False,10.6,HIGH
HIVER,JANUARY,4-5 ans,LOW,False,Monastir,ATELIER,INDOOR,Atelier dessin et narration,Activite creatrice et sensorielle adaptee au rythme des enfants avec materiel simple.,"Maison de la Culture, Monastir, Tunisie",False,5.6,HIGH
HIVER,JANUARY,4-5 ans,MEDIUM,False,Monastir,ATELIER,INDOOR,Atelier d eveil artistique,Activite creatrice et sensorielle adaptee au rythme des enfants avec materiel simple.,"Centre culturel de Monastir, Monastir, Tunisie",False,14.8,HIGH
HIVER,JANUARY,2-6 ans,LOW,False,Monastir,ATELIER,INDOOR,Atelier dessin et narration,Activite creatrice et sensorielle adaptee au rythme des enfants avec materiel simple.,"Maison de la Culture, Monastir, Tunisie",False,5.6,HIGH
HIVER,JANUARY,2-6 ans,MEDIUM,False,Monastir,ATELIER,INDOOR,Atelier d eveil artistique,Activite creatrice et sensorielle adaptee au rythme des enfants avec materiel simple.,"Centre culturel de Monastir, Monastir, Tunisie",False,13.7,HIGH
HIVER,FEBRUARY,2-3 ans,MEDIUM,False,Monastir,ATELIER,INDOOR,Atelier dessin et narration,Activite creatrice et sensorielle adaptee au rythme des enfants avec materiel simple.,"Maison de la Culture, Monastir, Tunisie",False,11.4,HIGH
HIVER,FEBRUARY,2-3 ans,MEDIUM,False,Monastir,ATELIER,INDOOR,Atelier d eveil artistique,Activite creatrice et sensorielle adaptee au rythme des enfants avec materiel simple.,"Centre culturel de Monastir, Monastir, Tunisie",False,14.2,HIGH
HIVER,FEBRUARY,4-5 ans,LOW,False,Monastir,ATELIER,INDOOR,Atelier dessin et narration,Activite creatrice et sensorielle adaptee au rythme des enfants avec materiel simple.,"Maison de la Culture, Monastir, Tunisie",False,5.5,HIGH
HIVER,FEBRUARY,4-5 ans,LOW,False,Monastir,ATELIER,INDOOR,Atelier d eveil artistique,Activite creatrice et sensorielle adaptee au rythme des enfants avec materiel simple.,"Centre culturel de Monastir, Monastir, Tunisie",False,5.2,HIGH
HIVER,FEBRUARY,2-6 ans,LOW,False,Monastir,ATELIER,INDOOR,Atelier dessin et narration,Activite creatrice et sensorielle adaptee au rythme des enfants avec materiel simple.,"Maison de la Culture, Monastir, Tunisie",False,3.4,HIGH
HIVER,FEBRUARY,2-6 ans,MEDIUM,False,Monastir,ATELIER,INDOOR,Atelier d eveil artistique,Activite creatrice et sensorielle adaptee au rythme des enfants avec materiel simple.,"Centre culturel de Monastir, Monastir, Tunisie",False,9.5,HIGH
PRINTEMPS,MARCH,2-3 ans,LOW,True,Monastir,ACTIVITE,OUTDOOR,Parcours moteur et jeux coopératifs,Jeux collectifs et parcours moteurs dans un cadre securise et adapte.,"Parc Falaise, Monastir, Tunisie",False,2.8,HIGH
PRINTEMPS,MARCH,2-3 ans,LOW,True,Monastir,ACTIVITE,OUTDOOR,Activite observation en groupe,Jeux collectifs et parcours moteurs dans un cadre securise et adapte.,"Marina de Monastir, Monastir, Tunisie",False,5.3,HIGH
PRINTEMPS,MARCH,4-5 ans,MEDIUM,True,Monastir,ACTIVITE,OUTDOOR,Parcours moteur et jeux coopératifs,Jeux collectifs et parcours moteurs dans un cadre securise et adapte.,"Parc Falaise, Monastir, Tunisie",False,11.9,HIGH
PRINTEMPS,MARCH,4-5 ans,LOW,True,Monastir,ACTIVITE,OUTDOOR,Activite observation en groupe,Jeux collectifs et parcours moteurs dans un cadre securise et adapte.,"Marina de Monastir, Monastir, Tunisie",False,4.4,HIGH
PRINTEMPS,MARCH,2-6 ans,MEDIUM,True,Monastir,ACTIVITE,OUTDOOR,Parcours moteur et jeux coopératifs,Jeux collectifs et parcours moteurs dans un cadre securise et adapte.,"Parc Falaise, Monastir, Tunisie",False,9.9,HIGH
PRINTEMPS,MARCH,2-6 ans,LOW,True,Monastir,ACTIVITE,OUTDOOR,Activite observation en groupe,Jeux collectifs et parcours moteurs dans un cadre securise et adapte.,"Marina de Monastir, Monastir, Tunisie",False,5.2,HIGH
PRINTEMPS,APRIL,2-3 ans,MEDIUM,True,Monastir,ACTIVITE,OUTDOOR,Parcours moteur et jeux coopératifs,Jeux collectifs et parcours moteurs dans un cadre securise et adapte.,"Parc Falaise, Monastir, Tunisie",False,7.1,HIGH
PRINTEMPS,APRIL,2-3 ans,LOW,True,Monastir,ACTIVITE,OUTDOOR,Activite observation en groupe,Jeux collectifs et parcours moteurs dans un cadre securise et adapte.,"Marina de Monastir, Monastir, Tunisie",False,2.6,HIGH
PRINTEMPS,APRIL,4-5 ans,LOW,True,Monastir,ACTIVITE,OUTDOOR,Parcours moteur et jeux coopératifs,Jeux collectifs et parcours moteurs dans un cadre securise et adapte.,"Parc Falaise, Monastir, Tunisie",False,2.7,HIGH
PRINTEMPS,APRIL,4-5 ans,LOW,True,Monastir,ACTIVITE,OUTDOOR,Activite observation en groupe,Jeux collectifs et parcours moteurs dans un cadre securise et adapte.,"Marina de Monastir, Monastir, Tunisie",False,6.5,HIGH
PRINTEMPS,APRIL,2-6 ans,LOW,True,Monastir,ACTIVITE,OUTDOOR,Parcours moteur et jeux coopératifs,Jeux collectifs et parcours moteurs dans un cadre securise et adapte.,"Parc Falaise, Monastir, Tunisie",False,2.3,HIGH
PRINTEMPS,APRIL,2-6 ans,MEDIUM,True,Monastir,ACTIVITE,OUTDOOR,Activite observation en groupe,Jeux collectifs et parcours moteurs dans un cadre securise et adapte.,"Marina de Monastir, Monastir, Tunisie",False,12.5,HIGH
PRINTEMPS,MAY,2-3 ans,MEDIUM,True,Monastir,ACTIVITE,OUTDOOR,Parcours moteur et jeux coopératifs,Jeux collectifs et parcours moteurs dans un cadre securise et adapte.,"Parc Falaise, Monastir, Tunisie",False,10.6,HIGH
PRINTEMPS,MAY,2-3 ans,LOW,True,Monastir,ACTIVITE,OUTDOOR,Activite observation en groupe,Jeux collectifs et parcours moteurs dans un cadre securise et adapte.,"Marina de Monastir, Monastir, Tunisie",False,6.4,HIGH
PRINTEMPS,MAY,4-5 ans,MEDIUM,True,Monastir,ACTIVITE,OUTDOOR,Parcours moteur et jeux coopératifs,Jeux collectifs et parcours moteurs dans un cadre securise et adapte.,"Parc Falaise, Monastir, Tunisie",False,12.7,HIGH
PRINTEMPS,MAY,4-5 ans,LOW,True,Monastir,ACTIVITE,OUTDOOR,Activite observation en groupe,Jeux collectifs et parcours moteurs dans un cadre securise et adapte.,"Marina de Monastir, Monastir, Tunisie",False,4.2,HIGH
PRINTEMPS,MAY,2-6 ans,MEDIUM,True,Monastir,ACTIVITE,OUTDOOR,Parcours moteur et jeux coopératifs,Jeux collectifs et parcours moteurs dans un cadre securise et adapte.,"Parc Falaise, Monastir, Tunisie",False,12.2,HIGH
PRINTEMPS,MAY,2-6 ans,LOW,True,Monastir,ACTIVITE,OUTDOOR,Activite observation en groupe,Jeux collectifs et parcours moteurs dans un cadre securise et adapte.,"Marina de Monastir, Monastir, Tunisie",False,3.1,HIGH
ETE,JUNE,2-3 ans,MEDIUM,True,Monastir,ACTIVITE,OUTDOOR,Parcours moteur et jeux coopératifs,Jeux collectifs et parcours moteurs dans un cadre securise et adapte.,"Parc Falaise, Monastir, Tunisie",False,10.6,HIGH
ETE,JUNE,2-3 ans,LOW,True,Monastir,ACTIVITE,OUTDOOR,Activite observation en groupe,Jeux collectifs et parcours moteurs dans un cadre securise et adapte.,"Marina de Monastir, Monastir, Tunisie",False,5.1,HIGH
ETE,JUNE,4-5 ans,MEDIUM,True,Monastir,ACTIVITE,OUTDOOR,Parcours moteur et jeux coopératifs,Jeux collectifs et parcours moteurs dans un cadre securise et adapte.,"Parc Falaise, Monastir, Tunisie",False,8.0,HIGH
ETE,JUNE,4-5 ans,MEDIUM,True,Monastir,ACTIVITE,OUTDOOR,Activite observation en groupe,Jeux collectifs et parcours moteurs dans un cadre securise et adapte.,"Marina de Monastir, Monastir, Tunisie",False,12.5,HIGH
ETE,JUNE,2-6 ans,LOW,True,Monastir,ACTIVITE,OUTDOOR,Parcours moteur et jeux coopératifs,Jeux collectifs et parcours moteurs dans un cadre securise et adapte.,"Parc Falaise, Monastir, Tunisie",False,3.1,HIGH
ETE,JUNE,2-6 ans,MEDIUM,True,Monastir,ACTIVITE,OUTDOOR,Activite observation en groupe,Jeux collectifs et parcours moteurs dans un cadre securise et adapte.,"Marina de Monastir, Monastir, Tunisie",False,7.8,HIGH
ETE,JULY,2-3 ans,LOW,True,Monastir,ACTIVITE,OUTDOOR,Parcours moteur et jeux coopératifs,Jeux collectifs et parcours moteurs dans un cadre securise et adapte.,"Parc Falaise, Monastir, Tunisie",False,3.0,HIGH
ETE,JULY,2-3 ans,MEDIUM,True,Monastir,ACTIVITE,OUTDOOR,Activite observation en groupe,Jeux collectifs et parcours moteurs dans un cadre securise et adapte.,"Marina de Monastir, Monastir, Tunisie",False,12.0,HIGH
ETE,JULY,4-5 ans,LOW,True,Monastir,ACTIVITE,OUTDOOR,Parcours moteur et jeux coopératifs,Jeux collectifs et parcours moteurs dans un cadre securise et adapte.,"Parc Falaise, Monastir, Tunisie",False,2.9,HIGH
ETE,JULY,4-5 ans,LOW,True,Monastir,ACTIVITE,OUTDOOR,Activite observation en groupe,Jeux collectifs et parcours moteurs dans un cadre securise et adapte.,"Marina de Monastir, Monastir, Tunisie",False,6.4,HIGH
ETE,JULY,2-6 ans,LOW,True,Monastir,ACTIVITE,OUTDOOR,Parcours moteur et jeux coopératifs,Jeux collectifs et parcours moteurs dans un cadre securise et adapte.,"Parc Falaise, Monastir, Tunisie",False,2.5,HIGH
ETE,JULY,2-6 ans,LOW,True,Monastir,ACTIVITE,OUTDOOR,Activite observation en groupe,Jeux collectifs et parcours moteurs dans un cadre securise et adapte.,"Marina de Monastir, Monastir, Tunisie",False,6.5,HIGH
ETE,AUGUST,2-3 ans,LOW,True,Monastir,ACTIVITE,OUTDOOR,Parcours moteur et jeux coopératifs,Jeux collectifs et parcours moteurs dans un cadre securise et adapte.,"Parc Falaise, Monastir, Tunisie",False,6.5,HIGH
ETE,AUGUST,2-3 ans,MEDIUM,True,Monastir,ACTIVITE,OUTDOOR,Activite observation en groupe,Jeux collectifs et parcours moteurs dans un cadre securise et adapte.,"Marina de Monastir, Monastir, Tunisie",False,10.1,HIGH
ETE,AUGUST,4-5 ans,MEDIUM,True,Monastir,ACTIVITE,OUTDOOR,Parcours moteur et jeux coopératifs,Jeux collectifs et parcours moteurs dans un cadre securise et adapte.,"Parc Falaise, Monastir, Tunisie",False,12.2,HIGH
ETE,AUGUST,4-5 ans,MEDIUM,True,Monastir,ACTIVITE,OUTDOOR,Activite observation en groupe,Jeux collectifs et parcours moteurs dans un cadre securise et adapte.,"Marina de Monastir, Monastir, Tunisie",False,8.4,HIGH
ETE,AUGUST,2-6 ans,MEDIUM,True,Monastir,ACTIVITE,OUTDOOR,Parcours moteur et jeux coopératifs,Jeux collectifs et parcours moteurs dans un cadre securise et adapte.,"Parc Falaise, Monastir, Tunisie",False,11.7,HIGH
ETE,AUGUST,2-6 ans,MEDIUM,True,Monastir,ACTIVITE,OUTDOOR,Activite observation en groupe,Jeux collectifs et parcours moteurs dans un cadre securise et adapte.,"Marina de Monastir, Monastir, Tunisie",False,9.1,HIGH
AUTOMNE,SEPTEMBER,2-3 ans,LOW,True,Monastir,ACTIVITE,OUTDOOR,Parcours moteur et jeux coopératifs,Jeux collectifs et parcours moteurs dans un cadre securise et adapte.,"Parc Falaise, Monastir, Tunisie",False,4.1,HIGH
AUTOMNE,SEPTEMBER,2-3 ans,MEDIUM,True,Monastir,ACTIVITE,OUTDOOR,Activite observation en groupe,Jeux collectifs et parcours moteurs dans un cadre securise et adapte.,"Marina de Monastir, Monastir, Tunisie",False,9.9,HIGH
AUTOMNE,SEPTEMBER,4-5 ans,LOW,True,Monastir,ACTIVITE,OUTDOOR,Parcours moteur et jeux coopératifs,Jeux collectifs et parcours moteurs dans un cadre securise et adapte.,"Parc Falaise, Monastir, Tunisie",False,6.6,HIGH
AUTOMNE,SEPTEMBER,4-5 ans,LOW,True,Monastir,ACTIVITE,OUTDOOR,Activite observation en groupe,Jeux collectifs et parcours moteurs dans un cadre securise et adapte.,"Marina de Monastir, Monastir, Tunisie",False,3.4,HIGH
AUTOMNE,SEPTEMBER,2-6 ans,MEDIUM,True,Monastir,ACTIVITE,OUTDOOR,Parcours moteur et jeux coopératifs,Jeux collectifs et parcours moteurs dans un cadre securise et adapte.,"Parc Falaise, Monastir, Tunisie",False,8.5,HIGH
AUTOMNE,SEPTEMBER,2-6 ans,LOW,True,Monastir,ACTIVITE,OUTDOOR,Activite observation en groupe,Jeux collectifs et parcours moteurs dans un cadre securise et adapte.,"Marina de Monastir, Monastir, Tunisie",False,5.5,HIGH
AUTOMNE,OCTOBER,2-3 ans,LOW,True,Monastir,ACTIVITE,OUTDOOR,Parcours moteur et jeux coopératifs,Jeux collectifs et parcours moteurs dans un cadre securise et adapte.,"Parc Falaise, Monastir, Tunisie",False,4.9,HIGH
AUTOMNE,OCTOBER,2-3 ans,LOW,True,Monastir,ACTIVITE,OUTDOOR,Activite observation en groupe,Jeux collectifs et parcours moteurs dans un cadre securise et adapte.,"Marina de Monastir, Monastir, Tunisie",False,4.6,HIGH
AUTOMNE,OCTOBER,4-5 ans,MEDIUM,True,Monastir,ACTIVITE,OUTDOOR,Parcours moteur et jeux coopératifs,Jeux collectifs et parcours moteurs dans un cadre securise et adapte.,"Parc Falaise, Monastir, Tunisie",False,10.9,HIGH
AUTOMNE,OCTOBER,4-5 ans,MEDIUM,True,Monastir,ACTIVITE,OUTDOOR,Activite observation en groupe,Jeux collectifs et parcours moteurs dans un cadre securise et adapte.,"Marina de Monastir, Monastir, Tunisie",False,9.5,HIGH
AUTOMNE,OCTOBER,2-6 ans,LOW,True,Monastir,ACTIVITE,OUTDOOR,Parcours moteur et jeux coopératifs,Jeux collectifs et parcours moteurs dans un cadre securise et adapte.,"Parc Falaise, Monastir, Tunisie",False,2.8,HIGH
AUTOMNE,OCTOBER,2-6 ans,MEDIUM,True,Monastir,ACTIVITE,OUTDOOR,Activite observation en groupe,Jeux collectifs et parcours moteurs dans un cadre securise et adapte.,"Marina de Monastir, Monastir, Tunisie",False,8.6,HIGH
AUTOMNE,NOVEMBER,2-3 ans,MEDIUM,True,Monastir,ACTIVITE,OUTDOOR,Parcours moteur et jeux coopératifs,Jeux collectifs et parcours moteurs dans un cadre securise et adapte.,"Parc Falaise, Monastir, Tunisie",False,10.4,HIGH
AUTOMNE,NOVEMBER,2-3 ans,MEDIUM,True,Monastir,ACTIVITE,OUTDOOR,Activite observation en groupe,Jeux collectifs et parcours moteurs dans un cadre securise et adapte.,"Marina de Monastir, Monastir, Tunisie",False,13.0,HIGH
AUTOMNE,NOVEMBER,4-5 ans,MEDIUM,True,Monastir,ACTIVITE,OUTDOOR,Parcours moteur et jeux coopératifs,Jeux collectifs et parcours moteurs dans un cadre securise et adapte.,"Parc Falaise, Monastir, Tunisie",False,11.5,HIGH
AUTOMNE,NOVEMBER,4-5 ans,MEDIUM,True,Monastir,ACTIVITE,OUTDOOR,Activite observation en groupe,Jeux collectifs et parcours moteurs dans un cadre securise et adapte.,"Marina de Monastir, Monastir, Tunisie",False,10.3,HIGH
AUTOMNE,NOVEMBER,2-6 ans,MEDIUM,True,Monastir,ACTIVITE,OUTDOOR,Parcours moteur et jeux coopératifs,Jeux collectifs et parcours moteurs dans un cadre securise et adapte.,"Parc Falaise, Monastir, Tunisie",False,8.1,HIGH
AUTOMNE,NOVEMBER,2-6 ans,MEDIUM,True,Monastir,ACTIVITE,OUTDOOR,Activite observation en groupe,Jeux collectifs et parcours moteurs dans un cadre securise et adapte.,"Marina de Monastir, Monastir, Tunisie",False,8.5,HIGH
HIVER,DECEMBER,2-3 ans,MEDIUM,True,Monastir,ACTIVITE,OUTDOOR,Parcours moteur et jeux coopératifs,Jeux collectifs et parcours moteurs dans un cadre securise et adapte.,"Parc Falaise, Monastir, Tunisie",False,10.5,HIGH
HIVER,DECEMBER,2-3 ans,MEDIUM,True,Monastir,ACTIVITE,OUTDOOR,Activite observation en groupe,Jeux collectifs et parcours moteurs dans un cadre securise et adapte.,"Marina de Monastir, Monastir, Tunisie",False,11.4,HIGH
HIVER,DECEMBER,4-5 ans,LOW,True,Monastir,ACTIVITE,OUTDOOR,Parcours moteur et jeux coopératifs,Jeux collectifs et parcours moteurs dans un cadre securise et adapte.,"Parc Falaise, Monastir, Tunisie",False,5.7,HIGH
HIVER,DECEMBER,4-5 ans,MEDIUM,True,Monastir,ACTIVITE,OUTDOOR,Activite observation en groupe,Jeux collectifs et parcours moteurs dans un cadre securise et adapte.,"Marina de Monastir, Monastir, Tunisie",False,11.7,HIGH
HIVER,DECEMBER,2-6 ans,LOW,True,Monastir,ACTIVITE,OUTDOOR,Parcours moteur et jeux coopératifs,Jeux collectifs et parcours moteurs dans un cadre securise et adapte.,"Parc Falaise, Monastir, Tunisie",False,2.5,HIGH
HIVER,DECEMBER,2-6 ans,MEDIUM,True,Monastir,ACTIVITE,OUTDOOR,Activite observation en groupe,Jeux collectifs et parcours moteurs dans un cadre securise et adapte.,"Marina de Monastir, Monastir, Tunisie",False,11.7,HIGH
HIVER,JANUARY,2-3 ans,LOW,True,Monastir,ACTIVITE,OUTDOOR,Parcours moteur et jeux coopératifs,Jeux collectifs et parcours moteurs dans un cadre securise et adapte.,"Parc Falaise, Monastir, Tunisie",False,2.8,HIGH
HIVER,JANUARY,2-3 ans,LOW,True,Monastir,ACTIVITE,OUTDOOR,Activite observation en groupe,Jeux collectifs et parcours moteurs dans un cadre securise et adapte.,"Marina de Monastir, Monastir, Tunisie",False,6.0,HIGH
HIVER,JANUARY,4-5 ans,LOW,True,Monastir,ACTIVITE,OUTDOOR,Parcours moteur et jeux coopératifs,Jeux collectifs et parcours moteurs dans un cadre securise et adapte.,"Parc Falaise, Monastir, Tunisie",False,4.4,HIGH
HIVER,JANUARY,4-5 ans,MEDIUM,True,Monastir,ACTIVITE,OUTDOOR,Activite observation en groupe,Jeux collectifs et parcours moteurs dans un cadre securise et adapte.,"Marina de Monastir, Monastir, Tunisie",False,7.5,HIGH
HIVER,JANUARY,2-6 ans,MEDIUM,True,Monastir,ACTIVITE,OUTDOOR,Parcours moteur et jeux coopératifs,Jeux collectifs et parcours moteurs dans un cadre securise et adapte.,"Parc Falaise, Monastir, Tunisie",False,8.3,HIGH
HIVER,JANUARY,2-6 ans,LOW,True,Monastir,ACTIVITE,OUTDOOR,Activite observation en groupe,Jeux collectifs et parcours moteurs dans un cadre securise et adapte.,"Marina de Monastir, Monastir, Tunisie",False,5.0,HIGH
HIVER,FEBRUARY,2-3 ans,MEDIUM,True,Monastir,ACTIVITE,OUTDOOR,Parcours moteur et jeux coopératifs,Jeux collectifs et parcours moteurs dans un cadre securise et adapte.,"Parc Falaise, Monastir, Tunisie",False,12.6,HIGH
HIVER,FEBRUARY,2-3 ans,MEDIUM,True,Monastir,ACTIVITE,OUTDOOR,Activite observation en groupe,Jeux collectifs et parcours moteurs dans un cadre securise et adapte.,"Marina de Monastir, Monastir, Tunisie",False,10.7,HIGH
HIVER,FEBRUARY,4-5 ans,MEDIUM,True,Monastir,ACTIVITE,OUTDOOR,Parcours moteur et jeux coopératifs,Jeux collectifs et parcours moteurs dans un cadre securise et adapte.,"Parc Falaise, Monastir, Tunisie",False,11.3,HIGH
HIVER,FEBRUARY,4-5 ans,LOW,True,Monastir,ACTIVITE,OUTDOOR,Activite observation en groupe,Jeux collectifs et parcours moteurs dans un cadre securise et adapte.,"Marina de Monastir, Monastir, Tunisie",False,6.7,HIGH
HIVER,FEBRUARY,2-6 ans,LOW,True,Monastir,ACTIVITE,OUTDOOR,Parcours moteur et jeux coopératifs,Jeux collectifs et parcours moteurs dans un cadre securise et adapte.,"Parc Falaise, Monastir, Tunisie",False,5.2,HIGH
HIVER,FEBRUARY,2-6 ans,MEDIUM,True,Monastir,ACTIVITE,OUTDOOR,Activite observation en groupe,Jeux collectifs et parcours moteurs dans un cadre securise et adapte.,"Marina de Monastir, Monastir, Tunisie",False,7.1,HIGH
PRINTEMPS,MARCH,2-3 ans,MEDIUM,False,Monastir,FETE,INDOOR,Fete en plein air,"Moment festif avec animations douces, musique, decoration et gouter encadre.","Parc Falaise, Monastir, Tunisie",False,11.6,HIGH
PRINTEMPS,MARCH,2-3 ans,LOW,False,Monastir,FETE,INDOOR,Fete conviviale en salle,"Moment festif avec animations douces, musique, decoration et gouter encadre.","Maison de la Culture, Monastir, Tunisie",False,8.1,HIGH
PRINTEMPS,MARCH,4-5 ans,LOW,False,Monastir,FETE,INDOOR,Fete en plein air,"Moment festif avec animations douces, musique, decoration et gouter encadre.","Parc Falaise, Monastir, Tunisie",False,6.8,HIGH
PRINTEMPS,MARCH,4-5 ans,LOW,False,Monastir,FETE,INDOOR,Fete conviviale en salle,"Moment festif avec animations douces, musique, decoration et gouter encadre.","Maison de la Culture, Monastir, Tunisie",False,9.9,HIGH
PRINTEMPS,MARCH,2-6 ans,LOW,False,Monastir,FETE,INDOOR,Fete en plein air,"Moment festif avec animations douces, musique, decoration et gouter encadre.","Parc Falaise, Monastir, Tunisie",False,10.0,HIGH
PRINTEMPS,MARCH,2-6 ans,MEDIUM,False,Monastir,FETE,INDOOR,Fete conviviale en salle,"Moment festif avec animations douces, musique, decoration et gouter encadre.","Maison de la Culture, Monastir, Tunisie",False,12.8,HIGH
PRINTEMPS,APRIL,2-3 ans,MEDIUM,False,Monastir,FETE,INDOOR,Fete en plein air,"Moment festif avec animations douces, musique, decoration et gouter encadre.","Parc Falaise, Monastir, Tunisie",False,13.2,HIGH
PRINTEMPS,APRIL,2-3 ans,LOW,False,Monastir,FETE,INDOOR,Fete conviviale en salle,"Moment festif avec animations douces, musique, decoration et gouter encadre.","Maison de la Culture, Monastir, Tunisie",False,7.6,HIGH
PRINTEMPS,APRIL,4-5 ans,LOW,False,Monastir,FETE,INDOOR,Fete en plein air,"Moment festif avec animations douces, musique, decoration et gouter encadre.","Parc Falaise, Monastir, Tunisie",False,9.6,HIGH
PRINTEMPS,APRIL,4-5 ans,MEDIUM,False,Monastir,FETE,INDOOR,Fete conviviale en salle,"Moment festif avec animations douces, musique, decoration et gouter encadre.","Maison de la Culture, Monastir, Tunisie",False,15.8,HIGH
PRINTEMPS,APRIL,2-6 ans,MEDIUM,False,Monastir,FETE,INDOOR,Fete en plein air,"Moment festif avec animations douces, musique, decoration et gouter encadre.","Parc Falaise, Monastir, Tunisie",False,12.8,HIGH
PRINTEMPS,APRIL,2-6 ans,MEDIUM,False,Monastir,FETE,INDOOR,Fete conviviale en salle,"Moment festif avec animations douces, musique, decoration et gouter encadre.","Maison de la Culture, Monastir, Tunisie",False,11.8,HIGH
PRINTEMPS,MAY,2-3 ans,LOW,False,Monastir,FETE,INDOOR,Fete en plein air,"Moment festif avec animations douces, musique, decoration et gouter encadre.","Parc Falaise, Monastir, Tunisie",False,7.3,HIGH
PRINTEMPS,MAY,2-3 ans,MEDIUM,False,Monastir,FETE,INDOOR,Fete conviviale en salle,"Moment festif avec animations douces, musique, decoration et gouter encadre.","Maison de la Culture, Monastir, Tunisie",False,14.6,HIGH
PRINTEMPS,MAY,4-5 ans,MEDIUM,False,Monastir,FETE,INDOOR,Fete en plein air,"Moment festif avec animations douces, musique, decoration et gouter encadre.","Parc Falaise, Monastir, Tunisie",False,11.4,HIGH
PRINTEMPS,MAY,4-5 ans,LOW,False,Monastir,FETE,INDOOR,Fete conviviale en salle,"Moment festif avec animations douces, musique, decoration et gouter encadre.","Maison de la Culture, Monastir, Tunisie",False,7.8,HIGH
PRINTEMPS,MAY,2-6 ans,MEDIUM,False,Monastir,FETE,INDOOR,Fete en plein air,"Moment festif avec animations douces, musique, decoration et gouter encadre.","Parc Falaise, Monastir, Tunisie",False,12.7,HIGH
PRINTEMPS,MAY,2-6 ans,LOW,False,Monastir,FETE,INDOOR,Fete conviviale en salle,"Moment festif avec animations douces, musique, decoration et gouter encadre.","Maison de la Culture, Monastir, Tunisie",False,9.0,HIGH
ETE,JUNE,2-3 ans,MEDIUM,False,Monastir,FETE,INDOOR,Fete en plein air,"Moment festif avec animations douces, musique, decoration et gouter encadre.","Parc Falaise, Monastir, Tunisie",False,17.0,HIGH
ETE,JUNE,2-3 ans,MEDIUM,False,Monastir,FETE,INDOOR,Fete conviviale en salle,"Moment festif avec animations douces, musique, decoration et gouter encadre.","Maison de la Culture, Monastir, Tunisie",False,15.6,HIGH
ETE,JUNE,4-5 ans,MEDIUM,False,Monastir,FETE,INDOOR,Fete en plein air,"Moment festif avec animations douces, musique, decoration et gouter encadre.","Parc Falaise, Monastir, Tunisie",False,14.5,HIGH
ETE,JUNE,4-5 ans,LOW,False,Monastir,FETE,INDOOR,Fete conviviale en salle,"Moment festif avec animations douces, musique, decoration et gouter encadre.","Maison de la Culture, Monastir, Tunisie",False,8.8,HIGH
ETE,JUNE,2-6 ans,MEDIUM,False,Monastir,FETE,INDOOR,Fete en plein air,"Moment festif avec animations douces, musique, decoration et gouter encadre.","Parc Falaise, Monastir, Tunisie",False,15.5,HIGH
ETE,JUNE,2-6 ans,LOW,False,Monastir,FETE,INDOOR,Fete conviviale en salle,"Moment festif avec animations douces, musique, decoration et gouter encadre.","Maison de la Culture, Monastir, Tunisie",False,7.4,HIGH
ETE,JULY,2-3 ans,MEDIUM,False,Monastir,FETE,INDOOR,Fete en plein air,"Moment festif avec animations douces, musique, decoration et gouter encadre.","Parc Falaise, Monastir, Tunisie",False,10.5,HIGH
ETE,JULY,2-3 ans,LOW,False,Monastir,FETE,INDOOR,Fete conviviale en salle,"Moment festif avec animations douces, musique, decoration et gouter encadre.","Maison de la Culture, Monastir, Tunisie",False,8.4,HIGH
ETE,JULY,4-5 ans,LOW,False,Monastir,FETE,INDOOR,Fete en plein air,"Moment festif avec animations douces, musique, decoration et gouter encadre.","Parc Falaise, Monastir, Tunisie",False,9.0,HIGH
ETE,JULY,4-5 ans,MEDIUM,False,Monastir,FETE,INDOOR,Fete conviviale en salle,"Moment festif avec animations douces, musique, decoration et gouter encadre.","Maison de la Culture, Monastir, Tunisie",False,17.6,HIGH
ETE,JULY,2-6 ans,LOW,False,Monastir,FETE,INDOOR,Fete en plein air,"Moment festif avec animations douces, musique, decoration et gouter encadre.","Parc Falaise, Monastir, Tunisie",False,8.5,HIGH
ETE,JULY,2-6 ans,MEDIUM,False,Monastir,FETE,INDOOR,Fete conviviale en salle,"Moment festif avec animations douces, musique, decoration et gouter encadre.","Maison de la Culture, Monastir, Tunisie",False,12.0,HIGH
ETE,AUGUST,2-3 ans,LOW,False,Monastir,FETE,INDOOR,Fete en plein air,"Moment festif avec animations douces, musique, decoration et gouter encadre.","Parc Falaise, Monastir, Tunisie",False,7.0,HIGH
ETE,AUGUST,2-3 ans,MEDIUM,False,Monastir,FETE,INDOOR,Fete conviviale en salle,"Moment festif avec animations douces, musique, decoration et gouter encadre.","Maison de la Culture, Monastir, Tunisie",False,10.6,HIGH
ETE,AUGUST,4-5 ans,LOW,False,Monastir,FETE,INDOOR,Fete en plein air,"Moment festif avec animations douces, musique, decoration et gouter encadre.","Parc Falaise, Monastir, Tunisie",False,7.4,HIGH
ETE,AUGUST,4-5 ans,MEDIUM,False,Monastir,FETE,INDOOR,Fete conviviale en salle,"Moment festif avec animations douces, musique, decoration et gouter encadre.","Maison de la Culture, Monastir, Tunisie",False,11.7,HIGH
ETE,AUGUST,2-6 ans,MEDIUM,False,Monastir,FETE,INDOOR,Fete en plein air,"Moment festif avec animations douces, musique, decoration et gouter encadre.","Parc Falaise, Monastir, Tunisie",False,11.5,HIGH
ETE,AUGUST,2-6 ans,LOW,False,Monastir,FETE,INDOOR,Fete conviviale en salle,"Moment festif avec animations douces, musique, decoration et gouter encadre.","Maison de la Culture, Monastir, Tunisie",False,7.5,HIGH
AUTOMNE,SEPTEMBER,2-3 ans,LOW,False,Monastir,FETE,INDOOR,Fete en plein air,"Moment festif avec animations douces, musique, decoration et gouter encadre.","Parc Falaise, Monastir, Tunisie",False,6.2,HIGH
AUTOMNE,SEPTEMBER,2-3 ans,LOW,False,Monastir,FETE,INDOOR,Fete conviviale en salle,"Moment festif avec animations douces, musique, decoration et gouter encadre.","Maison de la Culture, Monastir, Tunisie",False,9.4,HIGH
AUTOMNE,SEPTEMBER,4-5 ans,LOW,False,Monastir,FETE,INDOOR,Fete en plein air,"Moment festif avec animations douces, musique, decoration et gouter encadre.","Parc Falaise, Monastir, Tunisie",False,6.1,HIGH
AUTOMNE,SEPTEMBER,4-5 ans,LOW,False,Monastir,FETE,INDOOR,Fete conviviale en salle,"Moment festif avec animations douces, musique, decoration et gouter encadre.","Maison de la Culture, Monastir, Tunisie",False,9.2,HIGH
AUTOMNE,SEPTEMBER,2-6 ans,MEDIUM,False,Monastir,FETE,INDOOR,Fete en plein air,"Moment festif avec animations douces, musique, decoration et gouter encadre.","Parc Falaise, Monastir, Tunisie",False,11.2,HIGH
AUTOMNE,SEPTEMBER,2-6 ans,LOW,False,Monastir,FETE,INDOOR,Fete conviviale en salle,"Moment festif avec animations douces, musique, decoration et gouter encadre.","Maison de la Culture, Monastir, Tunisie",False,5.6,HIGH
AUTOMNE,OCTOBER,2-3 ans,LOW,False,Monastir,FETE,INDOOR,Fete en plein air,"Moment festif avec animations douces, musique, decoration et gouter encadre.","Parc Falaise, Monastir, Tunisie",False,8.4,HIGH
AUTOMNE,OCTOBER,2-3 ans,MEDIUM,False,Monastir,FETE,INDOOR,Fete conviviale en salle,"Moment festif avec animations douces, musique, decoration et gouter encadre.","Maison de la Culture, Monastir, Tunisie",False,14.9,HIGH
AUTOMNE,OCTOBER,4-5 ans,LOW,False,Monastir,FETE,INDOOR,Fete en plein air,"Moment festif avec animations douces, musique, decoration et gouter encadre.","Parc Falaise, Monastir, Tunisie",False,9.2,HIGH
AUTOMNE,OCTOBER,4-5 ans,MEDIUM,False,Monastir,FETE,INDOOR,Fete conviviale en salle,"Moment festif avec animations douces, musique, decoration et gouter encadre.","Maison de la Culture, Monastir, Tunisie",False,15.0,HIGH
AUTOMNE,OCTOBER,2-6 ans,MEDIUM,False,Monastir,FETE,INDOOR,Fete en plein air,"Moment festif avec animations douces, musique, decoration et gouter encadre.","Parc Falaise, Monastir, Tunisie",False,17.2,HIGH
AUTOMNE,OCTOBER,2-6 ans,MEDIUM,False,Monastir,FETE,INDOOR,Fete conviviale en salle,"Moment festif avec animations douces, musique, decoration et gouter encadre.","Maison de la Culture, Monastir, Tunisie",False,13.9,HIGH
AUTOMNE,NOVEMBER,2-3 ans,MEDIUM,False,Monastir,FETE,INDOOR,Fete en plein air,"Moment festif avec animations douces, musique, decoration et gouter encadre.","Parc Falaise, Monastir, Tunisie",False,13.2,HIGH
AUTOMNE,NOVEMBER,2-3 ans,LOW,False,Monastir,FETE,INDOOR,Fete conviviale en salle,"Moment festif avec animations douces, musique, decoration et gouter encadre.","Maison de la Culture, Monastir, Tunisie",False,5.3,HIGH
AUTOMNE,NOVEMBER,4-5 ans,MEDIUM,False,Monastir,FETE,INDOOR,Fete en plein air,"Moment festif avec animations douces, musique, decoration et gouter encadre.","Parc Falaise, Monastir, Tunisie",False,13.8,HIGH
AUTOMNE,NOVEMBER,4-5 ans,LOW,False,Monastir,FETE,INDOOR,Fete conviviale en salle,"Moment festif avec animations douces, musique, decoration et gouter encadre.","Maison de la Culture, Monastir, Tunisie",False,7.5,HIGH
AUTOMNE,NOVEMBER,2-6 ans,MEDIUM,False,Monastir,FETE,INDOOR,Fete en plein air,"Moment festif avec animations douces, musique, decoration et gouter encadre.","Parc Falaise, Monastir, Tunisie",False,16.9,HIGH
AUTOMNE,NOVEMBER,2-6 ans,LOW,False,Monastir,FETE,INDOOR,Fete conviviale en salle,"Moment festif avec animations douces, musique, decoration et gouter encadre.","Maison de la Culture, Monastir, Tunisie",False,7.3,HIGH
HIVER,DECEMBER,2-3 ans,LOW,False,Monastir,FETE,INDOOR,Fete en plein air,"Moment festif avec animations douces, musique, decoration et gouter encadre.","Parc Falaise, Monastir, Tunisie",False,8.5,HIGH
HIVER,DECEMBER,2-3 ans,MEDIUM,False,Monastir,FETE,INDOOR,Fete conviviale en salle,"Moment festif avec animations douces, musique, decoration et gouter encadre.","Maison de la Culture, Monastir, Tunisie",False,12.5,HIGH
HIVER,DECEMBER,4-5 ans,LOW,False,Monastir,FETE,INDOOR,Fete en plein air,"Moment festif avec animations douces, musique, decoration et gouter encadre.","Parc Falaise, Monastir, Tunisie",False,5.1,HIGH
HIVER,DECEMBER,4-5 ans,LOW,False,Monastir,FETE,INDOOR,Fete conviviale en salle,"Moment festif avec animations douces, musique, decoration et gouter encadre.","Maison de la Culture, Monastir, Tunisie",False,6.9,HIGH
HIVER,DECEMBER,2-6 ans,LOW,False,Monastir,FETE,INDOOR,Fete en plein air,"Moment festif avec animations douces, musique, decoration et gouter encadre.","Parc Falaise, Monastir, Tunisie",False,6.6,HIGH
HIVER,DECEMBER,2-6 ans,MEDIUM,False,Monastir,FETE,INDOOR,Fete conviviale en salle,"Moment festif avec animations douces, musique, decoration et gouter encadre.","Maison de la Culture, Monastir, Tunisie",False,11.5,HIGH
HIVER,JANUARY,2-3 ans,MEDIUM,False,Monastir,FETE,INDOOR,Fete en plein air,"Moment festif avec animations douces, musique, decoration et gouter encadre.","Parc Falaise, Monastir, Tunisie",False,11.9,HIGH
HIVER,JANUARY,2-3 ans,MEDIUM,False,Monastir,FETE,INDOOR,Fete conviviale en salle,"Moment festif avec animations douces, musique, decoration et gouter encadre.","Maison de la Culture, Monastir, Tunisie",False,17.7,HIGH
HIVER,JANUARY,4-5 ans,MEDIUM,False,Monastir,FETE,INDOOR,Fete en plein air,"Moment festif avec animations douces, musique, decoration et gouter encadre.","Parc Falaise, Monastir, Tunisie",False,12.9,HIGH
HIVER,JANUARY,4-5 ans,MEDIUM,False,Monastir,FETE,INDOOR,Fete conviviale en salle,"Moment festif avec animations douces, musique, decoration et gouter encadre.","Maison de la Culture, Monastir, Tunisie",False,13.4,HIGH
HIVER,JANUARY,2-6 ans,MEDIUM,False,Monastir,FETE,INDOOR,Fete en plein air,"Moment festif avec animations douces, musique, decoration et gouter encadre.","Parc Falaise, Monastir, Tunisie",False,15.6,HIGH
HIVER,JANUARY,2-6 ans,MEDIUM,False,Monastir,FETE,INDOOR,Fete conviviale en salle,"Moment festif avec animations douces, musique, decoration et gouter encadre.","Maison de la Culture, Monastir, Tunisie",False,12.9,HIGH
HIVER,FEBRUARY,2-3 ans,MEDIUM,False,Monastir,FETE,INDOOR,Fete en plein air,"Moment festif avec animations douces, musique, decoration et gouter encadre.","Parc Falaise, Monastir, Tunisie",False,12.2,HIGH
HIVER,FEBRUARY,2-3 ans,LOW,False,Monastir,FETE,INDOOR,Fete conviviale en salle,"Moment festif avec animations douces, musique, decoration et gouter encadre.","Maison de la Culture, Monastir, Tunisie",False,7.9,HIGH
HIVER,FEBRUARY,4-5 ans,LOW,False,Monastir,FETE,INDOOR,Fete en plein air,"Moment festif avec animations douces, musique, decoration et gouter encadre.","Parc Falaise, Monastir, Tunisie",False,9.1,HIGH
HIVER,FEBRUARY,4-5 ans,MEDIUM,False,Monastir,FETE,INDOOR,Fete conviviale en salle,"Moment festif avec animations douces, musique, decoration et gouter encadre.","Maison de la Culture, Monastir, Tunisie",False,16.4,HIGH
HIVER,FEBRUARY,2-6 ans,MEDIUM,False,Monastir,FETE,INDOOR,Fete en plein air,"Moment festif avec animations douces, musique, decoration et gouter encadre.","Parc Falaise, Monastir, Tunisie",False,16.9,HIGH
HIVER,FEBRUARY,2-6 ans,LOW,False,Monastir,FETE,INDOOR,Fete conviviale en salle,"Moment festif avec animations douces, musique, decoration et gouter encadre.","Maison de la Culture, Monastir, Tunisie",False,5.7,HIGH
PRINTEMPS,MARCH,2-3 ans,LOW,False,Monastir,REUNION_PARENTS,INDOOR,Reunion avec les parents,Rencontre d information et d echange avec les familles dans un cadre confortable.,"Maison de la Culture, Monastir, Tunisie",False,1.4,HIGH
PRINTEMPS,MARCH,4-5 ans,LOW,False,Monastir,REUNION_PARENTS,INDOOR,Reunion avec les parents,Rencontre d information et d echange avec les familles dans un cadre confortable.,"Maison de la Culture, Monastir, Tunisie",False,0.5,HIGH
PRINTEMPS,MARCH,2-6 ans,MEDIUM,False,Monastir,REUNION_PARENTS,INDOOR,Reunion avec les parents,Rencontre d information et d echange avec les familles dans un cadre confortable.,"Maison de la Culture, Monastir, Tunisie",False,3.7,HIGH
PRINTEMPS,APRIL,2-3 ans,MEDIUM,False,Monastir,REUNION_PARENTS,INDOOR,Reunion avec les parents,Rencontre d information et d echange avec les familles dans un cadre confortable.,"Maison de la Culture, Monastir, Tunisie",False,6.9,HIGH
PRINTEMPS,APRIL,4-5 ans,MEDIUM,False,Monastir,REUNION_PARENTS,INDOOR,Reunion avec les parents,Rencontre d information et d echange avec les familles dans un cadre confortable.,"Maison de la Culture, Monastir, Tunisie",False,4.3,HIGH
PRINTEMPS,APRIL,2-6 ans,LOW,False,Monastir,REUNION_PARENTS,INDOOR,Reunion avec les parents,Rencontre d information et d echange avec les familles dans un cadre confortable.,"Maison de la Culture, Monastir, Tunisie",False,1.2,HIGH
PRINTEMPS,MAY,2-3 ans,LOW,False,Monastir,REUNION_PARENTS,INDOOR,Reunion avec les parents,Rencontre d information et d echange avec les familles dans un cadre confortable.,"Maison de la Culture, Monastir, Tunisie",False,0.2,HIGH
PRINTEMPS,MAY,4-5 ans,MEDIUM,False,Monastir,REUNION_PARENTS,INDOOR,Reunion avec les parents,Rencontre d information et d echange avec les familles dans un cadre confortable.,"Maison de la Culture, Monastir, Tunisie",False,5.4,HIGH
PRINTEMPS,MAY,2-6 ans,LOW,False,Monastir,REUNION_PARENTS,INDOOR,Reunion avec les parents,Rencontre d information et d echange avec les familles dans un cadre confortable.,"Maison de la Culture, Monastir, Tunisie",False,1.3,HIGH
ETE,JUNE,2-3 ans,MEDIUM,False,Monastir,REUNION_PARENTS,INDOOR,Reunion avec les parents,Rencontre d information et d echange avec les familles dans un cadre confortable.,"Maison de la Culture, Monastir, Tunisie",False,4.3,HIGH
ETE,JUNE,4-5 ans,MEDIUM,False,Monastir,REUNION_PARENTS,INDOOR,Reunion avec les parents,Rencontre d information et d echange avec les familles dans un cadre confortable.,"Maison de la Culture, Monastir, Tunisie",False,5.8,HIGH
ETE,JUNE,2-6 ans,MEDIUM,False,Monastir,REUNION_PARENTS,INDOOR,Reunion avec les parents,Rencontre d information et d echange avec les familles dans un cadre confortable.,"Maison de la Culture, Monastir, Tunisie",False,4.7,HIGH
ETE,JULY,2-3 ans,MEDIUM,False,Monastir,REUNION_PARENTS,INDOOR,Reunion avec les parents,Rencontre d information et d echange avec les familles dans un cadre confortable.,"Maison de la Culture, Monastir, Tunisie",False,3.6,HIGH
ETE,JULY,4-5 ans,LOW,False,Monastir,REUNION_PARENTS,INDOOR,Reunion avec les parents,Rencontre d information et d echange avec les familles dans un cadre confortable.,"Maison de la Culture, Monastir, Tunisie",False,1.7,HIGH
ETE,JULY,2-6 ans,LOW,False,Monastir,REUNION_PARENTS,INDOOR,Reunion avec les parents,Rencontre d information et d echange avec les familles dans un cadre confortable.,"Maison de la Culture, Monastir, Tunisie",False,2.9,HIGH
ETE,AUGUST,2-3 ans,MEDIUM,False,Monastir,REUNION_PARENTS,INDOOR,Reunion avec les parents,Rencontre d information et d echange avec les familles dans un cadre confortable.,"Maison de la Culture, Monastir, Tunisie",False,4.8,HIGH
ETE,AUGUST,4-5 ans,MEDIUM,False,Monastir,REUNION_PARENTS,INDOOR,Reunion avec les parents,Rencontre d information et d echange avec les familles dans un cadre confortable.,"Maison de la Culture, Monastir, Tunisie",False,6.9,HIGH
ETE,AUGUST,2-6 ans,MEDIUM,False,Monastir,REUNION_PARENTS,INDOOR,Reunion avec les parents,Rencontre d information et d echange avec les familles dans un cadre confortable.,"Maison de la Culture, Monastir, Tunisie",False,7.4,HIGH
AUTOMNE,SEPTEMBER,2-3 ans,MEDIUM,False,Monastir,REUNION_PARENTS,INDOOR,Reunion avec les parents,Rencontre d information et d echange avec les familles dans un cadre confortable.,"Maison de la Culture, Monastir, Tunisie",False,6.1,HIGH
AUTOMNE,SEPTEMBER,4-5 ans,MEDIUM,False,Monastir,REUNION_PARENTS,INDOOR,Reunion avec les parents,Rencontre d information et d echange avec les familles dans un cadre confortable.,"Maison de la Culture, Monastir, Tunisie",False,6.2,HIGH
AUTOMNE,SEPTEMBER,2-6 ans,LOW,False,Monastir,REUNION_PARENTS,INDOOR,Reunion avec les parents,Rencontre d information et d echange avec les familles dans un cadre confortable.,"Maison de la Culture, Monastir, Tunisie",False,2.6,HIGH
AUTOMNE,OCTOBER,2-3 ans,MEDIUM,False,Monastir,REUNION_PARENTS,INDOOR,Reunion avec les parents,Rencontre d information et d echange avec les familles dans un cadre confortable.,"Maison de la Culture, Monastir, Tunisie",False,5.1,HIGH
AUTOMNE,OCTOBER,4-5 ans,MEDIUM,False,Monastir,REUNION_PARENTS,INDOOR,Reunion avec les parents,Rencontre d information et d echange avec les familles dans un cadre confortable.,"Maison de la Culture, Monastir, Tunisie",False,7.2,HIGH
AUTOMNE,OCTOBER,2-6 ans,LOW,False,Monastir,REUNION_PARENTS,INDOOR,Reunion avec les parents,Rencontre d information et d echange avec les familles dans un cadre confortable.,"Maison de la Culture, Monastir, Tunisie",False,0.2,HIGH
AUTOMNE,NOVEMBER,2-3 ans,MEDIUM,False,Monastir,REUNION_PARENTS,INDOOR,Reunion avec les parents,Rencontre d information et d echange avec les familles dans un cadre confortable.,"Maison de la Culture, Monastir, Tunisie",False,4.1,HIGH
AUTOMNE,NOVEMBER,4-5 ans,MEDIUM,False,Monastir,REUNION_PARENTS,INDOOR,Reunion avec les parents,Rencontre d information et d echange avec les familles dans un cadre confortable.,"Maison de la Culture, Monastir, Tunisie",False,6.3,HIGH
AUTOMNE,NOVEMBER,2-6 ans,MEDIUM,False,Monastir,REUNION_PARENTS,INDOOR,Reunion avec les parents,Rencontre d information et d echange avec les familles dans un cadre confortable.,"Maison de la Culture, Monastir, Tunisie",False,6.0,HIGH
HIVER,DECEMBER,2-3 ans,MEDIUM,False,Monastir,REUNION_PARENTS,INDOOR,Reunion avec les parents,Rencontre d information et d echange avec les familles dans un cadre confortable.,"Maison de la Culture, Monastir, Tunisie",False,4.4,HIGH
HIVER,DECEMBER,4-5 ans,MEDIUM,False,Monastir,REUNION_PARENTS,INDOOR,Reunion avec les parents,Rencontre d information et d echange avec les familles dans un cadre confortable.,"Maison de la Culture, Monastir, Tunisie",False,6.9,HIGH
HIVER,DECEMBER,2-6 ans,MEDIUM,False,Monastir,REUNION_PARENTS,INDOOR,Reunion avec les parents,Rencontre d information et d echange avec les familles dans un cadre confortable.,"Maison de la Culture, Monastir, Tunisie",False,6.7,HIGH
HIVER,JANUARY,2-3 ans,MEDIUM,False,Monastir,REUNION_PARENTS,INDOOR,Reunion avec les parents,Rencontre d information et d echange avec les familles dans un cadre confortable.,"Maison de la Culture, Monastir, Tunisie",False,5.1,HIGH
HIVER,JANUARY,4-5 ans,LOW,False,Monastir,REUNION_PARENTS,INDOOR,Reunion avec les parents,Rencontre d information et d echange avec les familles dans un cadre confortable.,"Maison de la Culture, Monastir, Tunisie",False,2.6,HIGH
HIVER,JANUARY,2-6 ans,LOW,False,Monastir,REUNION_PARENTS,INDOOR,Reunion avec les parents,Rencontre d information et d echange avec les familles dans un cadre confortable.,"Maison de la Culture, Monastir, Tunisie",False,2.2,HIGH
HIVER,FEBRUARY,2-3 ans,MEDIUM,False,Monastir,REUNION_PARENTS,INDOOR,Reunion avec les parents,Rencontre d information et d echange avec les familles dans un cadre confortable.,"Maison de la Culture, Monastir, Tunisie",False,7.7,HIGH
HIVER,FEBRUARY,4-5 ans,LOW,False,Monastir,REUNION_PARENTS,INDOOR,Reunion avec les parents,Rencontre d information et d echange avec les familles dans un cadre confortable.,"Maison de la Culture, Monastir, Tunisie",False,0.6,HIGH
HIVER,FEBRUARY,2-6 ans,MEDIUM,False,Monastir,REUNION_PARENTS,INDOOR,Reunion avec les parents,Rencontre d information et d echange avec les familles dans un cadre confortable.,"Maison de la Culture, Monastir, Tunisie",False,3.5,HIGH
PRINTEMPS,MARCH,2-3 ans,LOW,True,Bizerte,SORTIE,OUTDOOR,Balade encadree sur la corniche,"Activite encadree avec decouverte, observation et temps de repos adaptes aux enfants.","Corniche de Bizerte, Bizerte, Tunisie",True,9.6,HIGH
PRINTEMPS,MARCH,2-3 ans,MEDIUM,True,Bizerte,SORTIE,OUTDOOR,Sortie d observation au vieux port,"Activite encadree avec decouverte, observation et temps de repos adaptes aux enfants.","Vieux Port de Bizerte, Bizerte, Tunisie",True,14.4,HIGH
PRINTEMPS,MARCH,2-3 ans,LOW,True,Bizerte,SORTIE,OUTDOOR,Sortie ludique au parc,"Activite encadree avec decouverte, observation et temps de repos adaptes aux enfants.","Parc Aladin, Bizerte, Tunisie",True,8.6,HIGH
PRINTEMPS,MARCH,4-5 ans,HIGH,True,Bizerte,SORTIE,OUTDOOR,Balade encadree sur la corniche,"Activite encadree avec decouverte, observation et temps de repos adaptes aux enfants.","Corniche de Bizerte, Bizerte, Tunisie",True,25.6,HIGH
PRINTEMPS,MARCH,4-5 ans,LOW,True,Bizerte,SORTIE,OUTDOOR,Sortie d observation au vieux port,"Activite encadree avec decouverte, observation et temps de repos adaptes aux enfants.","Vieux Port de Bizerte, Bizerte, Tunisie",True,4.6,HIGH
PRINTEMPS,MARCH,4-5 ans,HIGH,True,Bizerte,SORTIE,OUTDOOR,Sortie ludique au parc,"Activite encadree avec decouverte, observation et temps de repos adaptes aux enfants.","Parc Aladin, Bizerte, Tunisie",True,19.6,HIGH
PRINTEMPS,MARCH,2-6 ans,HIGH,True,Bizerte,SORTIE,OUTDOOR,Balade encadree sur la corniche,"Activite encadree avec decouverte, observation et temps de repos adaptes aux enfants.","Corniche de Bizerte, Bizerte, Tunisie",True,27.3,HIGH
PRINTEMPS,MARCH,2-6 ans,MEDIUM,True,Bizerte,SORTIE,OUTDOOR,Sortie d observation au vieux port,"Activite encadree avec decouverte, observation et temps de repos adaptes aux enfants.","Vieux Port de Bizerte, Bizerte, Tunisie",True,12.5,HIGH
PRINTEMPS,MARCH,2-6 ans,LOW,True,Bizerte,SORTIE,OUTDOOR,Sortie ludique au parc,"Activite encadree avec decouverte, observation et temps de repos adaptes aux enfants.","Parc Aladin, Bizerte, Tunisie",True,8.4,HIGH
PRINTEMPS,APRIL,2-3 ans,MEDIUM,True,Bizerte,SORTIE,OUTDOOR,Balade encadree sur la corniche,"Activite encadree avec decouverte, observation et temps de repos adaptes aux enfants.","Corniche de Bizerte, Bizerte, Tunisie",True,15.0,HIGH
PRINTEMPS,APRIL,2-3 ans,LOW,True,Bizerte,SORTIE,OUTDOOR,Sortie d observation au vieux port,"Activite encadree avec decouverte, observation et temps de repos adaptes aux enfants.","Vieux Port de Bizerte, Bizerte, Tunisie",True,7.2,HIGH
PRINTEMPS,APRIL,2-3 ans,LOW,True,Bizerte,SORTIE,OUTDOOR,Sortie ludique au parc,"Activite encadree avec decouverte, observation et temps de repos adaptes aux enfants.","Parc Aladin, Bizerte, Tunisie",True,4.2,HIGH
PRINTEMPS,APRIL,4-5 ans,HIGH,True,Bizerte,SORTIE,OUTDOOR,Balade encadree sur la corniche,"Activite encadree avec decouverte, observation et temps de repos adaptes aux enfants.","Corniche de Bizerte, Bizerte, Tunisie",True,21.6,HIGH
PRINTEMPS,APRIL,4-5 ans,MEDIUM,True,Bizerte,SORTIE,OUTDOOR,Sortie d observation au vieux port,"Activite encadree avec decouverte, observation et temps de repos adaptes aux enfants.","Vieux Port de Bizerte, Bizerte, Tunisie",True,16.9,HIGH
PRINTEMPS,APRIL,4-5 ans,MEDIUM,True,Bizerte,SORTIE,OUTDOOR,Sortie ludique au parc,"Activite encadree avec decouverte, observation et temps de repos adaptes aux enfants.","Parc Aladin, Bizerte, Tunisie",True,17.8,HIGH
PRINTEMPS,APRIL,2-6 ans,HIGH,True,Bizerte,SORTIE,OUTDOOR,Balade encadree sur la corniche,"Activite encadree avec decouverte, observation et temps de repos adaptes aux enfants.","Corniche de Bizerte, Bizerte, Tunisie",True,27.3,HIGH
PRINTEMPS,APRIL,2-6 ans,HIGH,True,Bizerte,SORTIE,OUTDOOR,Sortie d observation au vieux port,"Activite encadree avec decouverte, observation et temps de repos adaptes aux enfants.","Vieux Port de Bizerte, Bizerte, Tunisie",True,22.4,HIGH
PRINTEMPS,APRIL,2-6 ans,HIGH,True,Bizerte,SORTIE,OUTDOOR,Sortie ludique au parc,"Activite encadree avec decouverte, observation et temps de repos adaptes aux enfants.","Parc Aladin, Bizerte, Tunisie",True,23.4,HIGH
PRINTEMPS,MAY,2-3 ans,HIGH,True,Bizerte,SORTIE,OUTDOOR,Balade encadree sur la corniche,"Activite encadree avec decouverte, observation et temps de repos adaptes aux enfants.","Corniche de Bizerte, Bizerte, Tunisie",True,24.0,HIGH
PRINTEMPS,MAY,2-3 ans,HIGH,True,Bizerte,SORTIE,OUTDOOR,Sortie d observation au vieux port,"Activite encadree avec decouverte, observation et temps de repos adaptes aux enfants.","Vieux Port de Bizerte, Bizerte, Tunisie",True,25.5,HIGH
PRINTEMPS,MAY,2-3 ans,HIGH,True,Bizerte,SORTIE,OUTDOOR,Sortie ludique au parc,"Activite encadree avec decouverte, observation et temps de repos adaptes aux enfants.","Parc Aladin, Bizerte, Tunisie",True,22.3,HIGH
PRINTEMPS,MAY,4-5 ans,HIGH,True,Bizerte,SORTIE,OUTDOOR,Balade encadree sur la corniche,"Activite encadree avec decouverte, observation et temps de repos adaptes aux enfants.","Corniche de Bizerte, Bizerte, Tunisie",True,24.4,HIGH
PRINTEMPS,MAY,4-5 ans,MEDIUM,True,Bizerte,SORTIE,OUTDOOR,Sortie d observation au vieux port,"Activite encadree avec decouverte, observation et temps de repos adaptes aux enfants.","Vieux Port de Bizerte, Bizerte, Tunisie",True,17.3,HIGH
PRINTEMPS,MAY,4-5 ans,MEDIUM,True,Bizerte,SORTIE,OUTDOOR,Sortie ludique au parc,"Activite encadree avec decouverte, observation et temps de repos adaptes aux enfants.","Parc Aladin, Bizerte, Tunisie",True,14.3,HIGH
PRINTEMPS,MAY,2-6 ans,LOW,True,Bizerte,SORTIE,OUTDOOR,Balade encadree sur la corniche,"Activite encadree avec decouverte, observation et temps de repos adaptes aux enfants.","Corniche de Bizerte, Bizerte, Tunisie",True,6.7,HIGH
PRINTEMPS,MAY,2-6 ans,MEDIUM,True,Bizerte,SORTIE,OUTDOOR,Sortie d observation au vieux port,"Activite encadree avec decouverte, observation et temps de repos adaptes aux enfants.","Vieux Port de Bizerte, Bizerte, Tunisie",True,13.3,HIGH
PRINTEMPS,MAY,2-6 ans,LOW,True,Bizerte,SORTIE,OUTDOOR,Sortie ludique au parc,"Activite encadree avec decouverte, observation et temps de repos adaptes aux enfants.","Parc Aladin, Bizerte, Tunisie",True,5.8,HIGH
ETE,JUNE,2-3 ans,LOW,True,Bizerte,SORTIE,OUTDOOR,Sortie d observation au vieux port,"Activite encadree avec decouverte, observation et temps de repos adaptes aux enfants.","Vieux Port de Bizerte, Bizerte, Tunisie",True,6.1,HIGH
ETE,JUNE,2-3 ans,MEDIUM,True,Bizerte,SORTIE,OUTDOOR,Sortie ludique au parc,"Activite encadree avec decouverte, observation et temps de repos adaptes aux enfants.","Parc Aladin, Bizerte, Tunisie",True,14.3,HIGH
ETE,JUNE,4-5 ans,HIGH,True,Bizerte,SORTIE,OUTDOOR,Balade encadree sur la corniche,"Activite encadree avec decouverte, observation et temps de repos adaptes aux enfants.","Corniche de Bizerte, Bizerte, Tunisie",True,27.2,HIGH
ETE,JUNE,4-5 ans,MEDIUM,True,Bizerte,SORTIE,OUTDOOR,Sortie d observation au vieux port,"Activite encadree avec decouverte, observation et temps de repos adaptes aux enfants.","Vieux Port de Bizerte, Bizerte, Tunisie",True,12.4,HIGH
ETE,JUNE,4-5 ans,MEDIUM,True,Bizerte,SORTIE,OUTDOOR,Sortie ludique au parc,"Activite encadree avec decouverte, observation et temps de repos adaptes aux enfants.","Parc Aladin, Bizerte, Tunisie",True,16.4,HIGH
ETE,JUNE,2-6 ans,HIGH,True,Bizerte,SORTIE,OUTDOOR,Balade encadree sur la corniche,"Activite encadree avec decouverte, observation et temps de repos adaptes aux enfants.","Corniche de Bizerte, Bizerte, Tunisie",True,20.3,HIGH
ETE,JUNE,2-6 ans,LOW,True,Bizerte,SORTIE,OUTDOOR,Sortie d observation au vieux port,"Activite encadree avec decouverte, observation et temps de repos adaptes aux enfants.","Vieux Port de Bizerte, Bizerte, Tunisie",True,7.3,HIGH
ETE,JUNE,2-6 ans,LOW,True,Bizerte,SORTIE,OUTDOOR,Sortie ludique au parc,"Activite encadree avec decouverte, observation et temps de repos adaptes aux enfants.","Parc Aladin, Bizerte, Tunisie",True,6.5,HIGH
ETE,JULY,2-3 ans,MEDIUM,True,Bizerte,SORTIE,OUTDOOR,Balade encadree sur la corniche,"Activite encadree avec decouverte, observation et temps de repos adaptes aux enfants.","Corniche de Bizerte, Bizerte, Tunisie",True,12.0,HIGH
ETE,JULY,2-3 ans,HIGH,True,Bizerte,SORTIE,OUTDOOR,Sortie d observation au vieux port,"Activite encadree avec decouverte, observation et temps de repos adaptes aux enfants.","Vieux Port de Bizerte, Bizerte, Tunisie",True,21.9,HIGH
ETE,JULY,2-3 ans,MEDIUM,True,Bizerte,SORTIE,OUTDOOR,Sortie ludique au parc,"Activite encadree avec decouverte, observation et temps de repos adaptes aux enfants.","Parc Aladin, Bizerte, Tunisie",True,11.8,HIGH
ETE,JULY,4-5 ans,LOW,True,Bizerte,SORTIE,OUTDOOR,Balade encadree sur la corniche,"Activite encadree avec decouverte, observation et temps de repos adaptes aux enfants.","Corniche de Bizerte, Bizerte, Tunisie",True,6.5,HIGH
ETE,JULY,4-5 ans,LOW,True,Bizerte,SORTIE,OUTDOOR,Sortie d observation au vieux port,"Activite encadree avec decouverte, observation et temps de repos adaptes aux enfants.","Vieux Port de Bizerte, Bizerte, Tunisie",True,7.1,HIGH
ETE,JULY,4-5 ans,HIGH,True,Bizerte,SORTIE,OUTDOOR,Sortie ludique au parc,"Activite encadree avec decouverte, observation et temps de repos adaptes aux enfants.","Parc Aladin, Bizerte, Tunisie",True,26.1,HIGH
ETE,JULY,2-6 ans,HIGH,True,Bizerte,SORTIE,OUTDOOR,Balade encadree sur la corniche,"Activite encadree avec decouverte, observation et temps de repos adaptes aux enfants.","Corniche de Bizerte, Bizerte, Tunisie",True,20.7,HIGH
ETE,JULY,2-6 ans,HIGH,True,Bizerte,SORTIE,OUTDOOR,Sortie d observation au vieux port,"Activite encadree avec decouverte, observation et temps de repos adaptes aux enfants.","Vieux Port de Bizerte, Bizerte, Tunisie",True,25.4,HIGH
ETE,JULY,2-6 ans,MEDIUM,True,Bizerte,SORTIE,OUTDOOR,Sortie ludique au parc,"Activite encadree avec decouverte, observation et temps de repos adaptes aux enfants.","Parc Aladin, Bizerte, Tunisie",True,13.3,HIGH
ETE,AUGUST,2-3 ans,LOW,True,Bizerte,SORTIE,OUTDOOR,Balade encadree sur la corniche,"Activite encadree avec decouverte, observation et temps de repos adaptes aux enfants.","Corniche de Bizerte, Bizerte, Tunisie",True,4.8,HIGH
ETE,AUGUST,2-3 ans,MEDIUM,True,Bizerte,SORTIE,OUTDOOR,Sortie ludique au parc,"Activite encadree avec decouverte, observation et temps de repos adaptes aux enfants.","Parc Aladin, Bizerte, Tunisie",True,14.9,HIGH
ETE,AUGUST,4-5 ans,MEDIUM,True,Bizerte,SORTIE,OUTDOOR,Balade encadree sur la corniche,"Activite encadree avec decouverte, observation et temps de repos adaptes aux enfants.","Corniche de Bizerte, Bizerte, Tunisie",True,15.6,HIGH
ETE,AUGUST,4-5 ans,MEDIUM,True,Bizerte,SORTIE,OUTDOOR,Sortie d observation au vieux port,"Activite encadree avec decouverte, observation et temps de repos adaptes aux enfants.","Vieux Port de Bizerte, Bizerte, Tunisie",True,11.5,HIGH
ETE,AUGUST,4-5 ans,LOW,True,Bizerte,SORTIE,OUTDOOR,Sortie ludique au parc,"Activite encadree avec decouverte, observation et temps de repos adaptes aux enfants.","Parc Aladin, Bizerte, Tunisie",True,4.9,HIGH
ETE,AUGUST,2-6 ans,HIGH,True,Bizerte,SORTIE,OUTDOOR,Balade encadree sur la corniche,"Activite encadree avec decouverte, observation et temps de repos adaptes aux enfants.","Corniche de Bizerte, Bizerte, Tunisie",True,18.2,HIGH
ETE,AUGUST,2-6 ans,LOW,True,Bizerte,SORTIE,OUTDOOR,Sortie d observation au vieux port,"Activite encadree avec decouverte, observation et temps de repos adaptes aux enfants.","Vieux Port de Bizerte, Bizerte, Tunisie",True,5.7,HIGH
ETE,AUGUST,2-6 ans,LOW,True,Bizerte,SORTIE,OUTDOOR,Sortie ludique au parc,"Activite encadree avec decouverte, observation et temps de repos adaptes aux enfants.","Parc Aladin, Bizerte, Tunisie",True,8.3,HIGH
AUTOMNE,SEPTEMBER,2-3 ans,HIGH,True,Bizerte,SORTIE,OUTDOOR,Balade encadree sur la corniche,"Activite encadree avec decouverte, observation et temps de repos adaptes aux enfants.","Corniche de Bizerte, Bizerte, Tunisie",True,18.1,HIGH
AUTOMNE,SEPTEMBER,2-3 ans,LOW,True,Bizerte,SORTIE,OUTDOOR,Sortie d observation au vieux port,"Activite encadree avec decouverte, observation et temps de repos adaptes aux enfants.","Vieux Port de Bizerte, Bizerte, Tunisie",True,4.9,HIGH
AUTOMNE,SEPTEMBER,2-3 ans,MEDIUM,True,Bizerte,SORTIE,OUTDOOR,Sortie ludique au parc,"Activite encadree avec decouverte, observation et temps de repos adaptes aux enfants.","Parc Aladin, Bizerte, Tunisie",True,11.7,HIGH
AUTOMNE,SEPTEMBER,4-5 ans,MEDIUM,True,Bizerte,SORTIE,OUTDOOR,Balade encadree sur la corniche,"Activite encadree avec decouverte, observation et temps de repos adaptes aux enfants.","Corniche de Bizerte, Bizerte, Tunisie",True,12.5,HIGH
AUTOMNE,SEPTEMBER,4-5 ans,MEDIUM,True,Bizerte,SORTIE,OUTDOOR,Sortie d observation au vieux port,"Activite encadree avec decouverte, observation et temps de repos adaptes aux enfants.","Vieux Port de Bizerte, Bizerte, Tunisie",True,18.0,HIGH
AUTOMNE,SEPTEMBER,4-5 ans,MEDIUM,True,Bizerte,SORTIE,OUTDOOR,Sortie ludique au parc,"Activite encadree avec decouverte, observation et temps de repos adaptes aux enfants.","Parc Aladin, Bizerte, Tunisie",True,15.6,HIGH
AUTOMNE,SEPTEMBER,2-6 ans,LOW,True,Bizerte,SORTIE,OUTDOOR,Balade encadree sur la corniche,"Activite encadree avec decouverte, observation et temps de repos adaptes aux enfants.","Corniche de Bizerte, Bizerte, Tunisie",True,6.0,HIGH
AUTOMNE,SEPTEMBER,2-6 ans,LOW,True,Bizerte,SORTIE,OUTDOOR,Sortie d observation au vieux port,"Activite encadree avec decouverte, observation et temps de repos adaptes aux enfants.","Vieux Port de Bizerte, Bizerte, Tunisie",True,4.3,HIGH
AUTOMNE,SEPTEMBER,2-6 ans,MEDIUM,True,Bizerte,SORTIE,OUTDOOR,Sortie ludique au parc,"Activite encadree avec decouverte, observation et temps de repos adaptes aux enfants.","Parc Aladin, Bizerte, Tunisie",True,10.6,HIGH
AUTOMNE,OCTOBER,2-3 ans,MEDIUM,True,Bizerte,SORTIE,OUTDOOR,Balade encadree sur la corniche,"Activite encadree avec decouverte, observation et temps de repos adaptes aux enfants.","Corniche de Bizerte, Bizerte, Tunisie",True,11.5,HIGH
AUTOMNE,OCTOBER,2-3 ans,MEDIUM,True,Bizerte,SORTIE,OUTDOOR,Sortie d observation au vieux port,"Activite encadree avec decouverte, observation et temps de repos adaptes aux enfants.","Vieux Port de Bizerte, Bizerte, Tunisie",True,16.5,HIGH
AUTOMNE,OCTOBER,2-3 ans,LOW,True,Bizerte,SORTIE,OUTDOOR,Sortie ludique au parc,"Activite encadree avec decouverte, observation et temps de repos adaptes aux enfants.","Parc Aladin, Bizerte, Tunisie",True,4.7,HIGH
AUTOMNE,OCTOBER,4-5 ans,HIGH,True,Bizerte,SORTIE,OUTDOOR,Balade encadree sur la corniche,"Activite encadree avec decouverte, observation et temps de repos adaptes aux enfants.","Corniche de Bizerte, Bizerte, Tunisie",True,20.5,HIGH
AUTOMNE,OCTOBER,4-5 ans,MEDIUM,True,Bizerte,SORTIE,OUTDOOR,Sortie d observation au vieux port,"Activite encadree avec decouverte, observation et temps de repos adaptes aux enfants.","Vieux Port de Bizerte, Bizerte, Tunisie",True,12.0,HIGH
AUTOMNE,OCTOBER,4-5 ans,LOW,True,Bizerte,SORTIE,OUTDOOR,Sortie ludique au parc,"Activite encadree avec decouverte, observation et temps de repos adaptes aux enfants.","Parc Aladin, Bizerte, Tunisie",True,5.2,HIGH
AUTOMNE,OCTOBER,2-6 ans,HIGH,True,Bizerte,SORTIE,OUTDOOR,Balade encadree sur la corniche,"Activite encadree avec decouverte, observation et temps de repos adaptes aux enfants.","Corniche de Bizerte, Bizerte, Tunisie",True,25.7,HIGH
AUTOMNE,OCTOBER,2-6 ans,HIGH,True,Bizerte,SORTIE,OUTDOOR,Sortie d observation au vieux port,"Activite encadree avec decouverte, observation et temps de repos adaptes aux enfants.","Vieux Port de Bizerte, Bizerte, Tunisie",True,24.7,HIGH
AUTOMNE,OCTOBER,2-6 ans,LOW,True,Bizerte,SORTIE,OUTDOOR,Sortie ludique au parc,"Activite encadree avec decouverte, observation et temps de repos adaptes aux enfants.","Parc Aladin, Bizerte, Tunisie",True,6.8,HIGH
AUTOMNE,NOVEMBER,2-3 ans,HIGH,True,Bizerte,SORTIE,OUTDOOR,Balade encadree sur la corniche,"Activite encadree avec decouverte, observation et temps de repos adaptes aux enfants.","Corniche de Bizerte, Bizerte, Tunisie",True,27.6,HIGH
AUTOMNE,NOVEMBER,2-3 ans,MEDIUM,True,Bizerte,SORTIE,OUTDOOR,Sortie d observation au vieux port,"Activite encadree avec decouverte, observation et temps de repos adaptes aux enfants.","Vieux Port de Bizerte, Bizerte, Tunisie",True,11.3,HIGH
AUTOMNE,NOVEMBER,2-3 ans,HIGH,True,Bizerte,SORTIE,OUTDOOR,Sortie ludique au parc,"Activite encadree avec decouverte, observation et temps de repos adaptes aux enfants.","Parc Aladin, Bizerte, Tunisie",True,18.4,HIGH
AUTOMNE,NOVEMBER,4-5 ans,HIGH,True,Bizerte,SORTIE,OUTDOOR,Balade encadree sur la corniche,"Activite encadree avec decouverte, observation et temps de repos adaptes aux enfants.","Corniche de Bizerte, Bizerte, Tunisie",True,23.2,HIGH
AUTOMNE,NOVEMBER,4-5 ans,MEDIUM,True,Bizerte,SORTIE,OUTDOOR,Sortie d observation au vieux port,"Activite encadree avec decouverte, observation et temps de repos adaptes aux enfants.","Vieux Port de Bizerte, Bizerte, Tunisie",True,13.8,HIGH
AUTOMNE,NOVEMBER,4-5 ans,MEDIUM,True,Bizerte,SORTIE,OUTDOOR,Sortie ludique au parc,"Activite encadree avec decouverte, observation et temps de repos adaptes aux enfants.","Parc Aladin, Bizerte, Tunisie",True,11.6,HIGH
AUTOMNE,NOVEMBER,2-6 ans,LOW,True,Bizerte,SORTIE,OUTDOOR,Balade encadree sur la corniche,"Activite encadree avec decouverte, observation et temps de repos adaptes aux enfants.","Corniche de Bizerte, Bizerte, Tunisie",True,9.2,HIGH
AUTOMNE,NOVEMBER,2-6 ans,LOW,True,Bizerte,SORTIE,OUTDOOR,Sortie d observation au vieux port,"Activite encadree avec decouverte, observation et temps de repos adaptes aux enfants.","Vieux Port de Bizerte, Bizerte, Tunisie",True,9.8,HIGH
AUTOMNE,NOVEMBER,2-6 ans,LOW,True,Bizerte,SORTIE,OUTDOOR,Sortie ludique au parc,"Activite encadree avec decouverte, observation et temps de repos adaptes aux enfants.","Parc Aladin, Bizerte, Tunisie",True,7.8,HIGH
HIVER,DECEMBER,2-3 ans,MEDIUM,True,Bizerte,SORTIE,OUTDOOR,Balade encadree sur la corniche,"Activite encadree avec decouverte, observation et temps de repos adaptes aux enfants.","Corniche de Bizerte, Bizerte, Tunisie",True,10.1,HIGH
HIVER,DECEMBER,2-3 ans,MEDIUM,True,Bizerte,SORTIE,OUTDOOR,Sortie d observation au vieux port,"Activite encadree avec decouverte, observation et temps de repos adaptes aux enfants.","Vieux Port de Bizerte, Bizerte, Tunisie",True,14.7,HIGH
HIVER,DECEMBER,2-3 ans,MEDIUM,True,Bizerte,SORTIE,OUTDOOR,Sortie ludique au parc,"Activite encadree avec decouverte, observation et temps de repos adaptes aux enfants.","Parc Aladin, Bizerte, Tunisie",True,16.3,HIGH
HIVER,DECEMBER,4-5 ans,LOW,True,Bizerte,SORTIE,OUTDOOR,Balade encadree sur la corniche,"Activite encadree avec decouverte, observation et temps de repos adaptes aux enfants.","Corniche de Bizerte, Bizerte, Tunisie",True,9.8,HIGH
HIVER,DECEMBER,4-5 ans,HIGH,True,Bizerte,SORTIE,OUTDOOR,Sortie d observation au vieux port,"Activite encadree avec decouverte, observation et temps de repos adaptes aux enfants.","Vieux Port de Bizerte, Bizerte, Tunisie",True,25.8,HIGH
HIVER,DECEMBER,4-5 ans,MEDIUM,True,Bizerte,SORTIE,OUTDOOR,Sortie ludique au parc,"Activite encadree avec decouverte, observation et temps de repos adaptes aux enfants.","Parc Aladin, Bizerte, Tunisie",True,15.5,HIGH
HIVER,DECEMBER,2-6 ans,LOW,True,Bizerte,SORTIE,OUTDOOR,Balade encadree sur la corniche,"Activite encadree avec decouverte, observation et temps de repos adaptes aux enfants.","Corniche de Bizerte, Bizerte, Tunisie",True,6.2,HIGH
HIVER,DECEMBER,2-6 ans,LOW,True,Bizerte,SORTIE,OUTDOOR,Sortie d observation au vieux port,"Activite encadree avec decouverte, observation et temps de repos adaptes aux enfants.","Vieux Port de Bizerte, Bizerte, Tunisie",True,5.5,HIGH
HIVER,DECEMBER,2-6 ans,MEDIUM,True,Bizerte,SORTIE,OUTDOOR,Sortie ludique au parc,"Activite encadree avec decouverte, observation et temps de repos adaptes aux enfants.","Parc Aladin, Bizerte, Tunisie",True,10.7,HIGH
HIVER,JANUARY,2-3 ans,HIGH,True,Bizerte,SORTIE,OUTDOOR,Balade encadree sur la corniche,"Activite encadree avec decouverte, observation et temps de repos adaptes aux enfants.","Corniche de Bizerte, Bizerte, Tunisie",True,21.4,HIGH
HIVER,JANUARY,2-3 ans,HIGH,True,Bizerte,SORTIE,OUTDOOR,Sortie d observation au vieux port,"Activite encadree avec decouverte, observation et temps de repos adaptes aux enfants.","Vieux Port de Bizerte, Bizerte, Tunisie",True,18.6,HIGH
HIVER,JANUARY,2-3 ans,MEDIUM,True,Bizerte,SORTIE,OUTDOOR,Sortie ludique au parc,"Activite encadree avec decouverte, observation et temps de repos adaptes aux enfants.","Parc Aladin, Bizerte, Tunisie",True,15.2,HIGH
HIVER,JANUARY,4-5 ans,HIGH,True,Bizerte,SORTIE,OUTDOOR,Balade encadree sur la corniche,"Activite encadree avec decouverte, observation et temps de repos adaptes aux enfants.","Corniche de Bizerte, Bizerte, Tunisie",True,23.4,HIGH
HIVER,JANUARY,4-5 ans,LOW,True,Bizerte,SORTIE,OUTDOOR,Sortie d observation au vieux port,"Activite encadree avec decouverte, observation et temps de repos adaptes aux enfants.","Vieux Port de Bizerte, Bizerte, Tunisie",True,4.8,HIGH
HIVER,JANUARY,4-5 ans,LOW,True,Bizerte,SORTIE,OUTDOOR,Sortie ludique au parc,"Activite encadree avec decouverte, observation et temps de repos adaptes aux enfants.","Parc Aladin, Bizerte, Tunisie",True,5.9,HIGH
HIVER,JANUARY,2-6 ans,HIGH,True,Bizerte,SORTIE,OUTDOOR,Balade encadree sur la corniche,"Activite encadree avec decouverte, observation et temps de repos adaptes aux enfants.","Corniche de Bizerte, Bizerte, Tunisie",True,25.9,HIGH
HIVER,JANUARY,2-6 ans,MEDIUM,True,Bizerte,SORTIE,OUTDOOR,Sortie d observation au vieux port,"Activite encadree avec decouverte, observation et temps de repos adaptes aux enfants.","Vieux Port de Bizerte, Bizerte, Tunisie",True,16.4,HIGH
HIVER,JANUARY,2-6 ans,MEDIUM,True,Bizerte,SORTIE,OUTDOOR,Sortie ludique au parc,"Activite encadree avec decouverte, observation et temps de repos adaptes aux enfants.","Parc Aladin, Bizerte, Tunisie",True,15.9,HIGH
HIVER,FEBRUARY,2-3 ans,LOW,True,Bizerte,SORTIE,OUTDOOR,Balade encadree sur la corniche,"Activite encadree avec decouverte, observation et temps de repos adaptes aux enfants.","Corniche de Bizerte, Bizerte, Tunisie",True,8.1,HIGH
HIVER,FEBRUARY,2-3 ans,MEDIUM,True,Bizerte,SORTIE,OUTDOOR,Sortie d observation au vieux port,"Activite encadree avec decouverte, observation et temps de repos adaptes aux enfants.","Vieux Port de Bizerte, Bizerte, Tunisie",True,15.8,HIGH
HIVER,FEBRUARY,2-3 ans,MEDIUM,True,Bizerte,SORTIE,OUTDOOR,Sortie ludique au parc,"Activite encadree avec decouverte, observation et temps de repos adaptes aux enfants.","Parc Aladin, Bizerte, Tunisie",True,17.2,HIGH
HIVER,FEBRUARY,4-5 ans,MEDIUM,True,Bizerte,SORTIE,OUTDOOR,Balade encadree sur la corniche,"Activite encadree avec decouverte, observation et temps de repos adaptes aux enfants.","Corniche de Bizerte, Bizerte, Tunisie",True,15.7,HIGH
HIVER,FEBRUARY,4-5 ans,HIGH,True,Bizerte,SORTIE,OUTDOOR,Sortie d observation au vieux port,"Activite encadree avec decouverte, observation et temps de repos adaptes aux enfants.","Vieux Port de Bizerte, Bizerte, Tunisie",True,20.9,HIGH
HIVER,FEBRUARY,4-5 ans,HIGH,True,Bizerte,SORTIE,OUTDOOR,Sortie ludique au parc,"Activite encadree avec decouverte, observation et temps de repos adaptes aux enfants.","Parc Aladin, Bizerte, Tunisie",True,22.9,HIGH
HIVER,FEBRUARY,2-6 ans,HIGH,True,Bizerte,SORTIE,OUTDOOR,Balade encadree sur la corniche,"Activite encadree avec decouverte, observation et temps de repos adaptes aux enfants.","Corniche de Bizerte, Bizerte, Tunisie",True,19.9,HIGH
HIVER,FEBRUARY,2-6 ans,MEDIUM,True,Bizerte,SORTIE,OUTDOOR,Sortie d observation au vieux port,"Activite encadree avec decouverte, observation et temps de repos adaptes aux enfants.","Vieux Port de Bizerte, Bizerte, Tunisie",True,12.6,HIGH
HIVER,FEBRUARY,2-6 ans,MEDIUM,True,Bizerte,SORTIE,OUTDOOR,Sortie ludique au parc,"Activite encadree avec decouverte, observation et temps de repos adaptes aux enfants.","Parc Aladin, Bizerte, Tunisie",True,12.2,HIGH
PRINTEMPS,MARCH,2-3 ans,LOW,False,Bizerte,ATELIER,INDOOR,Atelier artistique et lecture,Activite creatrice et sensorielle adaptee au rythme des enfants avec materiel simple.,"Maison de la Culture, Bizerte, Tunisie",False,3.3,HIGH
PRINTEMPS,MARCH,4-5 ans,LOW,False,Bizerte,ATELIER,INDOOR,Atelier artistique et lecture,Activite creatrice et sensorielle adaptee au rythme des enfants avec materiel simple.,"Maison de la Culture, Bizerte, Tunisie",False,5.2,HIGH
PRINTEMPS,MARCH,2-6 ans,MEDIUM,False,Bizerte,ATELIER,INDOOR,Atelier artistique et lecture,Activite creatrice et sensorielle adaptee au rythme des enfants avec materiel simple.,"Maison de la Culture, Bizerte, Tunisie",False,11.8,HIGH
PRINTEMPS,APRIL,2-3 ans,MEDIUM,False,Bizerte,ATELIER,INDOOR,Atelier artistique et lecture,Activite creatrice et sensorielle adaptee au rythme des enfants avec materiel simple.,"Maison de la Culture, Bizerte, Tunisie",False,8.0,HIGH
PRINTEMPS,APRIL,4-5 ans,MEDIUM,False,Bizerte,ATELIER,INDOOR,Atelier artistique et lecture,Activite creatrice et sensorielle adaptee au rythme des enfants avec materiel simple.,"Maison de la Culture, Bizerte, Tunisie",False,13.1,HIGH
PRINTEMPS,APRIL,2-6 ans,LOW,False,Bizerte,ATELIER,INDOOR,Atelier artistique et lecture,Activite creatrice et sensorielle adaptee au rythme des enfants avec materiel simple.,"Maison de la Culture, Bizerte, Tunisie",False,6.1,HIGH
PRINTEMPS,MAY,2-3 ans,MEDIUM,False,Bizerte,ATELIER,INDOOR,Atelier artistique et lecture,Activite creatrice et sensorielle adaptee au rythme des enfants avec materiel simple.,"Maison de la Culture, Bizerte, Tunisie",False,13.4,HIGH
PRINTEMPS,MAY,4-5 ans,LOW,False,Bizerte,ATELIER,INDOOR,Atelier artistique et lecture,Activite creatrice et sensorielle adaptee au rythme des enfants avec materiel simple.,"Maison de la Culture, Bizerte, Tunisie",False,4.6,HIGH
PRINTEMPS,MAY,2-6 ans,LOW,False,Bizerte,ATELIER,INDOOR,Atelier artistique et lecture,Activite creatrice et sensorielle adaptee au rythme des enfants avec materiel simple.,"Maison de la Culture, Bizerte, Tunisie",False,6.3,HIGH
ETE,JUNE,2-3 ans,MEDIUM,False,Bizerte,ATELIER,INDOOR,Atelier artistique et lecture,Activite creatrice et sensorielle adaptee au rythme des enfants avec materiel simple.,"Maison de la Culture, Bizerte, Tunisie",False,9.3,HIGH
ETE,JUNE,4-5 ans,MEDIUM,False,Bizerte,ATELIER,INDOOR,Atelier artistique et lecture,Activite creatrice et sensorielle adaptee au rythme des enfants avec materiel simple.,"Maison de la Culture, Bizerte, Tunisie",False,13.4,HIGH
ETE,JUNE,2-6 ans,LOW,False,Bizerte,ATELIER,INDOOR,Atelier artistique et lecture,Activite creatrice et sensorielle adaptee au rythme des enfants avec materiel simple.,"Maison de la Culture, Bizerte, Tunisie",False,6.1,HIGH
ETE,JULY,2-3 ans,MEDIUM,False,Bizerte,ATELIER,INDOOR,Atelier artistique et lecture,Activite creatrice et sensorielle adaptee au rythme des enfants avec materiel simple.,"Maison de la Culture, Bizerte, Tunisie",False,10.9,HIGH
ETE,JULY,4-5 ans,MEDIUM,False,Bizerte,ATELIER,INDOOR,Atelier artistique et lecture,Activite creatrice et sensorielle adaptee au rythme des enfants avec materiel simple.,"Maison de la Culture, Bizerte, Tunisie",False,8.8,HIGH
ETE,JULY,2-6 ans,LOW,False,Bizerte,ATELIER,INDOOR,Atelier artistique et lecture,Activite creatrice et sensorielle adaptee au rythme des enfants avec materiel simple.,"Maison de la Culture, Bizerte, Tunisie",False,3.2,HIGH
ETE,AUGUST,2-3 ans,LOW,False,Bizerte,ATELIER,INDOOR,Atelier artistique et lecture,Activite creatrice et sensorielle adaptee au rythme des enfants avec materiel simple.,"Maison de la Culture, Bizerte, Tunisie",False,3.9,HIGH
ETE,AUGUST,4-5 ans,LOW,False,Bizerte,ATELIER,INDOOR,Atelier artistique et lecture,Activite creatrice et sensorielle adaptee au rythme des enfants avec materiel simple.,"Maison de la Culture, Bizerte, Tunisie",False,4.0,HIGH
ETE,AUGUST,2-6 ans,MEDIUM,False,Bizerte,ATELIER,INDOOR,Atelier artistique et lecture,Activite creatrice et sensorielle adaptee au rythme des enfants avec materiel simple.,"Maison de la Culture, Bizerte, Tunisie",False,9.3,HIGH
AUTOMNE,SEPTEMBER,2-3 ans,LOW,False,Bizerte,ATELIER,INDOOR,Atelier artistique et lecture,Activite creatrice et sensorielle adaptee au rythme des enfants avec materiel simple.,"Maison de la Culture, Bizerte, Tunisie",False,5.9,HIGH
AUTOMNE,SEPTEMBER,4-5 ans,MEDIUM,False,Bizerte,ATELIER,INDOOR,Atelier artistique et lecture,Activite creatrice et sensorielle adaptee au rythme des enfants avec materiel simple.,"Maison de la Culture, Bizerte, Tunisie",False,12.6,HIGH
AUTOMNE,SEPTEMBER,2-6 ans,MEDIUM,False,Bizerte,ATELIER,INDOOR,Atelier artistique et lecture,Activite creatrice et sensorielle adaptee au rythme des enfants avec materiel simple.,"Maison de la Culture, Bizerte, Tunisie",False,8.3,HIGH
AUTOMNE,OCTOBER,2-3 ans,LOW,False,Bizerte,ATELIER,INDOOR,Atelier artistique et lecture,Activite creatrice et sensorielle adaptee au rythme des enfants avec materiel simple.,"Maison de la Culture, Bizerte, Tunisie",False,6.0,HIGH
AUTOMNE,OCTOBER,4-5 ans,LOW,False,Bizerte,ATELIER,INDOOR,Atelier artistique et lecture,Activite creatrice et sensorielle adaptee au rythme des enfants avec materiel simple.,"Maison de la Culture, Bizerte, Tunisie",False,3.1,HIGH
AUTOMNE,OCTOBER,2-6 ans,LOW,False,Bizerte,ATELIER,INDOOR,Atelier artistique et lecture,Activite creatrice et sensorielle adaptee au rythme des enfants avec materiel simple.,"Maison de la Culture, Bizerte, Tunisie",False,6.3,HIGH
AUTOMNE,NOVEMBER,2-3 ans,LOW,False,Bizerte,ATELIER,INDOOR,Atelier artistique et lecture,Activite creatrice et sensorielle adaptee au rythme des enfants avec materiel simple.,"Maison de la Culture, Bizerte, Tunisie",False,5.3,HIGH
AUTOMNE,NOVEMBER,4-5 ans,LOW,False,Bizerte,ATELIER,INDOOR,Atelier artistique et lecture,Activite creatrice et sensorielle adaptee au rythme des enfants avec materiel simple.,"Maison de la Culture, Bizerte, Tunisie",False,4.8,HIGH
AUTOMNE,NOVEMBER,2-6 ans,MEDIUM,False,Bizerte,ATELIER,INDOOR,Atelier artistique et lecture,Activite creatrice et sensorielle adaptee au rythme des enfants avec materiel simple.,"Maison de la Culture, Bizerte, Tunisie",False,13.8,HIGH
HIVER,DECEMBER,2-3 ans,LOW,False,Bizerte,ATELIER,INDOOR,Atelier artistique et lecture,Activite creatrice et sensorielle adaptee au rythme des enfants avec materiel simple.,"Maison de la Culture, Bizerte, Tunisie",False,7.1,HIGH
HIVER,DECEMBER,4-5 ans,MEDIUM,False,Bizerte,ATELIER,INDOOR,Atelier artistique et lecture,Activite creatrice et sensorielle adaptee au rythme des enfants avec materiel simple.,"Maison de la Culture, Bizerte, Tunisie",False,11.7,HIGH
HIVER,DECEMBER,2-6 ans,LOW,False,Bizerte,ATELIER,INDOOR,Atelier artistique et lecture,Activite creatrice et sensorielle adaptee au rythme des enfants avec materiel simple.,"Maison de la Culture, Bizerte, Tunisie",False,7.2,HIGH
HIVER,JANUARY,2-3 ans,LOW,False,Bizerte,ATELIER,INDOOR,Atelier artistique et lecture,Activite creatrice et sensorielle adaptee au rythme des enfants avec materiel simple.,"Maison de la Culture, Bizerte, Tunisie",False,7.7,HIGH
HIVER,JANUARY,4-5 ans,LOW,False,Bizerte,ATELIER,INDOOR,Atelier artistique et lecture,Activite creatrice et sensorielle adaptee au rythme des enfants avec materiel simple.,"Maison de la Culture, Bizerte, Tunisie",False,3.5,HIGH
HIVER,JANUARY,2-6 ans,LOW,False,Bizerte,ATELIER,INDOOR,Atelier artistique et lecture,Activite creatrice et sensorielle adaptee au rythme des enfants avec materiel simple.,"Maison de la Culture, Bizerte, Tunisie",False,5.7,HIGH
HIVER,FEBRUARY,2-3 ans,LOW,False,Bizerte,ATELIER,INDOOR,Atelier artistique et lecture,Activite creatrice et sensorielle adaptee au rythme des enfants avec materiel simple.,"Maison de la Culture, Bizerte, Tunisie",False,4.0,HIGH
HIVER,FEBRUARY,4-5 ans,LOW,False,Bizerte,ATELIER,INDOOR,Atelier artistique et lecture,Activite creatrice et sensorielle adaptee au rythme des enfants avec materiel simple.,"Maison de la Culture, Bizerte, Tunisie",False,5.9,HIGH
HIVER,FEBRUARY,2-6 ans,LOW,False,Bizerte,ATELIER,INDOOR,Atelier artistique et lecture,Activite creatrice et sensorielle adaptee au rythme des enfants avec materiel simple.,"Maison de la Culture, Bizerte, Tunisie",False,5.8,HIGH
PRINTEMPS,MARCH,2-3 ans,MEDIUM,True,Bizerte,ACTIVITE,OUTDOOR,Activites motrices en exterieur,Jeux collectifs et parcours moteurs dans un cadre securise et adapte.,"Parc Aladin, Bizerte, Tunisie",False,11.5,HIGH
PRINTEMPS,MARCH,2-3 ans,MEDIUM,True,Bizerte,ACTIVITE,OUTDOOR,Jeux de groupe en exterieur,Jeux collectifs et parcours moteurs dans un cadre securise et adapte.,"Corniche de Bizerte, Bizerte, Tunisie",False,11.0,HIGH
PRINTEMPS,MARCH,4-5 ans,MEDIUM,True,Bizerte,ACTIVITE,OUTDOOR,Activites motrices en exterieur,Jeux collectifs et parcours moteurs dans un cadre securise et adapte.,"Parc Aladin, Bizerte, Tunisie",False,12.3,HIGH
PRINTEMPS,MARCH,4-5 ans,LOW,True,Bizerte,ACTIVITE,OUTDOOR,Jeux de groupe en exterieur,Jeux collectifs et parcours moteurs dans un cadre securise et adapte.,"Corniche de Bizerte, Bizerte, Tunisie",False,6.0,HIGH
PRINTEMPS,MARCH,2-6 ans,MEDIUM,True,Bizerte,ACTIVITE,OUTDOOR,Activites motrices en exterieur,Jeux collectifs et parcours moteurs dans un cadre securise et adapte.,"Parc Aladin, Bizerte, Tunisie",False,10.0,HIGH
PRINTEMPS,MARCH,2-6 ans,LOW,True,Bizerte,ACTIVITE,OUTDOOR,Jeux de groupe en exterieur,Jeux collectifs et parcours moteurs dans un cadre securise et adapte.,"Corniche de Bizerte, Bizerte, Tunisie",False,4.7,HIGH
PRINTEMPS,APRIL,2-3 ans,MEDIUM,True,Bizerte,ACTIVITE,OUTDOOR,Activites motrices en exterieur,Jeux collectifs et parcours moteurs dans un cadre securise et adapte.,"Parc Aladin, Bizerte, Tunisie",False,12.6,HIGH
PRINTEMPS,APRIL,2-3 ans,MEDIUM,True,Bizerte,ACTIVITE,OUTDOOR,Jeux de groupe en exterieur,Jeux collectifs et parcours moteurs dans un cadre securise et adapte.,"Corniche de Bizerte, Bizerte, Tunisie",False,10.3,HIGH
PRINTEMPS,APRIL,4-5 ans,MEDIUM,True,Bizerte,ACTIVITE,OUTDOOR,Activites motrices en exterieur,Jeux collectifs et parcours moteurs dans un cadre securise et adapte.,"Parc Aladin, Bizerte, Tunisie",False,12.1,HIGH
PRINTEMPS,APRIL,4-5 ans,MEDIUM,True,Bizerte,ACTIVITE,OUTDOOR,Jeux de groupe en exterieur,Jeux collectifs et parcours moteurs dans un cadre securise et adapte.,"Corniche de Bizerte, Bizerte, Tunisie",False,11.6,HIGH
PRINTEMPS,APRIL,2-6 ans,MEDIUM,True,Bizerte,ACTIVITE,OUTDOOR,Activites motrices en exterieur,Jeux collectifs et parcours moteurs dans un cadre securise et adapte.,"Parc Aladin, Bizerte, Tunisie",False,12.0,HIGH
PRINTEMPS,APRIL,2-6 ans,MEDIUM,True,Bizerte,ACTIVITE,OUTDOOR,Jeux de groupe en exterieur,Jeux collectifs et parcours moteurs dans un cadre securise et adapte.,"Corniche de Bizerte, Bizerte, Tunisie",False,10.7,HIGH
PRINTEMPS,MAY,2-3 ans,LOW,True,Bizerte,ACTIVITE,OUTDOOR,Activites motrices en exterieur,Jeux collectifs et parcours moteurs dans un cadre securise et adapte.,"Parc Aladin, Bizerte, Tunisie",False,3.9,HIGH
PRINTEMPS,MAY,2-3 ans,MEDIUM,True,Bizerte,ACTIVITE,OUTDOOR,Jeux de groupe en exterieur,Jeux collectifs et parcours moteurs dans un cadre securise et adapte.,"Corniche de Bizerte, Bizerte, Tunisie",False,9.2,HIGH
PRINTEMPS,MAY,4-5 ans,MEDIUM,True,Bizerte,ACTIVITE,OUTDOOR,Activites motrices en exterieur,Jeux collectifs et parcours moteurs dans un cadre securise et adapte.,"Parc Aladin, Bizerte, Tunisie",False,9.7,HIGH
PRINTEMPS,MAY,4-5 ans,MEDIUM,True,Bizerte,ACTIVITE,OUTDOOR,Jeux de groupe en exterieur,Jeux collectifs et parcours moteurs dans un cadre securise et adapte.,"Corniche de Bizerte, Bizerte, Tunisie",False,7.0,HIGH
PRINTEMPS,MAY,2-6 ans,LOW,True,Bizerte,ACTIVITE,OUTDOOR,Activites motrices en exterieur,Jeux collectifs et parcours moteurs dans un cadre securise et adapte.,"Parc Aladin, Bizerte, Tunisie",False,6.9,HIGH
PRINTEMPS,MAY,2-6 ans,LOW,True,Bizerte,ACTIVITE,OUTDOOR,Jeux de groupe en exterieur,Jeux collectifs et parcours moteurs dans un cadre securise et adapte.,"Corniche de Bizerte, Bizerte, Tunisie",False,4.6,HIGH
ETE,JUNE,2-3 ans,MEDIUM,True,Bizerte,ACTIVITE,OUTDOOR,Activites motrices en exterieur,Jeux collectifs et parcours moteurs dans un cadre securise et adapte.,"Parc Aladin, Bizerte, Tunisie",False,7.0,HIGH
ETE,JUNE,2-3 ans,LOW,True,Bizerte,ACTIVITE,OUTDOOR,Jeux de groupe en exterieur,Jeux collectifs et parcours moteurs dans un cadre securise et adapte.,"Corniche de Bizerte, Bizerte, Tunisie",False,3.1,HIGH
ETE,JUNE,4-5 ans,MEDIUM,True,Bizerte,ACTIVITE,OUTDOOR,Activites motrices en exterieur,Jeux collectifs et parcours moteurs dans un cadre securise et adapte.,"Parc Aladin, Bizerte, Tunisie",False,7.1,HIGH
ETE,JUNE,4-5 ans,MEDIUM,True,Bizerte,ACTIVITE,OUTDOOR,Jeux de groupe en exterieur,Jeux collectifs et parcours moteurs dans un cadre securise et adapte.,"Corniche de Bizerte, Bizerte, Tunisie",False,12.5,HIGH
ETE,JUNE,2-6 ans,LOW,True,Bizerte,ACTIVITE,OUTDOOR,Activites motrices en exterieur,Jeux collectifs et parcours moteurs dans un cadre securise et adapte.,"Parc Aladin, Bizerte, Tunisie",False,2.5,HIGH
ETE,JUNE,2-6 ans,MEDIUM,True,Bizerte,ACTIVITE,OUTDOOR,Jeux de groupe en exterieur,Jeux collectifs et parcours moteurs dans un cadre securise et adapte.,"Corniche de Bizerte, Bizerte, Tunisie",False,9.1,HIGH
ETE,JULY,2-3 ans,LOW,True,Bizerte,ACTIVITE,OUTDOOR,Activites motrices en exterieur,Jeux collectifs et parcours moteurs dans un cadre securise et adapte.,"Parc Aladin, Bizerte, Tunisie",False,3.3,HIGH
ETE,JULY,2-3 ans,LOW,True,Bizerte,ACTIVITE,OUTDOOR,Jeux de groupe en exterieur,Jeux collectifs et parcours moteurs dans un cadre securise et adapte.,"Corniche de Bizerte, Bizerte, Tunisie",False,3.2,HIGH
ETE,JULY,4-5 ans,MEDIUM,True,Bizerte,ACTIVITE,OUTDOOR,Activites motrices en exterieur,Jeux collectifs et parcours moteurs dans un cadre securise et adapte.,"Parc Aladin, Bizerte, Tunisie",False,7.6,HIGH
ETE,JULY,4-5 ans,MEDIUM,True,Bizerte,ACTIVITE,OUTDOOR,Jeux de groupe en exterieur,Jeux collectifs et parcours moteurs dans un cadre securise et adapte.,"Corniche de Bizerte, Bizerte, Tunisie",False,10.4,HIGH
ETE,JULY,2-6 ans,LOW,True,Bizerte,ACTIVITE,OUTDOOR,Activites motrices en exterieur,Jeux collectifs et parcours moteurs dans un cadre securise et adapte.,"Parc Aladin, Bizerte, Tunisie",False,5.7,HIGH
ETE,JULY,2-6 ans,MEDIUM,True,Bizerte,ACTIVITE,OUTDOOR,Jeux de groupe en exterieur,Jeux collectifs et parcours moteurs dans un cadre securise et adapte.,"Corniche de Bizerte, Bizerte, Tunisie",False,11.8,HIGH
ETE,AUGUST,2-3 ans,LOW,True,Bizerte,ACTIVITE,OUTDOOR,Activites motrices en exterieur,Jeux collectifs et parcours moteurs dans un cadre securise et adapte.,"Parc Aladin, Bizerte, Tunisie",False,4.4,HIGH
ETE,AUGUST,2-3 ans,LOW,True,Bizerte,ACTIVITE,OUTDOOR,Jeux de groupe en exterieur,Jeux collectifs et parcours moteurs dans un cadre securise et adapte.,"Corniche de Bizerte, Bizerte, Tunisie",False,5.0,HIGH
ETE,AUGUST,4-5 ans,MEDIUM,True,Bizerte,ACTIVITE,OUTDOOR,Activites motrices en exterieur,Jeux collectifs et parcours moteurs dans un cadre securise et adapte.,"Parc Aladin, Bizerte, Tunisie",False,7.2,HIGH
ETE,AUGUST,4-5 ans,MEDIUM,True,Bizerte,ACTIVITE,OUTDOOR,Jeux de groupe en exterieur,Jeux collectifs et parcours moteurs dans un cadre securise et adapte.,"Corniche de Bizerte, Bizerte, Tunisie",False,7.5,HIGH
ETE,AUGUST,2-6 ans,LOW,True,Bizerte,ACTIVITE,OUTDOOR,Activites motrices en exterieur,Jeux collectifs et parcours moteurs dans un cadre securise et adapte.,"Parc Aladin, Bizerte, Tunisie",False,6.6,HIGH
ETE,AUGUST,2-6 ans,MEDIUM,True,Bizerte,ACTIVITE,OUTDOOR,Jeux de groupe en exterieur,Jeux collectifs et parcours moteurs dans un cadre securise et adapte.,"Corniche de Bizerte, Bizerte, Tunisie",False,9.1,HIGH
AUTOMNE,SEPTEMBER,2-3 ans,MEDIUM,True,Bizerte,ACTIVITE,OUTDOOR,Activites motrices en exterieur,Jeux collectifs et parcours moteurs dans un cadre securise et adapte.,"Parc Aladin, Bizerte, Tunisie",False,9.5,HIGH
AUTOMNE,SEPTEMBER,2-3 ans,LOW,True,Bizerte,ACTIVITE,OUTDOOR,Jeux de groupe en exterieur,Jeux collectifs et parcours moteurs dans un cadre securise et adapte.,"Corniche de Bizerte, Bizerte, Tunisie",False,6.3,HIGH
AUTOMNE,SEPTEMBER,4-5 ans,LOW,True,Bizerte,ACTIVITE,OUTDOOR,Activites motrices en exterieur,Jeux collectifs et parcours moteurs dans un cadre securise et adapte.,"Parc Aladin, Bizerte, Tunisie",False,5.7,HIGH
AUTOMNE,SEPTEMBER,4-5 ans,LOW,True,Bizerte,ACTIVITE,OUTDOOR,Jeux de groupe en exterieur,Jeux collectifs et parcours moteurs dans un cadre securise et adapte.,"Corniche de Bizerte, Bizerte, Tunisie",False,5.2,HIGH
AUTOMNE,SEPTEMBER,2-6 ans,MEDIUM,True,Bizerte,ACTIVITE,OUTDOOR,Activites motrices en exterieur,Jeux collectifs et parcours moteurs dans un cadre securise et adapte.,"Parc Aladin, Bizerte, Tunisie",False,7.3,HIGH
AUTOMNE,SEPTEMBER,2-6 ans,LOW,True,Bizerte,ACTIVITE,OUTDOOR,Jeux de groupe en exterieur,Jeux collectifs et parcours moteurs dans un cadre securise et adapte.,"Corniche de Bizerte, Bizerte, Tunisie",False,3.6,HIGH
AUTOMNE,OCTOBER,2-3 ans,LOW,True,Bizerte,ACTIVITE,OUTDOOR,Activites motrices en exterieur,Jeux collectifs et parcours moteurs dans un cadre securise et adapte.,"Parc Aladin, Bizerte, Tunisie",False,3.6,HIGH
AUTOMNE,OCTOBER,2-3 ans,LOW,True,Bizerte,ACTIVITE,OUTDOOR,Jeux de groupe en exterieur,Jeux collectifs et parcours moteurs dans un cadre securise et adapte.,"Corniche de Bizerte, Bizerte, Tunisie",False,2.8,HIGH
AUTOMNE,OCTOBER,4-5 ans,MEDIUM,True,Bizerte,ACTIVITE,OUTDOOR,Activites motrices en exterieur,Jeux collectifs et parcours moteurs dans un cadre securise et adapte.,"Parc Aladin, Bizerte, Tunisie",False,12.8,HIGH
AUTOMNE,OCTOBER,4-5 ans,LOW,True,Bizerte,ACTIVITE,OUTDOOR,Jeux de groupe en exterieur,Jeux collectifs et parcours moteurs dans un cadre securise et adapte.,"Corniche de Bizerte, Bizerte, Tunisie",False,3.1,HIGH
AUTOMNE,OCTOBER,2-6 ans,MEDIUM,True,Bizerte,ACTIVITE,OUTDOOR,Activites motrices en exterieur,Jeux collectifs et parcours moteurs dans un cadre securise et adapte.,"Parc Aladin, Bizerte, Tunisie",False,11.7,HIGH
AUTOMNE,OCTOBER,2-6 ans,LOW,True,Bizerte,ACTIVITE,OUTDOOR,Jeux de groupe en exterieur,Jeux collectifs et parcours moteurs dans un cadre securise et adapte.,"Corniche de Bizerte, Bizerte, Tunisie",False,2.7,HIGH
AUTOMNE,NOVEMBER,2-3 ans,LOW,True,Bizerte,ACTIVITE,OUTDOOR,Activites motrices en exterieur,Jeux collectifs et parcours moteurs dans un cadre securise et adapte.,"Parc Aladin, Bizerte, Tunisie",False,4.4,HIGH
AUTOMNE,NOVEMBER,2-3 ans,LOW,True,Bizerte,ACTIVITE,OUTDOOR,Jeux de groupe en exterieur,Jeux collectifs et parcours moteurs dans un cadre securise et adapte.,"Corniche de Bizerte, Bizerte, Tunisie",False,4.7,HIGH
AUTOMNE,NOVEMBER,4-5 ans,MEDIUM,True,Bizerte,ACTIVITE,OUTDOOR,Activites motrices en exterieur,Jeux collectifs et parcours moteurs dans un cadre securise et adapte.,"Parc Aladin, Bizerte, Tunisie",False,7.5,HIGH
AUTOMNE,NOVEMBER,4-5 ans,MEDIUM,True,Bizerte,ACTIVITE,OUTDOOR,Jeux de groupe en exterieur,Jeux collectifs et parcours moteurs dans un cadre securise et adapte.,"Corniche de Bizerte, Bizerte, Tunisie",False,11.6,HIGH
AUTOMNE,NOVEMBER,2-6 ans,LOW,True,Bizerte,ACTIVITE,OUTDOOR,Activites motrices en exterieur,Jeux collectifs et parcours moteurs dans un cadre securise et adapte.,"Parc Aladin, Bizerte, Tunisie",False,5.8,HIGH
AUTOMNE,NOVEMBER,2-6 ans,MEDIUM,True,Bizerte,ACTIVITE,OUTDOOR,Jeux de groupe en exterieur,Jeux collectifs et parcours moteurs dans un cadre securise et adapte.,"Corniche de Bizerte, Bizerte, Tunisie",False,10.4,HIGH
HIVER,DECEMBER,2-3 ans,MEDIUM,True,Bizerte,ACTIVITE,OUTDOOR,Activites motrices en exterieur,Jeux collectifs et parcours moteurs dans un cadre securise et adapte.,"Parc Aladin, Bizerte, Tunisie",False,9.4,HIGH
HIVER,DECEMBER,2-3 ans,LOW,True,Bizerte,ACTIVITE,OUTDOOR,Jeux de groupe en exterieur,Jeux collectifs et parcours moteurs dans un cadre securise et adapte.,"Corniche de Bizerte, Bizerte, Tunisie",False,4.8,HIGH
HIVER,DECEMBER,4-5 ans,LOW,True,Bizerte,ACTIVITE,OUTDOOR,Activites motrices en exterieur,Jeux collectifs et parcours moteurs dans un cadre securise et adapte.,"Parc Aladin, Bizerte, Tunisie",False,3.2,HIGH
HIVER,DECEMBER,4-5 ans,MEDIUM,True,Bizerte,ACTIVITE,OUTDOOR,Jeux de groupe en exterieur,Jeux collectifs et parcours moteurs dans un cadre securise et adapte.,"Corniche de Bizerte, Bizerte, Tunisie",False,11.7,HIGH
HIVER,DECEMBER,2-6 ans,MEDIUM,True,Bizerte,ACTIVITE,OUTDOOR,Activites motrices en exterieur,Jeux collectifs et parcours moteurs dans un cadre securise et adapte.,"Parc Aladin, Bizerte, Tunisie",False,11.1,HIGH
HIVER,DECEMBER,2-6 ans,LOW,True,Bizerte,ACTIVITE,OUTDOOR,Jeux de groupe en exterieur,Jeux collectifs et parcours moteurs dans un cadre securise et adapte.,"Corniche de Bizerte, Bizerte, Tunisie",False,2.6,HIGH
HIVER,JANUARY,2-3 ans,MEDIUM,True,Bizerte,ACTIVITE,OUTDOOR,Activites motrices en exterieur,Jeux collectifs et parcours moteurs dans un cadre securise et adapte.,"Parc Aladin, Bizerte, Tunisie",False,9.5,HIGH
HIVER,JANUARY,2-3 ans,MEDIUM,True,Bizerte,ACTIVITE,OUTDOOR,Jeux de groupe en exterieur,Jeux collectifs et parcours moteurs dans un cadre securise et adapte.,"Corniche de Bizerte, Bizerte, Tunisie",False,8.1,HIGH
HIVER,JANUARY,4-5 ans,MEDIUM,True,Bizerte,ACTIVITE,OUTDOOR,Activites motrices en exterieur,Jeux collectifs et parcours moteurs dans un cadre securise et adapte.,"Parc Aladin, Bizerte, Tunisie",False,10.6,HIGH
HIVER,JANUARY,4-5 ans,LOW,True,Bizerte,ACTIVITE,OUTDOOR,Jeux de groupe en exterieur,Jeux collectifs et parcours moteurs dans un cadre securise et adapte.,"Corniche de Bizerte, Bizerte, Tunisie",False,5.8,HIGH
HIVER,JANUARY,2-6 ans,LOW,True,Bizerte,ACTIVITE,OUTDOOR,Activites motrices en exterieur,Jeux collectifs et parcours moteurs dans un cadre securise et adapte.,"Parc Aladin, Bizerte, Tunisie",False,6.9,HIGH
HIVER,JANUARY,2-6 ans,MEDIUM,True,Bizerte,ACTIVITE,OUTDOOR,Jeux de groupe en exterieur,Jeux collectifs et parcours moteurs dans un cadre securise et adapte.,"Corniche de Bizerte, Bizerte, Tunisie",False,10.7,HIGH
HIVER,FEBRUARY,2-3 ans,MEDIUM,True,Bizerte,ACTIVITE,OUTDOOR,Activites motrices en exterieur,Jeux collectifs et parcours moteurs dans un cadre securise et adapte.,"Parc Aladin, Bizerte, Tunisie",False,7.3,HIGH
HIVER,FEBRUARY,2-3 ans,LOW,True,Bizerte,ACTIVITE,OUTDOOR,Jeux de groupe en exterieur,Jeux collectifs et parcours moteurs dans un cadre securise et adapte.,"Corniche de Bizerte, Bizerte, Tunisie",False,3.0,HIGH
HIVER,FEBRUARY,4-5 ans,MEDIUM,True,Bizerte,ACTIVITE,OUTDOOR,Activites motrices en exterieur,Jeux collectifs et parcours moteurs dans un cadre securise et adapte.,"Parc Aladin, Bizerte, Tunisie",False,7.9,HIGH
HIVER,FEBRUARY,4-5 ans,LOW,True,Bizerte,ACTIVITE,OUTDOOR,Jeux de groupe en exterieur,Jeux collectifs et parcours moteurs dans un cadre securise et adapte.,"Corniche de Bizerte, Bizerte, Tunisie",False,2.6,HIGH
HIVER,FEBRUARY,2-6 ans,LOW,True,Bizerte,ACTIVITE,OUTDOOR,Activites motrices en exterieur,Jeux collectifs et parcours moteurs dans un cadre securise et adapte.,"Parc Aladin, Bizerte, Tunisie",False,3.2,HIGH
HIVER,FEBRUARY,2-6 ans,LOW,True,Bizerte,ACTIVITE,OUTDOOR,Jeux de groupe en exterieur,Jeux collectifs et parcours moteurs dans un cadre securise et adapte.,"Corniche de Bizerte, Bizerte, Tunisie",False,6.3,HIGH
PRINTEMPS,MARCH,2-3 ans,MEDIUM,False,Bizerte,FETE,INDOOR,Fete d enfants au parc,"Moment festif avec animations douces, musique, decoration et gouter encadre.","Parc Aladin, Bizerte, Tunisie",False,10.1,HIGH
PRINTEMPS,MARCH,2-3 ans,LOW,False,Bizerte,FETE,INDOOR,Fete a theme en salle,"Moment festif avec animations douces, musique, decoration et gouter encadre.","Maison de la Culture, Bizerte, Tunisie",False,6.5,HIGH
PRINTEMPS,MARCH,4-5 ans,MEDIUM,False,Bizerte,FETE,INDOOR,Fete d enfants au parc,"Moment festif avec animations douces, musique, decoration et gouter encadre.","Parc Aladin, Bizerte, Tunisie",False,10.2,HIGH
PRINTEMPS,MARCH,4-5 ans,LOW,False,Bizerte,FETE,INDOOR,Fete a theme en salle,"Moment festif avec animations douces, musique, decoration et gouter encadre.","Maison de la Culture, Bizerte, Tunisie",False,8.7,HIGH
PRINTEMPS,MARCH,2-6 ans,LOW,False,Bizerte,FETE,INDOOR,Fete d enfants au parc,"Moment festif avec animations douces, musique, decoration et gouter encadre.","Parc Aladin, Bizerte, Tunisie",False,6.0,HIGH
PRINTEMPS,MARCH,2-6 ans,MEDIUM,False,Bizerte,FETE,INDOOR,Fete a theme en salle,"Moment festif avec animations douces, musique, decoration et gouter encadre.","Maison de la Culture, Bizerte, Tunisie",False,14.4,HIGH
PRINTEMPS,APRIL,2-3 ans,LOW,False,Bizerte,FETE,INDOOR,Fete d enfants au parc,"Moment festif avec animations douces, musique, decoration et gouter encadre.","Parc Aladin, Bizerte, Tunisie",False,8.5,HIGH
PRINTEMPS,APRIL,2-3 ans,LOW,False,Bizerte,FETE,INDOOR,Fete a theme en salle,"Moment festif avec animations douces, musique, decoration et gouter encadre.","Maison de la Culture, Bizerte, Tunisie",False,6.9,HIGH
PRINTEMPS,APRIL,4-5 ans,LOW,False,Bizerte,FETE,INDOOR,Fete d enfants au parc,"Moment festif avec animations douces, musique, decoration et gouter encadre.","Parc Aladin, Bizerte, Tunisie",False,6.3,HIGH
PRINTEMPS,APRIL,4-5 ans,LOW,False,Bizerte,FETE,INDOOR,Fete a theme en salle,"Moment festif avec animations douces, musique, decoration et gouter encadre.","Maison de la Culture, Bizerte, Tunisie",False,6.4,HIGH
PRINTEMPS,APRIL,2-6 ans,MEDIUM,False,Bizerte,FETE,INDOOR,Fete d enfants au parc,"Moment festif avec animations douces, musique, decoration et gouter encadre.","Parc Aladin, Bizerte, Tunisie",False,10.4,HIGH
PRINTEMPS,APRIL,2-6 ans,LOW,False,Bizerte,FETE,INDOOR,Fete a theme en salle,"Moment festif avec animations douces, musique, decoration et gouter encadre.","Maison de la Culture, Bizerte, Tunisie",False,5.3,HIGH
PRINTEMPS,MAY,2-3 ans,MEDIUM,False,Bizerte,FETE,INDOOR,Fete d enfants au parc,"Moment festif avec animations douces, musique, decoration et gouter encadre.","Parc Aladin, Bizerte, Tunisie",False,15.3,HIGH
PRINTEMPS,MAY,2-3 ans,MEDIUM,False,Bizerte,FETE,INDOOR,Fete a theme en salle,"Moment festif avec animations douces, musique, decoration et gouter encadre.","Maison de la Culture, Bizerte, Tunisie",False,16.9,HIGH
PRINTEMPS,MAY,4-5 ans,LOW,False,Bizerte,FETE,INDOOR,Fete d enfants au parc,"Moment festif avec animations douces, musique, decoration et gouter encadre.","Parc Aladin, Bizerte, Tunisie",False,6.5,HIGH
PRINTEMPS,MAY,4-5 ans,MEDIUM,False,Bizerte,FETE,INDOOR,Fete a theme en salle,"Moment festif avec animations douces, musique, decoration et gouter encadre.","Maison de la Culture, Bizerte, Tunisie",False,11.8,HIGH
PRINTEMPS,MAY,2-6 ans,MEDIUM,False,Bizerte,FETE,INDOOR,Fete d enfants au parc,"Moment festif avec animations douces, musique, decoration et gouter encadre.","Parc Aladin, Bizerte, Tunisie",False,14.1,HIGH
PRINTEMPS,MAY,2-6 ans,LOW,False,Bizerte,FETE,INDOOR,Fete a theme en salle,"Moment festif avec animations douces, musique, decoration et gouter encadre.","Maison de la Culture, Bizerte, Tunisie",False,9.5,HIGH
ETE,JUNE,2-3 ans,MEDIUM,False,Bizerte,FETE,INDOOR,Fete d enfants au parc,"Moment festif avec animations douces, musique, decoration et gouter encadre.","Parc Aladin, Bizerte, Tunisie",False,16.9,HIGH
ETE,JUNE,2-3 ans,LOW,False,Bizerte,FETE,INDOOR,Fete a theme en salle,"Moment festif avec animations douces, musique, decoration et gouter encadre.","Maison de la Culture, Bizerte, Tunisie",False,5.9,HIGH
ETE,JUNE,4-5 ans,MEDIUM,False,Bizerte,FETE,INDOOR,Fete d enfants au parc,"Moment festif avec animations douces, musique, decoration et gouter encadre.","Parc Aladin, Bizerte, Tunisie",False,14.5,HIGH
ETE,JUNE,4-5 ans,LOW,False,Bizerte,FETE,INDOOR,Fete a theme en salle,"Moment festif avec animations douces, musique, decoration et gouter encadre.","Maison de la Culture, Bizerte, Tunisie",False,5.2,HIGH
ETE,JUNE,2-6 ans,MEDIUM,False,Bizerte,FETE,INDOOR,Fete d enfants au parc,"Moment festif avec animations douces, musique, decoration et gouter encadre.","Parc Aladin, Bizerte, Tunisie",False,12.7,HIGH
ETE,JUNE,2-6 ans,MEDIUM,False,Bizerte,FETE,INDOOR,Fete a theme en salle,"Moment festif avec animations douces, musique, decoration et gouter encadre.","Maison de la Culture, Bizerte, Tunisie",False,16.0,HIGH
ETE,JULY,2-3 ans,LOW,False,Bizerte,FETE,INDOOR,Fete d enfants au parc,"Moment festif avec animations douces, musique, decoration et gouter encadre.","Parc Aladin, Bizerte, Tunisie",False,6.7,HIGH
ETE,JULY,2-3 ans,MEDIUM,False,Bizerte,FETE,INDOOR,Fete a theme en salle,"Moment festif avec animations douces, musique, decoration et gouter encadre.","Maison de la Culture, Bizerte, Tunisie",False,12.8,HIGH
ETE,JULY,4-5 ans,MEDIUM,False,Bizerte,FETE,INDOOR,Fete d enfants au parc,"Moment festif avec animations douces, musique, decoration et gouter encadre.","Parc Aladin, Bizerte, Tunisie",False,11.9,HIGH
ETE,JULY,4-5 ans,MEDIUM,False,Bizerte,FETE,INDOOR,Fete a theme en salle,"Moment festif avec animations douces, musique, decoration et gouter encadre.","Maison de la Culture, Bizerte, Tunisie",False,16.5,HIGH
ETE,JULY,2-6 ans,MEDIUM,False,Bizerte,FETE,INDOOR,Fete d enfants au parc,"Moment festif avec animations douces, musique, decoration et gouter encadre.","Parc Aladin, Bizerte, Tunisie",False,17.0,HIGH
ETE,JULY,2-6 ans,LOW,False,Bizerte,FETE,INDOOR,Fete a theme en salle,"Moment festif avec animations douces, musique, decoration et gouter encadre.","Maison de la Culture, Bizerte, Tunisie",False,9.7,HIGH
ETE,AUGUST,2-3 ans,MEDIUM,False,Bizerte,FETE,INDOOR,Fete d enfants au parc,"Moment festif avec animations douces, musique, decoration et gouter encadre.","Parc Aladin, Bizerte, Tunisie",False,11.8,HIGH
ETE,AUGUST,2-3 ans,MEDIUM,False,Bizerte,FETE,INDOOR,Fete a theme en salle,"Moment festif avec animations douces, musique, decoration et gouter encadre.","Maison de la Culture, Bizerte, Tunisie",False,17.2,HIGH
ETE,AUGUST,4-5 ans,LOW,False,Bizerte,FETE,INDOOR,Fete d enfants au parc,"Moment festif avec animations douces, musique, decoration et gouter encadre.","Parc Aladin, Bizerte, Tunisie",False,5.4,HIGH
ETE,AUGUST,4-5 ans,MEDIUM,False,Bizerte,FETE,INDOOR,Fete a theme en salle,"Moment festif avec animations douces, musique, decoration et gouter encadre.","Maison de la Culture, Bizerte, Tunisie",False,14.2,HIGH
ETE,AUGUST,2-6 ans,LOW,False,Bizerte,FETE,INDOOR,Fete d enfants au parc,"Moment festif avec animations douces, musique, decoration et gouter encadre.","Parc Aladin, Bizerte, Tunisie",False,7.1,HIGH
ETE,AUGUST,2-6 ans,LOW,False,Bizerte,FETE,INDOOR,Fete a theme en salle,"Moment festif avec animations douces, musique, decoration et gouter encadre.","Maison de la Culture, Bizerte, Tunisie",False,7.1,HIGH
AUTOMNE,SEPTEMBER,2-3 ans,MEDIUM,False,Bizerte,FETE,INDOOR,Fete d enfants au parc,"Moment festif avec animations douces, musique, decoration et gouter encadre.","Parc Aladin, Bizerte, Tunisie",False,17.3,HIGH
AUTOMNE,SEPTEMBER,2-3 ans,MEDIUM,False,Bizerte,FETE,INDOOR,Fete a theme en salle,"Moment festif avec animations douces, musique, decoration et gouter encadre.","Maison de la Culture, Bizerte, Tunisie",False,13.6,HIGH
AUTOMNE,SEPTEMBER,4-5 ans,LOW,False,Bizerte,FETE,INDOOR,Fete d enfants au parc,"Moment festif avec animations douces, musique, decoration et gouter encadre.","Parc Aladin, Bizerte, Tunisie",False,6.0,HIGH
AUTOMNE,SEPTEMBER,4-5 ans,LOW,False,Bizerte,FETE,INDOOR,Fete a theme en salle,"Moment festif avec animations douces, musique, decoration et gouter encadre.","Maison de la Culture, Bizerte, Tunisie",False,7.9,HIGH
AUTOMNE,SEPTEMBER,2-6 ans,LOW,False,Bizerte,FETE,INDOOR,Fete d enfants au parc,"Moment festif avec animations douces, musique, decoration et gouter encadre.","Parc Aladin, Bizerte, Tunisie",False,9.3,HIGH
AUTOMNE,SEPTEMBER,2-6 ans,MEDIUM,False,Bizerte,FETE,INDOOR,Fete a theme en salle,"Moment festif avec animations douces, musique, decoration et gouter encadre.","Maison de la Culture, Bizerte, Tunisie",False,15.5,HIGH
AUTOMNE,OCTOBER,2-3 ans,LOW,False,Bizerte,FETE,INDOOR,Fete d enfants au parc,"Moment festif avec animations douces, musique, decoration et gouter encadre.","Parc Aladin, Bizerte, Tunisie",False,7.2,HIGH
AUTOMNE,OCTOBER,2-3 ans,LOW,False,Bizerte,FETE,INDOOR,Fete a theme en salle,"Moment festif avec animations douces, musique, decoration et gouter encadre.","Maison de la Culture, Bizerte, Tunisie",False,8.3,HIGH
AUTOMNE,OCTOBER,4-5 ans,LOW,False,Bizerte,FETE,INDOOR,Fete d enfants au parc,"Moment festif avec animations douces, musique, decoration et gouter encadre.","Parc Aladin, Bizerte, Tunisie",False,6.6,HIGH
AUTOMNE,OCTOBER,4-5 ans,LOW,False,Bizerte,FETE,INDOOR,Fete a theme en salle,"Moment festif avec animations douces, musique, decoration et gouter encadre.","Maison de la Culture, Bizerte, Tunisie",False,5.9,HIGH
AUTOMNE,OCTOBER,2-6 ans,LOW,False,Bizerte,FETE,INDOOR,Fete d enfants au parc,"Moment festif avec animations douces, musique, decoration et gouter encadre.","Parc Aladin, Bizerte, Tunisie",False,8.6,HIGH
AUTOMNE,OCTOBER,2-6 ans,MEDIUM,False,Bizerte,FETE,INDOOR,Fete a theme en salle,"Moment festif avec animations douces, musique, decoration et gouter encadre.","Maison de la Culture, Bizerte, Tunisie",False,17.0,HIGH
AUTOMNE,NOVEMBER,2-3 ans,MEDIUM,False,Bizerte,FETE,INDOOR,Fete d enfants au parc,"Moment festif avec animations douces, musique, decoration et gouter encadre.","Parc Aladin, Bizerte, Tunisie",False,17.7,HIGH
AUTOMNE,NOVEMBER,2-3 ans,MEDIUM,False,Bizerte,FETE,INDOOR,Fete a theme en salle,"Moment festif avec animations douces, musique, decoration et gouter encadre.","Maison de la Culture, Bizerte, Tunisie",False,13.5,HIGH
AUTOMNE,NOVEMBER,4-5 ans,MEDIUM,False,Bizerte,FETE,INDOOR,Fete d enfants au parc,"Moment festif avec animations douces, musique, decoration et gouter encadre.","Parc Aladin, Bizerte, Tunisie",False,11.2,HIGH
AUTOMNE,NOVEMBER,4-5 ans,LOW,False,Bizerte,FETE,INDOOR,Fete a theme en salle,"Moment festif avec animations douces, musique, decoration et gouter encadre.","Maison de la Culture, Bizerte, Tunisie",False,5.5,HIGH
AUTOMNE,NOVEMBER,2-6 ans,LOW,False,Bizerte,FETE,INDOOR,Fete d enfants au parc,"Moment festif avec animations douces, musique, decoration et gouter encadre.","Parc Aladin, Bizerte, Tunisie",False,5.1,HIGH
AUTOMNE,NOVEMBER,2-6 ans,MEDIUM,False,Bizerte,FETE,INDOOR,Fete a theme en salle,"Moment festif avec animations douces, musique, decoration et gouter encadre.","Maison de la Culture, Bizerte, Tunisie",False,14.8,HIGH
HIVER,DECEMBER,2-3 ans,LOW,False,Bizerte,FETE,INDOOR,Fete d enfants au parc,"Moment festif avec animations douces, musique, decoration et gouter encadre.","Parc Aladin, Bizerte, Tunisie",False,8.0,HIGH
HIVER,DECEMBER,2-3 ans,LOW,False,Bizerte,FETE,INDOOR,Fete a theme en salle,"Moment festif avec animations douces, musique, decoration et gouter encadre.","Maison de la Culture, Bizerte, Tunisie",False,8.4,HIGH
HIVER,DECEMBER,4-5 ans,MEDIUM,False,Bizerte,FETE,INDOOR,Fete d enfants au parc,"Moment festif avec animations douces, musique, decoration et gouter encadre.","Parc Aladin, Bizerte, Tunisie",False,10.6,HIGH
HIVER,DECEMBER,4-5 ans,MEDIUM,False,Bizerte,FETE,INDOOR,Fete a theme en salle,"Moment festif avec animations douces, musique, decoration et gouter encadre.","Maison de la Culture, Bizerte, Tunisie",False,11.1,HIGH
HIVER,DECEMBER,2-6 ans,MEDIUM,False,Bizerte,FETE,INDOOR,Fete d enfants au parc,"Moment festif avec animations douces, musique, decoration et gouter encadre.","Parc Aladin, Bizerte, Tunisie",False,15.7,HIGH
HIVER,DECEMBER,2-6 ans,MEDIUM,False,Bizerte,FETE,INDOOR,Fete a theme en salle,"Moment festif avec animations douces, musique, decoration et gouter encadre.","Maison de la Culture, Bizerte, Tunisie",False,11.5,HIGH
HIVER,JANUARY,2-3 ans,MEDIUM,False,Bizerte,FETE,INDOOR,Fete d enfants au parc,"Moment festif avec animations douces, musique, decoration et gouter encadre.","Parc Aladin, Bizerte, Tunisie",False,13.9,HIGH
HIVER,JANUARY,2-3 ans,LOW,False,Bizerte,FETE,INDOOR,Fete a theme en salle,"Moment festif avec animations douces, musique, decoration et gouter encadre.","Maison de la Culture, Bizerte, Tunisie",False,5.8,HIGH
HIVER,JANUARY,4-5 ans,LOW,False,Bizerte,FETE,INDOOR,Fete d enfants au parc,"Moment festif avec animations douces, musique, decoration et gouter encadre.","Parc Aladin, Bizerte, Tunisie",False,5.2,HIGH
HIVER,JANUARY,4-5 ans,LOW,False,Bizerte,FETE,INDOOR,Fete a theme en salle,"Moment festif avec animations douces, musique, decoration et gouter encadre.","Maison de la Culture, Bizerte, Tunisie",False,9.6,HIGH
HIVER,JANUARY,2-6 ans,MEDIUM,False,Bizerte,FETE,INDOOR,Fete d enfants au parc,"Moment festif avec animations douces, musique, decoration et gouter encadre.","Parc Aladin, Bizerte, Tunisie",False,11.8,HIGH
HIVER,JANUARY,2-6 ans,LOW,False,Bizerte,FETE,INDOOR,Fete a theme en salle,"Moment festif avec animations douces, musique, decoration et gouter encadre.","Maison de la Culture, Bizerte, Tunisie",False,8.8,HIGH
HIVER,FEBRUARY,2-3 ans,LOW,False,Bizerte,FETE,INDOOR,Fete d enfants au parc,"Moment festif avec animations douces, musique, decoration et gouter encadre.","Parc Aladin, Bizerte, Tunisie",False,5.9,HIGH
HIVER,FEBRUARY,2-3 ans,MEDIUM,False,Bizerte,FETE,INDOOR,Fete a theme en salle,"Moment festif avec animations douces, musique, decoration et gouter encadre.","Maison de la Culture, Bizerte, Tunisie",False,16.9,HIGH
HIVER,FEBRUARY,4-5 ans,MEDIUM,False,Bizerte,FETE,INDOOR,Fete d enfants au parc,"Moment festif avec animations douces, musique, decoration et gouter encadre.","Parc Aladin, Bizerte, Tunisie",False,15.5,HIGH
HIVER,FEBRUARY,4-5 ans,MEDIUM,False,Bizerte,FETE,INDOOR,Fete a theme en salle,"Moment festif avec animations douces, musique, decoration et gouter encadre.","Maison de la Culture, Bizerte, Tunisie",False,17.1,HIGH
HIVER,FEBRUARY,2-6 ans,MEDIUM,False,Bizerte,FETE,INDOOR,Fete d enfants au parc,"Moment festif avec animations douces, musique, decoration et gouter encadre.","Parc Aladin, Bizerte, Tunisie",False,13.2,HIGH
HIVER,FEBRUARY,2-6 ans,LOW,False,Bizerte,FETE,INDOOR,Fete a theme en salle,"Moment festif avec animations douces, musique, decoration et gouter encadre.","Maison de la Culture, Bizerte, Tunisie",False,8.0,HIGH
PRINTEMPS,MARCH,2-3 ans,MEDIUM,False,Bizerte,REUNION_PARENTS,INDOOR,Reunion information parents,Rencontre d information et d echange avec les familles dans un cadre confortable.,"Maison de la Culture, Bizerte, Tunisie",False,6.6,HIGH
PRINTEMPS,MARCH,4-5 ans,MEDIUM,False,Bizerte,REUNION_PARENTS,INDOOR,Reunion information parents,Rencontre d information et d echange avec les familles dans un cadre confortable.,"Maison de la Culture, Bizerte, Tunisie",False,6.1,HIGH
PRINTEMPS,MARCH,2-6 ans,LOW,False,Bizerte,REUNION_PARENTS,INDOOR,Reunion information parents,Rencontre d information et d echange avec les familles dans un cadre confortable.,"Maison de la Culture, Bizerte, Tunisie",False,1.6,HIGH
PRINTEMPS,APRIL,2-3 ans,MEDIUM,False,Bizerte,REUNION_PARENTS,INDOOR,Reunion information parents,Rencontre d information et d echange avec les familles dans un cadre confortable.,"Maison de la Culture, Bizerte, Tunisie",False,5.3,HIGH
PRINTEMPS,APRIL,4-5 ans,LOW,False,Bizerte,REUNION_PARENTS,INDOOR,Reunion information parents,Rencontre d information et d echange avec les familles dans un cadre confortable.,"Maison de la Culture, Bizerte, Tunisie",False,2.6,HIGH
PRINTEMPS,APRIL,2-6 ans,LOW,False,Bizerte,REUNION_PARENTS,INDOOR,Reunion information parents,Rencontre d information et d echange avec les familles dans un cadre confortable.,"Maison de la Culture, Bizerte, Tunisie",False,1.6,HIGH
PRINTEMPS,MAY,2-3 ans,MEDIUM,False,Bizerte,REUNION_PARENTS,INDOOR,Reunion information parents,Rencontre d information et d echange avec les familles dans un cadre confortable.,"Maison de la Culture, Bizerte, Tunisie",False,7.9,HIGH
PRINTEMPS,MAY,4-5 ans,LOW,False,Bizerte,REUNION_PARENTS,INDOOR,Reunion information parents,Rencontre d information et d echange avec les familles dans un cadre confortable.,"Maison de la Culture, Bizerte, Tunisie",False,1.7,HIGH
PRINTEMPS,MAY,2-6 ans,LOW,False,Bizerte,REUNION_PARENTS,INDOOR,Reunion information parents,Rencontre d information et d echange avec les familles dans un cadre confortable.,"Maison de la Culture, Bizerte, Tunisie",False,0.6,HIGH
ETE,JUNE,2-3 ans,MEDIUM,False,Bizerte,REUNION_PARENTS,INDOOR,Reunion information parents,Rencontre d information et d echange avec les familles dans un cadre confortable.,"Maison de la Culture, Bizerte, Tunisie",False,5.0,HIGH
ETE,JUNE,4-5 ans,MEDIUM,False,Bizerte,REUNION_PARENTS,INDOOR,Reunion information parents,Rencontre d information et d echange avec les familles dans un cadre confortable.,"Maison de la Culture, Bizerte, Tunisie",False,6.9,HIGH
ETE,JUNE,2-6 ans,MEDIUM,False,Bizerte,REUNION_PARENTS,INDOOR,Reunion information parents,Rencontre d information et d echange avec les familles dans un cadre confortable.,"Maison de la Culture, Bizerte, Tunisie",False,5.3,HIGH
ETE,JULY,2-3 ans,MEDIUM,False,Bizerte,REUNION_PARENTS,INDOOR,Reunion information parents,Rencontre d information et d echange avec les familles dans un cadre confortable.,"Maison de la Culture, Bizerte, Tunisie",False,4.5,HIGH
ETE,JULY,4-5 ans,LOW,False,Bizerte,REUNION_PARENTS,INDOOR,Reunion information parents,Rencontre d information et d echange avec les familles dans un cadre confortable.,"Maison de la Culture, Bizerte, Tunisie",False,2.1,HIGH
ETE,JULY,2-6 ans,LOW,False,Bizerte,REUNION_PARENTS,INDOOR,Reunion information parents,Rencontre d information et d echange avec les familles dans un cadre confortable.,"Maison de la Culture, Bizerte, Tunisie",False,1.4,HIGH
ETE,AUGUST,2-3 ans,MEDIUM,False,Bizerte,REUNION_PARENTS,INDOOR,Reunion information parents,Rencontre d information et d echange avec les familles dans un cadre confortable.,"Maison de la Culture, Bizerte, Tunisie",False,3.5,HIGH
ETE,AUGUST,4-5 ans,LOW,False,Bizerte,REUNION_PARENTS,INDOOR,Reunion information parents,Rencontre d information et d echange avec les familles dans un cadre confortable.,"Maison de la Culture, Bizerte, Tunisie",False,0.5,HIGH
ETE,AUGUST,2-6 ans,LOW,False,Bizerte,REUNION_PARENTS,INDOOR,Reunion information parents,Rencontre d information et d echange avec les familles dans un cadre confortable.,"Maison de la Culture, Bizerte, Tunisie",False,1.2,HIGH
AUTOMNE,SEPTEMBER,2-3 ans,MEDIUM,False,Bizerte,REUNION_PARENTS,INDOOR,Reunion information parents,Rencontre d information et d echange avec les familles dans un cadre confortable.,"Maison de la Culture, Bizerte, Tunisie",False,5.3,HIGH
AUTOMNE,SEPTEMBER,4-5 ans,LOW,False,Bizerte,REUNION_PARENTS,INDOOR,Reunion information parents,Rencontre d information et d echange avec les familles dans un cadre confortable.,"Maison de la Culture, Bizerte, Tunisie",False,1.4,HIGH
AUTOMNE,SEPTEMBER,2-6 ans,LOW,False,Bizerte,REUNION_PARENTS,INDOOR,Reunion information parents,Rencontre d information et d echange avec les familles dans un cadre confortable.,"Maison de la Culture, Bizerte, Tunisie",False,2.6,HIGH
AUTOMNE,OCTOBER,2-3 ans,LOW,False,Bizerte,REUNION_PARENTS,INDOOR,Reunion information parents,Rencontre d information et d echange avec les familles dans un cadre confortable.,"Maison de la Culture, Bizerte, Tunisie",False,0.8,HIGH
AUTOMNE,OCTOBER,4-5 ans,LOW,False,Bizerte,REUNION_PARENTS,INDOOR,Reunion information parents,Rencontre d information et d echange avec les familles dans un cadre confortable.,"Maison de la Culture, Bizerte, Tunisie",False,2.2,HIGH
AUTOMNE,OCTOBER,2-6 ans,LOW,False,Bizerte,REUNION_PARENTS,INDOOR,Reunion information parents,Rencontre d information et d echange avec les familles dans un cadre confortable.,"Maison de la Culture, Bizerte, Tunisie",False,0.3,HIGH
AUTOMNE,NOVEMBER,2-3 ans,MEDIUM,False,Bizerte,REUNION_PARENTS,INDOOR,Reunion information parents,Rencontre d information et d echange avec les familles dans un cadre confortable.,"Maison de la Culture, Bizerte, Tunisie",False,6.2,HIGH
AUTOMNE,NOVEMBER,4-5 ans,LOW,False,Bizerte,REUNION_PARENTS,INDOOR,Reunion information parents,Rencontre d information et d echange avec les familles dans un cadre confortable.,"Maison de la Culture, Bizerte, Tunisie",False,1.6,HIGH
AUTOMNE,NOVEMBER,2-6 ans,MEDIUM,False,Bizerte,REUNION_PARENTS,INDOOR,Reunion information parents,Rencontre d information et d echange avec les familles dans un cadre confortable.,"Maison de la Culture, Bizerte, Tunisie",False,6.6,HIGH
HIVER,DECEMBER,2-3 ans,LOW,False,Bizerte,REUNION_PARENTS,INDOOR,Reunion information parents,Rencontre d information et d echange avec les familles dans un cadre confortable.,"Maison de la Culture, Bizerte, Tunisie",False,1.1,HIGH
HIVER,DECEMBER,4-5 ans,MEDIUM,False,Bizerte,REUNION_PARENTS,INDOOR,Reunion information parents,Rencontre d information et d echange avec les familles dans un cadre confortable.,"Maison de la Culture, Bizerte, Tunisie",False,3.2,HIGH
HIVER,DECEMBER,2-6 ans,LOW,False,Bizerte,REUNION_PARENTS,INDOOR,Reunion information parents,Rencontre d information et d echange avec les familles dans un cadre confortable.,"Maison de la Culture, Bizerte, Tunisie",False,2.7,HIGH
HIVER,JANUARY,2-3 ans,LOW,False,Bizerte,REUNION_PARENTS,INDOOR,Reunion information parents,Rencontre d information et d echange avec les familles dans un cadre confortable.,"Maison de la Culture, Bizerte, Tunisie",False,0.5,HIGH
HIVER,JANUARY,4-5 ans,LOW,False,Bizerte,REUNION_PARENTS,INDOOR,Reunion information parents,Rencontre d information et d echange avec les familles dans un cadre confortable.,"Maison de la Culture, Bizerte, Tunisie",False,0.5,HIGH
HIVER,JANUARY,2-6 ans,LOW,False,Bizerte,REUNION_PARENTS,INDOOR,Reunion information parents,Rencontre d information et d echange avec les familles dans un cadre confortable.,"Maison de la Culture, Bizerte, Tunisie",False,1.3,HIGH
HIVER,FEBRUARY,2-3 ans,MEDIUM,False,Bizerte,REUNION_PARENTS,INDOOR,Reunion information parents,Rencontre d information et d echange avec les familles dans un cadre confortable.,"Maison de la Culture, Bizerte, Tunisie",False,6.7,HIGH
HIVER,FEBRUARY,4-5 ans,MEDIUM,False,Bizerte,REUNION_PARENTS,INDOOR,Reunion information parents,Rencontre d information et d echange avec les familles dans un cadre confortable.,"Maison de la Culture, Bizerte, Tunisie",False,4.4,HIGH
HIVER,FEBRUARY,2-6 ans,LOW,False,Bizerte,REUNION_PARENTS,INDOOR,Reunion information parents,Rencontre d information et d echange avec les familles dans un cadre confortable.,"Maison de la Culture, Bizerte, Tunisie",False,0.4,HIGH
PRINTEMPS,MARCH,2-6 ans,MEDIUM,True,Tunis,SORTIE,OUTDOOR,Visite educative a la Cite des Sciences,"Activite correcte mais avec quelques contraintes de budget, de distance ou d adequation contextuelle.","Cite des Sciences, Tunis",True,10.1,MEDIUM
ETE,JULY,4-5 ans,HIGH,True,Tunis,SORTIE,OUTDOOR,Visite educative a la Cite des Sciences,"Activite correcte mais avec quelques contraintes de budget, de distance ou d adequation contextuelle.","Cite des Sciences, Tunis",True,8.8,MEDIUM
AUTOMNE,NOVEMBER,4-5 ans,LOW,True,Tunis,SORTIE,OUTDOOR,Visite educative a la Cite des Sciences,"Activite correcte mais avec quelques contraintes de budget, de distance ou d adequation contextuelle.","Cite des Sciences, Tunis",True,20.2,MEDIUM
HIVER,FEBRUARY,4-5 ans,MEDIUM,True,Tunis,SORTIE,OUTDOOR,Visite educative a la Cite des Sciences,"Activite correcte mais avec quelques contraintes de budget, de distance ou d adequation contextuelle.","Cite des Sciences, Tunis",True,13.3,MEDIUM
PRINTEMPS,MARCH,2-6 ans,HIGH,True,Tunis,SORTIE,OUTDOOR,Sortie decouverte au Parc du Belvedere,"Activite correcte mais avec quelques contraintes de budget, de distance ou d adequation contextuelle.","Parc du Belvedere, Tunis",True,4.0,MEDIUM
ETE,AUGUST,4-5 ans,HIGH,True,Tunis,SORTIE,OUTDOOR,Sortie decouverte au Parc du Belvedere,"Activite correcte mais avec quelques contraintes de budget, de distance ou d adequation contextuelle.","Parc du Belvedere, Tunis",True,7.8,MEDIUM
AUTOMNE,SEPTEMBER,2-3 ans,LOW,True,Tunis,SORTIE,OUTDOOR,Sortie decouverte au Parc du Belvedere,"Activite correcte mais avec quelques contraintes de budget, de distance ou d adequation contextuelle.","Parc du Belvedere, Tunis",True,19.5,MEDIUM
HIVER,FEBRUARY,4-5 ans,LOW,True,Tunis,SORTIE,OUTDOOR,Sortie decouverte au Parc du Belvedere,"Activite correcte mais avec quelques contraintes de budget, de distance ou d adequation contextuelle.","Parc du Belvedere, Tunis",True,19.5,MEDIUM
PRINTEMPS,APRIL,2-3 ans,LOW,False,Tunis,ATELIER,INDOOR,Atelier sciences ludiques,"Activite correcte mais avec quelques contraintes de budget, de distance ou d adequation contextuelle.","Cite des Sciences, Tunis",False,15.8,MEDIUM
ETE,JUNE,2-3 ans,HIGH,False,Tunis,ATELIER,INDOOR,Atelier sciences ludiques,"Activite correcte mais avec quelques contraintes de budget, de distance ou d adequation contextuelle.","Cite des Sciences, Tunis",False,4.4,MEDIUM
AUTOMNE,NOVEMBER,2-6 ans,HIGH,False,Tunis,ATELIER,INDOOR,Atelier sciences ludiques,"Activite correcte mais avec quelques contraintes de budget, de distance ou d adequation contextuelle.","Cite des Sciences, Tunis",False,6.0,MEDIUM
HIVER,FEBRUARY,2-3 ans,MEDIUM,False,Tunis,ATELIER,INDOOR,Atelier sciences ludiques,"Activite correcte mais avec quelques contraintes de budget, de distance ou d adequation contextuelle.","Cite des Sciences, Tunis",False,13.2,MEDIUM
PRINTEMPS,APRIL,2-3 ans,LOW,False,Tunis,ATELIER,INDOOR,Atelier creatif en salle,"Activite correcte mais avec quelques contraintes de budget, de distance ou d adequation contextuelle.","Maison de la Culture Ibn Rachiq, Tunis",False,20.4,MEDIUM
ETE,JULY,4-5 ans,MEDIUM,False,Tunis,ATELIER,INDOOR,Atelier creatif en salle,"Activite correcte mais avec quelques contraintes de budget, de distance ou d adequation contextuelle.","Maison de la Culture Ibn Rachiq, Tunis",False,13.7,MEDIUM
AUTOMNE,OCTOBER,2-6 ans,LOW,False,Tunis,ATELIER,INDOOR,Atelier creatif en salle,"Activite correcte mais avec quelques contraintes de budget, de distance ou d adequation contextuelle.","Maison de la Culture Ibn Rachiq, Tunis",False,17.0,MEDIUM
HIVER,DECEMBER,2-3 ans,HIGH,False,Tunis,ATELIER,INDOOR,Atelier creatif en salle,"Activite correcte mais avec quelques contraintes de budget, de distance ou d adequation contextuelle.","Maison de la Culture Ibn Rachiq, Tunis",False,7.3,MEDIUM
PRINTEMPS,MAY,2-3 ans,HIGH,True,Tunis,ACTIVITE,OUTDOOR,Jeux d observation au parc,"Activite correcte mais avec quelques contraintes de budget, de distance ou d adequation contextuelle.","Parc du Belvedere, Tunis",False,3.0,MEDIUM
ETE,JUNE,2-3 ans,HIGH,True,Tunis,ACTIVITE,OUTDOOR,Jeux d observation au parc,"Activite correcte mais avec quelques contraintes de budget, de distance ou d adequation contextuelle.","Parc du Belvedere, Tunis",False,5.6,MEDIUM
AUTOMNE,NOVEMBER,2-6 ans,LOW,True,Tunis,ACTIVITE,OUTDOOR,Jeux d observation au parc,"Activite correcte mais avec quelques contraintes de budget, de distance ou d adequation contextuelle.","Parc du Belvedere, Tunis",False,16.4,MEDIUM
HIVER,FEBRUARY,2-6 ans,HIGH,True,Tunis,ACTIVITE,OUTDOOR,Jeux d observation au parc,"Activite correcte mais avec quelques contraintes de budget, de distance ou d adequation contextuelle.","Parc du Belvedere, Tunis",False,3.4,MEDIUM
PRINTEMPS,MAY,4-5 ans,MEDIUM,True,Tunis,ACTIVITE,OUTDOOR,Activite artistique en interieur,"Activite correcte mais avec quelques contraintes de budget, de distance ou d adequation contextuelle.","Maison de la Culture Ibn Rachiq, Tunis",False,10.2,MEDIUM
ETE,AUGUST,4-5 ans,LOW,True,Tunis,ACTIVITE,OUTDOOR,Activite artistique en interieur,"Activite correcte mais avec quelques contraintes de budget, de distance ou d adequation contextuelle.","Maison de la Culture Ibn Rachiq, Tunis",False,17.3,MEDIUM
AUTOMNE,OCTOBER,2-6 ans,HIGH,True,Tunis,ACTIVITE,OUTDOOR,Activite artistique en interieur,"Activite correcte mais avec quelques contraintes de budget, de distance ou d adequation contextuelle.","Maison de la Culture Ibn Rachiq, Tunis",False,5.2,MEDIUM
HIVER,JANUARY,2-3 ans,HIGH,True,Tunis,ACTIVITE,OUTDOOR,Activite artistique en interieur,"Activite correcte mais avec quelques contraintes de budget, de distance ou d adequation contextuelle.","Maison de la Culture Ibn Rachiq, Tunis",False,3.2,MEDIUM
PRINTEMPS,MARCH,2-3 ans,LOW,False,Tunis,FETE,INDOOR,Fete a theme en salle,"Activite correcte mais avec quelques contraintes de budget, de distance ou d adequation contextuelle.","Maison de la Culture Ibn Rachiq, Tunis",False,22.6,MEDIUM
ETE,JUNE,2-6 ans,LOW,False,Tunis,FETE,INDOOR,Fete a theme en salle,"Activite correcte mais avec quelques contraintes de budget, de distance ou d adequation contextuelle.","Maison de la Culture Ibn Rachiq, Tunis",False,26.0,MEDIUM
AUTOMNE,OCTOBER,4-5 ans,LOW,False,Tunis,FETE,INDOOR,Fete a theme en salle,"Activite correcte mais avec quelques contraintes de budget, de distance ou d adequation contextuelle.","Maison de la Culture Ibn Rachiq, Tunis",False,21.3,MEDIUM
HIVER,FEBRUARY,2-6 ans,LOW,False,Tunis,FETE,INDOOR,Fete a theme en salle,"Activite correcte mais avec quelques contraintes de budget, de distance ou d adequation contextuelle.","Maison de la Culture Ibn Rachiq, Tunis",False,18.1,MEDIUM
PRINTEMPS,MARCH,2-6 ans,MEDIUM,False,Tunis,FETE,INDOOR,Fete de saison en plein air,"Activite correcte mais avec quelques contraintes de budget, de distance ou d adequation contextuelle.","Parc Ennahli, Ariana",False,12.0,MEDIUM
ETE,JUNE,4-5 ans,MEDIUM,False,Tunis,FETE,INDOOR,Fete de saison en plein air,"Activite correcte mais avec quelques contraintes de budget, de distance ou d adequation contextuelle.","Parc Ennahli, Ariana",False,14.1,MEDIUM
AUTOMNE,OCTOBER,2-3 ans,LOW,False,Tunis,FETE,INDOOR,Fete de saison en plein air,"Activite correcte mais avec quelques contraintes de budget, de distance ou d adequation contextuelle.","Parc Ennahli, Ariana",False,24.9,MEDIUM
HIVER,JANUARY,4-5 ans,HIGH,False,Tunis,FETE,INDOOR,Fete de saison en plein air,"Activite correcte mais avec quelques contraintes de budget, de distance ou d adequation contextuelle.","Parc Ennahli, Ariana",False,7.8,MEDIUM
PRINTEMPS,MARCH,4-5 ans,MEDIUM,False,Tunis,REUNION_PARENTS,INDOOR,Rencontre parents educateurs,"Activite correcte mais avec quelques contraintes de budget, de distance ou d adequation contextuelle.","Maison de la Culture Ibn Rachiq, Tunis",False,7.6,MEDIUM
ETE,JULY,4-5 ans,LOW,False,Tunis,REUNION_PARENTS,INDOOR,Rencontre parents educateurs,"Activite correcte mais avec quelques contraintes de budget, de distance ou d adequation contextuelle.","Maison de la Culture Ibn Rachiq, Tunis",False,12.5,MEDIUM
AUTOMNE,OCTOBER,2-3 ans,HIGH,False,Tunis,REUNION_PARENTS,INDOOR,Rencontre parents educateurs,"Activite correcte mais avec quelques contraintes de budget, de distance ou d adequation contextuelle.","Maison de la Culture Ibn Rachiq, Tunis",False,1.4,MEDIUM
HIVER,FEBRUARY,4-5 ans,MEDIUM,False,Tunis,REUNION_PARENTS,INDOOR,Rencontre parents educateurs,"Activite correcte mais avec quelques contraintes de budget, de distance ou d adequation contextuelle.","Maison de la Culture Ibn Rachiq, Tunis",False,6.9,MEDIUM
PRINTEMPS,APRIL,2-6 ans,LOW,False,Tunis,REUNION_PARENTS,INDOOR,Reunion d information parents,"Activite correcte mais avec quelques contraintes de budget, de distance ou d adequation contextuelle.","Centre culturel municipal, Tunis",False,13.8,MEDIUM
ETE,JULY,2-6 ans,HIGH,False,Tunis,REUNION_PARENTS,INDOOR,Reunion d information parents,"Activite correcte mais avec quelques contraintes de budget, de distance ou d adequation contextuelle.","Centre culturel municipal, Tunis",False,2.0,MEDIUM
AUTOMNE,NOVEMBER,2-6 ans,LOW,False,Tunis,REUNION_PARENTS,INDOOR,Reunion d information parents,"Activite correcte mais avec quelques contraintes de budget, de distance ou d adequation contextuelle.","Centre culturel municipal, Tunis",False,9.5,MEDIUM
HIVER,FEBRUARY,4-5 ans,MEDIUM,False,Tunis,REUNION_PARENTS,INDOOR,Reunion d information parents,"Activite correcte mais avec quelques contraintes de budget, de distance ou d adequation contextuelle.","Centre culturel municipal, Tunis",False,3.3,MEDIUM
PRINTEMPS,MARCH,4-5 ans,MEDIUM,True,Ariana,SORTIE,OUTDOOR,Sortie nature au Parc Ennahli,"Activite correcte mais avec quelques contraintes de budget, de distance ou d adequation contextuelle.","Parc Ennahli, Ariana",True,15.0,MEDIUM
ETE,JUNE,2-6 ans,HIGH,True,Ariana,SORTIE,OUTDOOR,Sortie nature au Parc Ennahli,"Activite correcte mais avec quelques contraintes de budget, de distance ou d adequation contextuelle.","Parc Ennahli, Ariana",True,6.3,MEDIUM
AUTOMNE,NOVEMBER,2-3 ans,MEDIUM,True,Ariana,SORTIE,OUTDOOR,Sortie nature au Parc Ennahli,"Activite correcte mais avec quelques contraintes de budget, de distance ou d adequation contextuelle.","Parc Ennahli, Ariana",True,15.6,MEDIUM
HIVER,JANUARY,2-6 ans,LOW,True,Ariana,SORTIE,OUTDOOR,Sortie nature au Parc Ennahli,"Activite correcte mais avec quelques contraintes de budget, de distance ou d adequation contextuelle.","Parc Ennahli, Ariana",True,20.7,MEDIUM
PRINTEMPS,MARCH,4-5 ans,LOW,True,Ariana,SORTIE,OUTDOOR,Balade educative au parc urbain,"Activite correcte mais avec quelques contraintes de budget, de distance ou d adequation contextuelle.","Parc Urbain Nahli, Ariana",True,21.7,MEDIUM
ETE,JULY,2-3 ans,HIGH,True,Ariana,SORTIE,OUTDOOR,Balade educative au parc urbain,"Activite correcte mais avec quelques contraintes de budget, de distance ou d adequation contextuelle.","Parc Urbain Nahli, Ariana",True,5.8,MEDIUM
AUTOMNE,SEPTEMBER,4-5 ans,LOW,True,Ariana,SORTIE,OUTDOOR,Balade educative au parc urbain,"Activite correcte mais avec quelques contraintes de budget, de distance ou d adequation contextuelle.","Parc Urbain Nahli, Ariana",True,25.8,MEDIUM
HIVER,DECEMBER,4-5 ans,HIGH,True,Ariana,SORTIE,OUTDOOR,Balade educative au parc urbain,"Activite correcte mais avec quelques contraintes de budget, de distance ou d adequation contextuelle.","Parc Urbain Nahli, Ariana",True,4.1,MEDIUM
PRINTEMPS,MARCH,4-5 ans,MEDIUM,False,Ariana,ATELIER,INDOOR,Atelier sciences en petit groupe,"Activite correcte mais avec quelques contraintes de budget, de distance ou d adequation contextuelle.","Cite des Sciences, Tunis",False,13.1,MEDIUM
ETE,AUGUST,4-5 ans,MEDIUM,False,Ariana,ATELIER,INDOOR,Atelier sciences en petit groupe,"Activite correcte mais avec quelques contraintes de budget, de distance ou d adequation contextuelle.","Cite des Sciences, Tunis",False,9.0,MEDIUM
AUTOMNE,SEPTEMBER,2-6 ans,HIGH,False,Ariana,ATELIER,INDOOR,Atelier sciences en petit groupe,"Activite correcte mais avec quelques contraintes de budget, de distance ou d adequation contextuelle.","Cite des Sciences, Tunis",False,8.0,MEDIUM
HIVER,DECEMBER,2-6 ans,LOW,False,Ariana,ATELIER,INDOOR,Atelier sciences en petit groupe,"Activite correcte mais avec quelques contraintes de budget, de distance ou d adequation contextuelle.","Cite des Sciences, Tunis",False,18.2,MEDIUM
PRINTEMPS,MAY,2-6 ans,LOW,False,Ariana,ATELIER,INDOOR,Atelier peinture et collage,"Activite correcte mais avec quelques contraintes de budget, de distance ou d adequation contextuelle.","Maison de la Culture, Ariana",False,15.0,MEDIUM
ETE,JUNE,2-6 ans,HIGH,False,Ariana,ATELIER,INDOOR,Atelier peinture et collage,"Activite correcte mais avec quelques contraintes de budget, de distance ou d adequation contextuelle.","Maison de la Culture, Ariana",False,7.4,MEDIUM
AUTOMNE,OCTOBER,4-5 ans,LOW,False,Ariana,ATELIER,INDOOR,Atelier peinture et collage,"Activite correcte mais avec quelques contraintes de budget, de distance ou d adequation contextuelle.","Maison de la Culture, Ariana",False,15.7,MEDIUM
HIVER,FEBRUARY,2-6 ans,MEDIUM,False,Ariana,ATELIER,INDOOR,Atelier peinture et collage,"Activite correcte mais avec quelques contraintes de budget, de distance ou d adequation contextuelle.","Maison de la Culture, Ariana",False,8.2,MEDIUM
PRINTEMPS,APRIL,2-3 ans,LOW,True,Ariana,ACTIVITE,OUTDOOR,Activite manuelle encadree,"Activite correcte mais avec quelques contraintes de budget, de distance ou d adequation contextuelle.","Maison de la Culture, Ariana",False,15.0,MEDIUM
ETE,AUGUST,4-5 ans,MEDIUM,True,Ariana,ACTIVITE,OUTDOOR,Activite manuelle encadree,"Activite correcte mais avec quelques contraintes de budget, de distance ou d adequation contextuelle.","Maison de la Culture, Ariana",False,11.0,MEDIUM
AUTOMNE,OCTOBER,2-3 ans,LOW,True,Ariana,ACTIVITE,OUTDOOR,Activite manuelle encadree,"Activite correcte mais avec quelques contraintes de budget, de distance ou d adequation contextuelle.","Maison de la Culture, Ariana",False,14.9,MEDIUM
HIVER,DECEMBER,2-6 ans,HIGH,True,Ariana,ACTIVITE,OUTDOOR,Activite manuelle encadree,"Activite correcte mais avec quelques contraintes de budget, de distance ou d adequation contextuelle.","Maison de la Culture, Ariana",False,4.6,MEDIUM
PRINTEMPS,MARCH,2-6 ans,MEDIUM,True,Ariana,ACTIVITE,OUTDOOR,Parcours moteur au parc,"Activite correcte mais avec quelques contraintes de budget, de distance ou d adequation contextuelle.","Parc Ennahli, Ariana",False,10.3,MEDIUM
ETE,JULY,2-3 ans,HIGH,True,Ariana,ACTIVITE,OUTDOOR,Parcours moteur au parc,"Activite correcte mais avec quelques contraintes de budget, de distance ou d adequation contextuelle.","Parc Ennahli, Ariana",False,6.0,MEDIUM
AUTOMNE,NOVEMBER,2-3 ans,LOW,True,Ariana,ACTIVITE,OUTDOOR,Parcours moteur au parc,"Activite correcte mais avec quelques contraintes de budget, de distance ou d adequation contextuelle.","Parc Ennahli, Ariana",False,13.5,MEDIUM
HIVER,FEBRUARY,4-5 ans,HIGH,True,Ariana,ACTIVITE,OUTDOOR,Parcours moteur au parc,"Activite correcte mais avec quelques contraintes de budget, de distance ou d adequation contextuelle.","Parc Ennahli, Ariana",False,4.2,MEDIUM
PRINTEMPS,APRIL,2-6 ans,LOW,False,Ariana,FETE,INDOOR,Fete des couleurs au parc,"Activite correcte mais avec quelques contraintes de budget, de distance ou d adequation contextuelle.","Parc Ennahli, Ariana",False,19.1,MEDIUM
ETE,JUNE,2-3 ans,MEDIUM,False,Ariana,FETE,INDOOR,Fete des couleurs au parc,"Activite correcte mais avec quelques contraintes de budget, de distance ou d adequation contextuelle.","Parc Ennahli, Ariana",False,13.1,MEDIUM
AUTOMNE,NOVEMBER,2-6 ans,HIGH,False,Ariana,FETE,INDOOR,Fete des couleurs au parc,"Activite correcte mais avec quelques contraintes de budget, de distance ou d adequation contextuelle.","Parc Ennahli, Ariana",False,8.1,MEDIUM
HIVER,FEBRUARY,2-6 ans,MEDIUM,False,Ariana,FETE,INDOOR,Fete des couleurs au parc,"Activite correcte mais avec quelques contraintes de budget, de distance ou d adequation contextuelle.","Parc Ennahli, Ariana",False,14.9,MEDIUM
PRINTEMPS,APRIL,4-5 ans,LOW,False,Ariana,FETE,INDOOR,Fete de fin de trimestre,"Activite correcte mais avec quelques contraintes de budget, de distance ou d adequation contextuelle.","Maison de la Culture, Ariana",False,25.1,MEDIUM
ETE,AUGUST,2-6 ans,LOW,False,Ariana,FETE,INDOOR,Fete de fin de trimestre,"Activite correcte mais avec quelques contraintes de budget, de distance ou d adequation contextuelle.","Maison de la Culture, Ariana",False,27.7,MEDIUM
AUTOMNE,OCTOBER,2-6 ans,LOW,False,Ariana,FETE,INDOOR,Fete de fin de trimestre,"Activite correcte mais avec quelques contraintes de budget, de distance ou d adequation contextuelle.","Maison de la Culture, Ariana",False,18.9,MEDIUM
HIVER,FEBRUARY,4-5 ans,LOW,False,Ariana,FETE,INDOOR,Fete de fin de trimestre,"Activite correcte mais avec quelques contraintes de budget, de distance ou d adequation contextuelle.","Maison de la Culture, Ariana",False,22.6,MEDIUM
PRINTEMPS,APRIL,2-3 ans,LOW,False,Ariana,REUNION_PARENTS,INDOOR,Echange avec les familles,"Activite correcte mais avec quelques contraintes de budget, de distance ou d adequation contextuelle.","Maison de la Culture, Ariana",False,9.0,MEDIUM
ETE,AUGUST,4-5 ans,MEDIUM,False,Ariana,REUNION_PARENTS,INDOOR,Echange avec les familles,"Activite correcte mais avec quelques contraintes de budget, de distance ou d adequation contextuelle.","Maison de la Culture, Ariana",False,5.0,MEDIUM
AUTOMNE,NOVEMBER,2-6 ans,MEDIUM,False,Ariana,REUNION_PARENTS,INDOOR,Echange avec les familles,"Activite correcte mais avec quelques contraintes de budget, de distance ou d adequation contextuelle.","Maison de la Culture, Ariana",False,6.9,MEDIUM
HIVER,JANUARY,4-5 ans,MEDIUM,False,Ariana,REUNION_PARENTS,INDOOR,Echange avec les familles,"Activite correcte mais avec quelques contraintes de budget, de distance ou d adequation contextuelle.","Maison de la Culture, Ariana",False,3.2,MEDIUM
PRINTEMPS,APRIL,4-5 ans,MEDIUM,True,Sousse,SORTIE,OUTDOOR,Sortie jeux d eau surveilles,"Activite correcte mais avec quelques contraintes de budget, de distance ou d adequation contextuelle.","AquaSplash Thalassa Sousse, Sousse",True,16.8,MEDIUM
ETE,JULY,4-5 ans,HIGH,True,Sousse,SORTIE,OUTDOOR,Sortie jeux d eau surveilles,"Activite correcte mais avec quelques contraintes de budget, de distance ou d adequation contextuelle.","AquaSplash Thalassa Sousse, Sousse",True,7.4,MEDIUM
AUTOMNE,NOVEMBER,2-3 ans,MEDIUM,True,Sousse,SORTIE,OUTDOOR,Sortie jeux d eau surveilles,"Activite correcte mais avec quelques contraintes de budget, de distance ou d adequation contextuelle.","AquaSplash Thalassa Sousse, Sousse",True,16.5,MEDIUM
HIVER,DECEMBER,4-5 ans,HIGH,True,Sousse,SORTIE,OUTDOOR,Sortie jeux d eau surveilles,"Activite correcte mais avec quelques contraintes de budget, de distance ou d adequation contextuelle.","AquaSplash Thalassa Sousse, Sousse",True,7.9,MEDIUM
PRINTEMPS,APRIL,2-6 ans,MEDIUM,True,Sousse,SORTIE,OUTDOOR,Sortie decouverte bord de mer,"Activite correcte mais avec quelques contraintes de budget, de distance ou d adequation contextuelle.","Plage de Boujaafar, Sousse",True,13.2,MEDIUM
ETE,JULY,2-3 ans,HIGH,True,Sousse,SORTIE,OUTDOOR,Sortie decouverte bord de mer,"Activite correcte mais avec quelques contraintes de budget, de distance ou d adequation contextuelle.","Plage de Boujaafar, Sousse",True,5.5,MEDIUM
AUTOMNE,SEPTEMBER,4-5 ans,MEDIUM,True,Sousse,SORTIE,OUTDOOR,Sortie decouverte bord de mer,"Activite correcte mais avec quelques contraintes de budget, de distance ou d adequation contextuelle.","Plage de Boujaafar, Sousse",True,10.5,MEDIUM
HIVER,DECEMBER,2-6 ans,HIGH,True,Sousse,SORTIE,OUTDOOR,Sortie decouverte bord de mer,"Activite correcte mais avec quelques contraintes de budget, de distance ou d adequation contextuelle.","Plage de Boujaafar, Sousse",True,6.6,MEDIUM
PRINTEMPS,MAY,2-6 ans,LOW,False,Sousse,ATELIER,INDOOR,Atelier contes et marionnettes,"Activite correcte mais avec quelques contraintes de budget, de distance ou d adequation contextuelle.","Maison de la Culture, Sousse",False,16.2,MEDIUM
ETE,AUGUST,2-3 ans,HIGH,False,Sousse,ATELIER,INDOOR,Atelier contes et marionnettes,"Activite correcte mais avec quelques contraintes de budget, de distance ou d adequation contextuelle.","Maison de la Culture, Sousse",False,7.7,MEDIUM
AUTOMNE,NOVEMBER,4-5 ans,LOW,False,Sousse,ATELIER,INDOOR,Atelier contes et marionnettes,"Activite correcte mais avec quelques contraintes de budget, de distance ou d adequation contextuelle.","Maison de la Culture, Sousse",False,19.1,MEDIUM
HIVER,JANUARY,4-5 ans,HIGH,False,Sousse,ATELIER,INDOOR,Atelier contes et marionnettes,"Activite correcte mais avec quelques contraintes de budget, de distance ou d adequation contextuelle.","Maison de la Culture, Sousse",False,3.5,MEDIUM
PRINTEMPS,APRIL,2-3 ans,MEDIUM,False,Sousse,ATELIER,INDOOR,Atelier expression artistique,"Activite correcte mais avec quelques contraintes de budget, de distance ou d adequation contextuelle.","Complexe culturel de Sousse, Sousse",False,14.7,MEDIUM
ETE,JUNE,2-6 ans,LOW,False,Sousse,ATELIER,INDOOR,Atelier expression artistique,"Activite correcte mais avec quelques contraintes de budget, de distance ou d adequation contextuelle.","Complexe culturel de Sousse, Sousse",False,19.8,MEDIUM
AUTOMNE,NOVEMBER,4-5 ans,MEDIUM,False,Sousse,ATELIER,INDOOR,Atelier expression artistique,"Activite correcte mais avec quelques contraintes de budget, de distance ou d adequation contextuelle.","Complexe culturel de Sousse, Sousse",False,11.5,MEDIUM
HIVER,FEBRUARY,2-3 ans,LOW,False,Sousse,ATELIER,INDOOR,Atelier expression artistique,"Activite correcte mais avec quelques contraintes de budget, de distance ou d adequation contextuelle.","Complexe culturel de Sousse, Sousse",False,16.5,MEDIUM
PRINTEMPS,MARCH,2-6 ans,LOW,True,Sousse,ACTIVITE,OUTDOOR,Jeux collectifs au parc,"Activite correcte mais avec quelques contraintes de budget, de distance ou d adequation contextuelle.","Parc Hannibal, Sousse",False,16.2,MEDIUM
ETE,JULY,4-5 ans,HIGH,True,Sousse,ACTIVITE,OUTDOOR,Jeux collectifs au parc,"Activite correcte mais avec quelques contraintes de budget, de distance ou d adequation contextuelle.","Parc Hannibal, Sousse",False,4.9,MEDIUM
AUTOMNE,SEPTEMBER,2-3 ans,HIGH,True,Sousse,ACTIVITE,OUTDOOR,Jeux collectifs au parc,"Activite correcte mais avec quelques contraintes de budget, de distance ou d adequation contextuelle.","Parc Hannibal, Sousse",False,6.4,MEDIUM
HIVER,JANUARY,2-6 ans,HIGH,True,Sousse,ACTIVITE,OUTDOOR,Jeux collectifs au parc,"Activite correcte mais avec quelques contraintes de budget, de distance ou d adequation contextuelle.","Parc Hannibal, Sousse",False,3.5,MEDIUM
PRINTEMPS,APRIL,2-6 ans,MEDIUM,True,Sousse,ACTIVITE,OUTDOOR,Activites sable et motricite,"Activite correcte mais avec quelques contraintes de budget, de distance ou d adequation contextuelle.","Plage de Boujaafar, Sousse",False,12.9,MEDIUM
ETE,AUGUST,2-3 ans,HIGH,True,Sousse,ACTIVITE,OUTDOOR,Activites sable et motricite,"Activite correcte mais avec quelques contraintes de budget, de distance ou d adequation contextuelle.","Plage de Boujaafar, Sousse",False,6.9,MEDIUM
AUTOMNE,OCTOBER,2-3 ans,MEDIUM,True,Sousse,ACTIVITE,OUTDOOR,Activites sable et motricite,"Activite correcte mais avec quelques contraintes de budget, de distance ou d adequation contextuelle.","Plage de Boujaafar, Sousse",False,7.4,MEDIUM
HIVER,FEBRUARY,2-3 ans,LOW,True,Sousse,ACTIVITE,OUTDOOR,Activites sable et motricite,"Activite correcte mais avec quelques contraintes de budget, de distance ou d adequation contextuelle.","Plage de Boujaafar, Sousse",False,17.9,MEDIUM
PRINTEMPS,APRIL,2-3 ans,LOW,False,Sousse,FETE,INDOOR,Fete musicale en interieur,"Activite correcte mais avec quelques contraintes de budget, de distance ou d adequation contextuelle.","Maison de la Culture, Sousse",False,22.3,MEDIUM
ETE,AUGUST,4-5 ans,HIGH,False,Sousse,FETE,INDOOR,Fete musicale en interieur,"Activite correcte mais avec quelques contraintes de budget, de distance ou d adequation contextuelle.","Maison de la Culture, Sousse",False,6.6,MEDIUM
AUTOMNE,OCTOBER,4-5 ans,MEDIUM,False,Sousse,FETE,INDOOR,Fete musicale en interieur,"Activite correcte mais avec quelques contraintes de budget, de distance ou d adequation contextuelle.","Maison de la Culture, Sousse",False,13.5,MEDIUM
HIVER,DECEMBER,2-6 ans,LOW,False,Sousse,FETE,INDOOR,Fete musicale en interieur,"Activite correcte mais avec quelques contraintes de budget, de distance ou d adequation contextuelle.","Maison de la Culture, Sousse",False,22.7,MEDIUM
PRINTEMPS,MARCH,2-6 ans,MEDIUM,False,Sousse,FETE,INDOOR,Fete saisonniere au parc,"Activite correcte mais avec quelques contraintes de budget, de distance ou d adequation contextuelle.","Parc Hannibal, Sousse",False,16.7,MEDIUM
ETE,JULY,4-5 ans,LOW,False,Sousse,FETE,INDOOR,Fete saisonniere au parc,"Activite correcte mais avec quelques contraintes de budget, de distance ou d adequation contextuelle.","Parc Hannibal, Sousse",False,20.9,MEDIUM
AUTOMNE,NOVEMBER,2-3 ans,LOW,False,Sousse,FETE,INDOOR,Fete saisonniere au parc,"Activite correcte mais avec quelques contraintes de budget, de distance ou d adequation contextuelle.","Parc Hannibal, Sousse",False,18.1,MEDIUM
HIVER,FEBRUARY,2-3 ans,LOW,False,Sousse,FETE,INDOOR,Fete saisonniere au parc,"Activite correcte mais avec quelques contraintes de budget, de distance ou d adequation contextuelle.","Parc Hannibal, Sousse",False,25.2,MEDIUM
PRINTEMPS,MAY,4-5 ans,LOW,False,Sousse,REUNION_PARENTS,INDOOR,Reunion pedagogique parents,"Activite correcte mais avec quelques contraintes de budget, de distance ou d adequation contextuelle.","Maison de la Culture, Sousse",False,8.6,MEDIUM
ETE,AUGUST,4-5 ans,MEDIUM,False,Sousse,REUNION_PARENTS,INDOOR,Reunion pedagogique parents,"Activite correcte mais avec quelques contraintes de budget, de distance ou d adequation contextuelle.","Maison de la Culture, Sousse",False,7.5,MEDIUM
AUTOMNE,NOVEMBER,2-6 ans,MEDIUM,False,Sousse,REUNION_PARENTS,INDOOR,Reunion pedagogique parents,"Activite correcte mais avec quelques contraintes de budget, de distance ou d adequation contextuelle.","Maison de la Culture, Sousse",False,6.1,MEDIUM
HIVER,JANUARY,2-6 ans,MEDIUM,False,Sousse,REUNION_PARENTS,INDOOR,Reunion pedagogique parents,"Activite correcte mais avec quelques contraintes de budget, de distance ou d adequation contextuelle.","Maison de la Culture, Sousse",False,5.8,MEDIUM
PRINTEMPS,APRIL,2-3 ans,LOW,True,Sfax,SORTIE,OUTDOOR,Sortie loisirs et observation,"Activite correcte mais avec quelques contraintes de budget, de distance ou d adequation contextuelle.","Ain Park, Sfax",True,22.2,MEDIUM
ETE,JUNE,2-6 ans,MEDIUM,True,Sfax,SORTIE,OUTDOOR,Sortie loisirs et observation,"Activite correcte mais avec quelques contraintes de budget, de distance ou d adequation contextuelle.","Ain Park, Sfax",True,16.8,MEDIUM
AUTOMNE,SEPTEMBER,2-6 ans,HIGH,True,Sfax,SORTIE,OUTDOOR,Sortie loisirs et observation,"Activite correcte mais avec quelques contraintes de budget, de distance ou d adequation contextuelle.","Ain Park, Sfax",True,5.6,MEDIUM
HIVER,FEBRUARY,2-6 ans,MEDIUM,True,Sfax,SORTIE,OUTDOOR,Sortie loisirs et observation,"Activite correcte mais avec quelques contraintes de budget, de distance ou d adequation contextuelle.","Ain Park, Sfax",True,10.3,MEDIUM
PRINTEMPS,MARCH,2-6 ans,MEDIUM,True,Sfax,SORTIE,OUTDOOR,Visite culturelle encadree,"Activite correcte mais avec quelques contraintes de budget, de distance ou d adequation contextuelle.","Musee Archeologique de Sfax, Sfax",True,15.6,MEDIUM
ETE,JUNE,2-6 ans,MEDIUM,True,Sfax,SORTIE,OUTDOOR,Visite culturelle encadree,"Activite correcte mais avec quelques contraintes de budget, de distance ou d adequation contextuelle.","Musee Archeologique de Sfax, Sfax",True,17.7,MEDIUM
AUTOMNE,SEPTEMBER,2-3 ans,HIGH,True,Sfax,SORTIE,OUTDOOR,Visite culturelle encadree,"Activite correcte mais avec quelques contraintes de budget, de distance ou d adequation contextuelle.","Musee Archeologique de Sfax, Sfax",True,8.4,MEDIUM
HIVER,JANUARY,4-5 ans,HIGH,True,Sfax,SORTIE,OUTDOOR,Visite culturelle encadree,"Activite correcte mais avec quelques contraintes de budget, de distance ou d adequation contextuelle.","Musee Archeologique de Sfax, Sfax",True,4.5,MEDIUM
PRINTEMPS,APRIL,2-6 ans,HIGH,False,Sfax,ATELIER,INDOOR,Atelier musique et rythme,"Activite correcte mais avec quelques contraintes de budget, de distance ou d adequation contextuelle.","Centre culturel Mohamed Jamoussi, Sfax",False,6.3,MEDIUM
ETE,AUGUST,2-3 ans,HIGH,False,Sfax,ATELIER,INDOOR,Atelier musique et rythme,"Activite correcte mais avec quelques contraintes de budget, de distance ou d adequation contextuelle.","Centre culturel Mohamed Jamoussi, Sfax",False,6.2,MEDIUM
AUTOMNE,NOVEMBER,4-5 ans,HIGH,False,Sfax,ATELIER,INDOOR,Atelier musique et rythme,"Activite correcte mais avec quelques contraintes de budget, de distance ou d adequation contextuelle.","Centre culturel Mohamed Jamoussi, Sfax",False,3.3,MEDIUM
HIVER,JANUARY,2-6 ans,LOW,False,Sfax,ATELIER,INDOOR,Atelier musique et rythme,"Activite correcte mais avec quelques contraintes de budget, de distance ou d adequation contextuelle.","Centre culturel Mohamed Jamoussi, Sfax",False,18.3,MEDIUM
PRINTEMPS,MAY,4-5 ans,HIGH,False,Sfax,ATELIER,INDOOR,Atelier coloriage et decoupage,"Activite correcte mais avec quelques contraintes de budget, de distance ou d adequation contextuelle.","Maison de la Culture, Sfax",False,6.7,MEDIUM
ETE,JULY,4-5 ans,MEDIUM,False,Sfax,ATELIER,INDOOR,Atelier coloriage et decoupage,"Activite correcte mais avec quelques contraintes de budget, de distance ou d adequation contextuelle.","Maison de la Culture, Sfax",False,10.0,MEDIUM
AUTOMNE,SEPTEMBER,2-6 ans,HIGH,False,Sfax,ATELIER,INDOOR,Atelier coloriage et decoupage,"Activite correcte mais avec quelques contraintes de budget, de distance ou d adequation contextuelle.","Maison de la Culture, Sfax",False,6.7,MEDIUM
HIVER,FEBRUARY,2-6 ans,MEDIUM,False,Sfax,ATELIER,INDOOR,Atelier coloriage et decoupage,"Activite correcte mais avec quelques contraintes de budget, de distance ou d adequation contextuelle.","Maison de la Culture, Sfax",False,8.4,MEDIUM
PRINTEMPS,MAY,2-3 ans,HIGH,True,Sfax,ACTIVITE,OUTDOOR,Activite de groupe en exterieur,"Activite correcte mais avec quelques contraintes de budget, de distance ou d adequation contextuelle.","Ain Park, Sfax",False,7.0,MEDIUM
ETE,AUGUST,2-6 ans,LOW,True,Sfax,ACTIVITE,OUTDOOR,Activite de groupe en exterieur,"Activite correcte mais avec quelques contraintes de budget, de distance ou d adequation contextuelle.","Ain Park, Sfax",False,15.0,MEDIUM
AUTOMNE,SEPTEMBER,2-3 ans,HIGH,True,Sfax,ACTIVITE,OUTDOOR,Activite de groupe en exterieur,"Activite correcte mais avec quelques contraintes de budget, de distance ou d adequation contextuelle.","Ain Park, Sfax",False,2.4,MEDIUM
HIVER,JANUARY,4-5 ans,LOW,True,Sfax,ACTIVITE,OUTDOOR,Activite de groupe en exterieur,"Activite correcte mais avec quelques contraintes de budget, de distance ou d adequation contextuelle.","Ain Park, Sfax",False,17.3,MEDIUM
PRINTEMPS,APRIL,4-5 ans,LOW,True,Sfax,ACTIVITE,OUTDOOR,Jeux de motricite au parc,"Activite correcte mais avec quelques contraintes de budget, de distance ou d adequation contextuelle.","Parc Touta, Sfax",False,18.2,MEDIUM
ETE,AUGUST,2-3 ans,HIGH,True,Sfax,ACTIVITE,OUTDOOR,Jeux de motricite au parc,"Activite correcte mais avec quelques contraintes de budget, de distance ou d adequation contextuelle.","Parc Touta, Sfax",False,5.7,MEDIUM
AUTOMNE,NOVEMBER,4-5 ans,MEDIUM,True,Sfax,ACTIVITE,OUTDOOR,Jeux de motricite au parc,"Activite correcte mais avec quelques contraintes de budget, de distance ou d adequation contextuelle.","Parc Touta, Sfax",False,11.8,MEDIUM
HIVER,JANUARY,2-6 ans,LOW,True,Sfax,ACTIVITE,OUTDOOR,Jeux de motricite au parc,"Activite correcte mais avec quelques contraintes de budget, de distance ou d adequation contextuelle.","Parc Touta, Sfax",False,16.4,MEDIUM
PRINTEMPS,MARCH,2-3 ans,HIGH,False,Sfax,FETE,INDOOR,Fete des saisons a l exterieur,"Activite correcte mais avec quelques contraintes de budget, de distance ou d adequation contextuelle.","Parc Touta, Sfax",False,9.7,MEDIUM
ETE,JUNE,4-5 ans,MEDIUM,False,Sfax,FETE,INDOOR,Fete des saisons a l exterieur,"Activite correcte mais avec quelques contraintes de budget, de distance ou d adequation contextuelle.","Parc Touta, Sfax",False,16.2,MEDIUM
AUTOMNE,SEPTEMBER,2-6 ans,MEDIUM,False,Sfax,FETE,INDOOR,Fete des saisons a l exterieur,"Activite correcte mais avec quelques contraintes de budget, de distance ou d adequation contextuelle.","Parc Touta, Sfax",False,15.8,MEDIUM
HIVER,DECEMBER,2-3 ans,HIGH,False,Sfax,FETE,INDOOR,Fete des saisons a l exterieur,"Activite correcte mais avec quelques contraintes de budget, de distance ou d adequation contextuelle.","Parc Touta, Sfax",False,8.7,MEDIUM
PRINTEMPS,APRIL,2-3 ans,HIGH,False,Sfax,FETE,INDOOR,Fete costumee en salle,"Activite correcte mais avec quelques contraintes de budget, de distance ou d adequation contextuelle.","Maison de la Culture, Sfax",False,6.3,MEDIUM
ETE,JUNE,2-3 ans,LOW,False,Sfax,FETE,INDOOR,Fete costumee en salle,"Activite correcte mais avec quelques contraintes de budget, de distance ou d adequation contextuelle.","Maison de la Culture, Sfax",False,22.6,MEDIUM
AUTOMNE,OCTOBER,4-5 ans,MEDIUM,False,Sfax,FETE,INDOOR,Fete costumee en salle,"Activite correcte mais avec quelques contraintes de budget, de distance ou d adequation contextuelle.","Maison de la Culture, Sfax",False,16.0,MEDIUM
HIVER,FEBRUARY,2-3 ans,MEDIUM,False,Sfax,FETE,INDOOR,Fete costumee en salle,"Activite correcte mais avec quelques contraintes de budget, de distance ou d adequation contextuelle.","Maison de la Culture, Sfax",False,15.5,MEDIUM
PRINTEMPS,APRIL,4-5 ans,LOW,False,Sfax,REUNION_PARENTS,INDOOR,Reunion de suivi avec les familles,"Activite correcte mais avec quelques contraintes de budget, de distance ou d adequation contextuelle.","Maison de la Culture, Sfax",False,11.7,MEDIUM
ETE,JULY,2-3 ans,MEDIUM,False,Sfax,REUNION_PARENTS,INDOOR,Reunion de suivi avec les familles,"Activite correcte mais avec quelques contraintes de budget, de distance ou d adequation contextuelle.","Maison de la Culture, Sfax",False,7.6,MEDIUM
AUTOMNE,OCTOBER,4-5 ans,HIGH,False,Sfax,REUNION_PARENTS,INDOOR,Reunion de suivi avec les familles,"Activite correcte mais avec quelques contraintes de budget, de distance ou d adequation contextuelle.","Maison de la Culture, Sfax",False,0.9,MEDIUM
HIVER,FEBRUARY,2-6 ans,LOW,False,Sfax,REUNION_PARENTS,INDOOR,Reunion de suivi avec les familles,"Activite correcte mais avec quelques contraintes de budget, de distance ou d adequation contextuelle.","Maison de la Culture, Sfax",False,8.7,MEDIUM
PRINTEMPS,APRIL,2-6 ans,HIGH,True,Nabeul,SORTIE,OUTDOOR,Sortie ludique a Funny Land,"Activite correcte mais avec quelques contraintes de budget, de distance ou d adequation contextuelle.","Funny Land, Hammamet",True,9.2,MEDIUM
ETE,JULY,4-5 ans,MEDIUM,True,Nabeul,SORTIE,OUTDOOR,Sortie ludique a Funny Land,"Activite correcte mais avec quelques contraintes de budget, de distance ou d adequation contextuelle.","Funny Land, Hammamet",True,16.4,MEDIUM
AUTOMNE,OCTOBER,2-6 ans,HIGH,True,Nabeul,SORTIE,OUTDOOR,Sortie ludique a Funny Land,"Activite correcte mais avec quelques contraintes de budget, de distance ou d adequation contextuelle.","Funny Land, Hammamet",True,6.3,MEDIUM
HIVER,FEBRUARY,2-6 ans,LOW,True,Nabeul,SORTIE,OUTDOOR,Sortie ludique a Funny Land,"Activite correcte mais avec quelques contraintes de budget, de distance ou d adequation contextuelle.","Funny Land, Hammamet",True,25.3,MEDIUM
PRINTEMPS,MAY,2-3 ans,HIGH,True,Nabeul,SORTIE,OUTDOOR,Balade encadree a Yasmine Hammamet,"Activite correcte mais avec quelques contraintes de budget, de distance ou d adequation contextuelle.","Yasmine Hammamet, Hammamet",True,6.0,MEDIUM
ETE,AUGUST,2-3 ans,MEDIUM,True,Nabeul,SORTIE,OUTDOOR,Balade encadree a Yasmine Hammamet,"Activite correcte mais avec quelques contraintes de budget, de distance ou d adequation contextuelle.","Yasmine Hammamet, Hammamet",True,14.4,MEDIUM
AUTOMNE,NOVEMBER,2-3 ans,LOW,True,Nabeul,SORTIE,OUTDOOR,Balade encadree a Yasmine Hammamet,"Activite correcte mais avec quelques contraintes de budget, de distance ou d adequation contextuelle.","Yasmine Hammamet, Hammamet",True,18.1,MEDIUM
HIVER,DECEMBER,2-6 ans,LOW,True,Nabeul,SORTIE,OUTDOOR,Balade encadree a Yasmine Hammamet,"Activite correcte mais avec quelques contraintes de budget, de distance ou d adequation contextuelle.","Yasmine Hammamet, Hammamet",True,24.9,MEDIUM
PRINTEMPS,MAY,4-5 ans,MEDIUM,False,Nabeul,ATELIER,INDOOR,Atelier poterie et couleurs,"Activite correcte mais avec quelques contraintes de budget, de distance ou d adequation contextuelle.","Maison de la Culture, Nabeul",False,9.4,MEDIUM
ETE,JUNE,2-6 ans,LOW,False,Nabeul,ATELIER,INDOOR,Atelier poterie et couleurs,"Activite correcte mais avec quelques contraintes de budget, de distance ou d adequation contextuelle.","Maison de la Culture, Nabeul",False,15.4,MEDIUM
AUTOMNE,NOVEMBER,2-6 ans,LOW,False,Nabeul,ATELIER,INDOOR,Atelier poterie et couleurs,"Activite correcte mais avec quelques contraintes de budget, de distance ou d adequation contextuelle.","Maison de la Culture, Nabeul",False,21.7,MEDIUM
HIVER,FEBRUARY,2-3 ans,HIGH,False,Nabeul,ATELIER,INDOOR,Atelier poterie et couleurs,"Activite correcte mais avec quelques contraintes de budget, de distance ou d adequation contextuelle.","Maison de la Culture, Nabeul",False,7.8,MEDIUM
PRINTEMPS,MARCH,2-6 ans,LOW,False,Nabeul,ATELIER,INDOOR,Atelier theatre et expression,"Activite correcte mais avec quelques contraintes de budget, de distance ou d adequation contextuelle.","Centre culturel international de Hammamet, Hammamet",False,17.6,MEDIUM
ETE,AUGUST,2-6 ans,LOW,False,Nabeul,ATELIER,INDOOR,Atelier theatre et expression,"Activite correcte mais avec quelques contraintes de budget, de distance ou d adequation contextuelle.","Centre culturel international de Hammamet, Hammamet",False,21.3,MEDIUM
AUTOMNE,NOVEMBER,2-3 ans,MEDIUM,False,Nabeul,ATELIER,INDOOR,Atelier theatre et expression,"Activite correcte mais avec quelques contraintes de budget, de distance ou d adequation contextuelle.","Centre culturel international de Hammamet, Hammamet",False,10.1,MEDIUM
HIVER,FEBRUARY,2-3 ans,HIGH,False,Nabeul,ATELIER,INDOOR,Atelier theatre et expression,"Activite correcte mais avec quelques contraintes de budget, de distance ou d adequation contextuelle.","Centre culturel international de Hammamet, Hammamet",False,5.3,MEDIUM
PRINTEMPS,MAY,2-6 ans,MEDIUM,True,Nabeul,ACTIVITE,OUTDOOR,Activite observation et reperage,"Activite correcte mais avec quelques contraintes de budget, de distance ou d adequation contextuelle.","Medina de Hammamet, Hammamet",False,8.5,MEDIUM
ETE,JUNE,4-5 ans,LOW,True,Nabeul,ACTIVITE,OUTDOOR,Activite observation et reperage,"Activite correcte mais avec quelques contraintes de budget, de distance ou d adequation contextuelle.","Medina de Hammamet, Hammamet",False,15.7,MEDIUM
AUTOMNE,OCTOBER,2-3 ans,MEDIUM,True,Nabeul,ACTIVITE,OUTDOOR,Activite observation et reperage,"Activite correcte mais avec quelques contraintes de budget, de distance ou d adequation contextuelle.","Medina de Hammamet, Hammamet",False,12.7,MEDIUM
HIVER,JANUARY,2-3 ans,MEDIUM,True,Nabeul,ACTIVITE,OUTDOOR,Activite observation et reperage,"Activite correcte mais avec quelques contraintes de budget, de distance ou d adequation contextuelle.","Medina de Hammamet, Hammamet",False,7.4,MEDIUM
PRINTEMPS,MARCH,2-6 ans,MEDIUM,True,Nabeul,ACTIVITE,OUTDOOR,Jeux d adresse et motricite,"Activite correcte mais avec quelques contraintes de budget, de distance ou d adequation contextuelle.","Funny Land, Hammamet",False,8.1,MEDIUM
ETE,JULY,2-3 ans,LOW,True,Nabeul,ACTIVITE,OUTDOOR,Jeux d adresse et motricite,"Activite correcte mais avec quelques contraintes de budget, de distance ou d adequation contextuelle.","Funny Land, Hammamet",False,16.8,MEDIUM
AUTOMNE,OCTOBER,2-3 ans,HIGH,True,Nabeul,ACTIVITE,OUTDOOR,Jeux d adresse et motricite,"Activite correcte mais avec quelques contraintes de budget, de distance ou d adequation contextuelle.","Funny Land, Hammamet",False,5.2,MEDIUM
HIVER,JANUARY,2-6 ans,MEDIUM,True,Nabeul,ACTIVITE,OUTDOOR,Jeux d adresse et motricite,"Activite correcte mais avec quelques contraintes de budget, de distance ou d adequation contextuelle.","Funny Land, Hammamet",False,7.6,MEDIUM
PRINTEMPS,MAY,2-6 ans,MEDIUM,False,Nabeul,FETE,INDOOR,Fete de fin de saison,"Activite correcte mais avec quelques contraintes de budget, de distance ou d adequation contextuelle.","Yasmine Hammamet, Hammamet",False,16.2,MEDIUM
ETE,JUNE,4-5 ans,LOW,False,Nabeul,FETE,INDOOR,Fete de fin de saison,"Activite correcte mais avec quelques contraintes de budget, de distance ou d adequation contextuelle.","Yasmine Hammamet, Hammamet",False,24.5,MEDIUM
AUTOMNE,SEPTEMBER,2-3 ans,HIGH,False,Nabeul,FETE,INDOOR,Fete de fin de saison,"Activite correcte mais avec quelques contraintes de budget, de distance ou d adequation contextuelle.","Yasmine Hammamet, Hammamet",False,7.0,MEDIUM
HIVER,DECEMBER,2-6 ans,MEDIUM,False,Nabeul,FETE,INDOOR,Fete de fin de saison,"Activite correcte mais avec quelques contraintes de budget, de distance ou d adequation contextuelle.","Yasmine Hammamet, Hammamet",False,17.2,MEDIUM
PRINTEMPS,MAY,2-3 ans,HIGH,False,Nabeul,FETE,INDOOR,Fete a theme en interieur,"Activite correcte mais avec quelques contraintes de budget, de distance ou d adequation contextuelle.","Maison de la Culture, Nabeul",False,8.5,MEDIUM
ETE,JULY,4-5 ans,MEDIUM,False,Nabeul,FETE,INDOOR,Fete a theme en interieur,"Activite correcte mais avec quelques contraintes de budget, de distance ou d adequation contextuelle.","Maison de la Culture, Nabeul",False,13.2,MEDIUM
AUTOMNE,NOVEMBER,2-3 ans,HIGH,False,Nabeul,FETE,INDOOR,Fete a theme en interieur,"Activite correcte mais avec quelques contraintes de budget, de distance ou d adequation contextuelle.","Maison de la Culture, Nabeul",False,6.1,MEDIUM
HIVER,JANUARY,2-6 ans,MEDIUM,False,Nabeul,FETE,INDOOR,Fete a theme en interieur,"Activite correcte mais avec quelques contraintes de budget, de distance ou d adequation contextuelle.","Maison de la Culture, Nabeul",False,11.0,MEDIUM
PRINTEMPS,APRIL,2-6 ans,MEDIUM,False,Nabeul,REUNION_PARENTS,INDOOR,Reunion de coordination parents,"Activite correcte mais avec quelques contraintes de budget, de distance ou d adequation contextuelle.","Maison de la Culture, Nabeul",False,5.0,MEDIUM
ETE,AUGUST,2-6 ans,LOW,False,Nabeul,REUNION_PARENTS,INDOOR,Reunion de coordination parents,"Activite correcte mais avec quelques contraintes de budget, de distance ou d adequation contextuelle.","Maison de la Culture, Nabeul",False,10.6,MEDIUM
AUTOMNE,OCTOBER,2-3 ans,MEDIUM,False,Nabeul,REUNION_PARENTS,INDOOR,Reunion de coordination parents,"Activite correcte mais avec quelques contraintes de budget, de distance ou d adequation contextuelle.","Maison de la Culture, Nabeul",False,6.8,MEDIUM
HIVER,JANUARY,2-6 ans,LOW,False,Nabeul,REUNION_PARENTS,INDOOR,Reunion de coordination parents,"Activite correcte mais avec quelques contraintes de budget, de distance ou d adequation contextuelle.","Maison de la Culture, Nabeul",False,9.2,MEDIUM
PRINTEMPS,MAY,2-3 ans,MEDIUM,True,Monastir,SORTIE,OUTDOOR,Visite patrimoniale courte,"Activite correcte mais avec quelques contraintes de budget, de distance ou d adequation contextuelle.","Ribat de Monastir, Monastir",True,15.6,MEDIUM
ETE,JUNE,2-6 ans,HIGH,True,Monastir,SORTIE,OUTDOOR,Visite patrimoniale courte,"Activite correcte mais avec quelques contraintes de budget, de distance ou d adequation contextuelle.","Ribat de Monastir, Monastir",True,6.2,MEDIUM
AUTOMNE,SEPTEMBER,2-6 ans,MEDIUM,True,Monastir,SORTIE,OUTDOOR,Visite patrimoniale courte,"Activite correcte mais avec quelques contraintes de budget, de distance ou d adequation contextuelle.","Ribat de Monastir, Monastir",True,15.9,MEDIUM
HIVER,DECEMBER,2-3 ans,LOW,True,Monastir,SORTIE,OUTDOOR,Visite patrimoniale courte,"Activite correcte mais avec quelques contraintes de budget, de distance ou d adequation contextuelle.","Ribat de Monastir, Monastir",True,18.3,MEDIUM
PRINTEMPS,MAY,2-3 ans,MEDIUM,True,Monastir,SORTIE,OUTDOOR,Balade educative a la marina,"Activite correcte mais avec quelques contraintes de budget, de distance ou d adequation contextuelle.","Marina de Monastir, Monastir",True,13.1,MEDIUM
ETE,AUGUST,2-6 ans,MEDIUM,True,Monastir,SORTIE,OUTDOOR,Balade educative a la marina,"Activite correcte mais avec quelques contraintes de budget, de distance ou d adequation contextuelle.","Marina de Monastir, Monastir",True,14.0,MEDIUM
AUTOMNE,OCTOBER,2-3 ans,LOW,True,Monastir,SORTIE,OUTDOOR,Balade educative a la marina,"Activite correcte mais avec quelques contraintes de budget, de distance ou d adequation contextuelle.","Marina de Monastir, Monastir",True,21.4,MEDIUM
HIVER,JANUARY,2-6 ans,LOW,True,Monastir,SORTIE,OUTDOOR,Balade educative a la marina,"Activite correcte mais avec quelques contraintes de budget, de distance ou d adequation contextuelle.","Marina de Monastir, Monastir",True,22.1,MEDIUM
PRINTEMPS,MAY,2-6 ans,LOW,False,Monastir,ATELIER,INDOOR,Atelier dessin et narration,"Activite correcte mais avec quelques contraintes de budget, de distance ou d adequation contextuelle.","Maison de la Culture, Monastir",False,20.2,MEDIUM
ETE,JUNE,2-3 ans,LOW,False,Monastir,ATELIER,INDOOR,Atelier dessin et narration,"Activite correcte mais avec quelques contraintes de budget, de distance ou d adequation contextuelle.","Maison de la Culture, Monastir",False,20.1,MEDIUM
AUTOMNE,OCTOBER,2-6 ans,LOW,False,Monastir,ATELIER,INDOOR,Atelier dessin et narration,"Activite correcte mais avec quelques contraintes de budget, de distance ou d adequation contextuelle.","Maison de la Culture, Monastir",False,18.3,MEDIUM
HIVER,FEBRUARY,2-3 ans,LOW,False,Monastir,ATELIER,INDOOR,Atelier dessin et narration,"Activite correcte mais avec quelques contraintes de budget, de distance ou d adequation contextuelle.","Maison de la Culture, Monastir",False,19.9,MEDIUM
PRINTEMPS,MARCH,2-3 ans,LOW,False,Monastir,ATELIER,INDOOR,Atelier d eveil artistique,"Activite correcte mais avec quelques contraintes de budget, de distance ou d adequation contextuelle.","Centre culturel de Monastir, Monastir",False,19.4,MEDIUM
ETE,JULY,2-3 ans,MEDIUM,False,Monastir,ATELIER,INDOOR,Atelier d eveil artistique,"Activite correcte mais avec quelques contraintes de budget, de distance ou d adequation contextuelle.","Centre culturel de Monastir, Monastir",False,12.3,MEDIUM
AUTOMNE,NOVEMBER,2-3 ans,LOW,False,Monastir,ATELIER,INDOOR,Atelier d eveil artistique,"Activite correcte mais avec quelques contraintes de budget, de distance ou d adequation contextuelle.","Centre culturel de Monastir, Monastir",False,15.8,MEDIUM
HIVER,FEBRUARY,2-6 ans,LOW,False,Monastir,ATELIER,INDOOR,Atelier d eveil artistique,"Activite correcte mais avec quelques contraintes de budget, de distance ou d adequation contextuelle.","Centre culturel de Monastir, Monastir",False,15.4,MEDIUM
PRINTEMPS,APRIL,2-6 ans,HIGH,True,Monastir,ACTIVITE,OUTDOOR,Parcours moteur et jeux coopératifs,"Activite correcte mais avec quelques contraintes de budget, de distance ou d adequation contextuelle.","Parc Falaise, Monastir",False,4.0,MEDIUM
ETE,JUNE,2-6 ans,HIGH,True,Monastir,ACTIVITE,OUTDOOR,Parcours moteur et jeux coopératifs,"Activite correcte mais avec quelques contraintes de budget, de distance ou d adequation contextuelle.","Parc Falaise, Monastir",False,4.7,MEDIUM
AUTOMNE,OCTOBER,2-3 ans,LOW,True,Monastir,ACTIVITE,OUTDOOR,Parcours moteur et jeux coopératifs,"Activite correcte mais avec quelques contraintes de budget, de distance ou d adequation contextuelle.","Parc Falaise, Monastir",False,17.2,MEDIUM
HIVER,JANUARY,2-3 ans,LOW,True,Monastir,ACTIVITE,OUTDOOR,Parcours moteur et jeux coopératifs,"Activite correcte mais avec quelques contraintes de budget, de distance ou d adequation contextuelle.","Parc Falaise, Monastir",False,14.9,MEDIUM
PRINTEMPS,APRIL,2-3 ans,HIGH,True,Monastir,ACTIVITE,OUTDOOR,Activite observation en groupe,"Activite correcte mais avec quelques contraintes de budget, de distance ou d adequation contextuelle.","Marina de Monastir, Monastir",False,3.8,MEDIUM
ETE,JUNE,4-5 ans,LOW,True,Monastir,ACTIVITE,OUTDOOR,Activite observation en groupe,"Activite correcte mais avec quelques contraintes de budget, de distance ou d adequation contextuelle.","Marina de Monastir, Monastir",False,19.5,MEDIUM
AUTOMNE,SEPTEMBER,2-3 ans,LOW,True,Monastir,ACTIVITE,OUTDOOR,Activite observation en groupe,"Activite correcte mais avec quelques contraintes de budget, de distance ou d adequation contextuelle.","Marina de Monastir, Monastir",False,18.5,MEDIUM
HIVER,FEBRUARY,2-6 ans,MEDIUM,True,Monastir,ACTIVITE,OUTDOOR,Activite observation en groupe,"Activite correcte mais avec quelques contraintes de budget, de distance ou d adequation contextuelle.","Marina de Monastir, Monastir",False,11.7,MEDIUM
PRINTEMPS,MARCH,2-3 ans,LOW,False,Monastir,FETE,INDOOR,Fete en plein air,"Activite correcte mais avec quelques contraintes de budget, de distance ou d adequation contextuelle.","Parc Falaise, Monastir",False,19.8,MEDIUM
ETE,JUNE,2-6 ans,HIGH,False,Monastir,FETE,INDOOR,Fete en plein air,"Activite correcte mais avec quelques contraintes de budget, de distance ou d adequation contextuelle.","Parc Falaise, Monastir",False,8.0,MEDIUM
AUTOMNE,OCTOBER,4-5 ans,HIGH,False,Monastir,FETE,INDOOR,Fete en plein air,"Activite correcte mais avec quelques contraintes de budget, de distance ou d adequation contextuelle.","Parc Falaise, Monastir",False,9.0,MEDIUM
HIVER,JANUARY,2-6 ans,LOW,False,Monastir,FETE,INDOOR,Fete en plein air,"Activite correcte mais avec quelques contraintes de budget, de distance ou d adequation contextuelle.","Parc Falaise, Monastir",False,20.1,MEDIUM
PRINTEMPS,MAY,4-5 ans,HIGH,False,Monastir,FETE,INDOOR,Fete conviviale en salle,"Activite correcte mais avec quelques contraintes de budget, de distance ou d adequation contextuelle.","Maison de la Culture, Monastir",False,7.3,MEDIUM
ETE,JUNE,2-3 ans,HIGH,False,Monastir,FETE,INDOOR,Fete conviviale en salle,"Activite correcte mais avec quelques contraintes de budget, de distance ou d adequation contextuelle.","Maison de la Culture, Monastir",False,8.5,MEDIUM
AUTOMNE,NOVEMBER,2-3 ans,HIGH,False,Monastir,FETE,INDOOR,Fete conviviale en salle,"Activite correcte mais avec quelques contraintes de budget, de distance ou d adequation contextuelle.","Maison de la Culture, Monastir",False,7.5,MEDIUM
HIVER,DECEMBER,2-6 ans,MEDIUM,False,Monastir,FETE,INDOOR,Fete conviviale en salle,"Activite correcte mais avec quelques contraintes de budget, de distance ou d adequation contextuelle.","Maison de la Culture, Monastir",False,12.8,MEDIUM
PRINTEMPS,MAY,2-3 ans,LOW,False,Monastir,REUNION_PARENTS,INDOOR,Reunion avec les parents,"Activite correcte mais avec quelques contraintes de budget, de distance ou d adequation contextuelle.","Maison de la Culture, Monastir",False,8.8,MEDIUM
ETE,AUGUST,2-3 ans,HIGH,False,Monastir,REUNION_PARENTS,INDOOR,Reunion avec les parents,"Activite correcte mais avec quelques contraintes de budget, de distance ou d adequation contextuelle.","Maison de la Culture, Monastir",False,1.1,MEDIUM
AUTOMNE,NOVEMBER,2-6 ans,LOW,False,Monastir,REUNION_PARENTS,INDOOR,Reunion avec les parents,"Activite correcte mais avec quelques contraintes de budget, de distance ou d adequation contextuelle.","Maison de la Culture, Monastir",False,11.2,MEDIUM
HIVER,FEBRUARY,2-6 ans,LOW,False,Monastir,REUNION_PARENTS,INDOOR,Reunion avec les parents,"Activite correcte mais avec quelques contraintes de budget, de distance ou d adequation contextuelle.","Maison de la Culture, Monastir",False,9.9,MEDIUM
PRINTEMPS,MARCH,2-6 ans,MEDIUM,True,Bizerte,SORTIE,OUTDOOR,Balade encadree sur la corniche,"Activite correcte mais avec quelques contraintes de budget, de distance ou d adequation contextuelle.","Corniche de Bizerte, Bizerte",True,14.0,MEDIUM
ETE,JUNE,2-6 ans,LOW,True,Bizerte,SORTIE,OUTDOOR,Balade encadree sur la corniche,"Activite correcte mais avec quelques contraintes de budget, de distance ou d adequation contextuelle.","Corniche de Bizerte, Bizerte",True,18.5,MEDIUM
AUTOMNE,OCTOBER,4-5 ans,LOW,True,Bizerte,SORTIE,OUTDOOR,Balade encadree sur la corniche,"Activite correcte mais avec quelques contraintes de budget, de distance ou d adequation contextuelle.","Corniche de Bizerte, Bizerte",True,22.3,MEDIUM
HIVER,JANUARY,2-6 ans,MEDIUM,True,Bizerte,SORTIE,OUTDOOR,Balade encadree sur la corniche,"Activite correcte mais avec quelques contraintes de budget, de distance ou d adequation contextuelle.","Corniche de Bizerte, Bizerte",True,10.3,MEDIUM
PRINTEMPS,MAY,2-3 ans,HIGH,True,Bizerte,SORTIE,OUTDOOR,Sortie ludique au parc,"Activite correcte mais avec quelques contraintes de budget, de distance ou d adequation contextuelle.","Parc Aladin, Bizerte",True,5.1,MEDIUM
ETE,JUNE,4-5 ans,HIGH,True,Bizerte,SORTIE,OUTDOOR,Sortie ludique au parc,"Activite correcte mais avec quelques contraintes de budget, de distance ou d adequation contextuelle.","Parc Aladin, Bizerte",True,4.7,MEDIUM
AUTOMNE,SEPTEMBER,2-6 ans,MEDIUM,True,Bizerte,SORTIE,OUTDOOR,Sortie ludique au parc,"Activite correcte mais avec quelques contraintes de budget, de distance ou d adequation contextuelle.","Parc Aladin, Bizerte",True,14.7,MEDIUM
HIVER,JANUARY,4-5 ans,LOW,True,Bizerte,SORTIE,OUTDOOR,Sortie ludique au parc,"Activite correcte mais avec quelques contraintes de budget, de distance ou d adequation contextuelle.","Parc Aladin, Bizerte",True,25.5,MEDIUM
PRINTEMPS,MARCH,2-3 ans,MEDIUM,False,Bizerte,ATELIER,INDOOR,Atelier artistique et lecture,"Activite correcte mais avec quelques contraintes de budget, de distance ou d adequation contextuelle.","Maison de la Culture, Bizerte",False,9.6,MEDIUM
ETE,JUNE,2-6 ans,MEDIUM,False,Bizerte,ATELIER,INDOOR,Atelier artistique et lecture,"Activite correcte mais avec quelques contraintes de budget, de distance ou d adequation contextuelle.","Maison de la Culture, Bizerte",False,14.1,MEDIUM
AUTOMNE,OCTOBER,2-3 ans,LOW,False,Bizerte,ATELIER,INDOOR,Atelier artistique et lecture,"Activite correcte mais avec quelques contraintes de budget, de distance ou d adequation contextuelle.","Maison de la Culture, Bizerte",False,18.3,MEDIUM
HIVER,JANUARY,2-3 ans,MEDIUM,False,Bizerte,ATELIER,INDOOR,Atelier artistique et lecture,"Activite correcte mais avec quelques contraintes de budget, de distance ou d adequation contextuelle.","Maison de la Culture, Bizerte",False,9.0,MEDIUM
PRINTEMPS,APRIL,4-5 ans,LOW,True,Bizerte,ACTIVITE,OUTDOOR,Jeux de groupe en exterieur,"Activite correcte mais avec quelques contraintes de budget, de distance ou d adequation contextuelle.","Corniche de Bizerte, Bizerte",False,16.2,MEDIUM
ETE,JUNE,2-6 ans,MEDIUM,True,Bizerte,ACTIVITE,OUTDOOR,Jeux de groupe en exterieur,"Activite correcte mais avec quelques contraintes de budget, de distance ou d adequation contextuelle.","Corniche de Bizerte, Bizerte",False,12.9,MEDIUM
AUTOMNE,SEPTEMBER,4-5 ans,LOW,True,Bizerte,ACTIVITE,OUTDOOR,Jeux de groupe en exterieur,"Activite correcte mais avec quelques contraintes de budget, de distance ou d adequation contextuelle.","Corniche de Bizerte, Bizerte",False,13.2,MEDIUM
HIVER,FEBRUARY,2-3 ans,MEDIUM,True,Bizerte,ACTIVITE,OUTDOOR,Jeux de groupe en exterieur,"Activite correcte mais avec quelques contraintes de budget, de distance ou d adequation contextuelle.","Corniche de Bizerte, Bizerte",False,7.8,MEDIUM
PRINTEMPS,APRIL,4-5 ans,MEDIUM,True,Bizerte,ACTIVITE,OUTDOOR,Activites motrices en exterieur,"Activite correcte mais avec quelques contraintes de budget, de distance ou d adequation contextuelle.","Parc Aladin, Bizerte",False,8.0,MEDIUM
ETE,JULY,2-3 ans,MEDIUM,True,Bizerte,ACTIVITE,OUTDOOR,Activites motrices en exterieur,"Activite correcte mais avec quelques contraintes de budget, de distance ou d adequation contextuelle.","Parc Aladin, Bizerte",False,10.6,MEDIUM
AUTOMNE,NOVEMBER,2-6 ans,LOW,True,Bizerte,ACTIVITE,OUTDOOR,Activites motrices en exterieur,"Activite correcte mais avec quelques contraintes de budget, de distance ou d adequation contextuelle.","Parc Aladin, Bizerte",False,17.0,MEDIUM
HIVER,FEBRUARY,2-3 ans,LOW,True,Bizerte,ACTIVITE,OUTDOOR,Activites motrices en exterieur,"Activite correcte mais avec quelques contraintes de budget, de distance ou d adequation contextuelle.","Parc Aladin, Bizerte",False,15.9,MEDIUM
PRINTEMPS,MAY,4-5 ans,MEDIUM,False,Bizerte,FETE,INDOOR,Fete a theme en salle,"Activite correcte mais avec quelques contraintes de budget, de distance ou d adequation contextuelle.","Maison de la Culture, Bizerte",False,12.2,MEDIUM
ETE,AUGUST,4-5 ans,HIGH,False,Bizerte,FETE,INDOOR,Fete a theme en salle,"Activite correcte mais avec quelques contraintes de budget, de distance ou d adequation contextuelle.","Maison de la Culture, Bizerte",False,9.4,MEDIUM
AUTOMNE,SEPTEMBER,4-5 ans,MEDIUM,False,Bizerte,FETE,INDOOR,Fete a theme en salle,"Activite correcte mais avec quelques contraintes de budget, de distance ou d adequation contextuelle.","Maison de la Culture, Bizerte",False,14.6,MEDIUM
HIVER,FEBRUARY,2-3 ans,HIGH,False,Bizerte,FETE,INDOOR,Fete a theme en salle,"Activite correcte mais avec quelques contraintes de budget, de distance ou d adequation contextuelle.","Maison de la Culture, Bizerte",False,9.5,MEDIUM
PRINTEMPS,APRIL,2-3 ans,LOW,False,Bizerte,FETE,INDOOR,Fete d enfants au parc,"Activite correcte mais avec quelques contraintes de budget, de distance ou d adequation contextuelle.","Parc Aladin, Bizerte",False,27.9,MEDIUM
ETE,AUGUST,2-6 ans,LOW,False,Bizerte,FETE,INDOOR,Fete d enfants au parc,"Activite correcte mais avec quelques contraintes de budget, de distance ou d adequation contextuelle.","Parc Aladin, Bizerte",False,22.3,MEDIUM
AUTOMNE,OCTOBER,4-5 ans,HIGH,False,Bizerte,FETE,INDOOR,Fete d enfants au parc,"Activite correcte mais avec quelques contraintes de budget, de distance ou d adequation contextuelle.","Parc Aladin, Bizerte",False,9.1,MEDIUM
HIVER,JANUARY,4-5 ans,LOW,False,Bizerte,FETE,INDOOR,Fete d enfants au parc,"Activite correcte mais avec quelques contraintes de budget, de distance ou d adequation contextuelle.","Parc Aladin, Bizerte",False,18.8,MEDIUM
PRINTEMPS,MAY,2-6 ans,MEDIUM,False,Bizerte,REUNION_PARENTS,INDOOR,Reunion information parents,"Activite correcte mais avec quelques contraintes de budget, de distance ou d adequation contextuelle.","Maison de la Culture, Bizerte",False,7.7,MEDIUM
ETE,JUNE,4-5 ans,MEDIUM,False,Bizerte,REUNION_PARENTS,INDOOR,Reunion information parents,"Activite correcte mais avec quelques contraintes de budget, de distance ou d adequation contextuelle.","Maison de la Culture, Bizerte",False,4.2,MEDIUM
AUTOMNE,SEPTEMBER,2-3 ans,MEDIUM,False,Bizerte,REUNION_PARENTS,INDOOR,Reunion information parents,"Activite correcte mais avec quelques contraintes de budget, de distance ou d adequation contextuelle.","Maison de la Culture, Bizerte",False,6.3,MEDIUM
HIVER,DECEMBER,2-6 ans,MEDIUM,False,Bizerte,REUNION_PARENTS,INDOOR,Reunion information parents,"Activite correcte mais avec quelques contraintes de budget, de distance ou d adequation contextuelle.","Maison de la Culture, Bizerte",False,7.3,MEDIUM
PRINTEMPS,MAY,2-6 ans,MEDIUM,True,Tunis,SORTIE,OUTDOOR,Sortie peu adaptee,"Proposition peu precise ou peu adaptee au contexte, a la logistique ou a l age des enfants.",Salle improvisée,True,32.1,LOW
PRINTEMPS,APRIL,2-3 ans,HIGH,False,Tunis,SORTIE,OUTDOOR,Sortie peu adaptee,"Proposition peu precise ou peu adaptee au contexte, a la logistique ou a l age des enfants.",Lieu non precise en Tunisie,True,31.8,LOW
PRINTEMPS,MARCH,4-5 ans,HIGH,False,Tunis,SORTIE,INDOOR,Sortie peu adaptee,"Proposition peu precise ou peu adaptee au contexte, a la logistique ou a l age des enfants.",Cour exterieure,False,29.3,LOW
PRINTEMPS,MAY,2-6 ans,HIGH,True,Tunis,SORTIE,INDOOR,Sortie peu adaptee,"Proposition peu precise ou peu adaptee au contexte, a la logistique ou a l age des enfants.",Foret ou grand parc,False,28.9,LOW
PRINTEMPS,MARCH,2-6 ans,LOW,False,Tunis,ATELIER,INDOOR,Atelier peu adaptee,"Proposition peu precise ou peu adaptee au contexte, a la logistique ou a l age des enfants.",Grand parc eloigne,False,22.7,LOW
PRINTEMPS,MARCH,4-5 ans,LOW,False,Tunis,ATELIER,MIXED,Atelier peu adaptee,"Proposition peu precise ou peu adaptee au contexte, a la logistique ou a l age des enfants.",Foret ou grand parc,True,24.9,LOW
PRINTEMPS,MARCH,2-3 ans,LOW,False,Tunis,ATELIER,MIXED,Atelier peu adaptee,"Proposition peu precise ou peu adaptee au contexte, a la logistique ou a l age des enfants.",Cinema local,False,29.0,LOW
PRINTEMPS,MAY,2-6 ans,HIGH,True,Tunis,ATELIER,INDOOR,Atelier peu adaptee,"Proposition peu precise ou peu adaptee au contexte, a la logistique ou a l age des enfants.",Cour exterieure,False,32.7,LOW
PRINTEMPS,MAY,2-6 ans,MEDIUM,False,Tunis,ACTIVITE,INDOOR,Activite peu adaptee,"Proposition peu precise ou peu adaptee au contexte, a la logistique ou a l age des enfants.",Cinema local,False,19.9,LOW
PRINTEMPS,APRIL,2-6 ans,MEDIUM,True,Tunis,ACTIVITE,MIXED,Activite peu adaptee,"Proposition peu precise ou peu adaptee au contexte, a la logistique ou a l age des enfants.",Foret ou grand parc,False,22.4,LOW
PRINTEMPS,APRIL,2-6 ans,LOW,True,Tunis,ACTIVITE,OUTDOOR,Activite peu adaptee,"Proposition peu precise ou peu adaptee au contexte, a la logistique ou a l age des enfants.",Cinema local,True,21.0,LOW
PRINTEMPS,MARCH,4-5 ans,LOW,True,Tunis,ACTIVITE,INDOOR,Activite peu adaptee,"Proposition peu precise ou peu adaptee au contexte, a la logistique ou a l age des enfants.",Cour exterieure,True,28.0,LOW
PRINTEMPS,APRIL,2-3 ans,HIGH,True,Tunis,FETE,MIXED,Fete peu adaptee,"Proposition peu precise ou peu adaptee au contexte, a la logistique ou a l age des enfants.",Cinema local,False,21.6,LOW
PRINTEMPS,MAY,2-6 ans,MEDIUM,True,Tunis,FETE,OUTDOOR,Fete peu adaptee,"Proposition peu precise ou peu adaptee au contexte, a la logistique ou a l age des enfants.",Grand parc eloigne,False,29.0,LOW
PRINTEMPS,MARCH,4-5 ans,LOW,True,Tunis,FETE,INDOOR,Fete peu adaptee,"Proposition peu precise ou peu adaptee au contexte, a la logistique ou a l age des enfants.",Salle improvisée,True,31.2,LOW
PRINTEMPS,MAY,2-6 ans,MEDIUM,False,Tunis,FETE,MIXED,Fete peu adaptee,"Proposition peu precise ou peu adaptee au contexte, a la logistique ou a l age des enfants.",Cour exterieure,False,23.2,LOW
PRINTEMPS,MAY,2-6 ans,MEDIUM,False,Tunis,REUNION_PARENTS,OUTDOOR,Reunion_Parents peu adaptee,"Proposition peu precise ou peu adaptee au contexte, a la logistique ou a l age des enfants.",Foret ou grand parc,True,32.7,LOW
PRINTEMPS,APRIL,2-3 ans,LOW,False,Tunis,REUNION_PARENTS,OUTDOOR,Reunion_Parents peu adaptee,"Proposition peu precise ou peu adaptee au contexte, a la logistique ou a l age des enfants.",Cour exterieure,False,29.7,LOW
PRINTEMPS,MARCH,2-3 ans,MEDIUM,False,Tunis,REUNION_PARENTS,OUTDOOR,Reunion_Parents peu adaptee,"Proposition peu precise ou peu adaptee au contexte, a la logistique ou a l age des enfants.",Jardin de la garderie,True,28.4,LOW
PRINTEMPS,APRIL,2-3 ans,HIGH,True,Tunis,REUNION_PARENTS,MIXED,Reunion_Parents peu adaptee,"Proposition peu precise ou peu adaptee au contexte, a la logistique ou a l age des enfants.",Lieu non precise en Tunisie,True,15.7,LOW
ETE,JUNE,2-3 ans,HIGH,False,Tunis,SORTIE,INDOOR,Sortie peu adaptee,"Proposition peu precise ou peu adaptee au contexte, a la logistique ou a l age des enfants.",Grand parc eloigne,False,20.5,LOW
ETE,JUNE,2-6 ans,HIGH,True,Tunis,SORTIE,OUTDOOR,Sortie peu adaptee,"Proposition peu precise ou peu adaptee au contexte, a la logistique ou a l age des enfants.",Cour exterieure,True,20.6,LOW
ETE,AUGUST,2-3 ans,LOW,False,Tunis,SORTIE,INDOOR,Sortie peu adaptee,"Proposition peu precise ou peu adaptee au contexte, a la logistique ou a l age des enfants.",Grand parc eloigne,False,29.7,LOW
ETE,JULY,4-5 ans,LOW,True,Tunis,SORTIE,MIXED,Sortie peu adaptee,"Proposition peu precise ou peu adaptee au contexte, a la logistique ou a l age des enfants.",Foret ou grand parc,False,26.9,LOW
ETE,JULY,4-5 ans,HIGH,False,Tunis,ATELIER,MIXED,Atelier peu adaptee,"Proposition peu precise ou peu adaptee au contexte, a la logistique ou a l age des enfants.",Jardin de la garderie,False,19.8,LOW
ETE,JUNE,2-6 ans,LOW,False,Tunis,ATELIER,INDOOR,Atelier peu adaptee,"Proposition peu precise ou peu adaptee au contexte, a la logistique ou a l age des enfants.",Lieu non precise en Tunisie,True,19.1,LOW
ETE,JULY,2-6 ans,MEDIUM,True,Tunis,ATELIER,OUTDOOR,Atelier peu adaptee,"Proposition peu precise ou peu adaptee au contexte, a la logistique ou a l age des enfants.",Cinema local,False,13.3,LOW
ETE,AUGUST,2-3 ans,MEDIUM,True,Tunis,ATELIER,INDOOR,Atelier peu adaptee,"Proposition peu precise ou peu adaptee au contexte, a la logistique ou a l age des enfants.",Cinema local,True,24.4,LOW
ETE,JULY,2-6 ans,HIGH,True,Tunis,ACTIVITE,OUTDOOR,Activite peu adaptee,"Proposition peu precise ou peu adaptee au contexte, a la logistique ou a l age des enfants.",Jardin de la garderie,False,19.3,LOW
ETE,AUGUST,2-6 ans,HIGH,True,Tunis,ACTIVITE,OUTDOOR,Activite peu adaptee,"Proposition peu precise ou peu adaptee au contexte, a la logistique ou a l age des enfants.",Grand parc eloigne,True,28.5,LOW
ETE,JULY,4-5 ans,MEDIUM,False,Tunis,ACTIVITE,INDOOR,Activite peu adaptee,"Proposition peu precise ou peu adaptee au contexte, a la logistique ou a l age des enfants.",Cour exterieure,False,20.1,LOW
ETE,JULY,2-6 ans,LOW,True,Tunis,ACTIVITE,MIXED,Activite peu adaptee,"Proposition peu precise ou peu adaptee au contexte, a la logistique ou a l age des enfants.",Grand parc eloigne,False,30.5,LOW
ETE,JULY,2-3 ans,HIGH,False,Tunis,FETE,OUTDOOR,Fete peu adaptee,"Proposition peu precise ou peu adaptee au contexte, a la logistique ou a l age des enfants.",Jardin de la garderie,True,15.3,LOW
ETE,JULY,4-5 ans,LOW,False,Tunis,FETE,MIXED,Fete peu adaptee,"Proposition peu precise ou peu adaptee au contexte, a la logistique ou a l age des enfants.",Salle improvisée,False,14.0,LOW
ETE,JULY,2-6 ans,MEDIUM,False,Tunis,FETE,INDOOR,Fete peu adaptee,"Proposition peu precise ou peu adaptee au contexte, a la logistique ou a l age des enfants.",Foret ou grand parc,False,28.3,LOW
ETE,JUNE,2-3 ans,MEDIUM,True,Tunis,FETE,OUTDOOR,Fete peu adaptee,"Proposition peu precise ou peu adaptee au contexte, a la logistique ou a l age des enfants.",Foret ou grand parc,False,13.0,LOW
ETE,JULY,2-6 ans,MEDIUM,False,Tunis,REUNION_PARENTS,MIXED,Reunion_Parents peu adaptee,"Proposition peu precise ou peu adaptee au contexte, a la logistique ou a l age des enfants.",Lieu non precise en Tunisie,False,17.2,LOW
ETE,JUNE,2-3 ans,MEDIUM,False,Tunis,REUNION_PARENTS,MIXED,Reunion_Parents peu adaptee,"Proposition peu precise ou peu adaptee au contexte, a la logistique ou a l age des enfants.",Salle improvisée,False,14.9,LOW
ETE,AUGUST,4-5 ans,LOW,False,Tunis,REUNION_PARENTS,OUTDOOR,Reunion_Parents peu adaptee,"Proposition peu precise ou peu adaptee au contexte, a la logistique ou a l age des enfants.",Lieu non precise en Tunisie,True,12.7,LOW
ETE,JULY,4-5 ans,HIGH,True,Tunis,REUNION_PARENTS,MIXED,Reunion_Parents peu adaptee,"Proposition peu precise ou peu adaptee au contexte, a la logistique ou a l age des enfants.",Cour exterieure,False,25.0,LOW
AUTOMNE,OCTOBER,2-6 ans,HIGH,False,Tunis,SORTIE,INDOOR,Sortie peu adaptee,"Proposition peu precise ou peu adaptee au contexte, a la logistique ou a l age des enfants.",Cour exterieure,True,31.4,LOW
AUTOMNE,SEPTEMBER,2-6 ans,LOW,True,Tunis,SORTIE,OUTDOOR,Sortie peu adaptee,"Proposition peu precise ou peu adaptee au contexte, a la logistique ou a l age des enfants.",Grand parc eloigne,True,20.2,LOW
AUTOMNE,SEPTEMBER,4-5 ans,MEDIUM,False,Tunis,SORTIE,MIXED,Sortie peu adaptee,"Proposition peu precise ou peu adaptee au contexte, a la logistique ou a l age des enfants.",Cour exterieure,True,18.7,LOW
AUTOMNE,NOVEMBER,2-6 ans,HIGH,True,Tunis,SORTIE,INDOOR,Sortie peu adaptee,"Proposition peu precise ou peu adaptee au contexte, a la logistique ou a l age des enfants.",Salle improvisée,True,29.6,LOW
AUTOMNE,NOVEMBER,2-3 ans,MEDIUM,False,Tunis,ATELIER,MIXED,Atelier peu adaptee,"Proposition peu precise ou peu adaptee au contexte, a la logistique ou a l age des enfants.",Salle improvisée,False,18.2,LOW
AUTOMNE,NOVEMBER,2-6 ans,LOW,False,Tunis,ATELIER,MIXED,Atelier peu adaptee,"Proposition peu precise ou peu adaptee au contexte, a la logistique ou a l age des enfants.",Foret ou grand parc,False,30.9,LOW
AUTOMNE,SEPTEMBER,2-3 ans,MEDIUM,False,Tunis,ATELIER,OUTDOOR,Atelier peu adaptee,"Proposition peu precise ou peu adaptee au contexte, a la logistique ou a l age des enfants.",Grand parc eloigne,False,33.2,LOW
AUTOMNE,SEPTEMBER,2-3 ans,LOW,True,Tunis,ATELIER,MIXED,Atelier peu adaptee,"Proposition peu precise ou peu adaptee au contexte, a la logistique ou a l age des enfants.",Jardin de la garderie,True,30.3,LOW
AUTOMNE,NOVEMBER,2-6 ans,MEDIUM,True,Tunis,ACTIVITE,OUTDOOR,Activite peu adaptee,"Proposition peu precise ou peu adaptee au contexte, a la logistique ou a l age des enfants.",Cinema local,True,30.8,LOW
AUTOMNE,SEPTEMBER,4-5 ans,MEDIUM,False,Tunis,ACTIVITE,MIXED,Activite peu adaptee,"Proposition peu precise ou peu adaptee au contexte, a la logistique ou a l age des enfants.",Cour exterieure,True,30.8,LOW
AUTOMNE,NOVEMBER,2-6 ans,LOW,False,Tunis,ACTIVITE,MIXED,Activite peu adaptee,"Proposition peu precise ou peu adaptee au contexte, a la logistique ou a l age des enfants.",Cour exterieure,True,29.1,LOW
AUTOMNE,SEPTEMBER,2-3 ans,HIGH,True,Tunis,ACTIVITE,INDOOR,Activite peu adaptee,"Proposition peu precise ou peu adaptee au contexte, a la logistique ou a l age des enfants.",Lieu non precise en Tunisie,True,19.1,LOW
AUTOMNE,SEPTEMBER,2-3 ans,MEDIUM,True,Tunis,FETE,MIXED,Fete peu adaptee,"Proposition peu precise ou peu adaptee au contexte, a la logistique ou a l age des enfants.",Salle improvisée,True,13.8,LOW
AUTOMNE,OCTOBER,4-5 ans,LOW,True,Tunis,FETE,INDOOR,Fete peu adaptee,"Proposition peu precise ou peu adaptee au contexte, a la logistique ou a l age des enfants.",Cinema local,True,22.8,LOW
AUTOMNE,OCTOBER,2-3 ans,MEDIUM,True,Tunis,FETE,MIXED,Fete peu adaptee,"Proposition peu precise ou peu adaptee au contexte, a la logistique ou a l age des enfants.",Cinema local,True,30.0,LOW
AUTOMNE,NOVEMBER,2-3 ans,LOW,True,Tunis,FETE,MIXED,Fete peu adaptee,"Proposition peu precise ou peu adaptee au contexte, a la logistique ou a l age des enfants.",Cour exterieure,True,14.1,LOW
AUTOMNE,NOVEMBER,4-5 ans,MEDIUM,False,Tunis,REUNION_PARENTS,INDOOR,Reunion_Parents peu adaptee,"Proposition peu precise ou peu adaptee au contexte, a la logistique ou a l age des enfants.",Salle improvisée,True,23.6,LOW
AUTOMNE,SEPTEMBER,2-3 ans,HIGH,True,Tunis,REUNION_PARENTS,INDOOR,Reunion_Parents peu adaptee,"Proposition peu precise ou peu adaptee au contexte, a la logistique ou a l age des enfants.",Lieu non precise en Tunisie,True,34.2,LOW
AUTOMNE,SEPTEMBER,2-6 ans,HIGH,True,Tunis,REUNION_PARENTS,INDOOR,Reunion_Parents peu adaptee,"Proposition peu precise ou peu adaptee au contexte, a la logistique ou a l age des enfants.",Jardin de la garderie,False,20.4,LOW
AUTOMNE,NOVEMBER,2-3 ans,HIGH,False,Tunis,REUNION_PARENTS,INDOOR,Reunion_Parents peu adaptee,"Proposition peu precise ou peu adaptee au contexte, a la logistique ou a l age des enfants.",Jardin de la garderie,False,34.6,LOW
HIVER,JANUARY,2-3 ans,MEDIUM,True,Tunis,SORTIE,INDOOR,Sortie peu adaptee,"Proposition peu precise ou peu adaptee au contexte, a la logistique ou a l age des enfants.",Salle improvisée,False,14.8,LOW
HIVER,DECEMBER,2-6 ans,MEDIUM,True,Tunis,SORTIE,OUTDOOR,Sortie peu adaptee,"Proposition peu precise ou peu adaptee au contexte, a la logistique ou a l age des enfants.",Lieu non precise en Tunisie,False,24.8,LOW
HIVER,DECEMBER,2-3 ans,MEDIUM,False,Tunis,SORTIE,INDOOR,Sortie peu adaptee,"Proposition peu precise ou peu adaptee au contexte, a la logistique ou a l age des enfants.",Grand parc eloigne,False,22.5,LOW
HIVER,FEBRUARY,4-5 ans,LOW,False,Tunis,SORTIE,MIXED,Sortie peu adaptee,"Proposition peu precise ou peu adaptee au contexte, a la logistique ou a l age des enfants.",Grand parc eloigne,False,34.7,LOW
HIVER,JANUARY,2-3 ans,MEDIUM,True,Tunis,ATELIER,MIXED,Atelier peu adaptee,"Proposition peu precise ou peu adaptee au contexte, a la logistique ou a l age des enfants.",Cour exterieure,True,12.3,LOW
HIVER,FEBRUARY,4-5 ans,MEDIUM,True,Tunis,ATELIER,OUTDOOR,Atelier peu adaptee,"Proposition peu precise ou peu adaptee au contexte, a la logistique ou a l age des enfants.",Foret ou grand parc,True,14.7,LOW
HIVER,JANUARY,4-5 ans,HIGH,True,Tunis,ATELIER,INDOOR,Atelier peu adaptee,"Proposition peu precise ou peu adaptee au contexte, a la logistique ou a l age des enfants.",Cinema local,False,34.4,LOW
HIVER,JANUARY,2-3 ans,LOW,False,Tunis,ATELIER,INDOOR,Atelier peu adaptee,"Proposition peu precise ou peu adaptee au contexte, a la logistique ou a l age des enfants.",Salle improvisée,False,28.7,LOW
HIVER,JANUARY,2-6 ans,HIGH,False,Tunis,ACTIVITE,OUTDOOR,Activite peu adaptee,"Proposition peu precise ou peu adaptee au contexte, a la logistique ou a l age des enfants.",Cour exterieure,False,27.3,LOW
HIVER,JANUARY,4-5 ans,LOW,False,Tunis,ACTIVITE,OUTDOOR,Activite peu adaptee,"Proposition peu precise ou peu adaptee au contexte, a la logistique ou a l age des enfants.",Cinema local,True,17.8,LOW
HIVER,JANUARY,2-3 ans,LOW,True,Tunis,ACTIVITE,INDOOR,Activite peu adaptee,"Proposition peu precise ou peu adaptee au contexte, a la logistique ou a l age des enfants.",Lieu non precise en Tunisie,True,31.1,LOW
HIVER,JANUARY,2-6 ans,LOW,True,Tunis,ACTIVITE,OUTDOOR,Activite peu adaptee,"Proposition peu precise ou peu adaptee au contexte, a la logistique ou a l age des enfants.",Foret ou grand parc,False,15.5,LOW
HIVER,FEBRUARY,2-6 ans,LOW,True,Tunis,FETE,MIXED,Fete peu adaptee,"Proposition peu precise ou peu adaptee au contexte, a la logistique ou a l age des enfants.",Salle improvisée,False,30.2,LOW
HIVER,DECEMBER,4-5 ans,MEDIUM,False,Tunis,FETE,MIXED,Fete peu adaptee,"Proposition peu precise ou peu adaptee au contexte, a la logistique ou a l age des enfants.",Cour exterieure,False,30.6,LOW
HIVER,FEBRUARY,2-6 ans,LOW,True,Tunis,FETE,OUTDOOR,Fete peu adaptee,"Proposition peu precise ou peu adaptee au contexte, a la logistique ou a l age des enfants.",Cinema local,False,22.4,LOW
HIVER,JANUARY,4-5 ans,LOW,False,Tunis,FETE,INDOOR,Fete peu adaptee,"Proposition peu precise ou peu adaptee au contexte, a la logistique ou a l age des enfants.",Jardin de la garderie,False,32.3,LOW
HIVER,DECEMBER,4-5 ans,LOW,False,Tunis,REUNION_PARENTS,OUTDOOR,Reunion_Parents peu adaptee,"Proposition peu precise ou peu adaptee au contexte, a la logistique ou a l age des enfants.",Lieu non precise en Tunisie,False,23.2,LOW
HIVER,DECEMBER,2-6 ans,HIGH,False,Tunis,REUNION_PARENTS,MIXED,Reunion_Parents peu adaptee,"Proposition peu precise ou peu adaptee au contexte, a la logistique ou a l age des enfants.",Lieu non precise en Tunisie,False,22.9,LOW
HIVER,DECEMBER,2-6 ans,MEDIUM,True,Tunis,REUNION_PARENTS,OUTDOOR,Reunion_Parents peu adaptee,"Proposition peu precise ou peu adaptee au contexte, a la logistique ou a l age des enfants.",Grand parc eloigne,False,26.2,LOW
HIVER,JANUARY,4-5 ans,LOW,False,Tunis,REUNION_PARENTS,INDOOR,Reunion_Parents peu adaptee,"Proposition peu precise ou peu adaptee au contexte, a la logistique ou a l age des enfants.",Foret ou grand parc,True,14.9,LOW
PRINTEMPS,APRIL,4-5 ans,HIGH,True,Ariana,SORTIE,OUTDOOR,Sortie peu adaptee,"Proposition peu precise ou peu adaptee au contexte, a la logistique ou a l age des enfants.",Grand parc eloigne,True,21.8,LOW
PRINTEMPS,APRIL,4-5 ans,LOW,False,Ariana,SORTIE,MIXED,Sortie peu adaptee,"Proposition peu precise ou peu adaptee au contexte, a la logistique ou a l age des enfants.",Jardin de la garderie,True,17.4,LOW
PRINTEMPS,APRIL,2-6 ans,HIGH,True,Ariana,SORTIE,INDOOR,Sortie peu adaptee,"Proposition peu precise ou peu adaptee au contexte, a la logistique ou a l age des enfants.",Salle improvisée,False,14.6,LOW
PRINTEMPS,MARCH,2-3 ans,LOW,False,Ariana,SORTIE,OUTDOOR,Sortie peu adaptee,"Proposition peu precise ou peu adaptee au contexte, a la logistique ou a l age des enfants.",Lieu non precise en Tunisie,False,25.1,LOW
PRINTEMPS,APRIL,4-5 ans,HIGH,True,Ariana,ATELIER,OUTDOOR,Atelier peu adaptee,"Proposition peu precise ou peu adaptee au contexte, a la logistique ou a l age des enfants.",Foret ou grand parc,True,34.7,LOW
PRINTEMPS,APRIL,2-6 ans,MEDIUM,False,Ariana,ATELIER,MIXED,Atelier peu adaptee,"Proposition peu precise ou peu adaptee au contexte, a la logistique ou a l age des enfants.",Cinema local,False,14.3,LOW
PRINTEMPS,MAY,2-3 ans,MEDIUM,False,Ariana,ATELIER,MIXED,Atelier peu adaptee,"Proposition peu precise ou peu adaptee au contexte, a la logistique ou a l age des enfants.",Salle improvisée,False,15.8,LOW
PRINTEMPS,APRIL,4-5 ans,LOW,False,Ariana,ATELIER,OUTDOOR,Atelier peu adaptee,"Proposition peu precise ou peu adaptee au contexte, a la logistique ou a l age des enfants.",Lieu non precise en Tunisie,True,31.3,LOW
PRINTEMPS,MAY,2-3 ans,MEDIUM,False,Ariana,ACTIVITE,INDOOR,Activite peu adaptee,"Proposition peu precise ou peu adaptee au contexte, a la logistique ou a l age des enfants.",Cour exterieure,False,30.5,LOW
PRINTEMPS,MAY,2-6 ans,HIGH,True,Ariana,ACTIVITE,MIXED,Activite peu adaptee,"Proposition peu precise ou peu adaptee au contexte, a la logistique ou a l age des enfants.",Cinema local,False,18.3,LOW
PRINTEMPS,MAY,2-6 ans,MEDIUM,False,Ariana,ACTIVITE,INDOOR,Activite peu adaptee,"Proposition peu precise ou peu adaptee au contexte, a la logistique ou a l age des enfants.",Cour exterieure,True,27.0,LOW
PRINTEMPS,APRIL,2-6 ans,MEDIUM,False,Ariana,ACTIVITE,MIXED,Activite peu adaptee,"Proposition peu precise ou peu adaptee au contexte, a la logistique ou a l age des enfants.",Foret ou grand parc,False,16.6,LOW
PRINTEMPS,APRIL,4-5 ans,HIGH,False,Ariana,FETE,MIXED,Fete peu adaptee,"Proposition peu precise ou peu adaptee au contexte, a la logistique ou a l age des enfants.",Jardin de la garderie,True,26.4,LOW
PRINTEMPS,MAY,2-3 ans,LOW,False,Ariana,FETE,MIXED,Fete peu adaptee,"Proposition peu precise ou peu adaptee au contexte, a la logistique ou a l age des enfants.",Salle improvisée,False,18.2,LOW
PRINTEMPS,MAY,2-6 ans,HIGH,False,Ariana,FETE,MIXED,Fete peu adaptee,"Proposition peu precise ou peu adaptee au contexte, a la logistique ou a l age des enfants.",Lieu non precise en Tunisie,True,24.0,LOW
PRINTEMPS,APRIL,4-5 ans,LOW,True,Ariana,FETE,INDOOR,Fete peu adaptee,"Proposition peu precise ou peu adaptee au contexte, a la logistique ou a l age des enfants.",Lieu non precise en Tunisie,False,31.4,LOW
PRINTEMPS,APRIL,4-5 ans,HIGH,True,Ariana,REUNION_PARENTS,INDOOR,Reunion_Parents peu adaptee,"Proposition peu precise ou peu adaptee au contexte, a la logistique ou a l age des enfants.",Salle improvisée,False,18.1,LOW
PRINTEMPS,APRIL,2-6 ans,MEDIUM,True,Ariana,REUNION_PARENTS,MIXED,Reunion_Parents peu adaptee,"Proposition peu precise ou peu adaptee au contexte, a la logistique ou a l age des enfants.",Foret ou grand parc,True,21.3,LOW
PRINTEMPS,MARCH,2-3 ans,LOW,True,Ariana,REUNION_PARENTS,INDOOR,Reunion_Parents peu adaptee,"Proposition peu precise ou peu adaptee au contexte, a la logistique ou a l age des enfants.",Salle improvisée,False,22.7,LOW
PRINTEMPS,MAY,4-5 ans,HIGH,False,Ariana,REUNION_PARENTS,INDOOR,Reunion_Parents peu adaptee,"Proposition peu precise ou peu adaptee au contexte, a la logistique ou a l age des enfants.",Jardin de la garderie,True,18.3,LOW
ETE,JUNE,4-5 ans,HIGH,False,Ariana,SORTIE,MIXED,Sortie peu adaptee,"Proposition peu precise ou peu adaptee au contexte, a la logistique ou a l age des enfants.",Jardin de la garderie,True,34.2,LOW
ETE,JULY,2-3 ans,LOW,True,Ariana,SORTIE,OUTDOOR,Sortie peu adaptee,"Proposition peu precise ou peu adaptee au contexte, a la logistique ou a l age des enfants.",Foret ou grand parc,False,31.9,LOW
ETE,JULY,4-5 ans,MEDIUM,True,Ariana,SORTIE,MIXED,Sortie peu adaptee,"Proposition peu precise ou peu adaptee au contexte, a la logistique ou a l age des enfants.",Salle improvisée,True,17.4,LOW
ETE,AUGUST,2-6 ans,HIGH,True,Ariana,SORTIE,MIXED,Sortie peu adaptee,"Proposition peu precise ou peu adaptee au contexte, a la logistique ou a l age des enfants.",Salle improvisée,False,23.4,LOW
ETE,JUNE,2-3 ans,MEDIUM,True,Ariana,ATELIER,OUTDOOR,Atelier peu adaptee,"Proposition peu precise ou peu adaptee au contexte, a la logistique ou a l age des enfants.",Salle improvisée,False,30.5,LOW
ETE,AUGUST,2-3 ans,LOW,False,Ariana,ATELIER,INDOOR,Atelier peu adaptee,"Proposition peu precise ou peu adaptee au contexte, a la logistique ou a l age des enfants.",Cinema local,True,16.9,LOW
ETE,JULY,4-5 ans,MEDIUM,False,Ariana,ATELIER,MIXED,Atelier peu adaptee,"Proposition peu precise ou peu adaptee au contexte, a la logistique ou a l age des enfants.",Cinema local,False,24.3,LOW
ETE,AUGUST,2-3 ans,HIGH,False,Ariana,ATELIER,OUTDOOR,Atelier peu adaptee,"Proposition peu precise ou peu adaptee au contexte, a la logistique ou a l age des enfants.",Grand parc eloigne,True,34.2,LOW
ETE,JUNE,4-5 ans,HIGH,False,Ariana,ACTIVITE,OUTDOOR,Activite peu adaptee,"Proposition peu precise ou peu adaptee au contexte, a la logistique ou a l age des enfants.",Salle improvisée,False,12.5,LOW
ETE,AUGUST,2-3 ans,HIGH,True,Ariana,ACTIVITE,MIXED,Activite peu adaptee,"Proposition peu precise ou peu adaptee au contexte, a la logistique ou a l age des enfants.",Jardin de la garderie,False,24.7,LOW
ETE,JULY,2-6 ans,HIGH,False,Ariana,ACTIVITE,INDOOR,Activite peu adaptee,"Proposition peu precise ou peu adaptee au contexte, a la logistique ou a l age des enfants.",Foret ou grand parc,True,31.7,LOW
ETE,JULY,2-3 ans,MEDIUM,False,Ariana,ACTIVITE,OUTDOOR,Activite peu adaptee,"Proposition peu precise ou peu adaptee au contexte, a la logistique ou a l age des enfants.",Cinema local,True,18.8,LOW
ETE,JUNE,4-5 ans,HIGH,False,Ariana,FETE,OUTDOOR,Fete peu adaptee,"Proposition peu precise ou peu adaptee au contexte, a la logistique ou a l age des enfants.",Salle improvisée,True,18.3,LOW
ETE,JUNE,4-5 ans,HIGH,False,Ariana,FETE,OUTDOOR,Fete peu adaptee,"Proposition peu precise ou peu adaptee au contexte, a la logistique ou a l age des enfants.",Salle improvisée,False,28.5,LOW
ETE,JUNE,2-3 ans,HIGH,False,Ariana,FETE,INDOOR,Fete peu adaptee,"Proposition peu precise ou peu adaptee au contexte, a la logistique ou a l age des enfants.",Cour exterieure,False,25.8,LOW
ETE,AUGUST,2-6 ans,MEDIUM,False,Ariana,FETE,MIXED,Fete peu adaptee,"Proposition peu precise ou peu adaptee au contexte, a la logistique ou a l age des enfants.",Cinema local,True,26.8,LOW
ETE,JUNE,2-6 ans,HIGH,False,Ariana,REUNION_PARENTS,INDOOR,Reunion_Parents peu adaptee,"Proposition peu precise ou peu adaptee au contexte, a la logistique ou a l age des enfants.",Cinema local,False,16.6,LOW
ETE,JULY,4-5 ans,LOW,True,Ariana,REUNION_PARENTS,INDOOR,Reunion_Parents peu adaptee,"Proposition peu precise ou peu adaptee au contexte, a la logistique ou a l age des enfants.",Jardin de la garderie,True,31.5,LOW
ETE,AUGUST,4-5 ans,MEDIUM,False,Ariana,REUNION_PARENTS,OUTDOOR,Reunion_Parents peu adaptee,"Proposition peu precise ou peu adaptee au contexte, a la logistique ou a l age des enfants.",Salle improvisée,True,18.0,LOW
ETE,AUGUST,2-6 ans,MEDIUM,False,Ariana,REUNION_PARENTS,INDOOR,Reunion_Parents peu adaptee,"Proposition peu precise ou peu adaptee au contexte, a la logistique ou a l age des enfants.",Cinema local,False,20.5,LOW
AUTOMNE,OCTOBER,4-5 ans,LOW,True,Ariana,SORTIE,INDOOR,Sortie peu adaptee,"Proposition peu precise ou peu adaptee au contexte, a la logistique ou a l age des enfants.",Foret ou grand parc,True,32.9,LOW
AUTOMNE,OCTOBER,2-3 ans,HIGH,False,Ariana,SORTIE,INDOOR,Sortie peu adaptee,"Proposition peu precise ou peu adaptee au contexte, a la logistique ou a l age des enfants.",Cinema local,False,26.2,LOW
AUTOMNE,NOVEMBER,4-5 ans,LOW,True,Ariana,SORTIE,OUTDOOR,Sortie peu adaptee,"Proposition peu precise ou peu adaptee au contexte, a la logistique ou a l age des enfants.",Jardin de la garderie,True,12.3,LOW
AUTOMNE,NOVEMBER,4-5 ans,HIGH,False,Ariana,SORTIE,OUTDOOR,Sortie peu adaptee,"Proposition peu precise ou peu adaptee au contexte, a la logistique ou a l age des enfants.",Cinema local,True,28.4,LOW
AUTOMNE,SEPTEMBER,4-5 ans,HIGH,False,Ariana,ATELIER,OUTDOOR,Atelier peu adaptee,"Proposition peu precise ou peu adaptee au contexte, a la logistique ou a l age des enfants.",Grand parc eloigne,True,21.9,LOW
AUTOMNE,SEPTEMBER,2-6 ans,MEDIUM,True,Ariana,ATELIER,MIXED,Atelier peu adaptee,"Proposition peu precise ou peu adaptee au contexte, a la logistique ou a l age des enfants.",Lieu non precise en Tunisie,True,21.6,LOW
AUTOMNE,OCTOBER,2-3 ans,MEDIUM,True,Ariana,ATELIER,OUTDOOR,Atelier peu adaptee,"Proposition peu precise ou peu adaptee au contexte, a la logistique ou a l age des enfants.",Jardin de la garderie,False,32.9,LOW
AUTOMNE,OCTOBER,2-6 ans,LOW,False,Ariana,ATELIER,INDOOR,Atelier peu adaptee,"Proposition peu precise ou peu adaptee au contexte, a la logistique ou a l age des enfants.",Grand parc eloigne,True,32.0,LOW
AUTOMNE,NOVEMBER,4-5 ans,HIGH,True,Ariana,ACTIVITE,OUTDOOR,Activite peu adaptee,"Proposition peu precise ou peu adaptee au contexte, a la logistique ou a l age des enfants.",Lieu non precise en Tunisie,False,28.9,LOW
AUTOMNE,OCTOBER,2-3 ans,HIGH,True,Ariana,ACTIVITE,INDOOR,Activite peu adaptee,"Proposition peu precise ou peu adaptee au contexte, a la logistique ou a l age des enfants.",Cinema local,False,33.4,LOW
AUTOMNE,OCTOBER,4-5 ans,LOW,True,Ariana,ACTIVITE,OUTDOOR,Activite peu adaptee,"Proposition peu precise ou peu adaptee au contexte, a la logistique ou a l age des enfants.",Foret ou grand parc,False,19.0,LOW
AUTOMNE,OCTOBER,2-6 ans,LOW,False,Ariana,ACTIVITE,MIXED,Activite peu adaptee,"Proposition peu precise ou peu adaptee au contexte, a la logistique ou a l age des enfants.",Cinema local,True,18.0,LOW
AUTOMNE,NOVEMBER,4-5 ans,MEDIUM,False,Ariana,FETE,INDOOR,Fete peu adaptee,"Proposition peu precise ou peu adaptee au contexte, a la logistique ou a l age des enfants.",Cinema local,False,28.3,LOW
AUTOMNE,OCTOBER,2-3 ans,LOW,False,Ariana,FETE,OUTDOOR,Fete peu adaptee,"Proposition peu precise ou peu adaptee au contexte, a la logistique ou a l age des enfants.",Cinema local,True,23.5,LOW
AUTOMNE,OCTOBER,2-6 ans,MEDIUM,False,Ariana,FETE,OUTDOOR,Fete peu adaptee,"Proposition peu precise ou peu adaptee au contexte, a la logistique ou a l age des enfants.",Cour exterieure,False,23.9,LOW
AUTOMNE,OCTOBER,2-3 ans,HIGH,False,Ariana,FETE,OUTDOOR,Fete peu adaptee,"Proposition peu precise ou peu adaptee au contexte, a la logistique ou a l age des enfants.",Salle improvisée,True,24.8,LOW
AUTOMNE,NOVEMBER,2-6 ans,LOW,False,Ariana,REUNION_PARENTS,INDOOR,Reunion_Parents peu adaptee,"Proposition peu precise ou peu adaptee au contexte, a la logistique ou a l age des enfants.",Jardin de la garderie,True,17.3,LOW
AUTOMNE,SEPTEMBER,4-5 ans,LOW,False,Ariana,REUNION_PARENTS,MIXED,Reunion_Parents peu adaptee,"Proposition peu precise ou peu adaptee au contexte, a la logistique ou a l age des enfants.",Grand parc eloigne,False,14.7,LOW
AUTOMNE,OCTOBER,2-3 ans,MEDIUM,False,Ariana,REUNION_PARENTS,MIXED,Reunion_Parents peu adaptee,"Proposition peu precise ou peu adaptee au contexte, a la logistique ou a l age des enfants.",Foret ou grand parc,False,22.5,LOW
AUTOMNE,SEPTEMBER,2-6 ans,LOW,True,Ariana,REUNION_PARENTS,OUTDOOR,Reunion_Parents peu adaptee,"Proposition peu precise ou peu adaptee au contexte, a la logistique ou a l age des enfants.",Cinema local,True,32.0,LOW
HIVER,DECEMBER,2-3 ans,HIGH,False,Ariana,SORTIE,MIXED,Sortie peu adaptee,"Proposition peu precise ou peu adaptee au contexte, a la logistique ou a l age des enfants.",Foret ou grand parc,True,25.4,LOW
HIVER,DECEMBER,2-6 ans,MEDIUM,True,Ariana,SORTIE,INDOOR,Sortie peu adaptee,"Proposition peu precise ou peu adaptee au contexte, a la logistique ou a l age des enfants.",Jardin de la garderie,False,27.6,LOW
HIVER,JANUARY,2-3 ans,HIGH,False,Ariana,SORTIE,MIXED,Sortie peu adaptee,"Proposition peu precise ou peu adaptee au contexte, a la logistique ou a l age des enfants.",Cinema local,False,20.6,LOW
HIVER,DECEMBER,4-5 ans,LOW,True,Ariana,SORTIE,INDOOR,Sortie peu adaptee,"Proposition peu precise ou peu adaptee au contexte, a la logistique ou a l age des enfants.",Grand parc eloigne,False,22.4,LOW
HIVER,JANUARY,2-6 ans,MEDIUM,True,Ariana,ATELIER,INDOOR,Atelier peu adaptee,"Proposition peu precise ou peu adaptee au contexte, a la logistique ou a l age des enfants.",Lieu non precise en Tunisie,False,19.5,LOW
HIVER,FEBRUARY,2-6 ans,LOW,True,Ariana,ATELIER,INDOOR,Atelier peu adaptee,"Proposition peu precise ou peu adaptee au contexte, a la logistique ou a l age des enfants.",Salle improvisée,False,19.4,LOW
HIVER,DECEMBER,2-6 ans,HIGH,True,Ariana,ATELIER,MIXED,Atelier peu adaptee,"Proposition peu precise ou peu adaptee au contexte, a la logistique ou a l age des enfants.",Grand parc eloigne,True,21.2,LOW
HIVER,DECEMBER,2-3 ans,LOW,False,Ariana,ATELIER,INDOOR,Atelier peu adaptee,"Proposition peu precise ou peu adaptee au contexte, a la logistique ou a l age des enfants.",Salle improvisée,True,15.7,LOW
HIVER,JANUARY,4-5 ans,LOW,True,Ariana,ACTIVITE,OUTDOOR,Activite peu adaptee,"Proposition peu precise ou peu adaptee au contexte, a la logistique ou a l age des enfants.",Grand parc eloigne,False,28.9,LOW
HIVER,JANUARY,2-6 ans,MEDIUM,True,Ariana,ACTIVITE,MIXED,Activite peu adaptee,"Proposition peu precise ou peu adaptee au contexte, a la logistique ou a l age des enfants.",Cinema local,False,23.8,LOW
HIVER,JANUARY,4-5 ans,MEDIUM,False,Ariana,ACTIVITE,OUTDOOR,Activite peu adaptee,"Proposition peu precise ou peu adaptee au contexte, a la logistique ou a l age des enfants.",Foret ou grand parc,False,14.1,LOW
HIVER,JANUARY,4-5 ans,MEDIUM,True,Ariana,ACTIVITE,MIXED,Activite peu adaptee,"Proposition peu precise ou peu adaptee au contexte, a la logistique ou a l age des enfants.",Grand parc eloigne,True,12.9,LOW
HIVER,JANUARY,4-5 ans,HIGH,True,Ariana,FETE,MIXED,Fete peu adaptee,"Proposition peu precise ou peu adaptee au contexte, a la logistique ou a l age des enfants.",Lieu non precise en Tunisie,True,33.4,LOW
HIVER,FEBRUARY,2-6 ans,MEDIUM,True,Ariana,FETE,OUTDOOR,Fete peu adaptee,"Proposition peu precise ou peu adaptee au contexte, a la logistique ou a l age des enfants.",Grand parc eloigne,True,32.9,LOW
HIVER,JANUARY,4-5 ans,LOW,True,Ariana,FETE,MIXED,Fete peu adaptee,"Proposition peu precise ou peu adaptee au contexte, a la logistique ou a l age des enfants.",Cour exterieure,True,24.0,LOW
HIVER,JANUARY,2-6 ans,HIGH,True,Ariana,FETE,INDOOR,Fete peu adaptee,"Proposition peu precise ou peu adaptee au contexte, a la logistique ou a l age des enfants.",Cinema local,True,23.7,LOW
HIVER,JANUARY,2-3 ans,HIGH,False,Ariana,REUNION_PARENTS,MIXED,Reunion_Parents peu adaptee,"Proposition peu precise ou peu adaptee au contexte, a la logistique ou a l age des enfants.",Foret ou grand parc,False,20.2,LOW
HIVER,FEBRUARY,2-3 ans,LOW,True,Ariana,REUNION_PARENTS,MIXED,Reunion_Parents peu adaptee,"Proposition peu precise ou peu adaptee au contexte, a la logistique ou a l age des enfants.",Lieu non precise en Tunisie,False,16.1,LOW
HIVER,DECEMBER,4-5 ans,LOW,True,Ariana,REUNION_PARENTS,OUTDOOR,Reunion_Parents peu adaptee,"Proposition peu precise ou peu adaptee au contexte, a la logistique ou a l age des enfants.",Lieu non precise en Tunisie,False,19.2,LOW
HIVER,FEBRUARY,4-5 ans,HIGH,False,Ariana,REUNION_PARENTS,OUTDOOR,Reunion_Parents peu adaptee,"Proposition peu precise ou peu adaptee au contexte, a la logistique ou a l age des enfants.",Cour exterieure,True,16.9,LOW
PRINTEMPS,MARCH,2-6 ans,HIGH,False,Sousse,SORTIE,INDOOR,Sortie peu adaptee,"Proposition peu precise ou peu adaptee au contexte, a la logistique ou a l age des enfants.",Grand parc eloigne,True,12.1,LOW
PRINTEMPS,MARCH,2-3 ans,HIGH,True,Sousse,SORTIE,OUTDOOR,Sortie peu adaptee,"Proposition peu precise ou peu adaptee au contexte, a la logistique ou a l age des enfants.",Grand parc eloigne,False,32.0,LOW
PRINTEMPS,MAY,2-6 ans,MEDIUM,False,Sousse,SORTIE,MIXED,Sortie peu adaptee,"Proposition peu precise ou peu adaptee au contexte, a la logistique ou a l age des enfants.",Salle improvisée,False,27.9,LOW
PRINTEMPS,MAY,2-6 ans,MEDIUM,False,Sousse,SORTIE,INDOOR,Sortie peu adaptee,"Proposition peu precise ou peu adaptee au contexte, a la logistique ou a l age des enfants.",Jardin de la garderie,True,12.3,LOW
PRINTEMPS,MARCH,2-3 ans,LOW,True,Sousse,ATELIER,INDOOR,Atelier peu adaptee,"Proposition peu precise ou peu adaptee au contexte, a la logistique ou a l age des enfants.",Grand parc eloigne,True,26.9,LOW
PRINTEMPS,APRIL,2-6 ans,LOW,True,Sousse,ATELIER,OUTDOOR,Atelier peu adaptee,"Proposition peu precise ou peu adaptee au contexte, a la logistique ou a l age des enfants.",Salle improvisée,False,15.4,LOW
PRINTEMPS,APRIL,2-3 ans,LOW,True,Sousse,ATELIER,INDOOR,Atelier peu adaptee,"Proposition peu precise ou peu adaptee au contexte, a la logistique ou a l age des enfants.",Lieu non precise en Tunisie,False,34.2,LOW
PRINTEMPS,APRIL,2-3 ans,HIGH,False,Sousse,ATELIER,INDOOR,Atelier peu adaptee,"Proposition peu precise ou peu adaptee au contexte, a la logistique ou a l age des enfants.",Jardin de la garderie,False,25.1,LOW
PRINTEMPS,APRIL,2-3 ans,LOW,False,Sousse,ACTIVITE,INDOOR,Activite peu adaptee,"Proposition peu precise ou peu adaptee au contexte, a la logistique ou a l age des enfants.",Lieu non precise en Tunisie,False,34.5,LOW
PRINTEMPS,APRIL,2-6 ans,LOW,False,Sousse,ACTIVITE,OUTDOOR,Activite peu adaptee,"Proposition peu precise ou peu adaptee au contexte, a la logistique ou a l age des enfants.",Grand parc eloigne,False,23.8,LOW
PRINTEMPS,MAY,2-6 ans,LOW,False,Sousse,ACTIVITE,MIXED,Activite peu adaptee,"Proposition peu precise ou peu adaptee au contexte, a la logistique ou a l age des enfants.",Cinema local,True,21.7,LOW
PRINTEMPS,APRIL,2-6 ans,MEDIUM,True,Sousse,ACTIVITE,MIXED,Activite peu adaptee,"Proposition peu precise ou peu adaptee au contexte, a la logistique ou a l age des enfants.",Grand parc eloigne,False,14.7,LOW
PRINTEMPS,MAY,2-6 ans,MEDIUM,False,Sousse,FETE,MIXED,Fete peu adaptee,"Proposition peu precise ou peu adaptee au contexte, a la logistique ou a l age des enfants.",Grand parc eloigne,True,15.7,LOW
PRINTEMPS,MAY,2-3 ans,MEDIUM,False,Sousse,FETE,OUTDOOR,Fete peu adaptee,"Proposition peu precise ou peu adaptee au contexte, a la logistique ou a l age des enfants.",Jardin de la garderie,True,25.5,LOW
PRINTEMPS,MAY,4-5 ans,LOW,False,Sousse,FETE,OUTDOOR,Fete peu adaptee,"Proposition peu precise ou peu adaptee au contexte, a la logistique ou a l age des enfants.",Lieu non precise en Tunisie,False,34.1,LOW
PRINTEMPS,MAY,2-6 ans,MEDIUM,False,Sousse,FETE,INDOOR,Fete peu adaptee,"Proposition peu precise ou peu adaptee au contexte, a la logistique ou a l age des enfants.",Foret ou grand parc,True,18.5,LOW
PRINTEMPS,MAY,2-3 ans,LOW,False,Sousse,REUNION_PARENTS,INDOOR,Reunion_Parents peu adaptee,"Proposition peu precise ou peu adaptee au contexte, a la logistique ou a l age des enfants.",Jardin de la garderie,True,25.9,LOW
PRINTEMPS,MARCH,4-5 ans,MEDIUM,False,Sousse,REUNION_PARENTS,INDOOR,Reunion_Parents peu adaptee,"Proposition peu precise ou peu adaptee au contexte, a la logistique ou a l age des enfants.",Jardin de la garderie,True,35.0,LOW
PRINTEMPS,APRIL,4-5 ans,HIGH,False,Sousse,REUNION_PARENTS,INDOOR,Reunion_Parents peu adaptee,"Proposition peu precise ou peu adaptee au contexte, a la logistique ou a l age des enfants.",Jardin de la garderie,True,30.6,LOW
PRINTEMPS,APRIL,4-5 ans,HIGH,True,Sousse,REUNION_PARENTS,INDOOR,Reunion_Parents peu adaptee,"Proposition peu precise ou peu adaptee au contexte, a la logistique ou a l age des enfants.",Cinema local,True,23.2,LOW
ETE,JULY,4-5 ans,HIGH,True,Sousse,SORTIE,OUTDOOR,Sortie peu adaptee,"Proposition peu precise ou peu adaptee au contexte, a la logistique ou a l age des enfants.",Jardin de la garderie,True,28.2,LOW
ETE,JULY,4-5 ans,LOW,True,Sousse,SORTIE,MIXED,Sortie peu adaptee,"Proposition peu precise ou peu adaptee au contexte, a la logistique ou a l age des enfants.",Foret ou grand parc,True,30.9,LOW
ETE,JUNE,2-6 ans,LOW,True,Sousse,SORTIE,MIXED,Sortie peu adaptee,"Proposition peu precise ou peu adaptee au contexte, a la logistique ou a l age des enfants.",Cinema local,True,33.0,LOW
ETE,JUNE,2-6 ans,HIGH,False,Sousse,SORTIE,OUTDOOR,Sortie peu adaptee,"Proposition peu precise ou peu adaptee au contexte, a la logistique ou a l age des enfants.",Salle improvisée,False,28.8,LOW
ETE,JUNE,2-3 ans,MEDIUM,False,Sousse,ATELIER,INDOOR,Atelier peu adaptee,"Proposition peu precise ou peu adaptee au contexte, a la logistique ou a l age des enfants.",Cinema local,True,22.1,LOW
ETE,JULY,2-3 ans,MEDIUM,True,Sousse,ATELIER,OUTDOOR,Atelier peu adaptee,"Proposition peu precise ou peu adaptee au contexte, a la logistique ou a l age des enfants.",Cour exterieure,True,14.0,LOW
ETE,JULY,2-6 ans,MEDIUM,False,Sousse,ATELIER,MIXED,Atelier peu adaptee,"Proposition peu precise ou peu adaptee au contexte, a la logistique ou a l age des enfants.",Lieu non precise en Tunisie,True,15.5,LOW
ETE,AUGUST,4-5 ans,LOW,True,Sousse,ATELIER,OUTDOOR,Atelier peu adaptee,"Proposition peu precise ou peu adaptee au contexte, a la logistique ou a l age des enfants.",Grand parc eloigne,False,32.7,LOW
ETE,AUGUST,2-6 ans,LOW,False,Sousse,ACTIVITE,OUTDOOR,Activite peu adaptee,"Proposition peu precise ou peu adaptee au contexte, a la logistique ou a l age des enfants.",Jardin de la garderie,True,28.5,LOW
ETE,AUGUST,2-3 ans,MEDIUM,True,Sousse,ACTIVITE,OUTDOOR,Activite peu adaptee,"Proposition peu precise ou peu adaptee au contexte, a la logistique ou a l age des enfants.",Grand parc eloigne,True,22.0,LOW
ETE,JULY,2-3 ans,HIGH,True,Sousse,ACTIVITE,INDOOR,Activite peu adaptee,"Proposition peu precise ou peu adaptee au contexte, a la logistique ou a l age des enfants.",Lieu non precise en Tunisie,False,21.6,LOW
ETE,AUGUST,2-6 ans,HIGH,False,Sousse,ACTIVITE,MIXED,Activite peu adaptee,"Proposition peu precise ou peu adaptee au contexte, a la logistique ou a l age des enfants.",Cour exterieure,False,12.2,LOW
ETE,JULY,2-6 ans,HIGH,True,Sousse,FETE,OUTDOOR,Fete peu adaptee,"Proposition peu precise ou peu adaptee au contexte, a la logistique ou a l age des enfants.",Grand parc eloigne,True,32.4,LOW
ETE,AUGUST,2-6 ans,HIGH,False,Sousse,FETE,OUTDOOR,Fete peu adaptee,"Proposition peu precise ou peu adaptee au contexte, a la logistique ou a l age des enfants.",Salle improvisée,False,29.8,LOW
ETE,JULY,2-3 ans,HIGH,True,Sousse,FETE,OUTDOOR,Fete peu adaptee,"Proposition peu precise ou peu adaptee au contexte, a la logistique ou a l age des enfants.",Grand parc eloigne,True,24.0,LOW
ETE,AUGUST,4-5 ans,LOW,True,Sousse,FETE,MIXED,Fete peu adaptee,"Proposition peu precise ou peu adaptee au contexte, a la logistique ou a l age des enfants.",Foret ou grand parc,False,24.0,LOW
ETE,AUGUST,2-3 ans,LOW,True,Sousse,REUNION_PARENTS,MIXED,Reunion_Parents peu adaptee,"Proposition peu precise ou peu adaptee au contexte, a la logistique ou a l age des enfants.",Foret ou grand parc,False,17.6,LOW
ETE,JULY,2-6 ans,HIGH,False,Sousse,REUNION_PARENTS,INDOOR,Reunion_Parents peu adaptee,"Proposition peu precise ou peu adaptee au contexte, a la logistique ou a l age des enfants.",Lieu non precise en Tunisie,True,31.4,LOW
ETE,JULY,2-6 ans,LOW,False,Sousse,REUNION_PARENTS,INDOOR,Reunion_Parents peu adaptee,"Proposition peu precise ou peu adaptee au contexte, a la logistique ou a l age des enfants.",Salle improvisée,True,22.3,LOW
ETE,AUGUST,2-6 ans,MEDIUM,True,Sousse,REUNION_PARENTS,OUTDOOR,Reunion_Parents peu adaptee,"Proposition peu precise ou peu adaptee au contexte, a la logistique ou a l age des enfants.",Jardin de la garderie,True,20.1,LOW
AUTOMNE,OCTOBER,2-6 ans,HIGH,True,Sousse,SORTIE,OUTDOOR,Sortie peu adaptee,"Proposition peu precise ou peu adaptee au contexte, a la logistique ou a l age des enfants.",Foret ou grand parc,True,14.4,LOW
AUTOMNE,NOVEMBER,2-6 ans,MEDIUM,True,Sousse,SORTIE,OUTDOOR,Sortie peu adaptee,"Proposition peu precise ou peu adaptee au contexte, a la logistique ou a l age des enfants.",Cinema local,True,28.4,LOW
AUTOMNE,OCTOBER,2-3 ans,LOW,True,Sousse,SORTIE,OUTDOOR,Sortie peu adaptee,"Proposition peu precise ou peu adaptee au contexte, a la logistique ou a l age des enfants.",Jardin de la garderie,False,16.9,LOW
AUTOMNE,SEPTEMBER,4-5 ans,HIGH,False,Sousse,SORTIE,MIXED,Sortie peu adaptee,"Proposition peu precise ou peu adaptee au contexte, a la logistique ou a l age des enfants.",Foret ou grand parc,False,32.1,LOW
AUTOMNE,NOVEMBER,4-5 ans,MEDIUM,False,Sousse,ATELIER,MIXED,Atelier peu adaptee,"Proposition peu precise ou peu adaptee au contexte, a la logistique ou a l age des enfants.",Grand parc eloigne,False,30.9,LOW
AUTOMNE,SEPTEMBER,2-6 ans,MEDIUM,True,Sousse,ATELIER,MIXED,Atelier peu adaptee,"Proposition peu precise ou peu adaptee au contexte, a la logistique ou a l age des enfants.",Grand parc eloigne,True,34.3,LOW
AUTOMNE,NOVEMBER,2-6 ans,HIGH,True,Sousse,ATELIER,INDOOR,Atelier peu adaptee,"Proposition peu precise ou peu adaptee au contexte, a la logistique ou a l age des enfants.",Grand parc eloigne,False,12.7,LOW
AUTOMNE,SEPTEMBER,2-6 ans,LOW,False,Sousse,ATELIER,MIXED,Atelier peu adaptee,"Proposition peu precise ou peu adaptee au contexte, a la logistique ou a l age des enfants.",Salle improvisée,False,14.5,LOW
AUTOMNE,OCTOBER,2-6 ans,LOW,False,Sousse,ACTIVITE,MIXED,Activite peu adaptee,"Proposition peu precise ou peu adaptee au contexte, a la logistique ou a l age des enfants.",Jardin de la garderie,True,20.5,LOW
AUTOMNE,OCTOBER,4-5 ans,MEDIUM,False,Sousse,ACTIVITE,INDOOR,Activite peu adaptee,"Proposition peu precise ou peu adaptee au contexte, a la logistique ou a l age des enfants.",Salle improvisée,True,15.3,LOW
AUTOMNE,NOVEMBER,4-5 ans,MEDIUM,True,Sousse,ACTIVITE,OUTDOOR,Activite peu adaptee,"Proposition peu precise ou peu adaptee au contexte, a la logistique ou a l age des enfants.",Jardin de la garderie,True,30.8,LOW
AUTOMNE,OCTOBER,2-3 ans,HIGH,True,Sousse,ACTIVITE,OUTDOOR,Activite peu adaptee,"Proposition peu precise ou peu adaptee au contexte, a la logistique ou a l age des enfants.",Cinema local,True,21.6,LOW
AUTOMNE,NOVEMBER,4-5 ans,MEDIUM,False,Sousse,FETE,OUTDOOR,Fete peu adaptee,"Proposition peu precise ou peu adaptee au contexte, a la logistique ou a l age des enfants.",Grand parc eloigne,True,29.5,LOW
AUTOMNE,NOVEMBER,2-6 ans,MEDIUM,False,Sousse,FETE,MIXED,Fete peu adaptee,"Proposition peu precise ou peu adaptee au contexte, a la logistique ou a l age des enfants.",Grand parc eloigne,True,31.9,LOW
AUTOMNE,OCTOBER,2-3 ans,MEDIUM,False,Sousse,FETE,INDOOR,Fete peu adaptee,"Proposition peu precise ou peu adaptee au contexte, a la logistique ou a l age des enfants.",Grand parc eloigne,False,24.4,LOW
AUTOMNE,NOVEMBER,4-5 ans,HIGH,False,Sousse,FETE,INDOOR,Fete peu adaptee,"Proposition peu precise ou peu adaptee au contexte, a la logistique ou a l age des enfants.",Salle improvisée,True,28.3,LOW
AUTOMNE,NOVEMBER,2-6 ans,HIGH,False,Sousse,REUNION_PARENTS,MIXED,Reunion_Parents peu adaptee,"Proposition peu precise ou peu adaptee au contexte, a la logistique ou a l age des enfants.",Cinema local,True,16.4,LOW
AUTOMNE,NOVEMBER,2-6 ans,HIGH,True,Sousse,REUNION_PARENTS,MIXED,Reunion_Parents peu adaptee,"Proposition peu precise ou peu adaptee au contexte, a la logistique ou a l age des enfants.",Jardin de la garderie,False,23.6,LOW
AUTOMNE,SEPTEMBER,2-3 ans,LOW,True,Sousse,REUNION_PARENTS,OUTDOOR,Reunion_Parents peu adaptee,"Proposition peu precise ou peu adaptee au contexte, a la logistique ou a l age des enfants.",Salle improvisée,True,17.6,LOW
AUTOMNE,NOVEMBER,2-6 ans,LOW,False,Sousse,REUNION_PARENTS,MIXED,Reunion_Parents peu adaptee,"Proposition peu precise ou peu adaptee au contexte, a la logistique ou a l age des enfants.",Foret ou grand parc,False,21.2,LOW
HIVER,DECEMBER,4-5 ans,MEDIUM,True,Sousse,SORTIE,OUTDOOR,Sortie peu adaptee,"Proposition peu precise ou peu adaptee au contexte, a la logistique ou a l age des enfants.",Jardin de la garderie,False,12.6,LOW
HIVER,FEBRUARY,4-5 ans,MEDIUM,False,Sousse,SORTIE,INDOOR,Sortie peu adaptee,"Proposition peu precise ou peu adaptee au contexte, a la logistique ou a l age des enfants.",Cinema local,True,24.5,LOW
HIVER,JANUARY,2-3 ans,MEDIUM,True,Sousse,SORTIE,INDOOR,Sortie peu adaptee,"Proposition peu precise ou peu adaptee au contexte, a la logistique ou a l age des enfants.",Jardin de la garderie,False,33.9,LOW
HIVER,FEBRUARY,2-3 ans,HIGH,True,Sousse,SORTIE,OUTDOOR,Sortie peu adaptee,"Proposition peu precise ou peu adaptee au contexte, a la logistique ou a l age des enfants.",Jardin de la garderie,True,28.4,LOW
HIVER,JANUARY,4-5 ans,MEDIUM,True,Sousse,ATELIER,INDOOR,Atelier peu adaptee,"Proposition peu precise ou peu adaptee au contexte, a la logistique ou a l age des enfants.",Grand parc eloigne,False,17.9,LOW
HIVER,DECEMBER,2-3 ans,LOW,True,Sousse,ATELIER,MIXED,Atelier peu adaptee,"Proposition peu precise ou peu adaptee au contexte, a la logistique ou a l age des enfants.",Foret ou grand parc,True,23.3,LOW
HIVER,FEBRUARY,4-5 ans,MEDIUM,True,Sousse,ATELIER,INDOOR,Atelier peu adaptee,"Proposition peu precise ou peu adaptee au contexte, a la logistique ou a l age des enfants.",Cour exterieure,False,24.7,LOW
HIVER,DECEMBER,4-5 ans,MEDIUM,True,Sousse,ATELIER,MIXED,Atelier peu adaptee,"Proposition peu precise ou peu adaptee au contexte, a la logistique ou a l age des enfants.",Jardin de la garderie,True,18.2,LOW
HIVER,FEBRUARY,2-6 ans,LOW,True,Sousse,ACTIVITE,MIXED,Activite peu adaptee,"Proposition peu precise ou peu adaptee au contexte, a la logistique ou a l age des enfants.",Lieu non precise en Tunisie,True,19.0,LOW
HIVER,JANUARY,4-5 ans,HIGH,True,Sousse,ACTIVITE,MIXED,Activite peu adaptee,"Proposition peu precise ou peu adaptee au contexte, a la logistique ou a l age des enfants.",Jardin de la garderie,True,20.6,LOW
HIVER,DECEMBER,2-3 ans,HIGH,False,Sousse,ACTIVITE,OUTDOOR,Activite peu adaptee,"Proposition peu precise ou peu adaptee au contexte, a la logistique ou a l age des enfants.",Cinema local,True,30.7,LOW
HIVER,FEBRUARY,4-5 ans,LOW,True,Sousse,ACTIVITE,INDOOR,Activite peu adaptee,"Proposition peu precise ou peu adaptee au contexte, a la logistique ou a l age des enfants.",Grand parc eloigne,False,25.8,LOW
HIVER,FEBRUARY,4-5 ans,HIGH,False,Sousse,FETE,INDOOR,Fete peu adaptee,"Proposition peu precise ou peu adaptee au contexte, a la logistique ou a l age des enfants.",Foret ou grand parc,False,13.0,LOW
HIVER,FEBRUARY,2-6 ans,MEDIUM,True,Sousse,FETE,INDOOR,Fete peu adaptee,"Proposition peu precise ou peu adaptee au contexte, a la logistique ou a l age des enfants.",Grand parc eloigne,True,31.1,LOW
HIVER,FEBRUARY,2-6 ans,MEDIUM,False,Sousse,FETE,INDOOR,Fete peu adaptee,"Proposition peu precise ou peu adaptee au contexte, a la logistique ou a l age des enfants.",Foret ou grand parc,False,32.3,LOW
HIVER,JANUARY,2-6 ans,HIGH,False,Sousse,FETE,OUTDOOR,Fete peu adaptee,"Proposition peu precise ou peu adaptee au contexte, a la logistique ou a l age des enfants.",Cour exterieure,True,27.2,LOW
HIVER,JANUARY,4-5 ans,MEDIUM,True,Sousse,REUNION_PARENTS,MIXED,Reunion_Parents peu adaptee,"Proposition peu precise ou peu adaptee au contexte, a la logistique ou a l age des enfants.",Cour exterieure,True,33.0,LOW
HIVER,DECEMBER,2-6 ans,HIGH,True,Sousse,REUNION_PARENTS,OUTDOOR,Reunion_Parents peu adaptee,"Proposition peu precise ou peu adaptee au contexte, a la logistique ou a l age des enfants.",Cinema local,True,27.5,LOW
HIVER,JANUARY,2-6 ans,MEDIUM,False,Sousse,REUNION_PARENTS,MIXED,Reunion_Parents peu adaptee,"Proposition peu precise ou peu adaptee au contexte, a la logistique ou a l age des enfants.",Cinema local,True,24.4,LOW
HIVER,FEBRUARY,4-5 ans,MEDIUM,True,Sousse,REUNION_PARENTS,OUTDOOR,Reunion_Parents peu adaptee,"Proposition peu precise ou peu adaptee au contexte, a la logistique ou a l age des enfants.",Salle improvisée,False,20.9,LOW
PRINTEMPS,MAY,2-3 ans,MEDIUM,True,Sfax,SORTIE,OUTDOOR,Sortie peu adaptee,"Proposition peu precise ou peu adaptee au contexte, a la logistique ou a l age des enfants.",Jardin de la garderie,False,12.2,LOW
PRINTEMPS,MAY,2-3 ans,HIGH,False,Sfax,SORTIE,MIXED,Sortie peu adaptee,"Proposition peu precise ou peu adaptee au contexte, a la logistique ou a l age des enfants.",Cour exterieure,True,14.1,LOW
PRINTEMPS,MAY,2-6 ans,HIGH,False,Sfax,SORTIE,INDOOR,Sortie peu adaptee,"Proposition peu precise ou peu adaptee au contexte, a la logistique ou a l age des enfants.",Jardin de la garderie,False,34.2,LOW
PRINTEMPS,MARCH,4-5 ans,HIGH,False,Sfax,SORTIE,MIXED,Sortie peu adaptee,"Proposition peu precise ou peu adaptee au contexte, a la logistique ou a l age des enfants.",Foret ou grand parc,True,12.2,LOW
PRINTEMPS,MAY,4-5 ans,MEDIUM,True,Sfax,ATELIER,MIXED,Atelier peu adaptee,"Proposition peu precise ou peu adaptee au contexte, a la logistique ou a l age des enfants.",Foret ou grand parc,False,15.9,LOW
PRINTEMPS,MARCH,2-6 ans,LOW,True,Sfax,ATELIER,MIXED,Atelier peu adaptee,"Proposition peu precise ou peu adaptee au contexte, a la logistique ou a l age des enfants.",Jardin de la garderie,True,14.9,LOW
PRINTEMPS,MAY,2-3 ans,LOW,False,Sfax,ATELIER,MIXED,Atelier peu adaptee,"Proposition peu precise ou peu adaptee au contexte, a la logistique ou a l age des enfants.",Cinema local,False,27.7,LOW
PRINTEMPS,APRIL,2-3 ans,HIGH,False,Sfax,ATELIER,MIXED,Atelier peu adaptee,"Proposition peu precise ou peu adaptee au contexte, a la logistique ou a l age des enfants.",Lieu non precise en Tunisie,True,31.6,LOW
PRINTEMPS,APRIL,4-5 ans,MEDIUM,False,Sfax,ACTIVITE,INDOOR,Activite peu adaptee,"Proposition peu precise ou peu adaptee au contexte, a la logistique ou a l age des enfants.",Lieu non precise en Tunisie,False,23.4,LOW
PRINTEMPS,MAY,2-3 ans,LOW,True,Sfax,ACTIVITE,OUTDOOR,Activite peu adaptee,"Proposition peu precise ou peu adaptee au contexte, a la logistique ou a l age des enfants.",Grand parc eloigne,False,19.3,LOW
PRINTEMPS,APRIL,2-3 ans,LOW,False,Sfax,ACTIVITE,MIXED,Activite peu adaptee,"Proposition peu precise ou peu adaptee au contexte, a la logistique ou a l age des enfants.",Salle improvisée,True,34.8,LOW
PRINTEMPS,MARCH,2-6 ans,LOW,False,Sfax,ACTIVITE,INDOOR,Activite peu adaptee,"Proposition peu precise ou peu adaptee au contexte, a la logistique ou a l age des enfants.",Jardin de la garderie,True,19.6,LOW
PRINTEMPS,MARCH,2-6 ans,LOW,True,Sfax,FETE,OUTDOOR,Fete peu adaptee,"Proposition peu precise ou peu adaptee au contexte, a la logistique ou a l age des enfants.",Grand parc eloigne,True,25.6,LOW
PRINTEMPS,MAY,4-5 ans,LOW,False,Sfax,FETE,INDOOR,Fete peu adaptee,"Proposition peu precise ou peu adaptee au contexte, a la logistique ou a l age des enfants.",Grand parc eloigne,True,34.1,LOW
PRINTEMPS,MARCH,4-5 ans,LOW,True,Sfax,FETE,MIXED,Fete peu adaptee,"Proposition peu precise ou peu adaptee au contexte, a la logistique ou a l age des enfants.",Foret ou grand parc,False,29.6,LOW
PRINTEMPS,MAY,4-5 ans,LOW,True,Sfax,FETE,INDOOR,Fete peu adaptee,"Proposition peu precise ou peu adaptee au contexte, a la logistique ou a l age des enfants.",Cinema local,False,19.2,LOW
PRINTEMPS,MAY,2-3 ans,LOW,True,Sfax,REUNION_PARENTS,OUTDOOR,Reunion_Parents peu adaptee,"Proposition peu precise ou peu adaptee au contexte, a la logistique ou a l age des enfants.",Cinema local,False,26.0,LOW
PRINTEMPS,APRIL,2-3 ans,HIGH,True,Sfax,REUNION_PARENTS,INDOOR,Reunion_Parents peu adaptee,"Proposition peu precise ou peu adaptee au contexte, a la logistique ou a l age des enfants.",Foret ou grand parc,True,18.8,LOW
PRINTEMPS,APRIL,4-5 ans,HIGH,True,Sfax,REUNION_PARENTS,OUTDOOR,Reunion_Parents peu adaptee,"Proposition peu precise ou peu adaptee au contexte, a la logistique ou a l age des enfants.",Jardin de la garderie,True,22.4,LOW
PRINTEMPS,APRIL,4-5 ans,MEDIUM,True,Sfax,REUNION_PARENTS,MIXED,Reunion_Parents peu adaptee,"Proposition peu precise ou peu adaptee au contexte, a la logistique ou a l age des enfants.",Lieu non precise en Tunisie,True,22.4,LOW
ETE,JULY,2-6 ans,LOW,True,Sfax,SORTIE,INDOOR,Sortie peu adaptee,"Proposition peu precise ou peu adaptee au contexte, a la logistique ou a l age des enfants.",Cinema local,True,25.6,LOW
ETE,JUNE,2-6 ans,HIGH,True,Sfax,SORTIE,MIXED,Sortie peu adaptee,"Proposition peu precise ou peu adaptee au contexte, a la logistique ou a l age des enfants.",Cour exterieure,False,21.7,LOW
ETE,AUGUST,2-6 ans,LOW,False,Sfax,SORTIE,INDOOR,Sortie peu adaptee,"Proposition peu precise ou peu adaptee au contexte, a la logistique ou a l age des enfants.",Jardin de la garderie,True,13.4,LOW
ETE,JULY,2-6 ans,HIGH,False,Sfax,SORTIE,MIXED,Sortie peu adaptee,"Proposition peu precise ou peu adaptee au contexte, a la logistique ou a l age des enfants.",Salle improvisée,False,19.2,LOW
ETE,AUGUST,2-3 ans,MEDIUM,True,Sfax,ATELIER,OUTDOOR,Atelier peu adaptee,"Proposition peu precise ou peu adaptee au contexte, a la logistique ou a l age des enfants.",Foret ou grand parc,False,18.7,LOW
ETE,JUNE,2-6 ans,LOW,True,Sfax,ATELIER,INDOOR,Atelier peu adaptee,"Proposition peu precise ou peu adaptee au contexte, a la logistique ou a l age des enfants.",Foret ou grand parc,True,21.7,LOW
ETE,JUNE,2-3 ans,LOW,True,Sfax,ATELIER,OUTDOOR,Atelier peu adaptee,"Proposition peu precise ou peu adaptee au contexte, a la logistique ou a l age des enfants.",Jardin de la garderie,False,28.0,LOW
ETE,JULY,2-6 ans,HIGH,False,Sfax,ATELIER,MIXED,Atelier peu adaptee,"Proposition peu precise ou peu adaptee au contexte, a la logistique ou a l age des enfants.",Cour exterieure,False,21.6,LOW
ETE,JUNE,2-3 ans,LOW,False,Sfax,ACTIVITE,OUTDOOR,Activite peu adaptee,"Proposition peu precise ou peu adaptee au contexte, a la logistique ou a l age des enfants.",Jardin de la garderie,True,26.7,LOW
ETE,AUGUST,2-3 ans,HIGH,False,Sfax,ACTIVITE,INDOOR,Activite peu adaptee,"Proposition peu precise ou peu adaptee au contexte, a la logistique ou a l age des enfants.",Jardin de la garderie,False,28.9,LOW
ETE,JULY,2-6 ans,LOW,False,Sfax,ACTIVITE,OUTDOOR,Activite peu adaptee,"Proposition peu precise ou peu adaptee au contexte, a la logistique ou a l age des enfants.",Jardin de la garderie,True,20.3,LOW
ETE,JUNE,4-5 ans,HIGH,True,Sfax,ACTIVITE,INDOOR,Activite peu adaptee,"Proposition peu precise ou peu adaptee au contexte, a la logistique ou a l age des enfants.",Jardin de la garderie,False,22.1,LOW
ETE,AUGUST,2-6 ans,LOW,False,Sfax,FETE,INDOOR,Fete peu adaptee,"Proposition peu precise ou peu adaptee au contexte, a la logistique ou a l age des enfants.",Jardin de la garderie,True,18.5,LOW
ETE,JUNE,4-5 ans,MEDIUM,True,Sfax,FETE,MIXED,Fete peu adaptee,"Proposition peu precise ou peu adaptee au contexte, a la logistique ou a l age des enfants.",Jardin de la garderie,True,16.5,LOW
ETE,JUNE,4-5 ans,LOW,True,Sfax,FETE,MIXED,Fete peu adaptee,"Proposition peu precise ou peu adaptee au contexte, a la logistique ou a l age des enfants.",Jardin de la garderie,False,27.1,LOW
ETE,JUNE,4-5 ans,MEDIUM,True,Sfax,FETE,OUTDOOR,Fete peu adaptee,"Proposition peu precise ou peu adaptee au contexte, a la logistique ou a l age des enfants.",Jardin de la garderie,False,30.6,LOW
ETE,AUGUST,2-3 ans,HIGH,False,Sfax,REUNION_PARENTS,INDOOR,Reunion_Parents peu adaptee,"Proposition peu precise ou peu adaptee au contexte, a la logistique ou a l age des enfants.",Cinema local,True,32.3,LOW
ETE,JUNE,2-3 ans,HIGH,True,Sfax,REUNION_PARENTS,OUTDOOR,Reunion_Parents peu adaptee,"Proposition peu precise ou peu adaptee au contexte, a la logistique ou a l age des enfants.",Lieu non precise en Tunisie,False,19.3,LOW
ETE,JULY,2-6 ans,LOW,True,Sfax,REUNION_PARENTS,MIXED,Reunion_Parents peu adaptee,"Proposition peu precise ou peu adaptee au contexte, a la logistique ou a l age des enfants.",Foret ou grand parc,True,31.7,LOW
ETE,JULY,2-3 ans,LOW,False,Sfax,REUNION_PARENTS,INDOOR,Reunion_Parents peu adaptee,"Proposition peu precise ou peu adaptee au contexte, a la logistique ou a l age des enfants.",Lieu non precise en Tunisie,False,32.1,LOW
AUTOMNE,NOVEMBER,2-6 ans,LOW,False,Sfax,SORTIE,MIXED,Sortie peu adaptee,"Proposition peu precise ou peu adaptee au contexte, a la logistique ou a l age des enfants.",Cinema local,False,30.2,LOW
AUTOMNE,NOVEMBER,2-3 ans,HIGH,True,Sfax,SORTIE,OUTDOOR,Sortie peu adaptee,"Proposition peu precise ou peu adaptee au contexte, a la logistique ou a l age des enfants.",Salle improvisée,False,23.5,LOW
AUTOMNE,OCTOBER,2-3 ans,HIGH,False,Sfax,SORTIE,OUTDOOR,Sortie peu adaptee,"Proposition peu precise ou peu adaptee au contexte, a la logistique ou a l age des enfants.",Foret ou grand parc,False,28.5,LOW
AUTOMNE,OCTOBER,4-5 ans,HIGH,False,Sfax,SORTIE,OUTDOOR,Sortie peu adaptee,"Proposition peu precise ou peu adaptee au contexte, a la logistique ou a l age des enfants.",Lieu non precise en Tunisie,True,16.8,LOW
AUTOMNE,SEPTEMBER,4-5 ans,MEDIUM,True,Sfax,ATELIER,INDOOR,Atelier peu adaptee,"Proposition peu precise ou peu adaptee au contexte, a la logistique ou a l age des enfants.",Cour exterieure,False,32.4,LOW
AUTOMNE,NOVEMBER,2-3 ans,MEDIUM,False,Sfax,ATELIER,MIXED,Atelier peu adaptee,"Proposition peu precise ou peu adaptee au contexte, a la logistique ou a l age des enfants.",Cinema local,True,29.3,LOW
AUTOMNE,OCTOBER,4-5 ans,LOW,False,Sfax,ATELIER,MIXED,Atelier peu adaptee,"Proposition peu precise ou peu adaptee au contexte, a la logistique ou a l age des enfants.",Cinema local,False,23.8,LOW
AUTOMNE,OCTOBER,4-5 ans,MEDIUM,False,Sfax,ATELIER,OUTDOOR,Atelier peu adaptee,"Proposition peu precise ou peu adaptee au contexte, a la logistique ou a l age des enfants.",Grand parc eloigne,False,30.5,LOW
AUTOMNE,OCTOBER,4-5 ans,LOW,False,Sfax,ACTIVITE,INDOOR,Activite peu adaptee,"Proposition peu precise ou peu adaptee au contexte, a la logistique ou a l age des enfants.",Grand parc eloigne,True,18.1,LOW
AUTOMNE,SEPTEMBER,4-5 ans,MEDIUM,True,Sfax,ACTIVITE,MIXED,Activite peu adaptee,"Proposition peu precise ou peu adaptee au contexte, a la logistique ou a l age des enfants.",Foret ou grand parc,True,30.1,LOW
AUTOMNE,SEPTEMBER,2-3 ans,LOW,True,Sfax,ACTIVITE,OUTDOOR,Activite peu adaptee,"Proposition peu precise ou peu adaptee au contexte, a la logistique ou a l age des enfants.",Cinema local,True,19.7,LOW
AUTOMNE,NOVEMBER,4-5 ans,MEDIUM,False,Sfax,ACTIVITE,MIXED,Activite peu adaptee,"Proposition peu precise ou peu adaptee au contexte, a la logistique ou a l age des enfants.",Salle improvisée,False,16.4,LOW
AUTOMNE,NOVEMBER,2-3 ans,LOW,False,Sfax,FETE,OUTDOOR,Fete peu adaptee,"Proposition peu precise ou peu adaptee au contexte, a la logistique ou a l age des enfants.",Cour exterieure,False,30.0,LOW
AUTOMNE,OCTOBER,4-5 ans,MEDIUM,True,Sfax,FETE,MIXED,Fete peu adaptee,"Proposition peu precise ou peu adaptee au contexte, a la logistique ou a l age des enfants.",Foret ou grand parc,True,31.9,LOW
AUTOMNE,SEPTEMBER,2-3 ans,MEDIUM,True,Sfax,FETE,INDOOR,Fete peu adaptee,"Proposition peu precise ou peu adaptee au contexte, a la logistique ou a l age des enfants.",Foret ou grand parc,False,28.6,LOW
AUTOMNE,OCTOBER,4-5 ans,MEDIUM,True,Sfax,FETE,INDOOR,Fete peu adaptee,"Proposition peu precise ou peu adaptee au contexte, a la logistique ou a l age des enfants.",Grand parc eloigne,False,16.8,LOW
AUTOMNE,OCTOBER,2-6 ans,MEDIUM,True,Sfax,REUNION_PARENTS,INDOOR,Reunion_Parents peu adaptee,"Proposition peu precise ou peu adaptee au contexte, a la logistique ou a l age des enfants.",Foret ou grand parc,True,19.0,LOW
AUTOMNE,NOVEMBER,2-3 ans,HIGH,False,Sfax,REUNION_PARENTS,OUTDOOR,Reunion_Parents peu adaptee,"Proposition peu precise ou peu adaptee au contexte, a la logistique ou a l age des enfants.",Cour exterieure,True,21.6,LOW
AUTOMNE,NOVEMBER,4-5 ans,MEDIUM,False,Sfax,REUNION_PARENTS,MIXED,Reunion_Parents peu adaptee,"Proposition peu precise ou peu adaptee au contexte, a la logistique ou a l age des enfants.",Cinema local,True,33.2,LOW
AUTOMNE,SEPTEMBER,4-5 ans,MEDIUM,False,Sfax,REUNION_PARENTS,INDOOR,Reunion_Parents peu adaptee,"Proposition peu precise ou peu adaptee au contexte, a la logistique ou a l age des enfants.",Grand parc eloigne,True,24.3,LOW
HIVER,DECEMBER,4-5 ans,MEDIUM,True,Sfax,SORTIE,MIXED,Sortie peu adaptee,"Proposition peu precise ou peu adaptee au contexte, a la logistique ou a l age des enfants.",Grand parc eloigne,False,14.1,LOW
HIVER,DECEMBER,2-6 ans,LOW,True,Sfax,SORTIE,MIXED,Sortie peu adaptee,"Proposition peu precise ou peu adaptee au contexte, a la logistique ou a l age des enfants.",Foret ou grand parc,False,12.6,LOW
HIVER,DECEMBER,2-3 ans,MEDIUM,False,Sfax,SORTIE,INDOOR,Sortie peu adaptee,"Proposition peu precise ou peu adaptee au contexte, a la logistique ou a l age des enfants.",Jardin de la garderie,False,27.2,LOW
HIVER,DECEMBER,4-5 ans,MEDIUM,True,Sfax,SORTIE,MIXED,Sortie peu adaptee,"Proposition peu precise ou peu adaptee au contexte, a la logistique ou a l age des enfants.",Cinema local,True,19.5,LOW
HIVER,JANUARY,4-5 ans,LOW,True,Sfax,ATELIER,INDOOR,Atelier peu adaptee,"Proposition peu precise ou peu adaptee au contexte, a la logistique ou a l age des enfants.",Foret ou grand parc,False,23.0,LOW
HIVER,DECEMBER,4-5 ans,LOW,True,Sfax,ATELIER,INDOOR,Atelier peu adaptee,"Proposition peu precise ou peu adaptee au contexte, a la logistique ou a l age des enfants.",Cour exterieure,False,30.8,LOW
HIVER,FEBRUARY,4-5 ans,HIGH,True,Sfax,ATELIER,MIXED,Atelier peu adaptee,"Proposition peu precise ou peu adaptee au contexte, a la logistique ou a l age des enfants.",Cour exterieure,True,23.6,LOW
HIVER,FEBRUARY,4-5 ans,LOW,False,Sfax,ATELIER,INDOOR,Atelier peu adaptee,"Proposition peu precise ou peu adaptee au contexte, a la logistique ou a l age des enfants.",Jardin de la garderie,False,13.5,LOW
HIVER,JANUARY,2-6 ans,HIGH,True,Sfax,ACTIVITE,OUTDOOR,Activite peu adaptee,"Proposition peu precise ou peu adaptee au contexte, a la logistique ou a l age des enfants.",Foret ou grand parc,False,22.6,LOW
HIVER,FEBRUARY,2-3 ans,MEDIUM,True,Sfax,ACTIVITE,MIXED,Activite peu adaptee,"Proposition peu precise ou peu adaptee au contexte, a la logistique ou a l age des enfants.",Grand parc eloigne,False,28.1,LOW
HIVER,FEBRUARY,4-5 ans,HIGH,False,Sfax,ACTIVITE,INDOOR,Activite peu adaptee,"Proposition peu precise ou peu adaptee au contexte, a la logistique ou a l age des enfants.",Grand parc eloigne,True,16.1,LOW
HIVER,FEBRUARY,2-6 ans,MEDIUM,False,Sfax,ACTIVITE,OUTDOOR,Activite peu adaptee,"Proposition peu precise ou peu adaptee au contexte, a la logistique ou a l age des enfants.",Lieu non precise en Tunisie,True,28.1,LOW
HIVER,DECEMBER,4-5 ans,LOW,True,Sfax,FETE,INDOOR,Fete peu adaptee,"Proposition peu precise ou peu adaptee au contexte, a la logistique ou a l age des enfants.",Cour exterieure,False,27.3,LOW
HIVER,DECEMBER,2-6 ans,MEDIUM,True,Sfax,FETE,OUTDOOR,Fete peu adaptee,"Proposition peu precise ou peu adaptee au contexte, a la logistique ou a l age des enfants.",Salle improvisée,True,34.9,LOW
HIVER,DECEMBER,2-3 ans,MEDIUM,False,Sfax,FETE,OUTDOOR,Fete peu adaptee,"Proposition peu precise ou peu adaptee au contexte, a la logistique ou a l age des enfants.",Jardin de la garderie,False,16.8,LOW
HIVER,DECEMBER,4-5 ans,LOW,True,Sfax,FETE,MIXED,Fete peu adaptee,"Proposition peu precise ou peu adaptee au contexte, a la logistique ou a l age des enfants.",Lieu non precise en Tunisie,False,20.8,LOW
HIVER,FEBRUARY,4-5 ans,MEDIUM,True,Sfax,REUNION_PARENTS,INDOOR,Reunion_Parents peu adaptee,"Proposition peu precise ou peu adaptee au contexte, a la logistique ou a l age des enfants.",Cinema local,False,14.6,LOW
HIVER,DECEMBER,4-5 ans,MEDIUM,False,Sfax,REUNION_PARENTS,OUTDOOR,Reunion_Parents peu adaptee,"Proposition peu precise ou peu adaptee au contexte, a la logistique ou a l age des enfants.",Cinema local,True,24.6,LOW
HIVER,DECEMBER,2-6 ans,LOW,False,Sfax,REUNION_PARENTS,OUTDOOR,Reunion_Parents peu adaptee,"Proposition peu precise ou peu adaptee au contexte, a la logistique ou a l age des enfants.",Salle improvisée,False,31.4,LOW
HIVER,DECEMBER,2-3 ans,LOW,True,Sfax,REUNION_PARENTS,OUTDOOR,Reunion_Parents peu adaptee,"Proposition peu precise ou peu adaptee au contexte, a la logistique ou a l age des enfants.",Cinema local,False,15.9,LOW
PRINTEMPS,MAY,2-3 ans,LOW,False,Nabeul,SORTIE,OUTDOOR,Sortie peu adaptee,"Proposition peu precise ou peu adaptee au contexte, a la logistique ou a l age des enfants.",Cour exterieure,True,17.0,LOW
PRINTEMPS,MARCH,2-6 ans,MEDIUM,True,Nabeul,SORTIE,MIXED,Sortie peu adaptee,"Proposition peu precise ou peu adaptee au contexte, a la logistique ou a l age des enfants.",Cinema local,True,21.0,LOW
PRINTEMPS,APRIL,4-5 ans,HIGH,True,Nabeul,SORTIE,INDOOR,Sortie peu adaptee,"Proposition peu precise ou peu adaptee au contexte, a la logistique ou a l age des enfants.",Cinema local,False,29.6,LOW
PRINTEMPS,MARCH,4-5 ans,LOW,True,Nabeul,SORTIE,INDOOR,Sortie peu adaptee,"Proposition peu precise ou peu adaptee au contexte, a la logistique ou a l age des enfants.",Cinema local,False,12.6,LOW
PRINTEMPS,MARCH,4-5 ans,HIGH,True,Nabeul,ATELIER,MIXED,Atelier peu adaptee,"Proposition peu precise ou peu adaptee au contexte, a la logistique ou a l age des enfants.",Cinema local,True,34.1,LOW
PRINTEMPS,MARCH,2-6 ans,HIGH,True,Nabeul,ATELIER,INDOOR,Atelier peu adaptee,"Proposition peu precise ou peu adaptee au contexte, a la logistique ou a l age des enfants.",Cinema local,False,23.8,LOW
PRINTEMPS,APRIL,4-5 ans,HIGH,True,Nabeul,ATELIER,INDOOR,Atelier peu adaptee,"Proposition peu precise ou peu adaptee au contexte, a la logistique ou a l age des enfants.",Foret ou grand parc,False,33.6,LOW
PRINTEMPS,MARCH,2-3 ans,LOW,True,Nabeul,ATELIER,OUTDOOR,Atelier peu adaptee,"Proposition peu precise ou peu adaptee au contexte, a la logistique ou a l age des enfants.",Cour exterieure,True,12.3,LOW
PRINTEMPS,MAY,4-5 ans,MEDIUM,True,Nabeul,ACTIVITE,INDOOR,Activite peu adaptee,"Proposition peu precise ou peu adaptee au contexte, a la logistique ou a l age des enfants.",Grand parc eloigne,True,13.5,LOW
PRINTEMPS,APRIL,2-6 ans,LOW,False,Nabeul,ACTIVITE,INDOOR,Activite peu adaptee,"Proposition peu precise ou peu adaptee au contexte, a la logistique ou a l age des enfants.",Jardin de la garderie,False,18.9,LOW
PRINTEMPS,MAY,4-5 ans,HIGH,True,Nabeul,ACTIVITE,MIXED,Activite peu adaptee,"Proposition peu precise ou peu adaptee au contexte, a la logistique ou a l age des enfants.",Salle improvisée,True,17.8,LOW
PRINTEMPS,MARCH,2-6 ans,HIGH,False,Nabeul,ACTIVITE,MIXED,Activite peu adaptee,"Proposition peu precise ou peu adaptee au contexte, a la logistique ou a l age des enfants.",Grand parc eloigne,True,19.6,LOW
PRINTEMPS,MAY,2-6 ans,HIGH,False,Nabeul,FETE,OUTDOOR,Fete peu adaptee,"Proposition peu precise ou peu adaptee au contexte, a la logistique ou a l age des enfants.",Cinema local,False,12.4,LOW
PRINTEMPS,MAY,4-5 ans,HIGH,False,Nabeul,FETE,MIXED,Fete peu adaptee,"Proposition peu precise ou peu adaptee au contexte, a la logistique ou a l age des enfants.",Lieu non precise en Tunisie,True,23.6,LOW
PRINTEMPS,MAY,2-3 ans,LOW,True,Nabeul,FETE,MIXED,Fete peu adaptee,"Proposition peu precise ou peu adaptee au contexte, a la logistique ou a l age des enfants.",Salle improvisée,True,19.1,LOW
PRINTEMPS,MAY,4-5 ans,HIGH,True,Nabeul,FETE,INDOOR,Fete peu adaptee,"Proposition peu precise ou peu adaptee au contexte, a la logistique ou a l age des enfants.",Cinema local,True,20.6,LOW
PRINTEMPS,APRIL,2-3 ans,MEDIUM,True,Nabeul,REUNION_PARENTS,INDOOR,Reunion_Parents peu adaptee,"Proposition peu precise ou peu adaptee au contexte, a la logistique ou a l age des enfants.",Lieu non precise en Tunisie,True,17.5,LOW
PRINTEMPS,MAY,2-6 ans,HIGH,False,Nabeul,REUNION_PARENTS,OUTDOOR,Reunion_Parents peu adaptee,"Proposition peu precise ou peu adaptee au contexte, a la logistique ou a l age des enfants.",Jardin de la garderie,False,19.3,LOW
PRINTEMPS,MARCH,2-6 ans,HIGH,False,Nabeul,REUNION_PARENTS,OUTDOOR,Reunion_Parents peu adaptee,"Proposition peu precise ou peu adaptee au contexte, a la logistique ou a l age des enfants.",Salle improvisée,True,17.3,LOW
PRINTEMPS,MAY,4-5 ans,LOW,False,Nabeul,REUNION_PARENTS,INDOOR,Reunion_Parents peu adaptee,"Proposition peu precise ou peu adaptee au contexte, a la logistique ou a l age des enfants.",Foret ou grand parc,True,32.9,LOW
ETE,AUGUST,2-3 ans,HIGH,True,Nabeul,SORTIE,OUTDOOR,Sortie peu adaptee,"Proposition peu precise ou peu adaptee au contexte, a la logistique ou a l age des enfants.",Foret ou grand parc,False,16.2,LOW
ETE,AUGUST,2-3 ans,MEDIUM,True,Nabeul,SORTIE,INDOOR,Sortie peu adaptee,"Proposition peu precise ou peu adaptee au contexte, a la logistique ou a l age des enfants.",Jardin de la garderie,True,26.6,LOW
ETE,JUNE,2-3 ans,LOW,True,Nabeul,SORTIE,INDOOR,Sortie peu adaptee,"Proposition peu precise ou peu adaptee au contexte, a la logistique ou a l age des enfants.",Foret ou grand parc,True,17.4,LOW
ETE,JUNE,4-5 ans,MEDIUM,False,Nabeul,SORTIE,INDOOR,Sortie peu adaptee,"Proposition peu precise ou peu adaptee au contexte, a la logistique ou a l age des enfants.",Lieu non precise en Tunisie,True,17.6,LOW
ETE,JUNE,2-6 ans,MEDIUM,True,Nabeul,ATELIER,OUTDOOR,Atelier peu adaptee,"Proposition peu precise ou peu adaptee au contexte, a la logistique ou a l age des enfants.",Foret ou grand parc,False,34.3,LOW
ETE,JUNE,4-5 ans,LOW,False,Nabeul,ATELIER,OUTDOOR,Atelier peu adaptee,"Proposition peu precise ou peu adaptee au contexte, a la logistique ou a l age des enfants.",Grand parc eloigne,False,15.9,LOW
ETE,JULY,4-5 ans,LOW,False,Nabeul,ATELIER,OUTDOOR,Atelier peu adaptee,"Proposition peu precise ou peu adaptee au contexte, a la logistique ou a l age des enfants.",Cinema local,False,21.8,LOW
ETE,JUNE,4-5 ans,HIGH,True,Nabeul,ATELIER,MIXED,Atelier peu adaptee,"Proposition peu precise ou peu adaptee au contexte, a la logistique ou a l age des enfants.",Jardin de la garderie,False,20.8,LOW
ETE,JULY,4-5 ans,MEDIUM,False,Nabeul,ACTIVITE,MIXED,Activite peu adaptee,"Proposition peu precise ou peu adaptee au contexte, a la logistique ou a l age des enfants.",Foret ou grand parc,False,13.7,LOW
ETE,JUNE,2-6 ans,LOW,False,Nabeul,ACTIVITE,INDOOR,Activite peu adaptee,"Proposition peu precise ou peu adaptee au contexte, a la logistique ou a l age des enfants.",Jardin de la garderie,True,12.3,LOW
ETE,AUGUST,2-6 ans,MEDIUM,False,Nabeul,ACTIVITE,OUTDOOR,Activite peu adaptee,"Proposition peu precise ou peu adaptee au contexte, a la logistique ou a l age des enfants.",Grand parc eloigne,False,34.3,LOW
ETE,JULY,4-5 ans,MEDIUM,False,Nabeul,ACTIVITE,MIXED,Activite peu adaptee,"Proposition peu precise ou peu adaptee au contexte, a la logistique ou a l age des enfants.",Foret ou grand parc,True,21.4,LOW
ETE,JUNE,2-3 ans,HIGH,False,Nabeul,FETE,INDOOR,Fete peu adaptee,"Proposition peu precise ou peu adaptee au contexte, a la logistique ou a l age des enfants.",Jardin de la garderie,False,34.0,LOW
ETE,AUGUST,4-5 ans,HIGH,False,Nabeul,FETE,MIXED,Fete peu adaptee,"Proposition peu precise ou peu adaptee au contexte, a la logistique ou a l age des enfants.",Cour exterieure,True,27.0,LOW
ETE,JULY,2-6 ans,LOW,True,Nabeul,FETE,OUTDOOR,Fete peu adaptee,"Proposition peu precise ou peu adaptee au contexte, a la logistique ou a l age des enfants.",Cinema local,False,26.5,LOW
ETE,AUGUST,2-3 ans,MEDIUM,True,Nabeul,FETE,MIXED,Fete peu adaptee,"Proposition peu precise ou peu adaptee au contexte, a la logistique ou a l age des enfants.",Grand parc eloigne,True,17.8,LOW
ETE,AUGUST,2-6 ans,LOW,True,Nabeul,REUNION_PARENTS,INDOOR,Reunion_Parents peu adaptee,"Proposition peu precise ou peu adaptee au contexte, a la logistique ou a l age des enfants.",Salle improvisée,True,26.8,LOW
ETE,JULY,4-5 ans,HIGH,True,Nabeul,REUNION_PARENTS,INDOOR,Reunion_Parents peu adaptee,"Proposition peu precise ou peu adaptee au contexte, a la logistique ou a l age des enfants.",Grand parc eloigne,True,31.1,LOW
ETE,JULY,2-6 ans,HIGH,False,Nabeul,REUNION_PARENTS,MIXED,Reunion_Parents peu adaptee,"Proposition peu precise ou peu adaptee au contexte, a la logistique ou a l age des enfants.",Lieu non precise en Tunisie,False,25.5,LOW
ETE,AUGUST,4-5 ans,LOW,True,Nabeul,REUNION_PARENTS,MIXED,Reunion_Parents peu adaptee,"Proposition peu precise ou peu adaptee au contexte, a la logistique ou a l age des enfants.",Foret ou grand parc,False,30.7,LOW
AUTOMNE,OCTOBER,2-6 ans,HIGH,True,Nabeul,SORTIE,OUTDOOR,Sortie peu adaptee,"Proposition peu precise ou peu adaptee au contexte, a la logistique ou a l age des enfants.",Lieu non precise en Tunisie,False,12.1,LOW
AUTOMNE,SEPTEMBER,4-5 ans,LOW,True,Nabeul,SORTIE,INDOOR,Sortie peu adaptee,"Proposition peu precise ou peu adaptee au contexte, a la logistique ou a l age des enfants.",Salle improvisée,False,24.1,LOW
AUTOMNE,NOVEMBER,4-5 ans,LOW,False,Nabeul,SORTIE,INDOOR,Sortie peu adaptee,"Proposition peu precise ou peu adaptee au contexte, a la logistique ou a l age des enfants.",Cour exterieure,True,28.2,LOW
AUTOMNE,SEPTEMBER,4-5 ans,HIGH,True,Nabeul,SORTIE,INDOOR,Sortie peu adaptee,"Proposition peu precise ou peu adaptee au contexte, a la logistique ou a l age des enfants.",Grand parc eloigne,True,16.3,LOW
AUTOMNE,SEPTEMBER,2-6 ans,LOW,True,Nabeul,ATELIER,OUTDOOR,Atelier peu adaptee,"Proposition peu precise ou peu adaptee au contexte, a la logistique ou a l age des enfants.",Salle improvisée,False,22.1,LOW
AUTOMNE,NOVEMBER,2-3 ans,LOW,True,Nabeul,ATELIER,OUTDOOR,Atelier peu adaptee,"Proposition peu precise ou peu adaptee au contexte, a la logistique ou a l age des enfants.",Cinema local,False,14.9,LOW
AUTOMNE,SEPTEMBER,4-5 ans,HIGH,True,Nabeul,ATELIER,INDOOR,Atelier peu adaptee,"Proposition peu precise ou peu adaptee au contexte, a la logistique ou a l age des enfants.",Grand parc eloigne,False,27.5,LOW
AUTOMNE,SEPTEMBER,2-3 ans,MEDIUM,True,Nabeul,ATELIER,INDOOR,Atelier peu adaptee,"Proposition peu precise ou peu adaptee au contexte, a la logistique ou a l age des enfants.",Lieu non precise en Tunisie,True,14.2,LOW
AUTOMNE,NOVEMBER,2-3 ans,HIGH,False,Nabeul,ACTIVITE,MIXED,Activite peu adaptee,"Proposition peu precise ou peu adaptee au contexte, a la logistique ou a l age des enfants.",Salle improvisée,False,33.4,LOW
AUTOMNE,OCTOBER,4-5 ans,MEDIUM,False,Nabeul,ACTIVITE,OUTDOOR,Activite peu adaptee,"Proposition peu precise ou peu adaptee au contexte, a la logistique ou a l age des enfants.",Lieu non precise en Tunisie,False,35.0,LOW
AUTOMNE,SEPTEMBER,4-5 ans,MEDIUM,False,Nabeul,ACTIVITE,MIXED,Activite peu adaptee,"Proposition peu precise ou peu adaptee au contexte, a la logistique ou a l age des enfants.",Cinema local,False,32.1,LOW
AUTOMNE,SEPTEMBER,2-3 ans,HIGH,False,Nabeul,ACTIVITE,OUTDOOR,Activite peu adaptee,"Proposition peu precise ou peu adaptee au contexte, a la logistique ou a l age des enfants.",Lieu non precise en Tunisie,True,12.6,LOW
AUTOMNE,SEPTEMBER,2-6 ans,HIGH,False,Nabeul,FETE,INDOOR,Fete peu adaptee,"Proposition peu precise ou peu adaptee au contexte, a la logistique ou a l age des enfants.",Cour exterieure,False,26.2,LOW
AUTOMNE,NOVEMBER,4-5 ans,HIGH,False,Nabeul,FETE,INDOOR,Fete peu adaptee,"Proposition peu precise ou peu adaptee au contexte, a la logistique ou a l age des enfants.",Cinema local,False,12.4,LOW
AUTOMNE,OCTOBER,2-3 ans,HIGH,False,Nabeul,FETE,OUTDOOR,Fete peu adaptee,"Proposition peu precise ou peu adaptee au contexte, a la logistique ou a l age des enfants.",Jardin de la garderie,False,21.2,LOW
AUTOMNE,NOVEMBER,2-3 ans,MEDIUM,False,Nabeul,FETE,OUTDOOR,Fete peu adaptee,"Proposition peu precise ou peu adaptee au contexte, a la logistique ou a l age des enfants.",Lieu non precise en Tunisie,True,28.9,LOW
AUTOMNE,OCTOBER,2-6 ans,HIGH,True,Nabeul,REUNION_PARENTS,INDOOR,Reunion_Parents peu adaptee,"Proposition peu precise ou peu adaptee au contexte, a la logistique ou a l age des enfants.",Salle improvisée,True,14.9,LOW
AUTOMNE,SEPTEMBER,4-5 ans,LOW,False,Nabeul,REUNION_PARENTS,OUTDOOR,Reunion_Parents peu adaptee,"Proposition peu precise ou peu adaptee au contexte, a la logistique ou a l age des enfants.",Cinema local,False,27.2,LOW
AUTOMNE,SEPTEMBER,2-3 ans,LOW,True,Nabeul,REUNION_PARENTS,MIXED,Reunion_Parents peu adaptee,"Proposition peu precise ou peu adaptee au contexte, a la logistique ou a l age des enfants.",Lieu non precise en Tunisie,True,14.4,LOW
AUTOMNE,NOVEMBER,2-3 ans,MEDIUM,True,Nabeul,REUNION_PARENTS,OUTDOOR,Reunion_Parents peu adaptee,"Proposition peu precise ou peu adaptee au contexte, a la logistique ou a l age des enfants.",Salle improvisée,False,17.1,LOW
HIVER,JANUARY,2-6 ans,HIGH,False,Nabeul,SORTIE,INDOOR,Sortie peu adaptee,"Proposition peu precise ou peu adaptee au contexte, a la logistique ou a l age des enfants.",Lieu non precise en Tunisie,True,33.2,LOW
HIVER,FEBRUARY,2-6 ans,LOW,False,Nabeul,SORTIE,MIXED,Sortie peu adaptee,"Proposition peu precise ou peu adaptee au contexte, a la logistique ou a l age des enfants.",Cour exterieure,True,33.4,LOW
HIVER,FEBRUARY,2-3 ans,MEDIUM,False,Nabeul,SORTIE,MIXED,Sortie peu adaptee,"Proposition peu precise ou peu adaptee au contexte, a la logistique ou a l age des enfants.",Lieu non precise en Tunisie,False,27.0,LOW
HIVER,FEBRUARY,4-5 ans,LOW,True,Nabeul,SORTIE,OUTDOOR,Sortie peu adaptee,"Proposition peu precise ou peu adaptee au contexte, a la logistique ou a l age des enfants.",Cinema local,False,14.0,LOW
HIVER,DECEMBER,4-5 ans,HIGH,True,Nabeul,ATELIER,INDOOR,Atelier peu adaptee,"Proposition peu precise ou peu adaptee au contexte, a la logistique ou a l age des enfants.",Foret ou grand parc,False,14.9,LOW
HIVER,JANUARY,4-5 ans,MEDIUM,True,Nabeul,ATELIER,INDOOR,Atelier peu adaptee,"Proposition peu precise ou peu adaptee au contexte, a la logistique ou a l age des enfants.",Foret ou grand parc,True,31.5,LOW
HIVER,JANUARY,4-5 ans,HIGH,False,Nabeul,ATELIER,INDOOR,Atelier peu adaptee,"Proposition peu precise ou peu adaptee au contexte, a la logistique ou a l age des enfants.",Foret ou grand parc,True,14.5,LOW
HIVER,DECEMBER,2-6 ans,MEDIUM,False,Nabeul,ATELIER,INDOOR,Atelier peu adaptee,"Proposition peu precise ou peu adaptee au contexte, a la logistique ou a l age des enfants.",Salle improvisée,False,31.3,LOW
HIVER,JANUARY,2-6 ans,LOW,False,Nabeul,ACTIVITE,MIXED,Activite peu adaptee,"Proposition peu precise ou peu adaptee au contexte, a la logistique ou a l age des enfants.",Cour exterieure,True,29.2,LOW
HIVER,FEBRUARY,2-3 ans,MEDIUM,False,Nabeul,ACTIVITE,MIXED,Activite peu adaptee,"Proposition peu precise ou peu adaptee au contexte, a la logistique ou a l age des enfants.",Lieu non precise en Tunisie,True,18.3,LOW
HIVER,FEBRUARY,2-6 ans,HIGH,False,Nabeul,ACTIVITE,INDOOR,Activite peu adaptee,"Proposition peu precise ou peu adaptee au contexte, a la logistique ou a l age des enfants.",Grand parc eloigne,False,28.2,LOW
HIVER,JANUARY,2-3 ans,LOW,False,Nabeul,ACTIVITE,MIXED,Activite peu adaptee,"Proposition peu precise ou peu adaptee au contexte, a la logistique ou a l age des enfants.",Jardin de la garderie,True,28.1,LOW
HIVER,DECEMBER,2-3 ans,HIGH,False,Nabeul,FETE,OUTDOOR,Fete peu adaptee,"Proposition peu precise ou peu adaptee au contexte, a la logistique ou a l age des enfants.",Cour exterieure,True,34.8,LOW
HIVER,FEBRUARY,4-5 ans,MEDIUM,False,Nabeul,FETE,MIXED,Fete peu adaptee,"Proposition peu precise ou peu adaptee au contexte, a la logistique ou a l age des enfants.",Grand parc eloigne,False,29.4,LOW
HIVER,JANUARY,2-3 ans,MEDIUM,False,Nabeul,FETE,MIXED,Fete peu adaptee,"Proposition peu precise ou peu adaptee au contexte, a la logistique ou a l age des enfants.",Jardin de la garderie,False,14.2,LOW
HIVER,JANUARY,2-6 ans,HIGH,True,Nabeul,FETE,OUTDOOR,Fete peu adaptee,"Proposition peu precise ou peu adaptee au contexte, a la logistique ou a l age des enfants.",Grand parc eloigne,True,25.3,LOW
HIVER,JANUARY,2-6 ans,MEDIUM,False,Nabeul,REUNION_PARENTS,INDOOR,Reunion_Parents peu adaptee,"Proposition peu precise ou peu adaptee au contexte, a la logistique ou a l age des enfants.",Jardin de la garderie,True,30.5,LOW
HIVER,DECEMBER,2-6 ans,MEDIUM,True,Nabeul,REUNION_PARENTS,MIXED,Reunion_Parents peu adaptee,"Proposition peu precise ou peu adaptee au contexte, a la logistique ou a l age des enfants.",Salle improvisée,True,27.6,LOW
HIVER,DECEMBER,4-5 ans,HIGH,False,Nabeul,REUNION_PARENTS,INDOOR,Reunion_Parents peu adaptee,"Proposition peu precise ou peu adaptee au contexte, a la logistique ou a l age des enfants.",Cinema local,True,20.2,LOW
HIVER,JANUARY,2-3 ans,LOW,True,Nabeul,REUNION_PARENTS,MIXED,Reunion_Parents peu adaptee,"Proposition peu precise ou peu adaptee au contexte, a la logistique ou a l age des enfants.",Lieu non precise en Tunisie,False,25.6,LOW
PRINTEMPS,MARCH,2-6 ans,LOW,False,Monastir,SORTIE,INDOOR,Sortie peu adaptee,"Proposition peu precise ou peu adaptee au contexte, a la logistique ou a l age des enfants.",Cinema local,True,21.1,LOW
PRINTEMPS,APRIL,2-6 ans,HIGH,True,Monastir,SORTIE,MIXED,Sortie peu adaptee,"Proposition peu precise ou peu adaptee au contexte, a la logistique ou a l age des enfants.",Grand parc eloigne,True,29.9,LOW
PRINTEMPS,MAY,4-5 ans,HIGH,False,Monastir,SORTIE,MIXED,Sortie peu adaptee,"Proposition peu precise ou peu adaptee au contexte, a la logistique ou a l age des enfants.",Grand parc eloigne,False,12.3,LOW
PRINTEMPS,MARCH,2-3 ans,MEDIUM,True,Monastir,SORTIE,MIXED,Sortie peu adaptee,"Proposition peu precise ou peu adaptee au contexte, a la logistique ou a l age des enfants.",Lieu non precise en Tunisie,True,12.5,LOW
PRINTEMPS,MAY,2-6 ans,MEDIUM,False,Monastir,ATELIER,MIXED,Atelier peu adaptee,"Proposition peu precise ou peu adaptee au contexte, a la logistique ou a l age des enfants.",Lieu non precise en Tunisie,True,30.3,LOW
PRINTEMPS,MARCH,4-5 ans,HIGH,False,Monastir,ATELIER,MIXED,Atelier peu adaptee,"Proposition peu precise ou peu adaptee au contexte, a la logistique ou a l age des enfants.",Grand parc eloigne,False,25.1,LOW
PRINTEMPS,MARCH,4-5 ans,HIGH,True,Monastir,ATELIER,MIXED,Atelier peu adaptee,"Proposition peu precise ou peu adaptee au contexte, a la logistique ou a l age des enfants.",Jardin de la garderie,False,30.7,LOW
PRINTEMPS,MARCH,4-5 ans,LOW,False,Monastir,ATELIER,MIXED,Atelier peu adaptee,"Proposition peu precise ou peu adaptee au contexte, a la logistique ou a l age des enfants.",Salle improvisée,True,29.3,LOW
PRINTEMPS,MARCH,2-6 ans,LOW,True,Monastir,ACTIVITE,MIXED,Activite peu adaptee,"Proposition peu precise ou peu adaptee au contexte, a la logistique ou a l age des enfants.",Lieu non precise en Tunisie,True,12.1,LOW
PRINTEMPS,APRIL,4-5 ans,LOW,True,Monastir,ACTIVITE,INDOOR,Activite peu adaptee,"Proposition peu precise ou peu adaptee au contexte, a la logistique ou a l age des enfants.",Foret ou grand parc,True,27.0,LOW
PRINTEMPS,MARCH,2-6 ans,LOW,False,Monastir,ACTIVITE,INDOOR,Activite peu adaptee,"Proposition peu precise ou peu adaptee au contexte, a la logistique ou a l age des enfants.",Cinema local,False,20.4,LOW
PRINTEMPS,MAY,2-3 ans,HIGH,False,Monastir,ACTIVITE,INDOOR,Activite peu adaptee,"Proposition peu precise ou peu adaptee au contexte, a la logistique ou a l age des enfants.",Jardin de la garderie,False,13.1,LOW
PRINTEMPS,MAY,4-5 ans,LOW,False,Monastir,FETE,MIXED,Fete peu adaptee,"Proposition peu precise ou peu adaptee au contexte, a la logistique ou a l age des enfants.",Grand parc eloigne,False,24.0,LOW
PRINTEMPS,APRIL,2-6 ans,HIGH,True,Monastir,FETE,INDOOR,Fete peu adaptee,"Proposition peu precise ou peu adaptee au contexte, a la logistique ou a l age des enfants.",Lieu non precise en Tunisie,True,17.5,LOW
PRINTEMPS,MARCH,2-3 ans,LOW,False,Monastir,FETE,INDOOR,Fete peu adaptee,"Proposition peu precise ou peu adaptee au contexte, a la logistique ou a l age des enfants.",Foret ou grand parc,True,25.6,LOW
PRINTEMPS,APRIL,2-3 ans,LOW,False,Monastir,FETE,MIXED,Fete peu adaptee,"Proposition peu precise ou peu adaptee au contexte, a la logistique ou a l age des enfants.",Cour exterieure,False,20.8,LOW
PRINTEMPS,MARCH,4-5 ans,LOW,False,Monastir,REUNION_PARENTS,OUTDOOR,Reunion_Parents peu adaptee,"Proposition peu precise ou peu adaptee au contexte, a la logistique ou a l age des enfants.",Lieu non precise en Tunisie,False,33.6,LOW
PRINTEMPS,MARCH,2-6 ans,LOW,True,Monastir,REUNION_PARENTS,MIXED,Reunion_Parents peu adaptee,"Proposition peu precise ou peu adaptee au contexte, a la logistique ou a l age des enfants.",Lieu non precise en Tunisie,False,34.9,LOW
PRINTEMPS,MAY,2-6 ans,HIGH,True,Monastir,REUNION_PARENTS,OUTDOOR,Reunion_Parents peu adaptee,"Proposition peu precise ou peu adaptee au contexte, a la logistique ou a l age des enfants.",Foret ou grand parc,True,21.7,LOW
PRINTEMPS,MARCH,4-5 ans,MEDIUM,False,Monastir,REUNION_PARENTS,INDOOR,Reunion_Parents peu adaptee,"Proposition peu precise ou peu adaptee au contexte, a la logistique ou a l age des enfants.",Foret ou grand parc,True,13.8,LOW
ETE,JUNE,2-6 ans,HIGH,True,Monastir,SORTIE,MIXED,Sortie peu adaptee,"Proposition peu precise ou peu adaptee au contexte, a la logistique ou a l age des enfants.",Grand parc eloigne,True,19.6,LOW
ETE,JUNE,4-5 ans,MEDIUM,False,Monastir,SORTIE,INDOOR,Sortie peu adaptee,"Proposition peu precise ou peu adaptee au contexte, a la logistique ou a l age des enfants.",Salle improvisée,True,18.3,LOW
ETE,JUNE,4-5 ans,MEDIUM,True,Monastir,SORTIE,INDOOR,Sortie peu adaptee,"Proposition peu precise ou peu adaptee au contexte, a la logistique ou a l age des enfants.",Salle improvisée,True,16.0,LOW
ETE,AUGUST,4-5 ans,LOW,False,Monastir,SORTIE,MIXED,Sortie peu adaptee,"Proposition peu precise ou peu adaptee au contexte, a la logistique ou a l age des enfants.",Cour exterieure,False,24.7,LOW
ETE,AUGUST,2-3 ans,LOW,True,Monastir,ATELIER,OUTDOOR,Atelier peu adaptee,"Proposition peu precise ou peu adaptee au contexte, a la logistique ou a l age des enfants.",Salle improvisée,False,16.2,LOW
ETE,AUGUST,2-6 ans,MEDIUM,False,Monastir,ATELIER,MIXED,Atelier peu adaptee,"Proposition peu precise ou peu adaptee au contexte, a la logistique ou a l age des enfants.",Jardin de la garderie,False,12.2,LOW
ETE,AUGUST,2-6 ans,HIGH,True,Monastir,ATELIER,INDOOR,Atelier peu adaptee,"Proposition peu precise ou peu adaptee au contexte, a la logistique ou a l age des enfants.",Jardin de la garderie,False,25.1,LOW
ETE,JULY,2-3 ans,HIGH,False,Monastir,ATELIER,INDOOR,Atelier peu adaptee,"Proposition peu precise ou peu adaptee au contexte, a la logistique ou a l age des enfants.",Lieu non precise en Tunisie,False,28.3,LOW
ETE,JUNE,4-5 ans,MEDIUM,False,Monastir,ACTIVITE,MIXED,Activite peu adaptee,"Proposition peu precise ou peu adaptee au contexte, a la logistique ou a l age des enfants.",Cour exterieure,False,33.9,LOW
ETE,AUGUST,2-6 ans,MEDIUM,True,Monastir,ACTIVITE,MIXED,Activite peu adaptee,"Proposition peu precise ou peu adaptee au contexte, a la logistique ou a l age des enfants.",Salle improvisée,True,33.8,LOW
ETE,JULY,4-5 ans,HIGH,True,Monastir,ACTIVITE,INDOOR,Activite peu adaptee,"Proposition peu precise ou peu adaptee au contexte, a la logistique ou a l age des enfants.",Cinema local,True,33.7,LOW
ETE,JUNE,2-6 ans,LOW,True,Monastir,ACTIVITE,MIXED,Activite peu adaptee,"Proposition peu precise ou peu adaptee au contexte, a la logistique ou a l age des enfants.",Cour exterieure,False,30.6,LOW
ETE,JUNE,4-5 ans,MEDIUM,True,Monastir,FETE,OUTDOOR,Fete peu adaptee,"Proposition peu precise ou peu adaptee au contexte, a la logistique ou a l age des enfants.",Foret ou grand parc,True,21.3,LOW
ETE,AUGUST,2-3 ans,HIGH,True,Monastir,FETE,OUTDOOR,Fete peu adaptee,"Proposition peu precise ou peu adaptee au contexte, a la logistique ou a l age des enfants.",Lieu non precise en Tunisie,False,17.6,LOW
ETE,AUGUST,2-6 ans,HIGH,True,Monastir,FETE,OUTDOOR,Fete peu adaptee,"Proposition peu precise ou peu adaptee au contexte, a la logistique ou a l age des enfants.",Jardin de la garderie,True,16.0,LOW
ETE,JULY,2-3 ans,LOW,False,Monastir,FETE,OUTDOOR,Fete peu adaptee,"Proposition peu precise ou peu adaptee au contexte, a la logistique ou a l age des enfants.",Grand parc eloigne,False,15.9,LOW
ETE,JUNE,4-5 ans,HIGH,True,Monastir,REUNION_PARENTS,INDOOR,Reunion_Parents peu adaptee,"Proposition peu precise ou peu adaptee au contexte, a la logistique ou a l age des enfants.",Cour exterieure,False,23.1,LOW
ETE,JULY,2-3 ans,HIGH,True,Monastir,REUNION_PARENTS,MIXED,Reunion_Parents peu adaptee,"Proposition peu precise ou peu adaptee au contexte, a la logistique ou a l age des enfants.",Foret ou grand parc,False,17.0,LOW
ETE,JULY,2-6 ans,MEDIUM,True,Monastir,REUNION_PARENTS,MIXED,Reunion_Parents peu adaptee,"Proposition peu precise ou peu adaptee au contexte, a la logistique ou a l age des enfants.",Salle improvisée,False,13.3,LOW
ETE,JUNE,2-6 ans,MEDIUM,False,Monastir,REUNION_PARENTS,OUTDOOR,Reunion_Parents peu adaptee,"Proposition peu precise ou peu adaptee au contexte, a la logistique ou a l age des enfants.",Cour exterieure,True,12.1,LOW
AUTOMNE,NOVEMBER,2-3 ans,MEDIUM,False,Monastir,SORTIE,INDOOR,Sortie peu adaptee,"Proposition peu precise ou peu adaptee au contexte, a la logistique ou a l age des enfants.",Cinema local,False,23.3,LOW
AUTOMNE,SEPTEMBER,2-6 ans,MEDIUM,True,Monastir,SORTIE,INDOOR,Sortie peu adaptee,"Proposition peu precise ou peu adaptee au contexte, a la logistique ou a l age des enfants.",Grand parc eloigne,True,15.6,LOW
AUTOMNE,NOVEMBER,4-5 ans,MEDIUM,True,Monastir,SORTIE,OUTDOOR,Sortie peu adaptee,"Proposition peu precise ou peu adaptee au contexte, a la logistique ou a l age des enfants.",Cour exterieure,False,20.4,LOW
AUTOMNE,SEPTEMBER,2-6 ans,LOW,False,Monastir,SORTIE,OUTDOOR,Sortie peu adaptee,"Proposition peu precise ou peu adaptee au contexte, a la logistique ou a l age des enfants.",Lieu non precise en Tunisie,False,15.7,LOW
AUTOMNE,OCTOBER,2-6 ans,LOW,False,Monastir,ATELIER,OUTDOOR,Atelier peu adaptee,"Proposition peu precise ou peu adaptee au contexte, a la logistique ou a l age des enfants.",Salle improvisée,True,14.5,LOW
AUTOMNE,OCTOBER,2-3 ans,MEDIUM,True,Monastir,ATELIER,OUTDOOR,Atelier peu adaptee,"Proposition peu precise ou peu adaptee au contexte, a la logistique ou a l age des enfants.",Lieu non precise en Tunisie,False,32.7,LOW
AUTOMNE,SEPTEMBER,2-6 ans,MEDIUM,True,Monastir,ATELIER,MIXED,Atelier peu adaptee,"Proposition peu precise ou peu adaptee au contexte, a la logistique ou a l age des enfants.",Cour exterieure,True,21.7,LOW
AUTOMNE,NOVEMBER,4-5 ans,MEDIUM,True,Monastir,ATELIER,OUTDOOR,Atelier peu adaptee,"Proposition peu precise ou peu adaptee au contexte, a la logistique ou a l age des enfants.",Foret ou grand parc,False,15.0,LOW
AUTOMNE,SEPTEMBER,2-3 ans,LOW,True,Monastir,ACTIVITE,OUTDOOR,Activite peu adaptee,"Proposition peu precise ou peu adaptee au contexte, a la logistique ou a l age des enfants.",Foret ou grand parc,True,29.6,LOW
AUTOMNE,SEPTEMBER,2-3 ans,MEDIUM,False,Monastir,ACTIVITE,MIXED,Activite peu adaptee,"Proposition peu precise ou peu adaptee au contexte, a la logistique ou a l age des enfants.",Lieu non precise en Tunisie,True,22.0,LOW
AUTOMNE,OCTOBER,4-5 ans,LOW,False,Monastir,ACTIVITE,OUTDOOR,Activite peu adaptee,"Proposition peu precise ou peu adaptee au contexte, a la logistique ou a l age des enfants.",Jardin de la garderie,True,28.8,LOW
AUTOMNE,SEPTEMBER,2-3 ans,LOW,False,Monastir,ACTIVITE,OUTDOOR,Activite peu adaptee,"Proposition peu precise ou peu adaptee au contexte, a la logistique ou a l age des enfants.",Lieu non precise en Tunisie,True,27.3,LOW
AUTOMNE,OCTOBER,2-3 ans,HIGH,False,Monastir,FETE,INDOOR,Fete peu adaptee,"Proposition peu precise ou peu adaptee au contexte, a la logistique ou a l age des enfants.",Lieu non precise en Tunisie,True,16.3,LOW
AUTOMNE,NOVEMBER,2-6 ans,LOW,True,Monastir,FETE,INDOOR,Fete peu adaptee,"Proposition peu precise ou peu adaptee au contexte, a la logistique ou a l age des enfants.",Jardin de la garderie,False,12.9,LOW
AUTOMNE,SEPTEMBER,2-3 ans,LOW,False,Monastir,FETE,MIXED,Fete peu adaptee,"Proposition peu precise ou peu adaptee au contexte, a la logistique ou a l age des enfants.",Jardin de la garderie,True,31.9,LOW
AUTOMNE,OCTOBER,4-5 ans,HIGH,False,Monastir,FETE,MIXED,Fete peu adaptee,"Proposition peu precise ou peu adaptee au contexte, a la logistique ou a l age des enfants.",Jardin de la garderie,True,19.7,LOW
AUTOMNE,OCTOBER,2-3 ans,HIGH,False,Monastir,REUNION_PARENTS,INDOOR,Reunion_Parents peu adaptee,"Proposition peu precise ou peu adaptee au contexte, a la logistique ou a l age des enfants.",Cour exterieure,True,18.2,LOW
AUTOMNE,OCTOBER,4-5 ans,LOW,False,Monastir,REUNION_PARENTS,OUTDOOR,Reunion_Parents peu adaptee,"Proposition peu precise ou peu adaptee au contexte, a la logistique ou a l age des enfants.",Cinema local,True,12.9,LOW
AUTOMNE,SEPTEMBER,2-6 ans,LOW,False,Monastir,REUNION_PARENTS,OUTDOOR,Reunion_Parents peu adaptee,"Proposition peu precise ou peu adaptee au contexte, a la logistique ou a l age des enfants.",Grand parc eloigne,False,32.9,LOW
AUTOMNE,SEPTEMBER,4-5 ans,MEDIUM,True,Monastir,REUNION_PARENTS,OUTDOOR,Reunion_Parents peu adaptee,"Proposition peu precise ou peu adaptee au contexte, a la logistique ou a l age des enfants.",Cour exterieure,False,19.0,LOW
HIVER,DECEMBER,2-6 ans,HIGH,True,Monastir,SORTIE,MIXED,Sortie peu adaptee,"Proposition peu precise ou peu adaptee au contexte, a la logistique ou a l age des enfants.",Salle improvisée,True,19.6,LOW
HIVER,FEBRUARY,4-5 ans,LOW,False,Monastir,SORTIE,MIXED,Sortie peu adaptee,"Proposition peu precise ou peu adaptee au contexte, a la logistique ou a l age des enfants.",Cour exterieure,True,25.4,LOW
HIVER,DECEMBER,2-3 ans,HIGH,True,Monastir,SORTIE,MIXED,Sortie peu adaptee,"Proposition peu precise ou peu adaptee au contexte, a la logistique ou a l age des enfants.",Foret ou grand parc,True,12.9,LOW
HIVER,FEBRUARY,2-3 ans,HIGH,True,Monastir,SORTIE,OUTDOOR,Sortie peu adaptee,"Proposition peu precise ou peu adaptee au contexte, a la logistique ou a l age des enfants.",Cinema local,True,33.7,LOW
HIVER,FEBRUARY,4-5 ans,HIGH,False,Monastir,ATELIER,OUTDOOR,Atelier peu adaptee,"Proposition peu precise ou peu adaptee au contexte, a la logistique ou a l age des enfants.",Salle improvisée,True,24.3,LOW
HIVER,DECEMBER,2-3 ans,LOW,True,Monastir,ATELIER,OUTDOOR,Atelier peu adaptee,"Proposition peu precise ou peu adaptee au contexte, a la logistique ou a l age des enfants.",Foret ou grand parc,False,32.5,LOW
HIVER,FEBRUARY,4-5 ans,MEDIUM,False,Monastir,ATELIER,MIXED,Atelier peu adaptee,"Proposition peu precise ou peu adaptee au contexte, a la logistique ou a l age des enfants.",Lieu non precise en Tunisie,True,32.9,LOW
HIVER,DECEMBER,4-5 ans,HIGH,False,Monastir,ATELIER,MIXED,Atelier peu adaptee,"Proposition peu precise ou peu adaptee au contexte, a la logistique ou a l age des enfants.",Salle improvisée,True,15.8,LOW
HIVER,JANUARY,2-6 ans,MEDIUM,True,Monastir,ACTIVITE,INDOOR,Activite peu adaptee,"Proposition peu precise ou peu adaptee au contexte, a la logistique ou a l age des enfants.",Foret ou grand parc,True,30.3,LOW
HIVER,FEBRUARY,2-3 ans,MEDIUM,False,Monastir,ACTIVITE,MIXED,Activite peu adaptee,"Proposition peu precise ou peu adaptee au contexte, a la logistique ou a l age des enfants.",Foret ou grand parc,True,15.8,LOW
HIVER,FEBRUARY,4-5 ans,MEDIUM,False,Monastir,ACTIVITE,MIXED,Activite peu adaptee,"Proposition peu precise ou peu adaptee au contexte, a la logistique ou a l age des enfants.",Cour exterieure,True,16.2,LOW
HIVER,DECEMBER,2-6 ans,HIGH,True,Monastir,ACTIVITE,MIXED,Activite peu adaptee,"Proposition peu precise ou peu adaptee au contexte, a la logistique ou a l age des enfants.",Cinema local,False,23.6,LOW
HIVER,FEBRUARY,2-6 ans,MEDIUM,False,Monastir,FETE,INDOOR,Fete peu adaptee,"Proposition peu precise ou peu adaptee au contexte, a la logistique ou a l age des enfants.",Cour exterieure,False,24.7,LOW
HIVER,DECEMBER,2-3 ans,HIGH,True,Monastir,FETE,INDOOR,Fete peu adaptee,"Proposition peu precise ou peu adaptee au contexte, a la logistique ou a l age des enfants.",Cour exterieure,True,26.7,LOW
HIVER,JANUARY,2-3 ans,LOW,False,Monastir,FETE,MIXED,Fete peu adaptee,"Proposition peu precise ou peu adaptee au contexte, a la logistique ou a l age des enfants.",Jardin de la garderie,True,24.3,LOW
HIVER,DECEMBER,2-6 ans,HIGH,False,Monastir,FETE,MIXED,Fete peu adaptee,"Proposition peu precise ou peu adaptee au contexte, a la logistique ou a l age des enfants.",Cour exterieure,False,13.9,LOW
HIVER,FEBRUARY,2-6 ans,HIGH,False,Monastir,REUNION_PARENTS,INDOOR,Reunion_Parents peu adaptee,"Proposition peu precise ou peu adaptee au contexte, a la logistique ou a l age des enfants.",Grand parc eloigne,False,19.5,LOW
HIVER,DECEMBER,2-6 ans,MEDIUM,True,Monastir,REUNION_PARENTS,INDOOR,Reunion_Parents peu adaptee,"Proposition peu precise ou peu adaptee au contexte, a la logistique ou a l age des enfants.",Lieu non precise en Tunisie,False,16.1,LOW
HIVER,DECEMBER,2-6 ans,HIGH,True,Monastir,REUNION_PARENTS,MIXED,Reunion_Parents peu adaptee,"Proposition peu precise ou peu adaptee au contexte, a la logistique ou a l age des enfants.",Lieu non precise en Tunisie,False,33.8,LOW
HIVER,JANUARY,2-6 ans,MEDIUM,True,Monastir,REUNION_PARENTS,INDOOR,Reunion_Parents peu adaptee,"Proposition peu precise ou peu adaptee au contexte, a la logistique ou a l age des enfants.",Cour exterieure,False,16.7,LOW
PRINTEMPS,MAY,4-5 ans,MEDIUM,True,Bizerte,SORTIE,INDOOR,Sortie peu adaptee,"Proposition peu precise ou peu adaptee au contexte, a la logistique ou a l age des enfants.",Lieu non precise en Tunisie,False,20.5,LOW
PRINTEMPS,APRIL,2-3 ans,LOW,False,Bizerte,SORTIE,OUTDOOR,Sortie peu adaptee,"Proposition peu precise ou peu adaptee au contexte, a la logistique ou a l age des enfants.",Jardin de la garderie,True,16.3,LOW
PRINTEMPS,APRIL,2-6 ans,HIGH,True,Bizerte,SORTIE,OUTDOOR,Sortie peu adaptee,"Proposition peu precise ou peu adaptee au contexte, a la logistique ou a l age des enfants.",Cinema local,False,15.7,LOW
PRINTEMPS,MARCH,4-5 ans,LOW,True,Bizerte,SORTIE,INDOOR,Sortie peu adaptee,"Proposition peu precise ou peu adaptee au contexte, a la logistique ou a l age des enfants.",Cinema local,False,17.6,LOW
PRINTEMPS,MAY,4-5 ans,HIGH,True,Bizerte,ATELIER,MIXED,Atelier peu adaptee,"Proposition peu precise ou peu adaptee au contexte, a la logistique ou a l age des enfants.",Jardin de la garderie,True,25.9,LOW
PRINTEMPS,APRIL,4-5 ans,LOW,True,Bizerte,ATELIER,INDOOR,Atelier peu adaptee,"Proposition peu precise ou peu adaptee au contexte, a la logistique ou a l age des enfants.",Salle improvisée,True,15.0,LOW
PRINTEMPS,MARCH,4-5 ans,HIGH,True,Bizerte,ATELIER,MIXED,Atelier peu adaptee,"Proposition peu precise ou peu adaptee au contexte, a la logistique ou a l age des enfants.",Cinema local,True,34.0,LOW
PRINTEMPS,MARCH,2-6 ans,HIGH,False,Bizerte,ATELIER,INDOOR,Atelier peu adaptee,"Proposition peu precise ou peu adaptee au contexte, a la logistique ou a l age des enfants.",Jardin de la garderie,True,23.0,LOW
PRINTEMPS,MAY,4-5 ans,MEDIUM,True,Bizerte,ACTIVITE,OUTDOOR,Activite peu adaptee,"Proposition peu precise ou peu adaptee au contexte, a la logistique ou a l age des enfants.",Grand parc eloigne,True,17.6,LOW
PRINTEMPS,MAY,2-6 ans,HIGH,False,Bizerte,ACTIVITE,MIXED,Activite peu adaptee,"Proposition peu precise ou peu adaptee au contexte, a la logistique ou a l age des enfants.",Cinema local,True,31.0,LOW
PRINTEMPS,MARCH,2-6 ans,LOW,False,Bizerte,ACTIVITE,MIXED,Activite peu adaptee,"Proposition peu precise ou peu adaptee au contexte, a la logistique ou a l age des enfants.",Salle improvisée,False,15.3,LOW
PRINTEMPS,MARCH,2-3 ans,MEDIUM,True,Bizerte,ACTIVITE,OUTDOOR,Activite peu adaptee,"Proposition peu precise ou peu adaptee au contexte, a la logistique ou a l age des enfants.",Jardin de la garderie,False,27.1,LOW
PRINTEMPS,MARCH,2-6 ans,HIGH,False,Bizerte,FETE,MIXED,Fete peu adaptee,"Proposition peu precise ou peu adaptee au contexte, a la logistique ou a l age des enfants.",Salle improvisée,True,23.3,LOW
PRINTEMPS,MARCH,2-3 ans,MEDIUM,True,Bizerte,FETE,OUTDOOR,Fete peu adaptee,"Proposition peu precise ou peu adaptee au contexte, a la logistique ou a l age des enfants.",Cinema local,False,14.7,LOW
PRINTEMPS,MARCH,2-3 ans,LOW,True,Bizerte,FETE,OUTDOOR,Fete peu adaptee,"Proposition peu precise ou peu adaptee au contexte, a la logistique ou a l age des enfants.",Foret ou grand parc,False,25.8,LOW
PRINTEMPS,MAY,4-5 ans,HIGH,True,Bizerte,FETE,MIXED,Fete peu adaptee,"Proposition peu precise ou peu adaptee au contexte, a la logistique ou a l age des enfants.",Cour exterieure,False,20.0,LOW
PRINTEMPS,MARCH,4-5 ans,HIGH,False,Bizerte,REUNION_PARENTS,OUTDOOR,Reunion_Parents peu adaptee,"Proposition peu precise ou peu adaptee au contexte, a la logistique ou a l age des enfants.",Cour exterieure,True,30.1,LOW
PRINTEMPS,MARCH,2-6 ans,MEDIUM,True,Bizerte,REUNION_PARENTS,INDOOR,Reunion_Parents peu adaptee,"Proposition peu precise ou peu adaptee au contexte, a la logistique ou a l age des enfants.",Grand parc eloigne,False,28.6,LOW
PRINTEMPS,APRIL,2-3 ans,HIGH,True,Bizerte,REUNION_PARENTS,OUTDOOR,Reunion_Parents peu adaptee,"Proposition peu precise ou peu adaptee au contexte, a la logistique ou a l age des enfants.",Lieu non precise en Tunisie,False,15.3,LOW
PRINTEMPS,APRIL,2-3 ans,MEDIUM,True,Bizerte,REUNION_PARENTS,OUTDOOR,Reunion_Parents peu adaptee,"Proposition peu precise ou peu adaptee au contexte, a la logistique ou a l age des enfants.",Cour exterieure,False,21.7,LOW
ETE,AUGUST,4-5 ans,LOW,False,Bizerte,SORTIE,MIXED,Sortie peu adaptee,"Proposition peu precise ou peu adaptee au contexte, a la logistique ou a l age des enfants.",Jardin de la garderie,False,21.6,LOW
ETE,JULY,2-6 ans,HIGH,False,Bizerte,SORTIE,MIXED,Sortie peu adaptee,"Proposition peu precise ou peu adaptee au contexte, a la logistique ou a l age des enfants.",Salle improvisée,True,20.8,LOW
ETE,AUGUST,2-6 ans,HIGH,False,Bizerte,SORTIE,MIXED,Sortie peu adaptee,"Proposition peu precise ou peu adaptee au contexte, a la logistique ou a l age des enfants.",Salle improvisée,True,28.2,LOW
ETE,JUNE,4-5 ans,LOW,True,Bizerte,SORTIE,INDOOR,Sortie peu adaptee,"Proposition peu precise ou peu adaptee au contexte, a la logistique ou a l age des enfants.",Cour exterieure,False,34.0,LOW
ETE,JUNE,2-3 ans,MEDIUM,False,Bizerte,ATELIER,INDOOR,Atelier peu adaptee,"Proposition peu precise ou peu adaptee au contexte, a la logistique ou a l age des enfants.",Cour exterieure,False,15.3,LOW
ETE,AUGUST,4-5 ans,LOW,True,Bizerte,ATELIER,INDOOR,Atelier peu adaptee,"Proposition peu precise ou peu adaptee au contexte, a la logistique ou a l age des enfants.",Cinema local,True,14.7,LOW
ETE,AUGUST,2-6 ans,MEDIUM,True,Bizerte,ATELIER,MIXED,Atelier peu adaptee,"Proposition peu precise ou peu adaptee au contexte, a la logistique ou a l age des enfants.",Cinema local,False,20.5,LOW
ETE,AUGUST,2-3 ans,MEDIUM,True,Bizerte,ATELIER,MIXED,Atelier peu adaptee,"Proposition peu precise ou peu adaptee au contexte, a la logistique ou a l age des enfants.",Salle improvisée,True,12.7,LOW
ETE,JULY,2-3 ans,LOW,True,Bizerte,ACTIVITE,INDOOR,Activite peu adaptee,"Proposition peu precise ou peu adaptee au contexte, a la logistique ou a l age des enfants.",Cinema local,False,15.4,LOW
ETE,JUNE,4-5 ans,HIGH,True,Bizerte,ACTIVITE,MIXED,Activite peu adaptee,"Proposition peu precise ou peu adaptee au contexte, a la logistique ou a l age des enfants.",Lieu non precise en Tunisie,False,22.8,LOW
ETE,AUGUST,4-5 ans,HIGH,False,Bizerte,ACTIVITE,MIXED,Activite peu adaptee,"Proposition peu precise ou peu adaptee au contexte, a la logistique ou a l age des enfants.",Cinema local,False,14.6,LOW
ETE,JUNE,2-6 ans,HIGH,True,Bizerte,ACTIVITE,INDOOR,Activite peu adaptee,"Proposition peu precise ou peu adaptee au contexte, a la logistique ou a l age des enfants.",Foret ou grand parc,True,12.2,LOW
ETE,JULY,2-6 ans,HIGH,False,Bizerte,FETE,MIXED,Fete peu adaptee,"Proposition peu precise ou peu adaptee au contexte, a la logistique ou a l age des enfants.",Salle improvisée,False,33.1,LOW
ETE,AUGUST,4-5 ans,MEDIUM,True,Bizerte,FETE,INDOOR,Fete peu adaptee,"Proposition peu precise ou peu adaptee au contexte, a la logistique ou a l age des enfants.",Cour exterieure,True,24.0,LOW
ETE,JUNE,2-6 ans,MEDIUM,True,Bizerte,FETE,MIXED,Fete peu adaptee,"Proposition peu precise ou peu adaptee au contexte, a la logistique ou a l age des enfants.",Cinema local,True,21.0,LOW
ETE,AUGUST,2-6 ans,HIGH,True,Bizerte,FETE,OUTDOOR,Fete peu adaptee,"Proposition peu precise ou peu adaptee au contexte, a la logistique ou a l age des enfants.",Grand parc eloigne,False,27.0,LOW
ETE,JULY,4-5 ans,LOW,True,Bizerte,REUNION_PARENTS,OUTDOOR,Reunion_Parents peu adaptee,"Proposition peu precise ou peu adaptee au contexte, a la logistique ou a l age des enfants.",Lieu non precise en Tunisie,False,16.5,LOW
ETE,JUNE,2-3 ans,MEDIUM,True,Bizerte,REUNION_PARENTS,MIXED,Reunion_Parents peu adaptee,"Proposition peu precise ou peu adaptee au contexte, a la logistique ou a l age des enfants.",Salle improvisée,False,12.6,LOW
ETE,JULY,2-3 ans,LOW,True,Bizerte,REUNION_PARENTS,INDOOR,Reunion_Parents peu adaptee,"Proposition peu precise ou peu adaptee au contexte, a la logistique ou a l age des enfants.",Foret ou grand parc,True,29.4,LOW
ETE,JULY,2-3 ans,HIGH,True,Bizerte,REUNION_PARENTS,INDOOR,Reunion_Parents peu adaptee,"Proposition peu precise ou peu adaptee au contexte, a la logistique ou a l age des enfants.",Jardin de la garderie,False,14.0,LOW
AUTOMNE,NOVEMBER,2-6 ans,HIGH,True,Bizerte,SORTIE,OUTDOOR,Sortie peu adaptee,"Proposition peu precise ou peu adaptee au contexte, a la logistique ou a l age des enfants.",Cinema local,True,19.2,LOW
AUTOMNE,OCTOBER,2-3 ans,MEDIUM,False,Bizerte,SORTIE,OUTDOOR,Sortie peu adaptee,"Proposition peu precise ou peu adaptee au contexte, a la logistique ou a l age des enfants.",Foret ou grand parc,True,19.2,LOW
AUTOMNE,OCTOBER,2-6 ans,LOW,False,Bizerte,SORTIE,MIXED,Sortie peu adaptee,"Proposition peu precise ou peu adaptee au contexte, a la logistique ou a l age des enfants.",Lieu non precise en Tunisie,True,19.6,LOW
AUTOMNE,NOVEMBER,2-6 ans,HIGH,True,Bizerte,SORTIE,INDOOR,Sortie peu adaptee,"Proposition peu precise ou peu adaptee au contexte, a la logistique ou a l age des enfants.",Cinema local,False,23.0,LOW
AUTOMNE,SEPTEMBER,4-5 ans,LOW,True,Bizerte,ATELIER,MIXED,Atelier peu adaptee,"Proposition peu precise ou peu adaptee au contexte, a la logistique ou a l age des enfants.",Grand parc eloigne,True,32.4,LOW
AUTOMNE,SEPTEMBER,2-6 ans,LOW,True,Bizerte,ATELIER,MIXED,Atelier peu adaptee,"Proposition peu precise ou peu adaptee au contexte, a la logistique ou a l age des enfants.",Lieu non precise en Tunisie,True,29.7,LOW
AUTOMNE,SEPTEMBER,2-6 ans,MEDIUM,False,Bizerte,ATELIER,INDOOR,Atelier peu adaptee,"Proposition peu precise ou peu adaptee au contexte, a la logistique ou a l age des enfants.",Cour exterieure,False,20.3,LOW
AUTOMNE,OCTOBER,2-3 ans,LOW,False,Bizerte,ATELIER,INDOOR,Atelier peu adaptee,"Proposition peu precise ou peu adaptee au contexte, a la logistique ou a l age des enfants.",Foret ou grand parc,True,34.0,LOW
AUTOMNE,NOVEMBER,2-6 ans,LOW,False,Bizerte,ACTIVITE,INDOOR,Activite peu adaptee,"Proposition peu precise ou peu adaptee au contexte, a la logistique ou a l age des enfants.",Jardin de la garderie,False,24.6,LOW
AUTOMNE,SEPTEMBER,4-5 ans,MEDIUM,True,Bizerte,ACTIVITE,OUTDOOR,Activite peu adaptee,"Proposition peu precise ou peu adaptee au contexte, a la logistique ou a l age des enfants.",Jardin de la garderie,False,15.7,LOW
AUTOMNE,OCTOBER,2-6 ans,MEDIUM,False,Bizerte,ACTIVITE,INDOOR,Activite peu adaptee,"Proposition peu precise ou peu adaptee au contexte, a la logistique ou a l age des enfants.",Cinema local,True,28.3,LOW
AUTOMNE,OCTOBER,4-5 ans,MEDIUM,False,Bizerte,ACTIVITE,OUTDOOR,Activite peu adaptee,"Proposition peu precise ou peu adaptee au contexte, a la logistique ou a l age des enfants.",Lieu non precise en Tunisie,True,33.6,LOW
AUTOMNE,NOVEMBER,4-5 ans,MEDIUM,True,Bizerte,FETE,OUTDOOR,Fete peu adaptee,"Proposition peu precise ou peu adaptee au contexte, a la logistique ou a l age des enfants.",Grand parc eloigne,False,31.7,LOW
AUTOMNE,NOVEMBER,2-3 ans,MEDIUM,False,Bizerte,FETE,MIXED,Fete peu adaptee,"Proposition peu precise ou peu adaptee au contexte, a la logistique ou a l age des enfants.",Salle improvisée,False,20.6,LOW
AUTOMNE,NOVEMBER,4-5 ans,MEDIUM,False,Bizerte,FETE,MIXED,Fete peu adaptee,"Proposition peu precise ou peu adaptee au contexte, a la logistique ou a l age des enfants.",Cinema local,True,29.0,LOW
AUTOMNE,SEPTEMBER,2-6 ans,LOW,True,Bizerte,FETE,INDOOR,Fete peu adaptee,"Proposition peu precise ou peu adaptee au contexte, a la logistique ou a l age des enfants.",Cour exterieure,False,15.6,LOW
AUTOMNE,OCTOBER,2-3 ans,MEDIUM,True,Bizerte,REUNION_PARENTS,OUTDOOR,Reunion_Parents peu adaptee,"Proposition peu precise ou peu adaptee au contexte, a la logistique ou a l age des enfants.",Lieu non precise en Tunisie,True,20.0,LOW
AUTOMNE,OCTOBER,2-6 ans,LOW,False,Bizerte,REUNION_PARENTS,INDOOR,Reunion_Parents peu adaptee,"Proposition peu precise ou peu adaptee au contexte, a la logistique ou a l age des enfants.",Jardin de la garderie,True,33.1,LOW
AUTOMNE,OCTOBER,4-5 ans,MEDIUM,True,Bizerte,REUNION_PARENTS,OUTDOOR,Reunion_Parents peu adaptee,"Proposition peu precise ou peu adaptee au contexte, a la logistique ou a l age des enfants.",Cinema local,False,19.9,LOW
AUTOMNE,NOVEMBER,4-5 ans,HIGH,True,Bizerte,REUNION_PARENTS,MIXED,Reunion_Parents peu adaptee,"Proposition peu precise ou peu adaptee au contexte, a la logistique ou a l age des enfants.",Grand parc eloigne,True,18.4,LOW
HIVER,DECEMBER,2-6 ans,MEDIUM,True,Bizerte,SORTIE,INDOOR,Sortie peu adaptee,"Proposition peu precise ou peu adaptee au contexte, a la logistique ou a l age des enfants.",Lieu non precise en Tunisie,True,19.4,LOW
HIVER,DECEMBER,2-6 ans,LOW,False,Bizerte,SORTIE,OUTDOOR,Sortie peu adaptee,"Proposition peu precise ou peu adaptee au contexte, a la logistique ou a l age des enfants.",Salle improvisée,False,34.5,LOW
HIVER,DECEMBER,2-3 ans,LOW,True,Bizerte,SORTIE,MIXED,Sortie peu adaptee,"Proposition peu precise ou peu adaptee au contexte, a la logistique ou a l age des enfants.",Grand parc eloigne,False,17.8,LOW
HIVER,DECEMBER,2-3 ans,LOW,True,Bizerte,SORTIE,OUTDOOR,Sortie peu adaptee,"Proposition peu precise ou peu adaptee au contexte, a la logistique ou a l age des enfants.",Grand parc eloigne,True,18.9,LOW
HIVER,FEBRUARY,4-5 ans,HIGH,False,Bizerte,ATELIER,INDOOR,Atelier peu adaptee,"Proposition peu precise ou peu adaptee au contexte, a la logistique ou a l age des enfants.",Lieu non precise en Tunisie,False,16.2,LOW
HIVER,DECEMBER,2-3 ans,MEDIUM,False,Bizerte,ATELIER,OUTDOOR,Atelier peu adaptee,"Proposition peu precise ou peu adaptee au contexte, a la logistique ou a l age des enfants.",Jardin de la garderie,True,20.0,LOW
HIVER,JANUARY,4-5 ans,HIGH,False,Bizerte,ATELIER,MIXED,Atelier peu adaptee,"Proposition peu precise ou peu adaptee au contexte, a la logistique ou a l age des enfants.",Salle improvisée,True,34.2,LOW
HIVER,JANUARY,4-5 ans,LOW,False,Bizerte,ATELIER,MIXED,Atelier peu adaptee,"Proposition peu precise ou peu adaptee au contexte, a la logistique ou a l age des enfants.",Salle improvisée,True,13.8,LOW
HIVER,FEBRUARY,2-6 ans,MEDIUM,True,Bizerte,ACTIVITE,MIXED,Activite peu adaptee,"Proposition peu precise ou peu adaptee au contexte, a la logistique ou a l age des enfants.",Salle improvisée,False,12.3,LOW
HIVER,JANUARY,2-3 ans,MEDIUM,False,Bizerte,ACTIVITE,INDOOR,Activite peu adaptee,"Proposition peu precise ou peu adaptee au contexte, a la logistique ou a l age des enfants.",Salle improvisée,False,18.0,LOW
HIVER,FEBRUARY,2-3 ans,LOW,False,Bizerte,ACTIVITE,MIXED,Activite peu adaptee,"Proposition peu precise ou peu adaptee au contexte, a la logistique ou a l age des enfants.",Grand parc eloigne,True,12.8,LOW
HIVER,FEBRUARY,2-3 ans,HIGH,False,Bizerte,ACTIVITE,MIXED,Activite peu adaptee,"Proposition peu precise ou peu adaptee au contexte, a la logistique ou a l age des enfants.",Salle improvisée,True,25.8,LOW
HIVER,DECEMBER,4-5 ans,LOW,True,Bizerte,FETE,MIXED,Fete peu adaptee,"Proposition peu precise ou peu adaptee au contexte, a la logistique ou a l age des enfants.",Foret ou grand parc,True,20.5,LOW
HIVER,JANUARY,2-3 ans,MEDIUM,False,Bizerte,FETE,MIXED,Fete peu adaptee,"Proposition peu precise ou peu adaptee au contexte, a la logistique ou a l age des enfants.",Salle improvisée,True,28.1,LOW
HIVER,FEBRUARY,4-5 ans,MEDIUM,False,Bizerte,FETE,OUTDOOR,Fete peu adaptee,"Proposition peu precise ou peu adaptee au contexte, a la logistique ou a l age des enfants.",Cour exterieure,False,24.0,LOW
HIVER,JANUARY,2-3 ans,MEDIUM,True,Bizerte,FETE,OUTDOOR,Fete peu adaptee,"Proposition peu precise ou peu adaptee au contexte, a la logistique ou a l age des enfants.",Cour exterieure,True,24.7,LOW
HIVER,DECEMBER,2-6 ans,MEDIUM,False,Bizerte,REUNION_PARENTS,OUTDOOR,Reunion_Parents peu adaptee,"Proposition peu precise ou peu adaptee au contexte, a la logistique ou a l age des enfants.",Salle improvisée,False,26.6,LOW
HIVER,FEBRUARY,2-6 ans,LOW,True,Bizerte,REUNION_PARENTS,INDOOR,Reunion_Parents peu adaptee,"Proposition peu precise ou peu adaptee au contexte, a la logistique ou a l age des enfants.",Cinema local,True,26.2,LOW
HIVER,JANUARY,2-3 ans,HIGH,False,Bizerte,REUNION_PARENTS,MIXED,Reunion_Parents peu adaptee,"Proposition peu precise ou peu adaptee au contexte, a la logistique ou a l age des enfants.",Foret ou grand parc,True,26.6,LOW
HIVER,FEBRUARY,2-6 ans,HIGH,True,Bizerte,REUNION_PARENTS,OUTDOOR,Reunion_Parents peu adaptee,"Proposition peu precise ou peu adaptee au contexte, a la logistique ou a l age des enfants.",Salle improvisée,False,16.9,LOW
AUTOMNE,OCTOBER,2-3 ans,MEDIUM,False,Tunisie,FETE,INDOOR,Fete de saison en plein air,"Moment festif avec animations douces, musique, decoration et gouter encadre.","Parc Ennahli, Ariana, Tunisie",False,13.3,HIGH
AUTOMNE,OCTOBER,2-6 ans,MEDIUM,True,Tunisie,ACTIVITE,OUTDOOR,Jeux moteurs au Jardin Japonais,Jeux collectifs et parcours moteurs dans un cadre securise et adapte.,"Jardin Japonais, Tunis, Tunisie",False,10.3,HIGH
ETE,JULY,2-3 ans,LOW,False,Tunisie,REUNION_PARENTS,INDOOR,Reunion d information parents,Rencontre d information et d echange avec les familles dans un cadre confortable.,"Centre culturel municipal, Tunis, Tunisie",False,1.6,HIGH
ETE,AUGUST,2-6 ans,LOW,True,Tunisie,SORTIE,OUTDOOR,Balade educative au port,"Activite encadree avec decouverte, observation et temps de repos adaptes aux enfants.","Port El Kantaoui, Sousse, Tunisie",True,6.6,HIGH
PRINTEMPS,APRIL,2-3 ans,HIGH,True,Tunisie,SORTIE,OUTDOOR,Balade encadree a Yasmine Hammamet,"Activite encadree avec decouverte, observation et temps de repos adaptes aux enfants.","Yasmine Hammamet, Hammamet, Tunisie",True,26.6,HIGH
ETE,AUGUST,2-6 ans,LOW,True,Tunisie,SORTIE,OUTDOOR,Visite marine au Musee Oceanographique,"Activite encadree avec decouverte, observation et temps de repos adaptes aux enfants.","Musee Oceanographique de Salammbô, La Goulette, Tunisie",True,9.2,HIGH
ETE,JULY,2-3 ans,MEDIUM,True,Tunisie,SORTIE,OUTDOOR,Balade sensorielle au Jardin Japonais,"Activite encadree avec decouverte, observation et temps de repos adaptes aux enfants.","Jardin Japonais, Tunis, Tunisie",True,17.2,HIGH
HIVER,FEBRUARY,4-5 ans,HIGH,True,Tunisie,SORTIE,OUTDOOR,Visite culturelle encadree,"Activite encadree avec decouverte, observation et temps de repos adaptes aux enfants.","Musee Archeologique de Sfax, Sfax, Tunisie",True,21.8,HIGH
PRINTEMPS,MARCH,2-3 ans,MEDIUM,False,Tunisie,FETE,INDOOR,Fete de fin de saison,"Moment festif avec animations douces, musique, decoration et gouter encadre.","Yasmine Hammamet, Hammamet, Tunisie",False,12.4,HIGH
HIVER,FEBRUARY,2-3 ans,MEDIUM,False,Tunisie,FETE,INDOOR,Fete de fin de trimestre,"Moment festif avec animations douces, musique, decoration et gouter encadre.","Maison de la Culture, Ariana, Tunisie",False,10.3,HIGH
ETE,AUGUST,4-5 ans,MEDIUM,False,Tunisie,FETE,INDOOR,Fete de fin de saison,"Moment festif avec animations douces, musique, decoration et gouter encadre.","Yasmine Hammamet, Hammamet, Tunisie",False,11.5,HIGH
AUTOMNE,OCTOBER,2-3 ans,HIGH,True,Tunisie,SORTIE,OUTDOOR,Sortie ludique a Funny Land,"Activite encadree avec decouverte, observation et temps de repos adaptes aux enfants.","Funny Land, Hammamet, Tunisie",True,23.4,HIGH
HIVER,JANUARY,2-3 ans,HIGH,True,Tunisie,SORTIE,OUTDOOR,Visite patrimoniale courte,"Activite encadree avec decouverte, observation et temps de repos adaptes aux enfants.","Ribat de Monastir, Monastir, Tunisie",True,18.6,HIGH
PRINTEMPS,MAY,2-3 ans,LOW,True,Tunisie,SORTIE,OUTDOOR,Sortie loisirs et observation,"Activite encadree avec decouverte, observation et temps de repos adaptes aux enfants.","Ain Park, Sfax, Tunisie",True,5.8,HIGH
AUTOMNE,OCTOBER,4-5 ans,MEDIUM,True,Tunisie,SORTIE,OUTDOOR,Sortie loisirs et observation,"Activite encadree avec decouverte, observation et temps de repos adaptes aux enfants.","Ain Park, Sfax, Tunisie",True,13.8,HIGH
HIVER,JANUARY,4-5 ans,MEDIUM,True,Tunisie,ATELIER,INDOOR,Atelier peu adaptee,"Proposition peu precise ou peu adaptee au contexte, a la logistique ou a l age des enfants.",Grand parc eloigne,False,17.9,LOW
AUTOMNE,OCTOBER,4-5 ans,MEDIUM,True,Tunisie,SORTIE,OUTDOOR,Sortie d observation au vieux port,"Activite encadree avec decouverte, observation et temps de repos adaptes aux enfants.","Vieux Port de Bizerte, Bizerte, Tunisie",True,12.0,HIGH
ETE,JUNE,2-6 ans,MEDIUM,False,Tunisie,FETE,INDOOR,Fete des saisons a l exterieur,"Moment festif avec animations douces, musique, decoration et gouter encadre.","Parc Touta, Sfax, Tunisie",False,15.1,HIGH
ETE,AUGUST,2-6 ans,LOW,True,Tunisie,ACTIVITE,OUTDOOR,Jeux d adresse et motricite,Jeux collectifs et parcours moteurs dans un cadre securise et adapte.,"Funny Land, Hammamet, Tunisie",False,4.7,HIGH
ETE,JULY,4-5 ans,LOW,False,Tunisie,ATELIER,INDOOR,Atelier creatif en salle,Activite creatrice et sensorielle adaptee au rythme des enfants avec materiel simple.,"Maison de la Culture Ibn Rachiq, Tunis, Tunisie",False,7.3,HIGH
AUTOMNE,OCTOBER,2-3 ans,MEDIUM,True,Tunisie,ATELIER,OUTDOOR,Atelier peu adaptee,"Proposition peu precise ou peu adaptee au contexte, a la logistique ou a l age des enfants.",Lieu non precise en Tunisie,False,32.7,LOW
HIVER,DECEMBER,4-5 ans,MEDIUM,False,Tunisie,FETE,INDOOR,Fete des couleurs au parc,"Moment festif avec animations douces, musique, decoration et gouter encadre.","Parc Ennahli, Ariana, Tunisie",False,15.3,HIGH
PRINTEMPS,MAY,2-3 ans,MEDIUM,True,Tunisie,SORTIE,OUTDOOR,Visite patrimoniale courte,"Activite correcte mais avec quelques contraintes de budget, de distance ou d adequation contextuelle.","Ribat de Monastir, Monastir",True,15.6,MEDIUM
AUTOMNE,OCTOBER,2-3 ans,LOW,True,Tunisie,SORTIE,OUTDOOR,Sortie nature et jeux libres,"Activite encadree avec decouverte, observation et temps de repos adaptes aux enfants.","Parc Falaise, Monastir, Tunisie",True,5.8,HIGH
HIVER,DECEMBER,2-3 ans,LOW,True,Tunisie,SORTIE,OUTDOOR,Sortie jeux d eau surveilles,"Activite encadree avec decouverte, observation et temps de repos adaptes aux enfants.","AquaSplash Thalassa Sousse, Sousse, Tunisie",True,9.9,HIGH
ETE,AUGUST,4-5 ans,MEDIUM,False,Tunisie,REUNION_PARENTS,INDOOR,Reunion pedagogique parents,"Activite correcte mais avec quelques contraintes de budget, de distance ou d adequation contextuelle.","Maison de la Culture, Sousse",False,7.5,MEDIUM
PRINTEMPS,MAY,4-5 ans,LOW,False,Tunisie,REUNION_PARENTS,INDOOR,Reunion_Parents peu adaptee,"Proposition peu precise ou peu adaptee au contexte, a la logistique ou a l age des enfants.",Foret ou grand parc,True,32.9,LOW
HIVER,JANUARY,2-6 ans,LOW,False,Tunisie,REUNION_PARENTS,INDOOR,Reunion information parents,Rencontre d information et d echange avec les familles dans un cadre confortable.,"Maison de la Culture, Bizerte, Tunisie",False,1.3,HIGH
PRINTEMPS,MARCH,2-6 ans,LOW,False,Tunisie,FETE,INDOOR,Fete costumee en salle,"Moment festif avec animations douces, musique, decoration et gouter encadre.","Maison de la Culture, Sfax, Tunisie",False,7.1,HIGH
PRINTEMPS,MAY,2-6 ans,HIGH,True,Tunisie,SORTIE,OUTDOOR,Sortie nature a Parc Touta,"Activite encadree avec decouverte, observation et temps de repos adaptes aux enfants.","Parc Touta, Sfax, Tunisie",True,24.3,HIGH
ETE,JULY,2-6 ans,MEDIUM,True,Tunisie,SORTIE,OUTDOOR,Sortie ludique a Funny Land,"Activite encadree avec decouverte, observation et temps de repos adaptes aux enfants.","Funny Land, Hammamet, Tunisie",True,13.9,HIGH
AUTOMNE,SEPTEMBER,4-5 ans,MEDIUM,True,Tunisie,ATELIER,INDOOR,Atelier peu adaptee,"Proposition peu precise ou peu adaptee au contexte, a la logistique ou a l age des enfants.",Cour exterieure,False,32.4,LOW
AUTOMNE,NOVEMBER,2-3 ans,MEDIUM,False,Tunisie,FETE,OUTDOOR,Fete peu adaptee,"Proposition peu precise ou peu adaptee au contexte, a la logistique ou a l age des enfants.",Lieu non precise en Tunisie,True,28.9,LOW
AUTOMNE,SEPTEMBER,2-6 ans,MEDIUM,False,Tunisie,ATELIER,INDOOR,Atelier artistique et lecture,Activite creatrice et sensorielle adaptee au rythme des enfants avec materiel simple.,"Maison de la Culture, Bizerte, Tunisie",False,8.3,HIGH
ETE,JUNE,2-3 ans,LOW,True,Tunisie,ACTIVITE,OUTDOOR,Jeux moteurs au Jardin Japonais,Jeux collectifs et parcours moteurs dans un cadre securise et adapte.,"Jardin Japonais, Tunis, Tunisie",False,4.4,HIGH
PRINTEMPS,MARCH,2-3 ans,MEDIUM,False,Tunisie,ATELIER,INDOOR,Atelier sciences ludiques,Activite creatrice et sensorielle adaptee au rythme des enfants avec materiel simple.,"Cite des Sciences, Tunis, Tunisie",False,14.5,HIGH
HIVER,JANUARY,2-6 ans,MEDIUM,False,Tunisie,REUNION_PARENTS,INDOOR,Reunion_Parents peu adaptee,"Proposition peu precise ou peu adaptee au contexte, a la logistique ou a l age des enfants.",Jardin de la garderie,True,30.5,LOW
HIVER,DECEMBER,4-5 ans,MEDIUM,False,Tunisie,REUNION_PARENTS,INDOOR,Reunion avec les parents,Rencontre d information et d echange avec les familles dans un cadre confortable.,"Maison de la Culture, Monastir, Tunisie",False,6.9,HIGH
ETE,JULY,2-6 ans,LOW,False,Tunisie,REUNION_PARENTS,INDOOR,Reunion de coordination parents,Rencontre d information et d echange avec les familles dans un cadre confortable.,"Maison de la Culture, Nabeul, Tunisie",False,1.7,HIGH
AUTOMNE,NOVEMBER,2-6 ans,MEDIUM,True,Tunisie,ACTIVITE,OUTDOOR,Jeux d observation au parc,Jeux collectifs et parcours moteurs dans un cadre securise et adapte.,"Parc du Belvedere, Tunis, Tunisie",False,9.1,HIGH
ETE,JUNE,4-5 ans,HIGH,False,Tunisie,FETE,OUTDOOR,Fete peu adaptee,"Proposition peu precise ou peu adaptee au contexte, a la logistique ou a l age des enfants.",Salle improvisée,True,18.3,LOW
AUTOMNE,OCTOBER,2-6 ans,LOW,True,Tunisie,ACTIVITE,OUTDOOR,Jeux d observation au parc,Jeux collectifs et parcours moteurs dans un cadre securise et adapte.,"Parc du Belvedere, Tunis, Tunisie",False,2.4,HIGH
HIVER,JANUARY,2-6 ans,MEDIUM,False,Tunisie,FETE,INDOOR,Fete de fin de saison,"Moment festif avec animations douces, musique, decoration et gouter encadre.","Yasmine Hammamet, Hammamet, Tunisie",False,16.6,HIGH
HIVER,DECEMBER,2-3 ans,LOW,False,Tunisie,FETE,INDOOR,Fete de saison en plein air,"Moment festif avec animations douces, musique, decoration et gouter encadre.","Parc Ennahli, Ariana, Tunisie",False,7.5,HIGH
PRINTEMPS,MARCH,4-5 ans,MEDIUM,True,Tunisie,ACTIVITE,OUTDOOR,Activite artistique en interieur,Jeux collectifs et parcours moteurs dans un cadre securise et adapte.,"Maison de la Culture Ibn Rachiq, Tunis, Tunisie",False,10.3,HIGH
ETE,AUGUST,2-3 ans,LOW,False,Tunisie,FETE,INDOOR,Fete des saisons a l exterieur,"Moment festif avec animations douces, musique, decoration et gouter encadre.","Parc Touta, Sfax, Tunisie",False,5.2,HIGH
ETE,JUNE,2-6 ans,MEDIUM,False,Tunisie,REUNION_PARENTS,INDOOR,Reunion de suivi avec les familles,Rencontre d information et d echange avec les familles dans un cadre confortable.,"Maison de la Culture, Sfax, Tunisie",False,4.9,HIGH
PRINTEMPS,MARCH,2-3 ans,HIGH,False,Tunisie,FETE,INDOOR,Fete des saisons a l exterieur,"Activite correcte mais avec quelques contraintes de budget, de distance ou d adequation contextuelle.","Parc Touta, Sfax",False,9.7,MEDIUM
HIVER,JANUARY,4-5 ans,LOW,False,Tunisie,ATELIER,INDOOR,Atelier lecture et contes,Activite creatrice et sensorielle adaptee au rythme des enfants avec materiel simple.,"Bibliotheque pour enfants, Tunis, Tunisie",False,7.6,HIGH
PRINTEMPS,MARCH,2-3 ans,LOW,True,Tunisie,SORTIE,OUTDOOR,Balade encadree sur la corniche,"Activite encadree avec decouverte, observation et temps de repos adaptes aux enfants.","Corniche de Bizerte, Bizerte, Tunisie",True,9.6,HIGH
HIVER,FEBRUARY,2-3 ans,HIGH,True,Tunisie,SORTIE,OUTDOOR,Visite marine au Musee Oceanographique,"Activite encadree avec decouverte, observation et temps de repos adaptes aux enfants.","Musee Oceanographique de Salammbô, La Goulette, Tunisie",True,22.8,HIGH
HIVER,FEBRUARY,4-5 ans,LOW,False,Tunisie,FETE,INDOOR,Fete saisonniere au parc,"Moment festif avec animations douces, musique, decoration et gouter encadre.","Parc Hannibal, Sousse, Tunisie",False,9.5,HIGH
PRINTEMPS,MAY,2-6 ans,MEDIUM,False,Tunisie,ATELIER,INDOOR,Atelier d eveil artistique,Activite creatrice et sensorielle adaptee au rythme des enfants avec materiel simple.,"Centre culturel de Monastir, Monastir, Tunisie",False,12.3,HIGH
PRINTEMPS,MARCH,2-6 ans,LOW,False,Tunisie,REUNION_PARENTS,INDOOR,Reunion information parents,Rencontre d information et d echange avec les familles dans un cadre confortable.,"Maison de la Culture, Bizerte, Tunisie",False,1.6,HIGH
ETE,JUNE,2-6 ans,MEDIUM,False,Tunisie,ATELIER,INDOOR,Atelier peinture et collage,Activite creatrice et sensorielle adaptee au rythme des enfants avec materiel simple.,"Maison de la Culture, Ariana, Tunisie",False,12.9,HIGH
ETE,JULY,2-6 ans,LOW,True,Tunisie,ACTIVITE,OUTDOOR,Jeux de motricite au parc,Jeux collectifs et parcours moteurs dans un cadre securise et adapte.,"Parc Touta, Sfax, Tunisie",False,5.7,HIGH
AUTOMNE,SEPTEMBER,2-3 ans,MEDIUM,False,Tunisie,ATELIER,OUTDOOR,Atelier peu adaptee,"Proposition peu precise ou peu adaptee au contexte, a la logistique ou a l age des enfants.",Grand parc eloigne,False,33.2,LOW
AUTOMNE,OCTOBER,2-3 ans,LOW,False,Tunisie,FETE,OUTDOOR,Fete peu adaptee,"Proposition peu precise ou peu adaptee au contexte, a la logistique ou a l age des enfants.",Cinema local,True,23.5,LOW
ETE,JUNE,4-5 ans,LOW,False,Tunisie,FETE,INDOOR,Fete de fin de saison,"Activite correcte mais avec quelques contraintes de budget, de distance ou d adequation contextuelle.","Yasmine Hammamet, Hammamet",False,24.5,MEDIUM
AUTOMNE,OCTOBER,4-5 ans,MEDIUM,False,Tunisie,FETE,INDOOR,Fete musicale en interieur,"Moment festif avec animations douces, musique, decoration et gouter encadre.","Maison de la Culture, Sousse, Tunisie",False,15.3,HIGH
ETE,AUGUST,4-5 ans,LOW,True,Tunisie,ACTIVITE,OUTDOOR,Activite de groupe en exterieur,Jeux collectifs et parcours moteurs dans un cadre securise et adapte.,"Ain Park, Sfax, Tunisie",False,6.9,HIGH
ETE,JULY,4-5 ans,MEDIUM,True,Tunisie,SORTIE,OUTDOOR,Sortie decouverte au Parc du Belvedere,"Activite encadree avec decouverte, observation et temps de repos adaptes aux enfants.","Parc du Belvedere, Tunis, Tunisie",True,12.9,HIGH
ETE,JULY,2-6 ans,MEDIUM,True,Tunisie,ACTIVITE,OUTDOOR,Jeux d observation au parc,Jeux collectifs et parcours moteurs dans un cadre securise et adapte.,"Parc du Belvedere, Tunis, Tunisie",False,9.4,HIGH
AUTOMNE,OCTOBER,2-6 ans,MEDIUM,True,Tunisie,SORTIE,OUTDOOR,Sortie nature a Parc Touta,"Activite encadree avec decouverte, observation et temps de repos adaptes aux enfants.","Parc Touta, Sfax, Tunisie",True,12.6,HIGH
HIVER,DECEMBER,2-6 ans,HIGH,True,Tunisie,SORTIE,OUTDOOR,Sortie decouverte de la medina,"Activite encadree avec decouverte, observation et temps de repos adaptes aux enfants.","Medina de Hammamet, Hammamet, Tunisie",True,24.7,HIGH
HIVER,JANUARY,2-6 ans,MEDIUM,True,Tunisie,REUNION_PARENTS,INDOOR,Reunion_Parents peu adaptee,"Proposition peu precise ou peu adaptee au contexte, a la logistique ou a l age des enfants.",Cour exterieure,False,16.7,LOW
AUTOMNE,SEPTEMBER,2-3 ans,LOW,True,Tunisie,ACTIVITE,OUTDOOR,Activite peu adaptee,"Proposition peu precise ou peu adaptee au contexte, a la logistique ou a l age des enfants.",Foret ou grand parc,True,29.6,LOW
ETE,AUGUST,4-5 ans,LOW,False,Tunisie,ATELIER,INDOOR,Atelier sciences ludiques,Activite creatrice et sensorielle adaptee au rythme des enfants avec materiel simple.,"Cite des Sciences, Tunis, Tunisie",False,4.0,HIGH
AUTOMNE,SEPTEMBER,4-5 ans,MEDIUM,False,Tunisie,ATELIER,INDOOR,Atelier lecture et contes,Activite creatrice et sensorielle adaptee au rythme des enfants avec materiel simple.,"Bibliotheque pour enfants, Tunis, Tunisie",False,10.4,HIGH
ETE,AUGUST,2-6 ans,LOW,True,Tunisie,SORTIE,OUTDOOR,Sortie nature au Parc Ennahli,"Activite encadree avec decouverte, observation et temps de repos adaptes aux enfants.","Parc Ennahli, Ariana, Tunisie",True,8.9,HIGH
PRINTEMPS,MAY,2-3 ans,HIGH,True,Tunisie,SORTIE,OUTDOOR,Visite marine au Musee Oceanographique,"Activite encadree avec decouverte, observation et temps de repos adaptes aux enfants.","Musee Oceanographique de Salammbô, La Goulette, Tunisie",True,20.3,HIGH
HIVER,DECEMBER,2-3 ans,HIGH,False,Tunisie,ACTIVITE,OUTDOOR,Activite peu adaptee,"Proposition peu precise ou peu adaptee au contexte, a la logistique ou a l age des enfants.",Cinema local,True,30.7,LOW
AUTOMNE,OCTOBER,4-5 ans,LOW,True,Tunisie,ACTIVITE,OUTDOOR,Jeux de motricite au parc,Jeux collectifs et parcours moteurs dans un cadre securise et adapte.,"Parc Touta, Sfax, Tunisie",False,3.4,HIGH
ETE,JULY,4-5 ans,LOW,False,Tunisie,ATELIER,INDOOR,Atelier sciences ludiques,Activite creatrice et sensorielle adaptee au rythme des enfants avec materiel simple.,"Cite des Sciences, Tunis, Tunisie",False,7.6,HIGH
ETE,AUGUST,2-6 ans,LOW,False,Tunisie,REUNION_PARENTS,INDOOR,Reunion de coordination parents,"Activite correcte mais avec quelques contraintes de budget, de distance ou d adequation contextuelle.","Maison de la Culture, Nabeul",False,10.6,MEDIUM
PRINTEMPS,MARCH,2-6 ans,MEDIUM,False,Tunisie,FETE,INDOOR,Fete des saisons a l exterieur,"Moment festif avec animations douces, musique, decoration et gouter encadre.","Parc Touta, Sfax, Tunisie",False,11.8,HIGH
HIVER,JANUARY,2-3 ans,HIGH,True,Tunisie,SORTIE,OUTDOOR,Sortie d observation au vieux port,"Activite encadree avec decouverte, observation et temps de repos adaptes aux enfants.","Vieux Port de Bizerte, Bizerte, Tunisie",True,18.6,HIGH
PRINTEMPS,MARCH,2-6 ans,LOW,True,Tunisie,ACTIVITE,OUTDOOR,Jeux collectifs au parc,Jeux collectifs et parcours moteurs dans un cadre securise et adapte.,"Parc Hannibal, Sousse, Tunisie",False,4.6,HIGH
ETE,AUGUST,2-3 ans,MEDIUM,False,Tunisie,REUNION_PARENTS,INDOOR,Reunion de suivi avec les familles,Rencontre d information et d echange avec les familles dans un cadre confortable.,"Maison de la Culture, Sfax, Tunisie",False,5.4,HIGH
AUTOMNE,SEPTEMBER,4-5 ans,MEDIUM,True,Tunisie,ACTIVITE,OUTDOOR,Jeux moteurs au Jardin Japonais,Jeux collectifs et parcours moteurs dans un cadre securise et adapte.,"Jardin Japonais, Tunis, Tunisie",False,10.7,HIGH
AUTOMNE,OCTOBER,4-5 ans,MEDIUM,False,Tunisie,ATELIER,INDOOR,Atelier sciences en petit groupe,Activite creatrice et sensorielle adaptee au rythme des enfants avec materiel simple.,"Cite des Sciences, Tunis, Tunisie",False,14.6,HIGH
PRINTEMPS,MAY,4-5 ans,HIGH,True,Tunisie,SORTIE,OUTDOOR,Visite marine au Musee Oceanographique,"Activite encadree avec decouverte, observation et temps de repos adaptes aux enfants.","Musee Oceanographique de Salammbô, La Goulette, Tunisie",True,26.3,HIGH
AUTOMNE,NOVEMBER,2-6 ans,HIGH,False,Tunisie,ATELIER,INDOOR,Atelier sciences ludiques,"Activite correcte mais avec quelques contraintes de budget, de distance ou d adequation contextuelle.","Cite des Sciences, Tunis",False,6.0,MEDIUM
HIVER,JANUARY,2-6 ans,LOW,False,Tunisie,ACTIVITE,MIXED,Activite peu adaptee,"Proposition peu precise ou peu adaptee au contexte, a la logistique ou a l age des enfants.",Cour exterieure,True,29.2,LOW
HIVER,JANUARY,4-5 ans,HIGH,False,Tunisie,ATELIER,MIXED,Atelier peu adaptee,"Proposition peu precise ou peu adaptee au contexte, a la logistique ou a l age des enfants.",Salle improvisée,True,34.2,LOW
HIVER,DECEMBER,4-5 ans,MEDIUM,False,Tunisie,REUNION_PARENTS,OUTDOOR,Reunion_Parents peu adaptee,"Proposition peu precise ou peu adaptee au contexte, a la logistique ou a l age des enfants.",Cinema local,True,24.6,LOW
AUTOMNE,NOVEMBER,4-5 ans,MEDIUM,True,Tunisie,SORTIE,OUTDOOR,Sortie nature au Parc Ennahli,"Activite encadree avec decouverte, observation et temps de repos adaptes aux enfants.","Parc Ennahli, Ariana, Tunisie",True,14.0,HIGH
PRINTEMPS,MARCH,2-3 ans,MEDIUM,False,Tunisie,REUNION_PARENTS,INDOOR,Rencontre parents educateurs,Rencontre d information et d echange avec les familles dans un cadre confortable.,"Maison de la Culture Ibn Rachiq, Tunis, Tunisie",False,3.2,HIGH
HIVER,FEBRUARY,2-3 ans,MEDIUM,False,Tunisie,REUNION_PARENTS,INDOOR,Reunion information parents,Rencontre d information et d echange avec les familles dans un cadre confortable.,"Maison de la Culture, Bizerte, Tunisie",False,6.7,HIGH
HIVER,DECEMBER,2-3 ans,MEDIUM,False,Tunisie,FETE,INDOOR,Fete saisonniere au parc,"Moment festif avec animations douces, musique, decoration et gouter encadre.","Parc Hannibal, Sousse, Tunisie",False,16.5,HIGH
AUTOMNE,NOVEMBER,2-3 ans,LOW,False,Tunisie,ATELIER,INDOOR,Atelier d eveil artistique,"Activite correcte mais avec quelques contraintes de budget, de distance ou d adequation contextuelle.","Centre culturel de Monastir, Monastir",False,15.8,MEDIUM
ETE,JUNE,2-6 ans,LOW,True,Tunisie,SORTIE,OUTDOOR,Sortie jeux d eau surveilles,"Activite encadree avec decouverte, observation et temps de repos adaptes aux enfants.","AquaSplash Thalassa Sousse, Sousse, Tunisie",True,5.6,HIGH
AUTOMNE,OCTOBER,4-5 ans,LOW,False,Tunisie,FETE,INDOOR,Fete des couleurs au parc,"Moment festif avec animations douces, musique, decoration et gouter encadre.","Parc Ennahli, Ariana, Tunisie",False,6.4,HIGH
ETE,AUGUST,2-6 ans,LOW,True,Tunisie,SORTIE,OUTDOOR,Sortie d observation au vieux port,"Activite encadree avec decouverte, observation et temps de repos adaptes aux enfants.","Vieux Port de Bizerte, Bizerte, Tunisie",True,5.7,HIGH
PRINTEMPS,APRIL,2-6 ans,MEDIUM,False,Tunisie,ATELIER,INDOOR,Atelier poterie et couleurs,Activite creatrice et sensorielle adaptee au rythme des enfants avec materiel simple.,"Maison de la Culture, Nabeul, Tunisie",False,8.3,HIGH
HIVER,JANUARY,2-3 ans,HIGH,True,Tunisie,SORTIE,OUTDOOR,Balade educative a la marina,"Activite encadree avec decouverte, observation et temps de repos adaptes aux enfants.","Marina de Monastir, Monastir, Tunisie",True,23.9,HIGH
ETE,JUNE,2-6 ans,MEDIUM,True,Tunisie,SORTIE,OUTDOOR,Visite patrimoniale courte,"Activite encadree avec decouverte, observation et temps de repos adaptes aux enfants.","Ribat de Monastir, Monastir, Tunisie",True,11.0,HIGH
AUTOMNE,SEPTEMBER,2-3 ans,LOW,True,Tunisie,ACTIVITE,OUTDOOR,Activite de groupe en exterieur,Jeux collectifs et parcours moteurs dans un cadre securise et adapte.,"Ain Park, Sfax, Tunisie",False,2.1,HIGH
PRINTEMPS,APRIL,4-5 ans,MEDIUM,True,Tunisie,SORTIE,OUTDOOR,Visite educative a la Cite des Sciences,"Activite encadree avec decouverte, observation et temps de repos adaptes aux enfants.","Cite des Sciences, Tunis, Tunisie",True,10.8,HIGH
HIVER,DECEMBER,4-5 ans,MEDIUM,True,Tunisie,ACTIVITE,OUTDOOR,Jeux collectifs au parc,Jeux collectifs et parcours moteurs dans un cadre securise et adapte.,"Parc Hannibal, Sousse, Tunisie",False,10.3,HIGH
ETE,JULY,2-3 ans,MEDIUM,False,Tunisie,FETE,INDOOR,Fete saisonniere au parc,"Moment festif avec animations douces, musique, decoration et gouter encadre.","Parc Hannibal, Sousse, Tunisie",False,17.3,HIGH
HIVER,DECEMBER,4-5 ans,HIGH,True,Tunisie,SORTIE,OUTDOOR,Sortie jeux d eau surveilles,"Activite correcte mais avec quelques contraintes de budget, de distance ou d adequation contextuelle.","AquaSplash Thalassa Sousse, Sousse",True,7.9,MEDIUM
AUTOMNE,SEPTEMBER,4-5 ans,LOW,False,Tunisie,FETE,INDOOR,Fete de fin de saison,"Moment festif avec animations douces, musique, decoration et gouter encadre.","Yasmine Hammamet, Hammamet, Tunisie",False,6.3,HIGH
HIVER,FEBRUARY,2-6 ans,MEDIUM,True,Tunisie,ACTIVITE,OUTDOOR,Parcours moteur au parc,Jeux collectifs et parcours moteurs dans un cadre securise et adapte.,"Parc Ennahli, Ariana, Tunisie",False,12.6,HIGH
PRINTEMPS,MARCH,2-3 ans,HIGH,True,Tunisie,SORTIE,OUTDOOR,Sortie jeux d eau surveilles,"Activite encadree avec decouverte, observation et temps de repos adaptes aux enfants.","AquaSplash Thalassa Sousse, Sousse, Tunisie",True,19.5,HIGH
ETE,AUGUST,2-6 ans,LOW,False,Tunisie,FETE,INDOOR,Fete d enfants au parc,"Moment festif avec animations douces, musique, decoration et gouter encadre.","Parc Aladin, Bizerte, Tunisie",False,7.1,HIGH
HIVER,DECEMBER,2-3 ans,MEDIUM,False,Tunisie,ATELIER,INDOOR,Atelier musique et rythme,Activite creatrice et sensorielle adaptee au rythme des enfants avec materiel simple.,"Centre culturel Mohamed Jamoussi, Sfax, Tunisie",False,13.8,HIGH
HIVER,JANUARY,4-5 ans,MEDIUM,False,Tunisie,FETE,INDOOR,Fete musicale en interieur,"Moment festif avec animations douces, musique, decoration et gouter encadre.","Maison de la Culture, Sousse, Tunisie",False,10.4,HIGH
PRINTEMPS,MARCH,4-5 ans,MEDIUM,False,Tunisie,REUNION_PARENTS,INDOOR,Reunion information parents,Rencontre d information et d echange avec les familles dans un cadre confortable.,"Maison de la Culture, Bizerte, Tunisie",False,6.1,HIGH
PRINTEMPS,MARCH,4-5 ans,MEDIUM,False,Tunisie,ATELIER,INDOOR,Atelier expression artistique,Activite creatrice et sensorielle adaptee au rythme des enfants avec materiel simple.,"Complexe culturel de Sousse, Sousse, Tunisie",False,11.7,HIGH
HIVER,JANUARY,2-6 ans,HIGH,True,Tunisie,SORTIE,OUTDOOR,Sortie ludique a Funny Land,"Activite encadree avec decouverte, observation et temps de repos adaptes aux enfants.","Funny Land, Hammamet, Tunisie",True,27.0,HIGH
HIVER,JANUARY,2-6 ans,LOW,True,Tunisie,ACTIVITE,OUTDOOR,Parcours moteur au parc,Jeux collectifs et parcours moteurs dans un cadre securise et adapte.,"Parc Ennahli, Ariana, Tunisie",False,5.6,HIGH
HIVER,FEBRUARY,4-5 ans,LOW,True,Tunisie,SORTIE,OUTDOOR,Balade sensorielle au Jardin Japonais,"Activite encadree avec decouverte, observation et temps de repos adaptes aux enfants.","Jardin Japonais, Tunis, Tunisie",True,6.4,HIGH
AUTOMNE,NOVEMBER,2-6 ans,LOW,False,Tunisie,FETE,INDOOR,Fete d enfants au parc,"Moment festif avec animations douces, musique, decoration et gouter encadre.","Parc Aladin, Bizerte, Tunisie",False,5.1,HIGH
HIVER,JANUARY,2-3 ans,LOW,True,Tunisie,SORTIE,OUTDOOR,Sortie nature au Parc Ennahli,"Activite encadree avec decouverte, observation et temps de repos adaptes aux enfants.","Parc Ennahli, Ariana, Tunisie",True,4.4,HIGH
PRINTEMPS,MAY,2-6 ans,MEDIUM,False,Tunisie,FETE,INDOOR,Fete de fin de saison,"Activite correcte mais avec quelques contraintes de budget, de distance ou d adequation contextuelle.","Yasmine Hammamet, Hammamet",False,16.2,MEDIUM
AUTOMNE,SEPTEMBER,4-5 ans,LOW,True,Tunisie,ACTIVITE,OUTDOOR,Activite observation en groupe,Jeux collectifs et parcours moteurs dans un cadre securise et adapte.,"Marina de Monastir, Monastir, Tunisie",False,3.4,HIGH
PRINTEMPS,MAY,2-6 ans,LOW,True,Tunisie,SORTIE,OUTDOOR,Sortie decouverte au Parc du Belvedere,"Activite encadree avec decouverte, observation et temps de repos adaptes aux enfants.","Parc du Belvedere, Tunis, Tunisie",True,8.0,HIGH
AUTOMNE,NOVEMBER,2-3 ans,MEDIUM,True,Tunisie,SORTIE,OUTDOOR,Balade educative a la marina,"Activite encadree avec decouverte, observation et temps de repos adaptes aux enfants.","Marina de Monastir, Monastir, Tunisie",True,16.7,HIGH
HIVER,JANUARY,2-3 ans,MEDIUM,False,Tunisie,FETE,MIXED,Fete peu adaptee,"Proposition peu precise ou peu adaptee au contexte, a la logistique ou a l age des enfants.",Salle improvisée,True,28.1,LOW
PRINTEMPS,MARCH,2-3 ans,LOW,False,Tunisie,ATELIER,INDOOR,Atelier d eveil artistique,"Activite correcte mais avec quelques contraintes de budget, de distance ou d adequation contextuelle.","Centre culturel de Monastir, Monastir",False,19.4,MEDIUM
PRINTEMPS,MAY,4-5 ans,LOW,False,Tunisie,FETE,INDOOR,Fete saisonniere au parc,"Moment festif avec animations douces, musique, decoration et gouter encadre.","Parc Hannibal, Sousse, Tunisie",False,9.8,HIGH
HIVER,JANUARY,4-5 ans,LOW,False,Tunisie,FETE,INDOOR,Fete a theme en salle,"Moment festif avec animations douces, musique, decoration et gouter encadre.","Maison de la Culture, Bizerte, Tunisie",False,9.6,HIGH
PRINTEMPS,MARCH,4-5 ans,HIGH,True,Tunisie,SORTIE,OUTDOOR,Visite patrimoniale courte,"Activite encadree avec decouverte, observation et temps de repos adaptes aux enfants.","Ribat de Monastir, Monastir, Tunisie",True,18.6,HIGH
HIVER,JANUARY,4-5 ans,LOW,True,Tunisie,ACTIVITE,OUTDOOR,Activite peu adaptee,"Proposition peu precise ou peu adaptee au contexte, a la logistique ou a l age des enfants.",Grand parc eloigne,False,28.9,LOW
PRINTEMPS,MARCH,2-3 ans,LOW,False,Tunisie,ATELIER,INDOOR,Atelier contes et marionnettes,Activite creatrice et sensorielle adaptee au rythme des enfants avec materiel simple.,"Maison de la Culture, Sousse, Tunisie",False,5.8,HIGH
ETE,JULY,2-6 ans,LOW,True,Tunisie,FETE,OUTDOOR,Fete peu adaptee,"Proposition peu precise ou peu adaptee au contexte, a la logistique ou a l age des enfants.",Cinema local,False,26.5,LOW
PRINTEMPS,MAY,2-3 ans,LOW,False,Tunisie,FETE,INDOOR,Fete musicale en interieur,"Moment festif avec animations douces, musique, decoration et gouter encadre.","Maison de la Culture, Sousse, Tunisie",False,6.1,HIGH
HIVER,DECEMBER,4-5 ans,MEDIUM,False,Tunisie,FETE,MIXED,Fete peu adaptee,"Proposition peu precise ou peu adaptee au contexte, a la logistique ou a l age des enfants.",Cour exterieure,False,30.6,LOW
AUTOMNE,NOVEMBER,4-5 ans,MEDIUM,True,Tunisie,ACTIVITE,OUTDOOR,Activites motrices en exterieur,Jeux collectifs et parcours moteurs dans un cadre securise et adapte.,"Parc Aladin, Bizerte, Tunisie",False,7.5,HIGH
ETE,JULY,4-5 ans,HIGH,True,Tunisie,SORTIE,OUTDOOR,Sortie ludique au parc,"Activite encadree avec decouverte, observation et temps de repos adaptes aux enfants.","Parc Aladin, Bizerte, Tunisie",True,26.1,HIGH
HIVER,FEBRUARY,2-6 ans,MEDIUM,True,Tunisie,ACTIVITE,OUTDOOR,Jeux d observation au parc,Jeux collectifs et parcours moteurs dans un cadre securise et adapte.,"Parc du Belvedere, Tunis, Tunisie",False,8.8,HIGH
ETE,AUGUST,2-6 ans,MEDIUM,False,Tunisie,REUNION_PARENTS,INDOOR,Echange avec les familles,Rencontre d information et d echange avec les familles dans un cadre confortable.,"Maison de la Culture, Ariana, Tunisie",False,7.5,HIGH
PRINTEMPS,MAY,2-3 ans,LOW,False,Tunisie,REUNION_PARENTS,INDOOR,Reunion_Parents peu adaptee,"Proposition peu precise ou peu adaptee au contexte, a la logistique ou a l age des enfants.",Jardin de la garderie,True,25.9,LOW
ETE,JULY,4-5 ans,LOW,True,Tunisie,ACTIVITE,OUTDOOR,Jeux de motricite au parc,Jeux collectifs et parcours moteurs dans un cadre securise et adapte.,"Parc Touta, Sfax, Tunisie",False,6.2,HIGH
ETE,JULY,2-6 ans,HIGH,False,Tunisie,ATELIER,MIXED,Atelier peu adaptee,"Proposition peu precise ou peu adaptee au contexte, a la logistique ou a l age des enfants.",Cour exterieure,False,21.6,LOW
ETE,JULY,2-3 ans,LOW,False,Tunisie,FETE,OUTDOOR,Fete peu adaptee,"Proposition peu precise ou peu adaptee au contexte, a la logistique ou a l age des enfants.",Grand parc eloigne,False,15.9,LOW
HIVER,JANUARY,2-3 ans,HIGH,True,Tunisie,SORTIE,OUTDOOR,Sortie decouverte de la medina,"Activite encadree avec decouverte, observation et temps de repos adaptes aux enfants.","Medina de Hammamet, Hammamet, Tunisie",True,20.3,HIGH
PRINTEMPS,MAY,2-6 ans,MEDIUM,True,Tunisie,ACTIVITE,OUTDOOR,Parcours moteur et jeux coopératifs,Jeux collectifs et parcours moteurs dans un cadre securise et adapte.,"Parc Falaise, Monastir, Tunisie",False,12.2,HIGH
ETE,JULY,4-5 ans,MEDIUM,True,Tunisie,ACTIVITE,OUTDOOR,Jeux collectifs au parc,Jeux collectifs et parcours moteurs dans un cadre securise et adapte.,"Parc Hannibal, Sousse, Tunisie",False,9.2,HIGH
ETE,JULY,2-3 ans,MEDIUM,True,Tunisie,ACTIVITE,OUTDOOR,Jeux d observation au parc,Jeux collectifs et parcours moteurs dans un cadre securise et adapte.,"Parc du Belvedere, Tunis, Tunisie",False,11.6,HIGH
AUTOMNE,OCTOBER,4-5 ans,LOW,True,Tunisie,ACTIVITE,OUTDOOR,Activites sable et motricite,Jeux collectifs et parcours moteurs dans un cadre securise et adapte.,"Plage de Boujaafar, Sousse, Tunisie",False,4.0,HIGH
PRINTEMPS,APRIL,2-6 ans,MEDIUM,False,Tunisie,ACTIVITE,MIXED,Activite peu adaptee,"Proposition peu precise ou peu adaptee au contexte, a la logistique ou a l age des enfants.",Foret ou grand parc,False,16.6,LOW
PRINTEMPS,MARCH,2-6 ans,MEDIUM,False,Tunisie,FETE,INDOOR,Fete a theme en salle,"Moment festif avec animations douces, musique, decoration et gouter encadre.","Maison de la Culture, Bizerte, Tunisie",False,14.4,HIGH
AUTOMNE,OCTOBER,2-3 ans,MEDIUM,True,Tunisie,SORTIE,OUTDOOR,Sortie d observation au vieux port,"Activite encadree avec decouverte, observation et temps de repos adaptes aux enfants.","Vieux Port de Bizerte, Bizerte, Tunisie",True,16.5,HIGH
PRINTEMPS,MARCH,2-3 ans,LOW,False,Tunisie,ATELIER,INDOOR,Atelier artistique et lecture,Activite creatrice et sensorielle adaptee au rythme des enfants avec materiel simple.,"Maison de la Culture, Bizerte, Tunisie",False,3.3,HIGH
PRINTEMPS,APRIL,4-5 ans,LOW,True,Tunisie,ACTIVITE,OUTDOOR,Activite manuelle encadree,Jeux collectifs et parcours moteurs dans un cadre securise et adapte.,"Maison de la Culture, Ariana, Tunisie",False,3.6,HIGH
HIVER,JANUARY,4-5 ans,HIGH,False,Tunisie,ATELIER,INDOOR,Atelier contes et marionnettes,"Activite correcte mais avec quelques contraintes de budget, de distance ou d adequation contextuelle.","Maison de la Culture, Sousse",False,3.5,MEDIUM
AUTOMNE,SEPTEMBER,2-6 ans,MEDIUM,False,Tunisie,FETE,INDOOR,Fete costumee en salle,"Moment festif avec animations douces, musique, decoration et gouter encadre.","Maison de la Culture, Sfax, Tunisie",False,12.5,HIGH
PRINTEMPS,APRIL,2-3 ans,HIGH,True,Tunisie,REUNION_PARENTS,INDOOR,Reunion_Parents peu adaptee,"Proposition peu precise ou peu adaptee au contexte, a la logistique ou a l age des enfants.",Foret ou grand parc,True,18.8,LOW
AUTOMNE,SEPTEMBER,2-6 ans,LOW,True,Tunisie,SORTIE,OUTDOOR,Sortie decouverte au Parc du Belvedere,"Activite encadree avec decouverte, observation et temps de repos adaptes aux enfants.","Parc du Belvedere, Tunis, Tunisie",True,9.3,HIGH
ETE,JULY,4-5 ans,MEDIUM,True,Tunisie,ACTIVITE,OUTDOOR,Activite observation et reperage,Jeux collectifs et parcours moteurs dans un cadre securise et adapte.,"Medina de Hammamet, Hammamet, Tunisie",False,8.3,HIGH
HIVER,DECEMBER,4-5 ans,MEDIUM,True,Tunisie,SORTIE,OUTDOOR,Sortie loisirs et observation,"Activite encadree avec decouverte, observation et temps de repos adaptes aux enfants.","Ain Park, Sfax, Tunisie",True,16.0,HIGH
AUTOMNE,OCTOBER,2-6 ans,MEDIUM,True,Tunisie,SORTIE,OUTDOOR,Visite educative a la Cite des Sciences,"Activite encadree avec decouverte, observation et temps de repos adaptes aux enfants.","Cite des Sciences, Tunis, Tunisie",True,11.0,HIGH
HIVER,FEBRUARY,2-6 ans,LOW,True,Tunisie,SORTIE,OUTDOOR,Sortie nature et jeux libres,"Activite encadree avec decouverte, observation et temps de repos adaptes aux enfants.","Parc Falaise, Monastir, Tunisie",True,4.0,HIGH
AUTOMNE,OCTOBER,4-5 ans,LOW,False,Tunisie,ACTIVITE,OUTDOOR,Activite peu adaptee,"Proposition peu precise ou peu adaptee au contexte, a la logistique ou a l age des enfants.",Jardin de la garderie,True,28.8,LOW
PRINTEMPS,APRIL,2-3 ans,MEDIUM,False,Tunisie,FETE,INDOOR,Fete de fin de saison,"Moment festif avec animations douces, musique, decoration et gouter encadre.","Yasmine Hammamet, Hammamet, Tunisie",False,11.2,HIGH
HIVER,FEBRUARY,4-5 ans,HIGH,True,Tunisie,SORTIE,OUTDOOR,Balade educative au parc urbain,"Activite encadree avec decouverte, observation et temps de repos adaptes aux enfants.","Parc Urbain Nahli, Ariana, Tunisie",True,25.2,HIGH
AUTOMNE,NOVEMBER,4-5 ans,MEDIUM,True,Tunisie,SORTIE,OUTDOOR,Sortie peu adaptee,"Proposition peu precise ou peu adaptee au contexte, a la logistique ou a l age des enfants.",Cour exterieure,False,20.4,LOW
ETE,AUGUST,2-6 ans,MEDIUM,True,Tunisie,ACTIVITE,OUTDOOR,Activites sable et motricite,Jeux collectifs et parcours moteurs dans un cadre securise et adapte.,"Plage de Boujaafar, Sousse, Tunisie",False,10.2,HIGH
ETE,JUNE,2-3 ans,MEDIUM,False,Tunisie,ATELIER,INDOOR,Atelier peu adaptee,"Proposition peu precise ou peu adaptee au contexte, a la logistique ou a l age des enfants.",Cinema local,True,22.1,LOW
ETE,JUNE,2-6 ans,HIGH,True,Tunisie,SORTIE,OUTDOOR,Balade educative a la marina,"Activite encadree avec decouverte, observation et temps de repos adaptes aux enfants.","Marina de Monastir, Monastir, Tunisie",True,26.5,HIGH
HIVER,DECEMBER,4-5 ans,MEDIUM,True,Tunisie,ACTIVITE,OUTDOOR,Jeux de groupe en exterieur,Jeux collectifs et parcours moteurs dans un cadre securise et adapte.,"Corniche de Bizerte, Bizerte, Tunisie",False,11.7,HIGH
HIVER,JANUARY,2-3 ans,MEDIUM,False,Tunisie,ACTIVITE,INDOOR,Activite peu adaptee,"Proposition peu precise ou peu adaptee au contexte, a la logistique ou a l age des enfants.",Salle improvisée,False,18.0,LOW
AUTOMNE,SEPTEMBER,2-6 ans,LOW,False,Tunisie,REUNION_PARENTS,INDOOR,Echange avec les familles,Rencontre d information et d echange avec les familles dans un cadre confortable.,"Maison de la Culture, Ariana, Tunisie",False,0.4,HIGH
AUTOMNE,OCTOBER,4-5 ans,MEDIUM,False,Tunisie,FETE,INDOOR,Fete saisonniere au parc,"Moment festif avec animations douces, musique, decoration et gouter encadre.","Parc Hannibal, Sousse, Tunisie",False,13.0,HIGH
PRINTEMPS,MAY,2-6 ans,LOW,False,Tunisie,ATELIER,INDOOR,Atelier lecture et contes,Activite creatrice et sensorielle adaptee au rythme des enfants avec materiel simple.,"Bibliotheque pour enfants, Tunis, Tunisie",False,6.2,HIGH
AUTOMNE,NOVEMBER,2-3 ans,MEDIUM,True,Tunisie,ACTIVITE,OUTDOOR,Jeux d observation au parc,Jeux collectifs et parcours moteurs dans un cadre securise et adapte.,"Parc du Belvedere, Tunis, Tunisie",False,9.7,HIGH
AUTOMNE,SEPTEMBER,2-6 ans,MEDIUM,False,Tunisie,FETE,INDOOR,Fete de fin de trimestre,"Moment festif avec animations douces, musique, decoration et gouter encadre.","Maison de la Culture, Ariana, Tunisie",False,17.5,HIGH
AUTOMNE,NOVEMBER,2-6 ans,MEDIUM,False,Tunisie,REUNION_PARENTS,INDOOR,Reunion avec les parents,Rencontre d information et d echange avec les familles dans un cadre confortable.,"Maison de la Culture, Monastir, Tunisie",False,6.0,HIGH
ETE,JULY,4-5 ans,LOW,True,Tunisie,ACTIVITE,OUTDOOR,Jeux moteurs au Jardin Japonais,Jeux collectifs et parcours moteurs dans un cadre securise et adapte.,"Jardin Japonais, Tunis, Tunisie",False,5.9,HIGH
AUTOMNE,OCTOBER,2-3 ans,HIGH,False,Tunisie,FETE,OUTDOOR,Fete peu adaptee,"Proposition peu precise ou peu adaptee au contexte, a la logistique ou a l age des enfants.",Jardin de la garderie,False,21.2,LOW
PRINTEMPS,MARCH,4-5 ans,LOW,False,Tunisie,REUNION_PARENTS,OUTDOOR,Reunion_Parents peu adaptee,"Proposition peu precise ou peu adaptee au contexte, a la logistique ou a l age des enfants.",Lieu non precise en Tunisie,False,33.6,LOW
AUTOMNE,SEPTEMBER,2-6 ans,LOW,True,Tunisie,SORTIE,OUTDOOR,Sortie ludique a Funny Land,"Activite encadree avec decouverte, observation et temps de repos adaptes aux enfants.","Funny Land, Hammamet, Tunisie",True,6.0,HIGH
HIVER,DECEMBER,4-5 ans,LOW,False,Tunisie,ATELIER,INDOOR,Atelier creatif en salle,Activite creatrice et sensorielle adaptee au rythme des enfants avec materiel simple.,"Maison de la Culture Ibn Rachiq, Tunis, Tunisie",False,3.1,HIGH
ETE,JUNE,4-5 ans,MEDIUM,False,Tunisie,ATELIER,INDOOR,Atelier artistique et lecture,Activite creatrice et sensorielle adaptee au rythme des enfants avec materiel simple.,"Maison de la Culture, Bizerte, Tunisie",False,13.4,HIGH
AUTOMNE,OCTOBER,2-3 ans,HIGH,True,Tunisie,SORTIE,OUTDOOR,Sortie loisirs et observation,"Activite encadree avec decouverte, observation et temps de repos adaptes aux enfants.","Ain Park, Sfax, Tunisie",True,19.4,HIGH
HIVER,FEBRUARY,4-5 ans,MEDIUM,True,Tunisie,SORTIE,OUTDOOR,Balade encadree sur la corniche,"Activite encadree avec decouverte, observation et temps de repos adaptes aux enfants.","Corniche de Bizerte, Bizerte, Tunisie",True,15.7,HIGH
AUTOMNE,OCTOBER,2-3 ans,LOW,True,Tunisie,SORTIE,OUTDOOR,Sortie decouverte bord de mer,"Activite encadree avec decouverte, observation et temps de repos adaptes aux enfants.","Plage de Boujaafar, Sousse, Tunisie",True,6.4,HIGH
ETE,AUGUST,4-5 ans,MEDIUM,True,Tunisie,ACTIVITE,OUTDOOR,Parcours moteur au parc,Jeux collectifs et parcours moteurs dans un cadre securise et adapte.,"Parc Ennahli, Ariana, Tunisie",False,12.8,HIGH
PRINTEMPS,APRIL,2-3 ans,HIGH,True,Tunisie,SORTIE,OUTDOOR,Visite patrimoniale courte,"Activite encadree avec decouverte, observation et temps de repos adaptes aux enfants.","Ribat de Monastir, Monastir, Tunisie",True,18.3,HIGH
HIVER,DECEMBER,4-5 ans,LOW,True,Tunisie,ACTIVITE,OUTDOOR,Jeux d adresse et motricite,Jeux collectifs et parcours moteurs dans un cadre securise et adapte.,"Funny Land, Hammamet, Tunisie",False,5.0,HIGH
AUTOMNE,NOVEMBER,4-5 ans,MEDIUM,False,Tunisie,FETE,INDOOR,Fete de saison en plein air,"Moment festif avec animations douces, musique, decoration et gouter encadre.","Parc Ennahli, Ariana, Tunisie",False,14.4,HIGH
AUTOMNE,OCTOBER,2-6 ans,MEDIUM,False,Tunisie,REUNION_PARENTS,INDOOR,Reunion d information parents,Rencontre d information et d echange avec les familles dans un cadre confortable.,"Centre culturel municipal, Tunis, Tunisie",False,6.9,HIGH
HIVER,FEBRUARY,4-5 ans,MEDIUM,True,Tunisie,SORTIE,OUTDOOR,Visite educative a la Cite des Sciences,"Activite correcte mais avec quelques contraintes de budget, de distance ou d adequation contextuelle.","Cite des Sciences, Tunis",True,13.3,MEDIUM
HIVER,JANUARY,2-3 ans,MEDIUM,True,Tunisie,SORTIE,OUTDOOR,Sortie ludique au parc,"Activite encadree avec decouverte, observation et temps de repos adaptes aux enfants.","Parc Aladin, Bizerte, Tunisie",True,15.2,HIGH
AUTOMNE,SEPTEMBER,2-3 ans,LOW,False,Tunisie,ATELIER,INDOOR,Atelier contes et marionnettes,Activite creatrice et sensorielle adaptee au rythme des enfants avec materiel simple.,"Maison de la Culture, Sousse, Tunisie",False,7.6,HIGH
PRINTEMPS,MAY,2-6 ans,MEDIUM,False,Tunisie,ATELIER,MIXED,Atelier peu adaptee,"Proposition peu precise ou peu adaptee au contexte, a la logistique ou a l age des enfants.",Lieu non precise en Tunisie,True,30.3,LOW
ETE,AUGUST,2-3 ans,LOW,False,Tunisie,FETE,INDOOR,Fete costumee en salle,"Moment festif avec animations douces, musique, decoration et gouter encadre.","Maison de la Culture, Sfax, Tunisie",False,9.5,HIGH
HIVER,JANUARY,2-6 ans,LOW,False,Tunisie,ATELIER,INDOOR,Atelier contes et marionnettes,Activite creatrice et sensorielle adaptee au rythme des enfants avec materiel simple.,"Maison de la Culture, Sousse, Tunisie",False,6.3,HIGH
HIVER,DECEMBER,2-3 ans,LOW,False,Tunisie,ATELIER,INDOOR,Atelier peu adaptee,"Proposition peu precise ou peu adaptee au contexte, a la logistique ou a l age des enfants.",Salle improvisée,True,15.7,LOW
HIVER,DECEMBER,2-3 ans,MEDIUM,False,Tunisie,SORTIE,INDOOR,Sortie peu adaptee,"Proposition peu precise ou peu adaptee au contexte, a la logistique ou a l age des enfants.",Jardin de la garderie,False,27.2,LOW
ETE,AUGUST,4-5 ans,LOW,False,Tunisie,ATELIER,INDOOR,Atelier lecture et contes,Activite creatrice et sensorielle adaptee au rythme des enfants avec materiel simple.,"Bibliotheque pour enfants, Tunis, Tunisie",False,4.1,HIGH
AUTOMNE,OCTOBER,2-3 ans,LOW,False,Tunisie,FETE,INDOOR,Fete de saison en plein air,"Activite correcte mais avec quelques contraintes de budget, de distance ou d adequation contextuelle.","Parc Ennahli, Ariana",False,24.9,MEDIUM
ETE,JUNE,4-5 ans,LOW,False,Tunisie,ATELIER,INDOOR,Atelier sciences ludiques,Activite creatrice et sensorielle adaptee au rythme des enfants avec materiel simple.,"Cite des Sciences, Tunis, Tunisie",False,3.4,HIGH
AUTOMNE,SEPTEMBER,2-6 ans,MEDIUM,True,Tunisie,ACTIVITE,OUTDOOR,Activite artistique en interieur,Jeux collectifs et parcours moteurs dans un cadre securise et adapte.,"Maison de la Culture Ibn Rachiq, Tunis, Tunisie",False,8.5,HIGH
PRINTEMPS,APRIL,2-6 ans,MEDIUM,False,Tunisie,REUNION_PARENTS,INDOOR,Rencontre parents educateurs,Rencontre d information et d echange avec les familles dans un cadre confortable.,"Maison de la Culture Ibn Rachiq, Tunis, Tunisie",False,4.7,HIGH
HIVER,JANUARY,2-6 ans,HIGH,True,Tunisie,SORTIE,OUTDOOR,Balade encadree sur la corniche,"Activite encadree avec decouverte, observation et temps de repos adaptes aux enfants.","Corniche de Bizerte, Bizerte, Tunisie",True,25.9,HIGH
AUTOMNE,SEPTEMBER,2-3 ans,LOW,True,Tunisie,REUNION_PARENTS,MIXED,Reunion_Parents peu adaptee,"Proposition peu precise ou peu adaptee au contexte, a la logistique ou a l age des enfants.",Lieu non precise en Tunisie,True,14.4,LOW
PRINTEMPS,APRIL,4-5 ans,MEDIUM,False,Tunisie,ATELIER,INDOOR,Atelier theatre et expression,Activite creatrice et sensorielle adaptee au rythme des enfants avec materiel simple.,"Centre culturel international de Hammamet, Hammamet, Tunisie",False,14.1,HIGH
ETE,AUGUST,2-3 ans,LOW,True,Tunisie,ACTIVITE,OUTDOOR,Activite artistique en interieur,Jeux collectifs et parcours moteurs dans un cadre securise et adapte.,"Maison de la Culture Ibn Rachiq, Tunis, Tunisie",False,6.0,HIGH
ETE,AUGUST,2-6 ans,MEDIUM,False,Tunisie,ATELIER,INDOOR,Atelier creatif en salle,Activite creatrice et sensorielle adaptee au rythme des enfants avec materiel simple.,"Maison de la Culture Ibn Rachiq, Tunis, Tunisie",False,14.1,HIGH
AUTOMNE,NOVEMBER,4-5 ans,MEDIUM,True,Tunisie,SORTIE,OUTDOOR,Visite marine au Musee Oceanographique,"Activite encadree avec decouverte, observation et temps de repos adaptes aux enfants.","Musee Oceanographique de Salammbô, La Goulette, Tunisie",True,11.7,HIGH
AUTOMNE,NOVEMBER,2-3 ans,HIGH,False,Tunisie,REUNION_PARENTS,INDOOR,Reunion_Parents peu adaptee,"Proposition peu precise ou peu adaptee au contexte, a la logistique ou a l age des enfants.",Jardin de la garderie,False,34.6,LOW
ETE,JUNE,2-6 ans,HIGH,True,Tunisie,SORTIE,OUTDOOR,Balade educative au parc urbain,"Activite encadree avec decouverte, observation et temps de repos adaptes aux enfants.","Parc Urbain Nahli, Ariana, Tunisie",True,21.7,HIGH
PRINTEMPS,MAY,4-5 ans,HIGH,True,Tunisie,SORTIE,OUTDOOR,Visite patrimoniale courte,"Activite encadree avec decouverte, observation et temps de repos adaptes aux enfants.","Ribat de Monastir, Monastir, Tunisie",True,26.7,HIGH
HIVER,JANUARY,4-5 ans,MEDIUM,False,Tunisie,FETE,INDOOR,Fete a theme en salle,"Moment festif avec animations douces, musique, decoration et gouter encadre.","Maison de la Culture Ibn Rachiq, Tunis, Tunisie",False,16.6,HIGH
HIVER,JANUARY,4-5 ans,MEDIUM,False,Tunisie,REUNION_PARENTS,INDOOR,Reunion d information parents,Rencontre d information et d echange avec les familles dans un cadre confortable.,"Centre culturel municipal, Tunis, Tunisie",False,7.0,HIGH
PRINTEMPS,APRIL,4-5 ans,LOW,True,Tunisie,ACTIVITE,OUTDOOR,Activite de groupe en exterieur,Jeux collectifs et parcours moteurs dans un cadre securise et adapte.,"Ain Park, Sfax, Tunisie",False,2.5,HIGH
AUTOMNE,SEPTEMBER,4-5 ans,MEDIUM,False,Tunisie,FETE,INDOOR,Fete costumee en salle,"Moment festif avec animations douces, musique, decoration et gouter encadre.","Maison de la Culture, Sfax, Tunisie",False,16.8,HIGH
ETE,JULY,2-6 ans,LOW,True,Tunisie,ACTIVITE,OUTDOOR,Jeux d adresse et motricite,Jeux collectifs et parcours moteurs dans un cadre securise et adapte.,"Funny Land, Hammamet, Tunisie",False,4.9,HIGH
PRINTEMPS,MARCH,2-6 ans,MEDIUM,False,Tunisie,REUNION_PARENTS,INDOOR,Echange avec les familles,Rencontre d information et d echange avec les familles dans un cadre confortable.,"Maison de la Culture, Ariana, Tunisie",False,5.0,HIGH
AUTOMNE,SEPTEMBER,2-6 ans,HIGH,True,Tunisie,SORTIE,OUTDOOR,Sortie nature a Parc Touta,"Activite encadree avec decouverte, observation et temps de repos adaptes aux enfants.","Parc Touta, Sfax, Tunisie",True,19.5,HIGH
PRINTEMPS,MAY,2-3 ans,MEDIUM,False,Tunisie,ATELIER,INDOOR,Atelier artistique et lecture,Activite creatrice et sensorielle adaptee au rythme des enfants avec materiel simple.,"Maison de la Culture, Bizerte, Tunisie",False,13.4,HIGH
AUTOMNE,NOVEMBER,4-5 ans,MEDIUM,False,Tunisie,ATELIER,INDOOR,Atelier contes et marionnettes,Activite creatrice et sensorielle adaptee au rythme des enfants avec materiel simple.,"Maison de la Culture, Sousse, Tunisie",False,12.5,HIGH
AUTOMNE,SEPTEMBER,2-6 ans,MEDIUM,False,Tunisie,ATELIER,INDOOR,Atelier peu adaptee,"Proposition peu precise ou peu adaptee au contexte, a la logistique ou a l age des enfants.",Cour exterieure,False,20.3,LOW
HIVER,FEBRUARY,2-6 ans,LOW,False,Tunisie,ATELIER,INDOOR,Atelier artistique et lecture,Activite creatrice et sensorielle adaptee au rythme des enfants avec materiel simple.,"Maison de la Culture, Bizerte, Tunisie",False,5.8,HIGH
ETE,JUNE,2-6 ans,HIGH,True,Tunisie,SORTIE,OUTDOOR,Sortie decouverte au Parc du Belvedere,"Activite encadree avec decouverte, observation et temps de repos adaptes aux enfants.","Parc du Belvedere, Tunis, Tunisie",True,26.8,HIGH
HIVER,JANUARY,2-3 ans,MEDIUM,False,Tunisie,ATELIER,INDOOR,Atelier musique et rythme,Activite creatrice et sensorielle adaptee au rythme des enfants avec materiel simple.,"Centre culturel Mohamed Jamoussi, Sfax, Tunisie",False,8.1,HIGH
HIVER,DECEMBER,2-6 ans,LOW,True,Tunisie,ACTIVITE,OUTDOOR,Jeux collectifs au parc,Jeux collectifs et parcours moteurs dans un cadre securise et adapte.,"Parc Hannibal, Sousse, Tunisie",False,6.9,HIGH
AUTOMNE,SEPTEMBER,4-5 ans,HIGH,True,Tunisie,SORTIE,OUTDOOR,Sortie decouverte au Parc du Belvedere,"Activite encadree avec decouverte, observation et temps de repos adaptes aux enfants.","Parc du Belvedere, Tunis, Tunisie",True,21.2,HIGH
ETE,AUGUST,2-3 ans,MEDIUM,False,Tunisie,FETE,INDOOR,Fete musicale en interieur,"Moment festif avec animations douces, musique, decoration et gouter encadre.","Maison de la Culture, Sousse, Tunisie",False,14.6,HIGH
HIVER,FEBRUARY,4-5 ans,MEDIUM,False,Tunisie,SORTIE,INDOOR,Sortie peu adaptee,"Proposition peu precise ou peu adaptee au contexte, a la logistique ou a l age des enfants.",Cinema local,True,24.5,LOW
ETE,JUNE,2-6 ans,MEDIUM,True,Tunisie,ACTIVITE,OUTDOOR,Activite observation en groupe,Jeux collectifs et parcours moteurs dans un cadre securise et adapte.,"Marina de Monastir, Monastir, Tunisie",False,7.8,HIGH
ETE,AUGUST,2-3 ans,LOW,False,Tunisie,SORTIE,INDOOR,Sortie peu adaptee,"Proposition peu precise ou peu adaptee au contexte, a la logistique ou a l age des enfants.",Grand parc eloigne,False,29.7,LOW
PRINTEMPS,MARCH,2-6 ans,LOW,False,Tunisie,FETE,INDOOR,Fete en plein air,"Moment festif avec animations douces, musique, decoration et gouter encadre.","Parc Falaise, Monastir, Tunisie",False,10.0,HIGH
ETE,JUNE,2-3 ans,HIGH,True,Tunisie,SORTIE,OUTDOOR,Balade educative au port,"Activite encadree avec decouverte, observation et temps de repos adaptes aux enfants.","Port El Kantaoui, Sousse, Tunisie",True,27.9,HIGH
ETE,JUNE,4-5 ans,LOW,False,Tunisie,FETE,INDOOR,Fete a theme en salle,"Moment festif avec animations douces, musique, decoration et gouter encadre.","Maison de la Culture, Bizerte, Tunisie",False,5.2,HIGH
PRINTEMPS,APRIL,4-5 ans,LOW,False,Tunisie,FETE,INDOOR,Fete de fin de saison,"Moment festif avec animations douces, musique, decoration et gouter encadre.","Yasmine Hammamet, Hammamet, Tunisie",False,8.6,HIGH
PRINTEMPS,MAY,4-5 ans,MEDIUM,False,Tunisie,ATELIER,INDOOR,Atelier creatif en salle,Activite creatrice et sensorielle adaptee au rythme des enfants avec materiel simple.,"Maison de la Culture Ibn Rachiq, Tunis, Tunisie",False,14.3,HIGH
AUTOMNE,OCTOBER,2-6 ans,MEDIUM,False,Tunisie,REUNION_PARENTS,INDOOR,Rencontre parents educateurs,Rencontre d information et d echange avec les familles dans un cadre confortable.,"Maison de la Culture Ibn Rachiq, Tunis, Tunisie",False,7.2,HIGH
ETE,JULY,2-6 ans,HIGH,False,Tunisie,REUNION_PARENTS,MIXED,Reunion_Parents peu adaptee,"Proposition peu precise ou peu adaptee au contexte, a la logistique ou a l age des enfants.",Lieu non precise en Tunisie,False,25.5,LOW
HIVER,FEBRUARY,4-5 ans,LOW,True,Tunisie,SORTIE,OUTDOOR,Sortie nature a Parc Touta,"Activite encadree avec decouverte, observation et temps de repos adaptes aux enfants.","Parc Touta, Sfax, Tunisie",True,7.1,HIGH
HIVER,JANUARY,4-5 ans,MEDIUM,False,Tunisie,ATELIER,INDOOR,Atelier creatif en salle,Activite creatrice et sensorielle adaptee au rythme des enfants avec materiel simple.,"Maison de la Culture Ibn Rachiq, Tunis, Tunisie",False,8.4,HIGH
HIVER,FEBRUARY,4-5 ans,MEDIUM,True,Tunisie,SORTIE,OUTDOOR,Sortie jeux d eau surveilles,"Activite encadree avec decouverte, observation et temps de repos adaptes aux enfants.","AquaSplash Thalassa Sousse, Sousse, Tunisie",True,12.5,HIGH
ETE,JUNE,4-5 ans,MEDIUM,True,Tunisie,ACTIVITE,OUTDOOR,Jeux collectifs au parc,Jeux collectifs et parcours moteurs dans un cadre securise et adapte.,"Parc Hannibal, Sousse, Tunisie",False,11.2,HIGH
ETE,JULY,2-3 ans,HIGH,True,Tunisie,ACTIVITE,OUTDOOR,Parcours moteur au parc,"Activite correcte mais avec quelques contraintes de budget, de distance ou d adequation contextuelle.","Parc Ennahli, Ariana",False,6.0,MEDIUM
HIVER,FEBRUARY,2-6 ans,LOW,True,Tunisie,ACTIVITE,OUTDOOR,Activite observation et reperage,Jeux collectifs et parcours moteurs dans un cadre securise et adapte.,"Medina de Hammamet, Hammamet, Tunisie",False,3.8,HIGH
PRINTEMPS,MAY,2-6 ans,HIGH,True,Tunisie,SORTIE,INDOOR,Sortie peu adaptee,"Proposition peu precise ou peu adaptee au contexte, a la logistique ou a l age des enfants.",Foret ou grand parc,False,28.9,LOW
AUTOMNE,OCTOBER,2-3 ans,HIGH,True,Tunisie,SORTIE,OUTDOOR,Balade encadree a Yasmine Hammamet,"Activite encadree avec decouverte, observation et temps de repos adaptes aux enfants.","Yasmine Hammamet, Hammamet, Tunisie",True,25.2,HIGH
ETE,JULY,2-6 ans,LOW,False,Tunisie,REUNION_PARENTS,INDOOR,Reunion avec les parents,Rencontre d information et d echange avec les familles dans un cadre confortable.,"Maison de la Culture, Monastir, Tunisie",False,2.9,HIGH
HIVER,DECEMBER,4-5 ans,LOW,True,Tunisie,ACTIVITE,OUTDOOR,Jeux de motricite au parc,Jeux collectifs et parcours moteurs dans un cadre securise et adapte.,"Parc Touta, Sfax, Tunisie",False,5.5,HIGH
HIVER,DECEMBER,2-3 ans,MEDIUM,True,Tunisie,SORTIE,OUTDOOR,Sortie d observation au vieux port,"Activite encadree avec decouverte, observation et temps de repos adaptes aux enfants.","Vieux Port de Bizerte, Bizerte, Tunisie",True,14.7,HIGH
ETE,AUGUST,4-5 ans,LOW,True,Tunisie,SORTIE,OUTDOOR,Sortie nature et jeux libres,"Activite encadree avec decouverte, observation et temps de repos adaptes aux enfants.","Parc Falaise, Monastir, Tunisie",True,9.7,HIGH
HIVER,FEBRUARY,2-3 ans,LOW,True,Tunisie,SORTIE,OUTDOOR,Sortie loisirs et observation,"Activite encadree avec decouverte, observation et temps de repos adaptes aux enfants.","Ain Park, Sfax, Tunisie",True,5.8,HIGH
AUTOMNE,OCTOBER,2-3 ans,MEDIUM,True,Tunisie,ACTIVITE,OUTDOOR,Jeux moteurs au Jardin Japonais,Jeux collectifs et parcours moteurs dans un cadre securise et adapte.,"Jardin Japonais, Tunis, Tunisie",False,10.4,HIGH
AUTOMNE,OCTOBER,4-5 ans,LOW,False,Tunisie,ATELIER,INDOOR,Atelier expression artistique,Activite creatrice et sensorielle adaptee au rythme des enfants avec materiel simple.,"Complexe culturel de Sousse, Sousse, Tunisie",False,4.5,HIGH
PRINTEMPS,APRIL,4-5 ans,MEDIUM,True,Tunisie,SORTIE,OUTDOOR,Sortie jeux d eau surveilles,"Activite correcte mais avec quelques contraintes de budget, de distance ou d adequation contextuelle.","AquaSplash Thalassa Sousse, Sousse",True,16.8,MEDIUM
PRINTEMPS,MAY,4-5 ans,LOW,False,Tunisie,ATELIER,INDOOR,Atelier dessin et narration,Activite creatrice et sensorielle adaptee au rythme des enfants avec materiel simple.,"Maison de la Culture, Monastir, Tunisie",False,3.5,HIGH
AUTOMNE,SEPTEMBER,2-3 ans,MEDIUM,False,Tunisie,ATELIER,INDOOR,Atelier coloriage et decoupage,Activite creatrice et sensorielle adaptee au rythme des enfants avec materiel simple.,"Maison de la Culture, Sfax, Tunisie",False,14.4,HIGH
PRINTEMPS,MARCH,4-5 ans,LOW,False,Tunisie,ATELIER,INDOOR,Atelier artistique et lecture,Activite creatrice et sensorielle adaptee au rythme des enfants avec materiel simple.,"Maison de la Culture, Bizerte, Tunisie",False,5.2,HIGH
HIVER,JANUARY,4-5 ans,HIGH,True,Tunisie,SORTIE,OUTDOOR,Visite culturelle encadree,"Activite encadree avec decouverte, observation et temps de repos adaptes aux enfants.","Musee Archeologique de Sfax, Sfax, Tunisie",True,19.7,HIGH
AUTOMNE,OCTOBER,4-5 ans,LOW,True,Tunisie,ACTIVITE,OUTDOOR,Activite manuelle encadree,Jeux collectifs et parcours moteurs dans un cadre securise et adapte.,"Maison de la Culture, Ariana, Tunisie",False,4.5,HIGH
AUTOMNE,OCTOBER,2-3 ans,MEDIUM,True,Tunisie,SORTIE,OUTDOOR,Balade encadree sur la corniche,"Activite encadree avec decouverte, observation et temps de repos adaptes aux enfants.","Corniche de Bizerte, Bizerte, Tunisie",True,11.5,HIGH
PRINTEMPS,APRIL,2-3 ans,LOW,True,Tunisie,ACTIVITE,OUTDOOR,Parcours moteur au parc,Jeux collectifs et parcours moteurs dans un cadre securise et adapte.,"Parc Ennahli, Ariana, Tunisie",False,4.3,HIGH
PRINTEMPS,MARCH,4-5 ans,MEDIUM,False,Tunisie,ATELIER,INDOOR,Atelier peinture et collage,Activite creatrice et sensorielle adaptee au rythme des enfants avec materiel simple.,"Maison de la Culture, Ariana, Tunisie",False,12.7,HIGH
ETE,JULY,2-6 ans,HIGH,True,Tunisie,SORTIE,OUTDOOR,Sortie nature a Parc Touta,"Activite encadree avec decouverte, observation et temps de repos adaptes aux enfants.","Parc Touta, Sfax, Tunisie",True,22.2,HIGH
ETE,JUNE,2-6 ans,LOW,True,Tunisie,SORTIE,OUTDOOR,Sortie ludique a Funny Land,"Activite encadree avec decouverte, observation et temps de repos adaptes aux enfants.","Funny Land, Hammamet, Tunisie",True,8.9,HIGH
PRINTEMPS,APRIL,2-3 ans,MEDIUM,False,Tunisie,ATELIER,INDOOR,Atelier artistique et lecture,Activite creatrice et sensorielle adaptee au rythme des enfants avec materiel simple.,"Maison de la Culture, Bizerte, Tunisie",False,8.0,HIGH
AUTOMNE,SEPTEMBER,4-5 ans,HIGH,True,Tunisie,SORTIE,OUTDOOR,Sortie ludique a Funny Land,"Activite encadree avec decouverte, observation et temps de repos adaptes aux enfants.","Funny Land, Hammamet, Tunisie",True,18.3,HIGH
AUTOMNE,OCTOBER,2-6 ans,LOW,True,Tunisie,ACTIVITE,OUTDOOR,Parcours moteur et jeux coopératifs,Jeux collectifs et parcours moteurs dans un cadre securise et adapte.,"Parc Falaise, Monastir, Tunisie",False,2.8,HIGH
AUTOMNE,OCTOBER,4-5 ans,MEDIUM,False,Tunisie,FETE,INDOOR,Fete costumee en salle,"Activite correcte mais avec quelques contraintes de budget, de distance ou d adequation contextuelle.","Maison de la Culture, Sfax",False,16.0,MEDIUM
PRINTEMPS,APRIL,2-3 ans,LOW,False,Tunisie,FETE,INDOOR,Fete a theme en salle,"Moment festif avec animations douces, musique, decoration et gouter encadre.","Maison de la Culture, Bizerte, Tunisie",False,6.9,HIGH
PRINTEMPS,MAY,2-6 ans,LOW,False,Tunisie,ATELIER,INDOOR,Atelier poterie et couleurs,Activite creatrice et sensorielle adaptee au rythme des enfants avec materiel simple.,"Maison de la Culture, Nabeul, Tunisie",False,4.7,HIGH
HIVER,JANUARY,2-6 ans,LOW,False,Tunisie,ATELIER,INDOOR,Atelier sciences ludiques,Activite creatrice et sensorielle adaptee au rythme des enfants avec materiel simple.,"Cite des Sciences, Tunis, Tunisie",False,5.3,HIGH
HIVER,FEBRUARY,4-5 ans,MEDIUM,False,Tunisie,ATELIER,INDOOR,Atelier musique et rythme,Activite creatrice et sensorielle adaptee au rythme des enfants avec materiel simple.,"Centre culturel Mohamed Jamoussi, Sfax, Tunisie",False,12.7,HIGH
PRINTEMPS,MARCH,2-3 ans,MEDIUM,False,Tunisie,REUNION_PARENTS,INDOOR,Reunion information parents,Rencontre d information et d echange avec les familles dans un cadre confortable.,"Maison de la Culture, Bizerte, Tunisie",False,6.6,HIGH
AUTOMNE,OCTOBER,2-3 ans,HIGH,True,Tunisie,ACTIVITE,INDOOR,Activite peu adaptee,"Proposition peu precise ou peu adaptee au contexte, a la logistique ou a l age des enfants.",Cinema local,False,33.4,LOW
PRINTEMPS,APRIL,2-3 ans,MEDIUM,False,Tunisie,REUNION_PARENTS,INDOOR,Reunion d information parents,Rencontre d information et d echange avec les familles dans un cadre confortable.,"Centre culturel municipal, Tunis, Tunisie",False,3.1,HIGH
HIVER,FEBRUARY,4-5 ans,MEDIUM,False,Tunisie,REUNION_PARENTS,INDOOR,Rencontre parents educateurs,"Activite correcte mais avec quelques contraintes de budget, de distance ou d adequation contextuelle.","Maison de la Culture Ibn Rachiq, Tunis",False,6.9,MEDIUM
AUTOMNE,NOVEMBER,2-3 ans,LOW,False,Tunisie,ATELIER,INDOOR,Atelier theatre et expression,Activite creatrice et sensorielle adaptee au rythme des enfants avec materiel simple.,"Centre culturel international de Hammamet, Hammamet, Tunisie",False,7.3,HIGH
HIVER,DECEMBER,4-5 ans,LOW,True,Tunisie,SORTIE,OUTDOOR,Visite patrimoniale courte,"Activite encadree avec decouverte, observation et temps de repos adaptes aux enfants.","Ribat de Monastir, Monastir, Tunisie",True,9.5,HIGH
ETE,JULY,4-5 ans,MEDIUM,False,Tunisie,ATELIER,INDOOR,Atelier peinture et collage,Activite creatrice et sensorielle adaptee au rythme des enfants avec materiel simple.,"Maison de la Culture, Ariana, Tunisie",False,8.5,HIGH
PRINTEMPS,MARCH,2-6 ans,LOW,False,Tunisie,ATELIER,INDOOR,Atelier lecture et contes,Activite creatrice et sensorielle adaptee au rythme des enfants avec materiel simple.,"Bibliotheque pour enfants, Tunis, Tunisie",False,7.7,HIGH
ETE,AUGUST,2-6 ans,LOW,True,Tunisie,REUNION_PARENTS,INDOOR,Reunion_Parents peu adaptee,"Proposition peu precise ou peu adaptee au contexte, a la logistique ou a l age des enfants.",Salle improvisée,True,26.8,LOW
AUTOMNE,NOVEMBER,2-6 ans,LOW,False,Tunisie,FETE,INDOOR,Fete musicale en interieur,"Moment festif avec animations douces, musique, decoration et gouter encadre.","Maison de la Culture, Sousse, Tunisie",False,6.0,HIGH
PRINTEMPS,MARCH,2-6 ans,MEDIUM,False,Tunisie,ATELIER,INDOOR,Atelier expression artistique,Activite creatrice et sensorielle adaptee au rythme des enfants avec materiel simple.,"Complexe culturel de Sousse, Sousse, Tunisie",False,14.4,HIGH
ETE,JULY,2-6 ans,LOW,False,Tunisie,ATELIER,INDOOR,Atelier poterie et couleurs,Activite creatrice et sensorielle adaptee au rythme des enfants avec materiel simple.,"Maison de la Culture, Nabeul, Tunisie",False,3.3,HIGH
PRINTEMPS,MARCH,4-5 ans,LOW,True,Tunisie,ACTIVITE,OUTDOOR,Jeux d observation au parc,Jeux collectifs et parcours moteurs dans un cadre securise et adapte.,"Parc du Belvedere, Tunis, Tunisie",False,4.1,HIGH
AUTOMNE,SEPTEMBER,2-3 ans,MEDIUM,False,Tunisie,FETE,INDOOR,Fete a theme en salle,"Moment festif avec animations douces, musique, decoration et gouter encadre.","Maison de la Culture, Bizerte, Tunisie",False,13.6,HIGH
HIVER,FEBRUARY,2-6 ans,LOW,True,Tunisie,ACTIVITE,OUTDOOR,Activites motrices en exterieur,Jeux collectifs et parcours moteurs dans un cadre securise et adapte.,"Parc Aladin, Bizerte, Tunisie",False,3.2,HIGH
AUTOMNE,OCTOBER,2-6 ans,LOW,False,Tunisie,ATELIER,INDOOR,Atelier creatif en salle,"Activite correcte mais avec quelques contraintes de budget, de distance ou d adequation contextuelle.","Maison de la Culture Ibn Rachiq, Tunis",False,17.0,MEDIUM
ETE,AUGUST,2-3 ans,MEDIUM,True,Tunisie,ACTIVITE,OUTDOOR,Jeux d observation au parc,Jeux collectifs et parcours moteurs dans un cadre securise et adapte.,"Parc du Belvedere, Tunis, Tunisie",False,12.1,HIGH
AUTOMNE,OCTOBER,4-5 ans,LOW,False,Tunisie,FETE,INDOOR,Fete de fin de trimestre,"Moment festif avec animations douces, musique, decoration et gouter encadre.","Maison de la Culture, Ariana, Tunisie",False,9.3,HIGH
PRINTEMPS,MAY,2-6 ans,LOW,False,Tunisie,ATELIER,INDOOR,Atelier contes et marionnettes,"Activite correcte mais avec quelques contraintes de budget, de distance ou d adequation contextuelle.","Maison de la Culture, Sousse",False,16.2,MEDIUM
PRINTEMPS,APRIL,4-5 ans,LOW,False,Tunisie,FETE,INDOOR,Fete de fin de trimestre,"Moment festif avec animations douces, musique, decoration et gouter encadre.","Maison de la Culture, Ariana, Tunisie",False,9.5,HIGH
ETE,JUNE,2-6 ans,LOW,False,Tunisie,ATELIER,INDOOR,Atelier creatif en salle,Activite creatrice et sensorielle adaptee au rythme des enfants avec materiel simple.,"Maison de la Culture Ibn Rachiq, Tunis, Tunisie",False,4.5,HIGH
HIVER,FEBRUARY,2-6 ans,MEDIUM,False,Tunisie,REUNION_PARENTS,INDOOR,Reunion avec les parents,Rencontre d information et d echange avec les familles dans un cadre confortable.,"Maison de la Culture, Monastir, Tunisie",False,3.5,HIGH
HIVER,DECEMBER,2-6 ans,LOW,True,Tunisie,SORTIE,OUTDOOR,Sortie d observation au vieux port,"Activite encadree avec decouverte, observation et temps de repos adaptes aux enfants.","Vieux Port de Bizerte, Bizerte, Tunisie",True,5.5,HIGH
ETE,AUGUST,2-6 ans,MEDIUM,False,Tunisie,REUNION_PARENTS,INDOOR,Reunion de suivi avec les familles,Rencontre d information et d echange avec les familles dans un cadre confortable.,"Maison de la Culture, Sfax, Tunisie",False,4.9,HIGH
HIVER,FEBRUARY,4-5 ans,MEDIUM,False,Tunisie,REUNION_PARENTS,INDOOR,Reunion d information parents,Rencontre d information et d echange avec les familles dans un cadre confortable.,"Centre culturel municipal, Tunis, Tunisie",False,3.1,HIGH
PRINTEMPS,MAY,2-6 ans,MEDIUM,False,Tunisie,SORTIE,MIXED,Sortie peu adaptee,"Proposition peu precise ou peu adaptee au contexte, a la logistique ou a l age des enfants.",Salle improvisée,False,27.9,LOW
PRINTEMPS,MARCH,4-5 ans,MEDIUM,True,Tunisie,SORTIE,OUTDOOR,Balade encadree a Yasmine Hammamet,"Activite encadree avec decouverte, observation et temps de repos adaptes aux enfants.","Yasmine Hammamet, Hammamet, Tunisie",True,17.3,HIGH
ETE,JULY,2-6 ans,MEDIUM,True,Tunisie,SORTIE,OUTDOOR,Sortie decouverte bord de mer,"Activite encadree avec decouverte, observation et temps de repos adaptes aux enfants.","Plage de Boujaafar, Sousse, Tunisie",True,18.0,HIGH
PRINTEMPS,MARCH,2-3 ans,MEDIUM,False,Tunisie,ATELIER,INDOOR,Atelier poterie et couleurs,Activite creatrice et sensorielle adaptee au rythme des enfants avec materiel simple.,"Maison de la Culture, Nabeul, Tunisie",False,11.9,HIGH
PRINTEMPS,APRIL,2-3 ans,MEDIUM,True,Tunisie,SORTIE,OUTDOOR,Visite marine au Musee Oceanographique,"Activite encadree avec decouverte, observation et temps de repos adaptes aux enfants.","Musee Oceanographique de Salammbô, La Goulette, Tunisie",True,12.2,HIGH
ETE,JUNE,2-6 ans,HIGH,True,Tunisie,SORTIE,OUTDOOR,Sortie peu adaptee,"Proposition peu precise ou peu adaptee au contexte, a la logistique ou a l age des enfants.",Cour exterieure,True,20.6,LOW
ETE,JUNE,2-3 ans,MEDIUM,False,Tunisie,ATELIER,INDOOR,Atelier lecture et contes,Activite creatrice et sensorielle adaptee au rythme des enfants avec materiel simple.,"Bibliotheque pour enfants, Tunis, Tunisie",False,11.9,HIGH
AUTOMNE,SEPTEMBER,2-3 ans,MEDIUM,True,Tunisie,SORTIE,OUTDOOR,Sortie jeux d eau surveilles,"Activite encadree avec decouverte, observation et temps de repos adaptes aux enfants.","AquaSplash Thalassa Sousse, Sousse, Tunisie",True,12.9,HIGH
PRINTEMPS,APRIL,2-3 ans,LOW,False,Tunisie,FETE,INDOOR,Fete costumee en salle,"Moment festif avec animations douces, musique, decoration et gouter encadre.","Maison de la Culture, Sfax, Tunisie",False,7.9,HIGH
PRINTEMPS,MAY,2-3 ans,MEDIUM,False,Tunisie,ATELIER,INDOOR,Atelier coloriage et decoupage,Activite creatrice et sensorielle adaptee au rythme des enfants avec materiel simple.,"Maison de la Culture, Sfax, Tunisie",False,9.2,HIGH
ETE,AUGUST,2-3 ans,HIGH,True,Tunisie,SORTIE,OUTDOOR,Visite patrimoniale courte,"Activite encadree avec decouverte, observation et temps de repos adaptes aux enfants.","Ribat de Monastir, Monastir, Tunisie",True,19.6,HIGH
ETE,AUGUST,2-3 ans,MEDIUM,True,Tunisie,SORTIE,OUTDOOR,Balade encadree a Yasmine Hammamet,"Activite correcte mais avec quelques contraintes de budget, de distance ou d adequation contextuelle.","Yasmine Hammamet, Hammamet",True,14.4,MEDIUM
ETE,AUGUST,4-5 ans,LOW,True,Tunisie,ACTIVITE,OUTDOOR,Jeux collectifs au parc,Jeux collectifs et parcours moteurs dans un cadre securise et adapte.,"Parc Hannibal, Sousse, Tunisie",False,6.2,HIGH
PRINTEMPS,APRIL,4-5 ans,HIGH,True,Tunisie,SORTIE,OUTDOOR,Balade educative au port,"Activite encadree avec decouverte, observation et temps de repos adaptes aux enfants.","Port El Kantaoui, Sousse, Tunisie",True,18.4,HIGH
AUTOMNE,OCTOBER,2-3 ans,MEDIUM,False,Tunisie,FETE,INDOOR,Fete conviviale en salle,"Moment festif avec animations douces, musique, decoration et gouter encadre.","Maison de la Culture, Monastir, Tunisie",False,14.9,HIGH
HIVER,DECEMBER,4-5 ans,LOW,True,Tunisie,FETE,MIXED,Fete peu adaptee,"Proposition peu precise ou peu adaptee au contexte, a la logistique ou a l age des enfants.",Foret ou grand parc,True,20.5,LOW
HIVER,FEBRUARY,2-6 ans,LOW,False,Tunisie,REUNION_PARENTS,INDOOR,Reunion de suivi avec les familles,"Activite correcte mais avec quelques contraintes de budget, de distance ou d adequation contextuelle.","Maison de la Culture, Sfax",False,8.7,MEDIUM
AUTOMNE,OCTOBER,4-5 ans,HIGH,False,Tunisie,FETE,MIXED,Fete peu adaptee,"Proposition peu precise ou peu adaptee au contexte, a la logistique ou a l age des enfants.",Jardin de la garderie,True,19.7,LOW
ETE,AUGUST,2-6 ans,MEDIUM,True,Tunisie,REUNION_PARENTS,OUTDOOR,Reunion_Parents peu adaptee,"Proposition peu precise ou peu adaptee au contexte, a la logistique ou a l age des enfants.",Jardin de la garderie,True,20.1,LOW
ETE,AUGUST,2-3 ans,HIGH,True,Tunisie,SORTIE,OUTDOOR,Balade sensorielle au Jardin Japonais,"Activite encadree avec decouverte, observation et temps de repos adaptes aux enfants.","Jardin Japonais, Tunis, Tunisie",True,25.5,HIGH
PRINTEMPS,APRIL,4-5 ans,MEDIUM,True,Tunisie,ACTIVITE,OUTDOOR,Activite artistique en interieur,Jeux collectifs et parcours moteurs dans un cadre securise et adapte.,"Maison de la Culture Ibn Rachiq, Tunis, Tunisie",False,9.6,HIGH
PRINTEMPS,APRIL,4-5 ans,LOW,False,Tunisie,FETE,INDOOR,Fete de saison en plein air,"Moment festif avec animations douces, musique, decoration et gouter encadre.","Parc Ennahli, Ariana, Tunisie",False,6.4,HIGH
ETE,JULY,2-3 ans,MEDIUM,True,Tunisie,ACTIVITE,OUTDOOR,Activite de groupe en exterieur,Jeux collectifs et parcours moteurs dans un cadre securise et adapte.,"Ain Park, Sfax, Tunisie",False,11.7,HIGH
AUTOMNE,OCTOBER,4-5 ans,HIGH,True,Tunisie,SORTIE,OUTDOOR,Balade encadree sur la corniche,"Activite encadree avec decouverte, observation et temps de repos adaptes aux enfants.","Corniche de Bizerte, Bizerte, Tunisie",True,20.5,HIGH
ETE,JULY,2-3 ans,LOW,True,Tunisie,ACTIVITE,OUTDOOR,Jeux de groupe en exterieur,Jeux collectifs et parcours moteurs dans un cadre securise et adapte.,"Corniche de Bizerte, Bizerte, Tunisie",False,3.2,HIGH
HIVER,FEBRUARY,2-3 ans,LOW,False,Tunisie,ATELIER,INDOOR,Atelier peinture et collage,Activite creatrice et sensorielle adaptee au rythme des enfants avec materiel simple.,"Maison de la Culture, Ariana, Tunisie",False,3.4,HIGH
ETE,JULY,4-5 ans,HIGH,True,Tunisie,SORTIE,OUTDOOR,Sortie nature et jeux libres,"Activite encadree avec decouverte, observation et temps de repos adaptes aux enfants.","Parc Falaise, Monastir, Tunisie",True,23.5,HIGH
PRINTEMPS,MARCH,2-3 ans,LOW,True,Tunisie,ACTIVITE,OUTDOOR,Activite artistique en interieur,Jeux collectifs et parcours moteurs dans un cadre securise et adapte.,"Maison de la Culture Ibn Rachiq, Tunis, Tunisie",False,3.9,HIGH
ETE,AUGUST,2-6 ans,LOW,True,Tunisie,SORTIE,OUTDOOR,Sortie ludique au parc,"Activite encadree avec decouverte, observation et temps de repos adaptes aux enfants.","Parc Aladin, Bizerte, Tunisie",True,8.3,HIGH
HIVER,FEBRUARY,2-6 ans,LOW,True,Tunisie,SORTIE,OUTDOOR,Visite patrimoniale courte,"Activite encadree avec decouverte, observation et temps de repos adaptes aux enfants.","Ribat de Monastir, Monastir, Tunisie",True,7.3,HIGH
ETE,JUNE,2-3 ans,MEDIUM,True,Tunisie,ACTIVITE,OUTDOOR,Jeux de motricite au parc,Jeux collectifs et parcours moteurs dans un cadre securise et adapte.,"Parc Touta, Sfax, Tunisie",False,12.2,HIGH
AUTOMNE,OCTOBER,2-6 ans,LOW,True,Tunisie,ACTIVITE,OUTDOOR,Activite de groupe en exterieur,Jeux collectifs et parcours moteurs dans un cadre securise et adapte.,"Ain Park, Sfax, Tunisie",False,4.7,HIGH
HIVER,JANUARY,4-5 ans,LOW,True,Tunisie,SORTIE,OUTDOOR,Sortie decouverte au Parc du Belvedere,"Activite encadree avec decouverte, observation et temps de repos adaptes aux enfants.","Parc du Belvedere, Tunis, Tunisie",True,6.3,HIGH
PRINTEMPS,MAY,2-6 ans,LOW,True,Tunisie,SORTIE,OUTDOOR,Balade encadree a Yasmine Hammamet,"Activite encadree avec decouverte, observation et temps de repos adaptes aux enfants.","Yasmine Hammamet, Hammamet, Tunisie",True,9.7,HIGH
PRINTEMPS,APRIL,2-3 ans,MEDIUM,True,Tunisie,ACTIVITE,OUTDOOR,Activite artistique en interieur,Jeux collectifs et parcours moteurs dans un cadre securise et adapte.,"Maison de la Culture Ibn Rachiq, Tunis, Tunisie",False,12.1,HIGH
HIVER,DECEMBER,2-6 ans,LOW,False,Tunisie,SORTIE,OUTDOOR,Sortie peu adaptee,"Proposition peu precise ou peu adaptee au contexte, a la logistique ou a l age des enfants.",Salle improvisée,False,34.5,LOW
HIVER,FEBRUARY,4-5 ans,LOW,True,Tunisie,SORTIE,OUTDOOR,Sortie decouverte au Parc du Belvedere,"Activite correcte mais avec quelques contraintes de budget, de distance ou d adequation contextuelle.","Parc du Belvedere, Tunis",True,19.5,MEDIUM
AUTOMNE,SEPTEMBER,2-3 ans,LOW,True,Tunisie,SORTIE,OUTDOOR,Balade encadree a Yasmine Hammamet,"Activite encadree avec decouverte, observation et temps de repos adaptes aux enfants.","Yasmine Hammamet, Hammamet, Tunisie",True,8.4,HIGH
AUTOMNE,NOVEMBER,4-5 ans,MEDIUM,True,Tunisie,ACTIVITE,OUTDOOR,Jeux collectifs au parc,Jeux collectifs et parcours moteurs dans un cadre securise et adapte.,"Parc Hannibal, Sousse, Tunisie",False,8.4,HIGH
ETE,AUGUST,4-5 ans,LOW,False,Tunisie,FETE,INDOOR,Fete a theme en salle,"Moment festif avec animations douces, musique, decoration et gouter encadre.","Maison de la Culture Ibn Rachiq, Tunis, Tunisie",False,9.3,HIGH
ETE,JUNE,2-3 ans,HIGH,True,Tunisie,SORTIE,OUTDOOR,Balade encadree a Yasmine Hammamet,"Activite encadree avec decouverte, observation et temps de repos adaptes aux enfants.","Yasmine Hammamet, Hammamet, Tunisie",True,21.2,HIGH
AUTOMNE,NOVEMBER,4-5 ans,HIGH,False,Tunisie,FETE,INDOOR,Fete peu adaptee,"Proposition peu precise ou peu adaptee au contexte, a la logistique ou a l age des enfants.",Cinema local,False,12.4,LOW
PRINTEMPS,APRIL,4-5 ans,HIGH,True,Tunisie,SORTIE,OUTDOOR,Sortie nature et jeux libres,"Activite encadree avec decouverte, observation et temps de repos adaptes aux enfants.","Parc Falaise, Monastir, Tunisie",True,25.8,HIGH
AUTOMNE,OCTOBER,4-5 ans,HIGH,True,Tunisie,SORTIE,OUTDOOR,Sortie decouverte au Parc du Belvedere,"Activite encadree avec decouverte, observation et temps de repos adaptes aux enfants.","Parc du Belvedere, Tunis, Tunisie",True,25.6,HIGH
HIVER,JANUARY,4-5 ans,LOW,False,Tunisie,ATELIER,INDOOR,Atelier musique et rythme,Activite creatrice et sensorielle adaptee au rythme des enfants avec materiel simple.,"Centre culturel Mohamed Jamoussi, Sfax, Tunisie",False,8.0,HIGH
PRINTEMPS,MAY,4-5 ans,MEDIUM,False,Tunisie,ATELIER,INDOOR,Atelier theatre et expression,Activite creatrice et sensorielle adaptee au rythme des enfants avec materiel simple.,"Centre culturel international de Hammamet, Hammamet, Tunisie",False,12.8,HIGH
HIVER,FEBRUARY,2-6 ans,LOW,True,Tunisie,SORTIE,OUTDOOR,Sortie ludique a Funny Land,"Activite correcte mais avec quelques contraintes de budget, de distance ou d adequation contextuelle.","Funny Land, Hammamet",True,25.3,MEDIUM
ETE,JULY,2-6 ans,LOW,False,Tunisie,REUNION_PARENTS,INDOOR,Reunion d information parents,Rencontre d information et d echange avec les familles dans un cadre confortable.,"Centre culturel municipal, Tunis, Tunisie",False,1.5,HIGH
PRINTEMPS,APRIL,2-6 ans,MEDIUM,False,Tunisie,REUNION_PARENTS,INDOOR,Reunion d information parents,Rencontre d information et d echange avec les familles dans un cadre confortable.,"Centre culturel municipal, Tunis, Tunisie",False,6.2,HIGH
PRINTEMPS,MAY,2-3 ans,LOW,True,Tunisie,ACTIVITE,OUTDOOR,Activite peu adaptee,"Proposition peu precise ou peu adaptee au contexte, a la logistique ou a l age des enfants.",Grand parc eloigne,False,19.3,LOW
AUTOMNE,OCTOBER,2-3 ans,HIGH,False,Tunisie,REUNION_PARENTS,INDOOR,Reunion_Parents peu adaptee,"Proposition peu precise ou peu adaptee au contexte, a la logistique ou a l age des enfants.",Cour exterieure,True,18.2,LOW
HIVER,DECEMBER,2-6 ans,LOW,True,Tunisie,ACTIVITE,OUTDOOR,Parcours moteur et jeux coopératifs,Jeux collectifs et parcours moteurs dans un cadre securise et adapte.,"Parc Falaise, Monastir, Tunisie",False,2.5,HIGH
ETE,JULY,4-5 ans,MEDIUM,False,Tunisie,FETE,INDOOR,Fete a theme en salle,"Moment festif avec animations douces, musique, decoration et gouter encadre.","Maison de la Culture Ibn Rachiq, Tunis, Tunisie",False,17.3,HIGH
HIVER,JANUARY,2-3 ans,LOW,True,Tunisie,SORTIE,OUTDOOR,Sortie decouverte au Parc du Belvedere,"Activite encadree avec decouverte, observation et temps de repos adaptes aux enfants.","Parc du Belvedere, Tunis, Tunisie",True,9.8,HIGH
PRINTEMPS,MAY,2-3 ans,MEDIUM,False,Tunisie,REUNION_PARENTS,INDOOR,Echange avec les familles,Rencontre d information et d echange avec les familles dans un cadre confortable.,"Maison de la Culture, Ariana, Tunisie",False,7.6,HIGH
AUTOMNE,OCTOBER,2-6 ans,LOW,False,Tunisie,FETE,INDOOR,Fete de fin de saison,"Moment festif avec animations douces, musique, decoration et gouter encadre.","Yasmine Hammamet, Hammamet, Tunisie",False,7.5,HIGH
PRINTEMPS,MAY,4-5 ans,LOW,True,Tunisie,ACTIVITE,OUTDOOR,Activite observation et reperage,Jeux collectifs et parcours moteurs dans un cadre securise et adapte.,"Medina de Hammamet, Hammamet, Tunisie",False,4.4,HIGH
ETE,JUNE,4-5 ans,LOW,True,Tunisie,FETE,MIXED,Fete peu adaptee,"Proposition peu precise ou peu adaptee au contexte, a la logistique ou a l age des enfants.",Jardin de la garderie,False,27.1,LOW
ETE,JULY,4-5 ans,LOW,False,Tunisie,ATELIER,INDOOR,Atelier theatre et expression,Activite creatrice et sensorielle adaptee au rythme des enfants avec materiel simple.,"Centre culturel international de Hammamet, Hammamet, Tunisie",False,7.6,HIGH
PRINTEMPS,APRIL,4-5 ans,LOW,False,Tunisie,ATELIER,OUTDOOR,Atelier peu adaptee,"Proposition peu precise ou peu adaptee au contexte, a la logistique ou a l age des enfants.",Lieu non precise en Tunisie,True,31.3,LOW
PRINTEMPS,MAY,4-5 ans,MEDIUM,False,Tunisie,ATELIER,INDOOR,Atelier contes et marionnettes,Activite creatrice et sensorielle adaptee au rythme des enfants avec materiel simple.,"Maison de la Culture, Sousse, Tunisie",False,14.3,HIGH
ETE,JULY,4-5 ans,MEDIUM,False,Tunisie,ATELIER,INDOOR,Atelier contes et marionnettes,Activite creatrice et sensorielle adaptee au rythme des enfants avec materiel simple.,"Maison de la Culture, Sousse, Tunisie",False,13.0,HIGH
AUTOMNE,NOVEMBER,2-3 ans,MEDIUM,False,Tunisie,FETE,INDOOR,Fete de saison en plein air,"Moment festif avec animations douces, musique, decoration et gouter encadre.","Parc Ennahli, Ariana, Tunisie",False,11.0,HIGH
ETE,JUNE,2-6 ans,MEDIUM,False,Tunisie,ATELIER,INDOOR,Atelier poterie et couleurs,Activite creatrice et sensorielle adaptee au rythme des enfants avec materiel simple.,"Maison de la Culture, Nabeul, Tunisie",False,9.9,HIGH
HIVER,DECEMBER,2-3 ans,MEDIUM,True,Tunisie,SORTIE,OUTDOOR,Visite educative a la Cite des Sciences,"Activite encadree avec decouverte, observation et temps de repos adaptes aux enfants.","Cite des Sciences, Tunis, Tunisie",True,16.9,HIGH
AUTOMNE,SEPTEMBER,2-6 ans,MEDIUM,False,Tunisie,ATELIER,INDOOR,Atelier poterie et couleurs,Activite creatrice et sensorielle adaptee au rythme des enfants avec materiel simple.,"Maison de la Culture, Nabeul, Tunisie",False,10.4,HIGH
AUTOMNE,SEPTEMBER,2-6 ans,HIGH,True,Tunisie,REUNION_PARENTS,INDOOR,Reunion_Parents peu adaptee,"Proposition peu precise ou peu adaptee au contexte, a la logistique ou a l age des enfants.",Jardin de la garderie,False,20.4,LOW
AUTOMNE,OCTOBER,2-6 ans,MEDIUM,False,Tunisie,ATELIER,INDOOR,Atelier creatif en salle,Activite creatrice et sensorielle adaptee au rythme des enfants avec materiel simple.,"Maison de la Culture Ibn Rachiq, Tunis, Tunisie",False,11.9,HIGH
ETE,JULY,4-5 ans,MEDIUM,False,Tunisie,ACTIVITE,MIXED,Activite peu adaptee,"Proposition peu precise ou peu adaptee au contexte, a la logistique ou a l age des enfants.",Foret ou grand parc,True,21.4,LOW
HIVER,FEBRUARY,2-3 ans,LOW,False,Tunisie,FETE,INDOOR,Fete costumee en salle,"Moment festif avec animations douces, musique, decoration et gouter encadre.","Maison de la Culture, Sfax, Tunisie",False,5.1,HIGH
ETE,AUGUST,2-6 ans,HIGH,True,Tunisie,FETE,OUTDOOR,Fete peu adaptee,"Proposition peu precise ou peu adaptee au contexte, a la logistique ou a l age des enfants.",Jardin de la garderie,True,16.0,LOW
ETE,JULY,2-6 ans,MEDIUM,True,Tunisie,ACTIVITE,OUTDOOR,Jeux de groupe en exterieur,Jeux collectifs et parcours moteurs dans un cadre securise et adapte.,"Corniche de Bizerte, Bizerte, Tunisie",False,11.8,HIGH
PRINTEMPS,MARCH,4-5 ans,LOW,False,Tunisie,ATELIER,INDOOR,Atelier musique et rythme,Activite creatrice et sensorielle adaptee au rythme des enfants avec materiel simple.,"Centre culturel Mohamed Jamoussi, Sfax, Tunisie",False,4.6,HIGH
ETE,JUNE,4-5 ans,MEDIUM,False,Tunisie,ACTIVITE,MIXED,Activite peu adaptee,"Proposition peu precise ou peu adaptee au contexte, a la logistique ou a l age des enfants.",Cour exterieure,False,33.9,LOW
PRINTEMPS,APRIL,4-5 ans,LOW,False,Tunisie,FETE,INDOOR,Fete costumee en salle,"Moment festif avec animations douces, musique, decoration et gouter encadre.","Maison de la Culture, Sfax, Tunisie",False,5.9,HIGH
AUTOMNE,SEPTEMBER,4-5 ans,LOW,False,Tunisie,ATELIER,INDOOR,Atelier coloriage et decoupage,Activite creatrice et sensorielle adaptee au rythme des enfants avec materiel simple.,"Maison de la Culture, Sfax, Tunisie",False,6.5,HIGH
PRINTEMPS,APRIL,4-5 ans,MEDIUM,False,Tunisie,ATELIER,INDOOR,Atelier artistique et lecture,Activite creatrice et sensorielle adaptee au rythme des enfants avec materiel simple.,"Maison de la Culture, Bizerte, Tunisie",False,13.1,HIGH
AUTOMNE,SEPTEMBER,2-3 ans,MEDIUM,True,Tunisie,FETE,INDOOR,Fete peu adaptee,"Proposition peu precise ou peu adaptee au contexte, a la logistique ou a l age des enfants.",Foret ou grand parc,False,28.6,LOW
PRINTEMPS,APRIL,2-3 ans,MEDIUM,False,Tunisie,REUNION_PARENTS,INDOOR,Rencontre parents educateurs,Rencontre d information et d echange avec les familles dans un cadre confortable.,"Maison de la Culture Ibn Rachiq, Tunis, Tunisie",False,3.5,HIGH
PRINTEMPS,MAY,2-3 ans,HIGH,True,Tunisie,ACTIVITE,OUTDOOR,Activite de groupe en exterieur,"Activite correcte mais avec quelques contraintes de budget, de distance ou d adequation contextuelle.","Ain Park, Sfax",False,7.0,MEDIUM
HIVER,FEBRUARY,2-6 ans,MEDIUM,False,Tunisie,FETE,INDOOR,Fete costumee en salle,"Moment festif avec animations douces, musique, decoration et gouter encadre.","Maison de la Culture, Sfax, Tunisie",False,11.0,HIGH
ETE,AUGUST,2-3 ans,LOW,False,Tunisie,ATELIER,INDOOR,Atelier artistique et lecture,Activite creatrice et sensorielle adaptee au rythme des enfants avec materiel simple.,"Maison de la Culture, Bizerte, Tunisie",False,3.9,HIGH
PRINTEMPS,MARCH,2-6 ans,MEDIUM,True,Tunisie,ACTIVITE,OUTDOOR,Activites motrices en exterieur,Jeux collectifs et parcours moteurs dans un cadre securise et adapte.,"Parc Aladin, Bizerte, Tunisie",False,10.0,HIGH
ETE,JUNE,2-6 ans,MEDIUM,True,Tunisie,SORTIE,OUTDOOR,Visite educative a la Cite des Sciences,"Activite encadree avec decouverte, observation et temps de repos adaptes aux enfants.","Cite des Sciences, Tunis, Tunisie",True,11.7,HIGH
AUTOMNE,OCTOBER,2-6 ans,HIGH,True,Tunisie,SORTIE,OUTDOOR,Balade educative au parc urbain,"Activite encadree avec decouverte, observation et temps de repos adaptes aux enfants.","Parc Urbain Nahli, Ariana, Tunisie",True,18.6,HIGH
ETE,JUNE,2-3 ans,MEDIUM,False,Tunisie,ATELIER,INDOOR,Atelier peinture et collage,Activite creatrice et sensorielle adaptee au rythme des enfants avec materiel simple.,"Maison de la Culture, Ariana, Tunisie",False,12.0,HIGH
HIVER,FEBRUARY,2-6 ans,LOW,False,Tunisie,SORTIE,MIXED,Sortie peu adaptee,"Proposition peu precise ou peu adaptee au contexte, a la logistique ou a l age des enfants.",Cour exterieure,True,33.4,LOW
AUTOMNE,NOVEMBER,2-3 ans,MEDIUM,False,Tunisie,ATELIER,INDOOR,Atelier lecture et contes,Activite creatrice et sensorielle adaptee au rythme des enfants avec materiel simple.,"Bibliotheque pour enfants, Tunis, Tunisie",False,10.8,HIGH
ETE,AUGUST,4-5 ans,MEDIUM,True,Tunisie,SORTIE,OUTDOOR,Sortie ludique a Funny Land,"Activite encadree avec decouverte, observation et temps de repos adaptes aux enfants.","Funny Land, Hammamet, Tunisie",True,10.6,HIGH
ETE,JUNE,2-3 ans,HIGH,True,Tunisie,SORTIE,OUTDOOR,Sortie loisirs et observation,"Activite encadree avec decouverte, observation et temps de repos adaptes aux enfants.","Ain Park, Sfax, Tunisie",True,20.0,HIGH
HIVER,DECEMBER,2-3 ans,MEDIUM,True,Tunisie,SORTIE,OUTDOOR,Sortie ludique a Funny Land,"Activite encadree avec decouverte, observation et temps de repos adaptes aux enfants.","Funny Land, Hammamet, Tunisie",True,10.4,HIGH
PRINTEMPS,MAY,4-5 ans,LOW,False,Tunisie,REUNION_PARENTS,INDOOR,Reunion de coordination parents,Rencontre d information et d echange avec les familles dans un cadre confortable.,"Maison de la Culture, Nabeul, Tunisie",False,2.2,HIGH
ETE,AUGUST,2-3 ans,MEDIUM,True,Tunisie,ACTIVITE,OUTDOOR,Activite peu adaptee,"Proposition peu precise ou peu adaptee au contexte, a la logistique ou a l age des enfants.",Grand parc eloigne,True,22.0,LOW
PRINTEMPS,MARCH,4-5 ans,HIGH,False,Tunisie,ATELIER,MIXED,Atelier peu adaptee,"Proposition peu precise ou peu adaptee au contexte, a la logistique ou a l age des enfants.",Grand parc eloigne,False,25.1,LOW
AUTOMNE,NOVEMBER,2-6 ans,MEDIUM,True,Tunisie,ACTIVITE,OUTDOOR,Activite artistique en interieur,Jeux collectifs et parcours moteurs dans un cadre securise et adapte.,"Maison de la Culture Ibn Rachiq, Tunis, Tunisie",False,8.6,HIGH
HIVER,FEBRUARY,2-6 ans,MEDIUM,False,Tunisie,ATELIER,INDOOR,Atelier lecture et contes,Activite creatrice et sensorielle adaptee au rythme des enfants avec materiel simple.,"Bibliotheque pour enfants, Tunis, Tunisie",False,9.6,HIGH
HIVER,FEBRUARY,4-5 ans,LOW,True,Tunisie,ACTIVITE,OUTDOOR,Jeux moteurs au Jardin Japonais,Jeux collectifs et parcours moteurs dans un cadre securise et adapte.,"Jardin Japonais, Tunis, Tunisie",False,2.6,HIGH
AUTOMNE,NOVEMBER,4-5 ans,MEDIUM,False,Tunisie,FETE,INDOOR,Fete peu adaptee,"Proposition peu precise ou peu adaptee au contexte, a la logistique ou a l age des enfants.",Cinema local,False,28.3,LOW
ETE,AUGUST,2-6 ans,MEDIUM,False,Tunisie,ATELIER,INDOOR,Atelier artistique et lecture,Activite creatrice et sensorielle adaptee au rythme des enfants avec materiel simple.,"Maison de la Culture, Bizerte, Tunisie",False,9.3,HIGH
PRINTEMPS,MARCH,2-6 ans,MEDIUM,True,Tunisie,ACTIVITE,OUTDOOR,Jeux de motricite au parc,Jeux collectifs et parcours moteurs dans un cadre securise et adapte.,"Parc Touta, Sfax, Tunisie",False,7.1,HIGH
AUTOMNE,OCTOBER,2-3 ans,LOW,True,Tunisie,ACTIVITE,OUTDOOR,Activite manuelle encadree,Jeux collectifs et parcours moteurs dans un cadre securise et adapte.,"Maison de la Culture, Ariana, Tunisie",False,2.8,HIGH
ETE,JUNE,2-6 ans,MEDIUM,False,Tunisie,ATELIER,INDOOR,Atelier sciences en petit groupe,Activite creatrice et sensorielle adaptee au rythme des enfants avec materiel simple.,"Cite des Sciences, Tunis, Tunisie",False,14.5,HIGH
ETE,AUGUST,2-3 ans,MEDIUM,False,Tunisie,REUNION_PARENTS,INDOOR,Reunion d information parents,Rencontre d information et d echange avec les familles dans un cadre confortable.,"Centre culturel municipal, Tunis, Tunisie",False,5.3,HIGH
HIVER,DECEMBER,2-3 ans,MEDIUM,False,Tunisie,REUNION_PARENTS,INDOOR,Rencontre parents educateurs,Rencontre d information et d echange avec les familles dans un cadre confortable.,"Maison de la Culture Ibn Rachiq, Tunis, Tunisie",False,6.7,HIGH
HIVER,FEBRUARY,2-6 ans,LOW,True,Tunisie,ATELIER,INDOOR,Atelier peu adaptee,"Proposition peu precise ou peu adaptee au contexte, a la logistique ou a l age des enfants.",Salle improvisée,False,19.4,LOW
PRINTEMPS,MAY,2-3 ans,MEDIUM,True,Tunisie,ACTIVITE,OUTDOOR,Jeux d adresse et motricite,Jeux collectifs et parcours moteurs dans un cadre securise et adapte.,"Funny Land, Hammamet, Tunisie",False,9.5,HIGH
ETE,JULY,2-3 ans,LOW,False,Tunisie,ATELIER,INDOOR,Atelier expression artistique,Activite creatrice et sensorielle adaptee au rythme des enfants avec materiel simple.,"Complexe culturel de Sousse, Sousse, Tunisie",False,4.2,HIGH
ETE,AUGUST,2-3 ans,LOW,True,Tunisie,ACTIVITE,OUTDOOR,Parcours moteur au parc,Jeux collectifs et parcours moteurs dans un cadre securise et adapte.,"Parc Ennahli, Ariana, Tunisie",False,3.7,HIGH
HIVER,FEBRUARY,4-5 ans,MEDIUM,False,Tunisie,ATELIER,MIXED,Atelier peu adaptee,"Proposition peu precise ou peu adaptee au contexte, a la logistique ou a l age des enfants.",Lieu non precise en Tunisie,True,32.9,LOW
PRINTEMPS,MAY,2-3 ans,LOW,True,Tunisie,ACTIVITE,OUTDOOR,Activite de groupe en exterieur,Jeux collectifs et parcours moteurs dans un cadre securise et adapte.,"Ain Park, Sfax, Tunisie",False,2.3,HIGH
AUTOMNE,NOVEMBER,2-6 ans,LOW,False,Tunisie,FETE,INDOOR,Fete a theme en interieur,"Moment festif avec animations douces, musique, decoration et gouter encadre.","Maison de la Culture, Nabeul, Tunisie",False,5.4,HIGH
PRINTEMPS,MAY,2-6 ans,MEDIUM,False,Tunisie,ATELIER,INDOOR,Atelier dessin et narration,Activite creatrice et sensorielle adaptee au rythme des enfants avec materiel simple.,"Maison de la Culture, Monastir, Tunisie",False,11.4,HIGH
ETE,JUNE,2-6 ans,LOW,False,Tunisie,ATELIER,INDOOR,Atelier musique et rythme,Activite creatrice et sensorielle adaptee au rythme des enfants avec materiel simple.,"Centre culturel Mohamed Jamoussi, Sfax, Tunisie",False,4.5,HIGH
PRINTEMPS,APRIL,2-3 ans,MEDIUM,True,Tunisie,SORTIE,OUTDOOR,Balade educative au parc urbain,"Activite encadree avec decouverte, observation et temps de repos adaptes aux enfants.","Parc Urbain Nahli, Ariana, Tunisie",True,15.2,HIGH
PRINTEMPS,MARCH,2-3 ans,HIGH,True,Tunisie,SORTIE,OUTDOOR,Sortie decouverte au Parc du Belvedere,"Activite encadree avec decouverte, observation et temps de repos adaptes aux enfants.","Parc du Belvedere, Tunis, Tunisie",True,19.1,HIGH
PRINTEMPS,MAY,4-5 ans,LOW,False,Tunisie,REUNION_PARENTS,INDOOR,Reunion pedagogique parents,"Activite correcte mais avec quelques contraintes de budget, de distance ou d adequation contextuelle.","Maison de la Culture, Sousse",False,8.6,MEDIUM
ETE,JULY,2-6 ans,MEDIUM,False,Tunisie,ATELIER,INDOOR,Atelier sciences en petit groupe,Activite creatrice et sensorielle adaptee au rythme des enfants avec materiel simple.,"Cite des Sciences, Tunis, Tunisie",False,10.4,HIGH
ETE,JUNE,2-6 ans,LOW,True,Tunisie,ACTIVITE,MIXED,Activite peu adaptee,"Proposition peu precise ou peu adaptee au contexte, a la logistique ou a l age des enfants.",Cour exterieure,False,30.6,LOW
PRINTEMPS,APRIL,2-3 ans,LOW,True,Tunisie,ACTIVITE,OUTDOOR,Jeux collectifs au parc,Jeux collectifs et parcours moteurs dans un cadre securise et adapte.,"Parc Hannibal, Sousse, Tunisie",False,2.3,HIGH
ETE,AUGUST,2-6 ans,MEDIUM,False,Tunisie,FETE,INDOOR,Fete en plein air,"Moment festif avec animations douces, musique, decoration et gouter encadre.","Parc Falaise, Monastir, Tunisie",False,11.5,HIGH
AUTOMNE,SEPTEMBER,2-3 ans,MEDIUM,False,Tunisie,ATELIER,INDOOR,Atelier peinture et collage,Activite creatrice et sensorielle adaptee au rythme des enfants avec materiel simple.,"Maison de la Culture, Ariana, Tunisie",False,11.4,HIGH
AUTOMNE,SEPTEMBER,2-6 ans,LOW,True,Tunisie,SORTIE,OUTDOOR,Sortie nature au Parc Ennahli,"Activite encadree avec decouverte, observation et temps de repos adaptes aux enfants.","Parc Ennahli, Ariana, Tunisie",True,4.7,HIGH
HIVER,FEBRUARY,2-6 ans,LOW,False,Tunisie,FETE,INDOOR,Fete conviviale en salle,"Moment festif avec animations douces, musique, decoration et gouter encadre.","Maison de la Culture, Monastir, Tunisie",False,5.7,HIGH
PRINTEMPS,APRIL,4-5 ans,LOW,False,Tunisie,FETE,INDOOR,Fete a theme en salle,"Moment festif avec animations douces, musique, decoration et gouter encadre.","Maison de la Culture, Bizerte, Tunisie",False,6.4,HIGH
AUTOMNE,OCTOBER,4-5 ans,LOW,False,Tunisie,ATELIER,INDOOR,Atelier creatif en salle,Activite creatrice et sensorielle adaptee au rythme des enfants avec materiel simple.,"Maison de la Culture Ibn Rachiq, Tunis, Tunisie",False,6.6,HIGH
AUTOMNE,OCTOBER,4-5 ans,LOW,True,Tunisie,SORTIE,OUTDOOR,Sortie nature et jeux libres,"Activite encadree avec decouverte, observation et temps de repos adaptes aux enfants.","Parc Falaise, Monastir, Tunisie",True,5.0,HIGH
HIVER,JANUARY,4-5 ans,MEDIUM,True,Tunisie,ACTIVITE,OUTDOOR,Jeux d observation au parc,Jeux collectifs et parcours moteurs dans un cadre securise et adapte.,"Parc du Belvedere, Tunis, Tunisie",False,9.9,HIGH
PRINTEMPS,MAY,2-3 ans,LOW,True,Tunisie,ACTIVITE,OUTDOOR,Jeux moteurs au Jardin Japonais,Jeux collectifs et parcours moteurs dans un cadre securise et adapte.,"Jardin Japonais, Tunis, Tunisie",False,6.5,HIGH
PRINTEMPS,APRIL,2-6 ans,MEDIUM,False,Tunisie,FETE,INDOOR,Fete a theme en interieur,"Moment festif avec animations douces, musique, decoration et gouter encadre.","Maison de la Culture, Nabeul, Tunisie",False,12.1,HIGH
ETE,JULY,2-3 ans,LOW,True,Tunisie,ACTIVITE,OUTDOOR,Activites motrices en exterieur,Jeux collectifs et parcours moteurs dans un cadre securise et adapte.,"Parc Aladin, Bizerte, Tunisie",False,3.3,HIGH
HIVER,JANUARY,2-3 ans,MEDIUM,False,Tunisie,FETE,INDOOR,Fete de fin de trimestre,"Moment festif avec animations douces, musique, decoration et gouter encadre.","Maison de la Culture, Ariana, Tunisie",False,14.9,HIGH
ETE,JUNE,2-3 ans,MEDIUM,True,Tunisie,SORTIE,OUTDOOR,Sortie ludique au parc,"Activite encadree avec decouverte, observation et temps de repos adaptes aux enfants.","Parc Aladin, Bizerte, Tunisie",True,14.3,HIGH
AUTOMNE,OCTOBER,4-5 ans,HIGH,False,Tunisie,FETE,INDOOR,Fete en plein air,"Activite correcte mais avec quelques contraintes de budget, de distance ou d adequation contextuelle.","Parc Falaise, Monastir",False,9.0,MEDIUM
PRINTEMPS,MARCH,4-5 ans,LOW,False,Tunisie,ATELIER,INDOOR,Atelier lecture et contes,Activite creatrice et sensorielle adaptee au rythme des enfants avec materiel simple.,"Bibliotheque pour enfants, Tunis, Tunisie",False,3.0,HIGH
ETE,JULY,2-3 ans,LOW,True,Tunisie,ACTIVITE,OUTDOOR,Activites sable et motricite,Jeux collectifs et parcours moteurs dans un cadre securise et adapte.,"Plage de Boujaafar, Sousse, Tunisie",False,5.8,HIGH
PRINTEMPS,MARCH,4-5 ans,MEDIUM,True,Tunisie,SORTIE,OUTDOOR,Sortie nature au Parc Ennahli,"Activite encadree avec decouverte, observation et temps de repos adaptes aux enfants.","Parc Ennahli, Ariana, Tunisie",True,10.2,HIGH
PRINTEMPS,MAY,2-6 ans,MEDIUM,True,Tunisie,ACTIVITE,OUTDOOR,Activite artistique en interieur,Jeux collectifs et parcours moteurs dans un cadre securise et adapte.,"Maison de la Culture Ibn Rachiq, Tunis, Tunisie",False,8.5,HIGH
ETE,AUGUST,4-5 ans,LOW,False,Tunisie,REUNION_PARENTS,INDOOR,Reunion information parents,Rencontre d information et d echange avec les familles dans un cadre confortable.,"Maison de la Culture, Bizerte, Tunisie",False,0.5,HIGH
HIVER,FEBRUARY,2-6 ans,LOW,False,Tunisie,FETE,INDOOR,Fete des saisons a l exterieur,"Moment festif avec animations douces, musique, decoration et gouter encadre.","Parc Touta, Sfax, Tunisie",False,9.5,HIGH
PRINTEMPS,APRIL,4-5 ans,MEDIUM,True,Tunisie,ACTIVITE,OUTDOOR,Activites sable et motricite,Jeux collectifs et parcours moteurs dans un cadre securise et adapte.,"Plage de Boujaafar, Sousse, Tunisie",False,7.7,HIGH
PRINTEMPS,MARCH,2-6 ans,LOW,True,Tunisie,SORTIE,OUTDOOR,Sortie ludique au parc,"Activite encadree avec decouverte, observation et temps de repos adaptes aux enfants.","Parc Aladin, Bizerte, Tunisie",True,8.4,HIGH
ETE,JUNE,4-5 ans,MEDIUM,True,Tunisie,FETE,OUTDOOR,Fete peu adaptee,"Proposition peu precise ou peu adaptee au contexte, a la logistique ou a l age des enfants.",Foret ou grand parc,True,21.3,LOW
ETE,AUGUST,2-6 ans,MEDIUM,True,Tunisie,SORTIE,OUTDOOR,Balade educative a la marina,"Activite correcte mais avec quelques contraintes de budget, de distance ou d adequation contextuelle.","Marina de Monastir, Monastir",True,14.0,MEDIUM
PRINTEMPS,MAY,2-6 ans,HIGH,True,Tunisie,SORTIE,OUTDOOR,Visite educative a la Cite des Sciences,"Activite encadree avec decouverte, observation et temps de repos adaptes aux enfants.","Cite des Sciences, Tunis, Tunisie",True,27.4,HIGH
ETE,JUNE,2-6 ans,LOW,False,Tunisie,ATELIER,INDOOR,Atelier lecture et contes,Activite creatrice et sensorielle adaptee au rythme des enfants avec materiel simple.,"Bibliotheque pour enfants, Tunis, Tunisie",False,7.5,HIGH
ETE,JULY,2-6 ans,MEDIUM,False,Tunisie,REUNION_PARENTS,INDOOR,Reunion pedagogique parents,Rencontre d information et d echange avec les familles dans un cadre confortable.,"Maison de la Culture, Sousse, Tunisie",False,7.8,HIGH
HIVER,DECEMBER,4-5 ans,MEDIUM,False,Tunisie,FETE,INDOOR,Fete de saison en plein air,"Moment festif avec animations douces, musique, decoration et gouter encadre.","Parc Ennahli, Ariana, Tunisie",False,13.3,HIGH
PRINTEMPS,MAY,2-6 ans,LOW,True,Tunisie,SORTIE,OUTDOOR,Balade encadree sur la corniche,"Activite encadree avec decouverte, observation et temps de repos adaptes aux enfants.","Corniche de Bizerte, Bizerte, Tunisie",True,6.7,HIGH
ETE,AUGUST,2-6 ans,HIGH,True,Tunisie,SORTIE,OUTDOOR,Sortie nature et jeux libres,"Activite encadree avec decouverte, observation et temps de repos adaptes aux enfants.","Parc Falaise, Monastir, Tunisie",True,18.1,HIGH
HIVER,FEBRUARY,4-5 ans,LOW,False,Tunisie,ATELIER,INDOOR,Atelier creatif en salle,Activite creatrice et sensorielle adaptee au rythme des enfants avec materiel simple.,"Maison de la Culture Ibn Rachiq, Tunis, Tunisie",False,7.2,HIGH
ETE,AUGUST,2-3 ans,MEDIUM,True,Tunisie,FETE,MIXED,Fete peu adaptee,"Proposition peu precise ou peu adaptee au contexte, a la logistique ou a l age des enfants.",Grand parc eloigne,True,17.8,LOW
AUTOMNE,NOVEMBER,2-6 ans,MEDIUM,True,Tunisie,SORTIE,OUTDOOR,Balade educative au parc urbain,"Activite encadree avec decouverte, observation et temps de repos adaptes aux enfants.","Parc Urbain Nahli, Ariana, Tunisie",True,15.1,HIGH
ETE,JUNE,2-6 ans,MEDIUM,False,Tunisie,FETE,INDOOR,Fete a theme en interieur,"Moment festif avec animations douces, musique, decoration et gouter encadre.","Maison de la Culture, Nabeul, Tunisie",False,11.5,HIGH
PRINTEMPS,MAY,2-3 ans,LOW,True,Tunisie,SORTIE,OUTDOOR,Sortie decouverte de la medina,"Activite encadree avec decouverte, observation et temps de repos adaptes aux enfants.","Medina de Hammamet, Hammamet, Tunisie",True,8.2,HIGH
AUTOMNE,OCTOBER,4-5 ans,MEDIUM,True,Tunisie,ACTIVITE,OUTDOOR,Jeux d adresse et motricite,Jeux collectifs et parcours moteurs dans un cadre securise et adapte.,"Funny Land, Hammamet, Tunisie",False,9.7,HIGH
HIVER,FEBRUARY,2-6 ans,MEDIUM,False,Tunisie,ATELIER,INDOOR,Atelier theatre et expression,Activite creatrice et sensorielle adaptee au rythme des enfants avec materiel simple.,"Centre culturel international de Hammamet, Hammamet, Tunisie",False,14.3,HIGH
HIVER,FEBRUARY,2-6 ans,LOW,False,Tunisie,FETE,INDOOR,Fete de fin de saison,"Moment festif avec animations douces, musique, decoration et gouter encadre.","Yasmine Hammamet, Hammamet, Tunisie",False,5.0,HIGH
AUTOMNE,NOVEMBER,2-6 ans,LOW,False,Tunisie,ACTIVITE,MIXED,Activite peu adaptee,"Proposition peu precise ou peu adaptee au contexte, a la logistique ou a l age des enfants.",Cour exterieure,True,29.1,LOW
ETE,JUNE,2-3 ans,LOW,False,Tunisie,REUNION_PARENTS,INDOOR,Rencontre parents educateurs,Rencontre d information et d echange avec les familles dans un cadre confortable.,"Maison de la Culture Ibn Rachiq, Tunis, Tunisie",False,1.3,HIGH
ETE,JUNE,4-5 ans,HIGH,False,Tunisie,SORTIE,MIXED,Sortie peu adaptee,"Proposition peu precise ou peu adaptee au contexte, a la logistique ou a l age des enfants.",Jardin de la garderie,True,34.2,LOW
HIVER,FEBRUARY,2-6 ans,LOW,False,Tunisie,FETE,INDOOR,Fete de saison en plein air,"Moment festif avec animations douces, musique, decoration et gouter encadre.","Parc Ennahli, Ariana, Tunisie",False,7.9,HIGH
PRINTEMPS,MAY,2-6 ans,MEDIUM,False,Tunisie,REUNION_PARENTS,INDOOR,Reunion d information parents,Rencontre d information et d echange avec les familles dans un cadre confortable.,"Centre culturel municipal, Tunis, Tunisie",False,8.0,HIGH
AUTOMNE,NOVEMBER,2-3 ans,LOW,True,Tunisie,ACTIVITE,OUTDOOR,Activite de groupe en exterieur,Jeux collectifs et parcours moteurs dans un cadre securise et adapte.,"Ain Park, Sfax, Tunisie",False,3.6,HIGH
AUTOMNE,NOVEMBER,2-3 ans,LOW,False,Tunisie,FETE,OUTDOOR,Fete peu adaptee,"Proposition peu precise ou peu adaptee au contexte, a la logistique ou a l age des enfants.",Cour exterieure,False,30.0,LOW
PRINTEMPS,MARCH,2-6 ans,LOW,True,Tunisie,SORTIE,OUTDOOR,Sortie nature a Parc Touta,"Activite encadree avec decouverte, observation et temps de repos adaptes aux enfants.","Parc Touta, Sfax, Tunisie",True,4.4,HIGH
HIVER,FEBRUARY,2-3 ans,MEDIUM,True,Tunisie,SORTIE,OUTDOOR,Sortie d observation au vieux port,"Activite encadree avec decouverte, observation et temps de repos adaptes aux enfants.","Vieux Port de Bizerte, Bizerte, Tunisie",True,15.8,HIGH
HIVER,FEBRUARY,2-6 ans,LOW,False,Tunisie,REUNION_PARENTS,INDOOR,Reunion avec les parents,"Activite correcte mais avec quelques contraintes de budget, de distance ou d adequation contextuelle.","Maison de la Culture, Monastir",False,9.9,MEDIUM
AUTOMNE,OCTOBER,2-3 ans,LOW,False,Tunisie,FETE,INDOOR,Fete saisonniere au parc,"Moment festif avec animations douces, musique, decoration et gouter encadre.","Parc Hannibal, Sousse, Tunisie",False,5.3,HIGH
PRINTEMPS,MARCH,2-3 ans,MEDIUM,False,Tunisie,REUNION_PARENTS,INDOOR,Reunion d information parents,Rencontre d information et d echange avec les familles dans un cadre confortable.,"Centre culturel municipal, Tunis, Tunisie",False,6.5,HIGH
PRINTEMPS,APRIL,2-6 ans,LOW,False,Tunisie,FETE,INDOOR,Fete a theme en salle,"Moment festif avec animations douces, musique, decoration et gouter encadre.","Maison de la Culture Ibn Rachiq, Tunis, Tunisie",False,9.6,HIGH
ETE,JUNE,2-3 ans,HIGH,False,Tunisie,FETE,INDOOR,Fete conviviale en salle,"Activite correcte mais avec quelques contraintes de budget, de distance ou d adequation contextuelle.","Maison de la Culture, Monastir",False,8.5,MEDIUM
ETE,JULY,2-6 ans,MEDIUM,False,Tunisie,ATELIER,INDOOR,Atelier lecture et contes,Activite creatrice et sensorielle adaptee au rythme des enfants avec materiel simple.,"Bibliotheque pour enfants, Tunis, Tunisie",False,13.6,HIGH
PRINTEMPS,MARCH,2-6 ans,HIGH,False,Tunisie,SORTIE,INDOOR,Sortie peu adaptee,"Proposition peu precise ou peu adaptee au contexte, a la logistique ou a l age des enfants.",Grand parc eloigne,True,12.1,LOW
ETE,JUNE,2-6 ans,LOW,False,Tunisie,ATELIER,INDOOR,Atelier d eveil artistique,Activite creatrice et sensorielle adaptee au rythme des enfants avec materiel simple.,"Centre culturel de Monastir, Monastir, Tunisie",False,6.6,HIGH
HIVER,JANUARY,4-5 ans,MEDIUM,True,Tunisie,ATELIER,INDOOR,Atelier peu adaptee,"Proposition peu precise ou peu adaptee au contexte, a la logistique ou a l age des enfants.",Foret ou grand parc,True,31.5,LOW
PRINTEMPS,MARCH,4-5 ans,LOW,True,Tunisie,SORTIE,OUTDOOR,Balade educative au parc urbain,"Activite correcte mais avec quelques contraintes de budget, de distance ou d adequation contextuelle.","Parc Urbain Nahli, Ariana",True,21.7,MEDIUM
ETE,JUNE,2-6 ans,MEDIUM,False,Tunisie,FETE,INDOOR,Fete des couleurs au parc,"Moment festif avec animations douces, musique, decoration et gouter encadre.","Parc Ennahli, Ariana, Tunisie",False,11.5,HIGH
ETE,AUGUST,2-3 ans,MEDIUM,False,Tunisie,FETE,INDOOR,Fete conviviale en salle,"Moment festif avec animations douces, musique, decoration et gouter encadre.","Maison de la Culture, Monastir, Tunisie",False,10.6,HIGH
PRINTEMPS,MARCH,4-5 ans,HIGH,True,Tunisie,SORTIE,OUTDOOR,Sortie decouverte bord de mer,"Activite encadree avec decouverte, observation et temps de repos adaptes aux enfants.","Plage de Boujaafar, Sousse, Tunisie",True,20.3,HIGH
ETE,AUGUST,2-6 ans,LOW,False,Tunisie,ATELIER,INDOOR,Atelier peinture et collage,Activite creatrice et sensorielle adaptee au rythme des enfants avec materiel simple.,"Maison de la Culture, Ariana, Tunisie",False,6.4,HIGH
HIVER,FEBRUARY,2-6 ans,LOW,False,Tunisie,FETE,INDOOR,Fete des couleurs au parc,"Moment festif avec animations douces, musique, decoration et gouter encadre.","Parc Ennahli, Ariana, Tunisie",False,8.0,HIGH
AUTOMNE,SEPTEMBER,4-5 ans,LOW,True,Tunisie,SORTIE,OUTDOOR,Visite patrimoniale courte,"Activite encadree avec decouverte, observation et temps de repos adaptes aux enfants.","Ribat de Monastir, Monastir, Tunisie",True,9.8,HIGH
ETE,AUGUST,2-3 ans,MEDIUM,True,Tunisie,ACTIVITE,OUTDOOR,Activite observation en groupe,Jeux collectifs et parcours moteurs dans un cadre securise et adapte.,"Marina de Monastir, Monastir, Tunisie",False,10.1,HIGH
AUTOMNE,NOVEMBER,2-3 ans,LOW,True,Tunisie,ACTIVITE,OUTDOOR,Jeux moteurs au Jardin Japonais,Jeux collectifs et parcours moteurs dans un cadre securise et adapte.,"Jardin Japonais, Tunis, Tunisie",False,5.5,HIGH
PRINTEMPS,MAY,2-3 ans,MEDIUM,False,Tunisie,FETE,INDOOR,Fete des saisons a l exterieur,"Moment festif avec animations douces, musique, decoration et gouter encadre.","Parc Touta, Sfax, Tunisie",False,16.2,HIGH
AUTOMNE,NOVEMBER,4-5 ans,MEDIUM,True,Tunisie,ACTIVITE,OUTDOOR,Jeux de groupe en exterieur,Jeux collectifs et parcours moteurs dans un cadre securise et adapte.,"Corniche de Bizerte, Bizerte, Tunisie",False,11.6,HIGH
HIVER,FEBRUARY,4-5 ans,MEDIUM,False,Tunisie,ATELIER,INDOOR,Atelier sciences ludiques,Activite creatrice et sensorielle adaptee au rythme des enfants avec materiel simple.,"Cite des Sciences, Tunis, Tunisie",False,11.2,HIGH
ETE,JULY,2-6 ans,MEDIUM,True,Tunisie,SORTIE,OUTDOOR,Visite marine au Musee Oceanographique,"Activite encadree avec decouverte, observation et temps de repos adaptes aux enfants.","Musee Oceanographique de Salammbô, La Goulette, Tunisie",True,13.1,HIGH
HIVER,FEBRUARY,4-5 ans,LOW,False,Tunisie,SORTIE,MIXED,Sortie peu adaptee,"Proposition peu precise ou peu adaptee au contexte, a la logistique ou a l age des enfants.",Grand parc eloigne,False,34.7,LOW
AUTOMNE,OCTOBER,2-6 ans,MEDIUM,False,Tunisie,ATELIER,INDOOR,Atelier musique et rythme,Activite creatrice et sensorielle adaptee au rythme des enfants avec materiel simple.,"Centre culturel Mohamed Jamoussi, Sfax, Tunisie",False,12.9,HIGH
AUTOMNE,NOVEMBER,4-5 ans,MEDIUM,False,Tunisie,FETE,INDOOR,Fete a theme en salle,"Moment festif avec animations douces, musique, decoration et gouter encadre.","Maison de la Culture Ibn Rachiq, Tunis, Tunisie",False,10.7,HIGH
AUTOMNE,OCTOBER,2-3 ans,LOW,False,Tunisie,FETE,INDOOR,Fete de fin de saison,"Moment festif avec animations douces, musique, decoration et gouter encadre.","Yasmine Hammamet, Hammamet, Tunisie",False,7.2,HIGH
HIVER,DECEMBER,4-5 ans,MEDIUM,True,Tunisie,ACTIVITE,OUTDOOR,Activite manuelle encadree,Jeux collectifs et parcours moteurs dans un cadre securise et adapte.,"Maison de la Culture, Ariana, Tunisie",False,9.8,HIGH
ETE,JULY,4-5 ans,MEDIUM,True,Tunisie,SORTIE,MIXED,Sortie peu adaptee,"Proposition peu precise ou peu adaptee au contexte, a la logistique ou a l age des enfants.",Salle improvisée,True,17.4,LOW
PRINTEMPS,APRIL,4-5 ans,LOW,False,Tunisie,ATELIER,INDOOR,Atelier creatif en salle,Activite creatrice et sensorielle adaptee au rythme des enfants avec materiel simple.,"Maison de la Culture Ibn Rachiq, Tunis, Tunisie",False,6.3,HIGH
ETE,JUNE,4-5 ans,LOW,False,Tunisie,ATELIER,INDOOR,Atelier peinture et collage,Activite creatrice et sensorielle adaptee au rythme des enfants avec materiel simple.,"Maison de la Culture, Ariana, Tunisie",False,6.0,HIGH
AUTOMNE,SEPTEMBER,2-3 ans,HIGH,False,Tunisie,ACTIVITE,OUTDOOR,Activite peu adaptee,"Proposition peu precise ou peu adaptee au contexte, a la logistique ou a l age des enfants.",Lieu non precise en Tunisie,True,12.6,LOW
PRINTEMPS,APRIL,2-3 ans,LOW,True,Tunisie,ACTIVITE,OUTDOOR,Jeux d adresse et motricite,Jeux collectifs et parcours moteurs dans un cadre securise et adapte.,"Funny Land, Hammamet, Tunisie",False,3.5,HIGH
PRINTEMPS,APRIL,2-3 ans,LOW,True,Tunisie,SORTIE,OUTDOOR,Sortie ludique au parc,"Activite encadree avec decouverte, observation et temps de repos adaptes aux enfants.","Parc Aladin, Bizerte, Tunisie",True,4.2,HIGH
PRINTEMPS,MAY,2-3 ans,HIGH,False,Tunisie,FETE,INDOOR,Fete a theme en interieur,"Activite correcte mais avec quelques contraintes de budget, de distance ou d adequation contextuelle.","Maison de la Culture, Nabeul",False,8.5,MEDIUM
AUTOMNE,SEPTEMBER,2-3 ans,HIGH,True,Tunisie,ACTIVITE,OUTDOOR,Jeux collectifs au parc,"Activite correcte mais avec quelques contraintes de budget, de distance ou d adequation contextuelle.","Parc Hannibal, Sousse",False,6.4,MEDIUM
HIVER,JANUARY,2-6 ans,MEDIUM,True,Tunisie,ACTIVITE,OUTDOOR,Parcours moteur et jeux coopératifs,Jeux collectifs et parcours moteurs dans un cadre securise et adapte.,"Parc Falaise, Monastir, Tunisie",False,8.3,HIGH
PRINTEMPS,APRIL,2-6 ans,LOW,True,Tunisie,SORTIE,OUTDOOR,Sortie decouverte de la medina,"Activite encadree avec decouverte, observation et temps de repos adaptes aux enfants.","Medina de Hammamet, Hammamet, Tunisie",True,8.4,HIGH
PRINTEMPS,MARCH,2-3 ans,MEDIUM,True,Tunisie,ACTIVITE,OUTDOOR,Jeux collectifs au parc,Jeux collectifs et parcours moteurs dans un cadre securise et adapte.,"Parc Hannibal, Sousse, Tunisie",False,11.5,HIGH
ETE,JULY,4-5 ans,MEDIUM,False,Tunisie,FETE,INDOOR,Fete des couleurs au parc,"Moment festif avec animations douces, musique, decoration et gouter encadre.","Parc Ennahli, Ariana, Tunisie",False,10.3,HIGH
PRINTEMPS,MAY,2-6 ans,MEDIUM,True,Tunisie,ACTIVITE,OUTDOOR,Activite manuelle encadree,Jeux collectifs et parcours moteurs dans un cadre securise et adapte.,"Maison de la Culture, Ariana, Tunisie",False,10.0,HIGH
PRINTEMPS,APRIL,2-3 ans,MEDIUM,False,Tunisie,FETE,INDOOR,Fete des saisons a l exterieur,"Moment festif avec animations douces, musique, decoration et gouter encadre.","Parc Touta, Sfax, Tunisie",False,12.2,HIGH
PRINTEMPS,MAY,4-5 ans,MEDIUM,True,Tunisie,ACTIVITE,OUTDOOR,Jeux d observation au parc,Jeux collectifs et parcours moteurs dans un cadre securise et adapte.,"Parc du Belvedere, Tunis, Tunisie",False,9.3,HIGH
PRINTEMPS,MAY,4-5 ans,LOW,True,Tunisie,ACTIVITE,OUTDOOR,Jeux de motricite au parc,Jeux collectifs et parcours moteurs dans un cadre securise et adapte.,"Parc Touta, Sfax, Tunisie",False,5.1,HIGH
ETE,AUGUST,2-3 ans,LOW,False,Tunisie,ATELIER,INDOOR,Atelier poterie et couleurs,Activite creatrice et sensorielle adaptee au rythme des enfants avec materiel simple.,"Maison de la Culture, Nabeul, Tunisie",False,3.9,HIGH
PRINTEMPS,APRIL,2-6 ans,MEDIUM,True,Tunisie,ACTIVITE,OUTDOOR,Activites sable et motricite,"Activite correcte mais avec quelques contraintes de budget, de distance ou d adequation contextuelle.","Plage de Boujaafar, Sousse",False,12.9,MEDIUM
ETE,JULY,2-6 ans,MEDIUM,False,Tunisie,ATELIER,MIXED,Atelier peu adaptee,"Proposition peu precise ou peu adaptee au contexte, a la logistique ou a l age des enfants.",Lieu non precise en Tunisie,True,15.5,LOW
HIVER,JANUARY,4-5 ans,MEDIUM,True,Tunisie,ACTIVITE,OUTDOOR,Jeux collectifs au parc,Jeux collectifs et parcours moteurs dans un cadre securise et adapte.,"Parc Hannibal, Sousse, Tunisie",False,11.2,HIGH
HIVER,JANUARY,4-5 ans,MEDIUM,False,Tunisie,ATELIER,INDOOR,Atelier d eveil artistique,Activite creatrice et sensorielle adaptee au rythme des enfants avec materiel simple.,"Centre culturel de Monastir, Monastir, Tunisie",False,14.8,HIGH
HIVER,JANUARY,2-6 ans,MEDIUM,False,Tunisie,FETE,INDOOR,Fete d enfants au parc,"Moment festif avec animations douces, musique, decoration et gouter encadre.","Parc Aladin, Bizerte, Tunisie",False,11.8,HIGH
ETE,JUNE,4-5 ans,LOW,False,Tunisie,ATELIER,INDOOR,Atelier creatif en salle,Activite creatrice et sensorielle adaptee au rythme des enfants avec materiel simple.,"Maison de la Culture Ibn Rachiq, Tunis, Tunisie",False,5.7,HIGH
AUTOMNE,SEPTEMBER,2-6 ans,LOW,False,Tunisie,REUNION_PARENTS,OUTDOOR,Reunion_Parents peu adaptee,"Proposition peu precise ou peu adaptee au contexte, a la logistique ou a l age des enfants.",Grand parc eloigne,False,32.9,LOW
PRINTEMPS,MAY,2-3 ans,MEDIUM,False,Tunisie,ATELIER,INDOOR,Atelier expression artistique,Activite creatrice et sensorielle adaptee au rythme des enfants avec materiel simple.,"Complexe culturel de Sousse, Sousse, Tunisie",False,10.2,HIGH
AUTOMNE,NOVEMBER,2-6 ans,MEDIUM,True,Tunisie,SORTIE,OUTDOOR,Sortie decouverte de la medina,"Activite encadree avec decouverte, observation et temps de repos adaptes aux enfants.","Medina de Hammamet, Hammamet, Tunisie",True,13.8,HIGH
ETE,JULY,2-3 ans,HIGH,False,Tunisie,ATELIER,INDOOR,Atelier peu adaptee,"Proposition peu precise ou peu adaptee au contexte, a la logistique ou a l age des enfants.",Lieu non precise en Tunisie,False,28.3,LOW
PRINTEMPS,MARCH,2-6 ans,MEDIUM,False,Tunisie,ATELIER,INDOOR,Atelier artistique et lecture,Activite creatrice et sensorielle adaptee au rythme des enfants avec materiel simple.,"Maison de la Culture, Bizerte, Tunisie",False,11.8,HIGH
ETE,JULY,4-5 ans,LOW,False,Tunisie,REUNION_PARENTS,INDOOR,Rencontre parents educateurs,"Activite correcte mais avec quelques contraintes de budget, de distance ou d adequation contextuelle.","Maison de la Culture Ibn Rachiq, Tunis",False,12.5,MEDIUM
PRINTEMPS,MAY,4-5 ans,MEDIUM,True,Tunisie,ACTIVITE,OUTDOOR,Jeux collectifs au parc,Jeux collectifs et parcours moteurs dans un cadre securise et adapte.,"Parc Hannibal, Sousse, Tunisie",False,9.7,HIGH
AUTOMNE,NOVEMBER,2-6 ans,MEDIUM,False,Tunisie,REUNION_PARENTS,INDOOR,Reunion d information parents,Rencontre d information et d echange avec les familles dans un cadre confortable.,"Centre culturel municipal, Tunis, Tunisie",False,3.2,HIGH
ETE,JULY,2-6 ans,HIGH,True,Tunisie,SORTIE,OUTDOOR,Balade encadree sur la corniche,"Activite encadree avec decouverte, observation et temps de repos adaptes aux enfants.","Corniche de Bizerte, Bizerte, Tunisie",True,20.7,HIGH
ETE,JUNE,4-5 ans,MEDIUM,False,Tunisie,REUNION_PARENTS,INDOOR,Echange avec les familles,Rencontre d information et d echange avec les familles dans un cadre confortable.,"Maison de la Culture, Ariana, Tunisie",False,6.5,HIGH
ETE,AUGUST,4-5 ans,MEDIUM,True,Tunisie,SORTIE,OUTDOOR,Balade educative a la marina,"Activite encadree avec decouverte, observation et temps de repos adaptes aux enfants.","Marina de Monastir, Monastir, Tunisie",True,12.9,HIGH
AUTOMNE,SEPTEMBER,4-5 ans,LOW,False,Tunisie,ATELIER,INDOOR,Atelier theatre et expression,Activite creatrice et sensorielle adaptee au rythme des enfants avec materiel simple.,"Centre culturel international de Hammamet, Hammamet, Tunisie",False,4.9,HIGH
HIVER,FEBRUARY,4-5 ans,MEDIUM,True,Tunisie,ACTIVITE,OUTDOOR,Activites motrices en exterieur,Jeux collectifs et parcours moteurs dans un cadre securise et adapte.,"Parc Aladin, Bizerte, Tunisie",False,7.9,HIGH
AUTOMNE,SEPTEMBER,4-5 ans,LOW,False,Tunisie,REUNION_PARENTS,INDOOR,Echange avec les familles,Rencontre d information et d echange avec les familles dans un cadre confortable.,"Maison de la Culture, Ariana, Tunisie",False,2.4,HIGH
PRINTEMPS,MAY,2-3 ans,LOW,True,Tunisie,ACTIVITE,OUTDOOR,Jeux de motricite au parc,Jeux collectifs et parcours moteurs dans un cadre securise et adapte.,"Parc Touta, Sfax, Tunisie",False,5.2,HIGH
ETE,JUNE,2-6 ans,LOW,False,Tunisie,FETE,INDOOR,Fete a theme en salle,"Activite correcte mais avec quelques contraintes de budget, de distance ou d adequation contextuelle.","Maison de la Culture Ibn Rachiq, Tunis",False,26.0,MEDIUM
AUTOMNE,NOVEMBER,2-6 ans,LOW,True,Tunisie,ACTIVITE,OUTDOOR,Jeux d adresse et motricite,Jeux collectifs et parcours moteurs dans un cadre securise et adapte.,"Funny Land, Hammamet, Tunisie",False,4.9,HIGH
ETE,AUGUST,4-5 ans,HIGH,True,Tunisie,SORTIE,OUTDOOR,Sortie decouverte bord de mer,"Activite encadree avec decouverte, observation et temps de repos adaptes aux enfants.","Plage de Boujaafar, Sousse, Tunisie",True,21.5,HIGH
ETE,JULY,2-6 ans,LOW,True,Tunisie,REUNION_PARENTS,MIXED,Reunion_Parents peu adaptee,"Proposition peu precise ou peu adaptee au contexte, a la logistique ou a l age des enfants.",Foret ou grand parc,True,31.7,LOW
ETE,JULY,2-6 ans,MEDIUM,True,Tunisie,SORTIE,OUTDOOR,Sortie ludique au parc,"Activite encadree avec decouverte, observation et temps de repos adaptes aux enfants.","Parc Aladin, Bizerte, Tunisie",True,13.3,HIGH
AUTOMNE,SEPTEMBER,2-3 ans,LOW,False,Tunisie,FETE,INDOOR,Fete costumee en salle,"Moment festif avec animations douces, musique, decoration et gouter encadre.","Maison de la Culture, Sfax, Tunisie",False,7.2,HIGH
PRINTEMPS,APRIL,2-3 ans,LOW,True,Tunisie,SORTIE,OUTDOOR,Sortie d observation au vieux port,"Activite encadree avec decouverte, observation et temps de repos adaptes aux enfants.","Vieux Port de Bizerte, Bizerte, Tunisie",True,7.2,HIGH
ETE,JULY,2-6 ans,LOW,True,Tunisie,ACTIVITE,OUTDOOR,Activite artistique en interieur,Jeux collectifs et parcours moteurs dans un cadre securise et adapte.,"Maison de la Culture Ibn Rachiq, Tunis, Tunisie",False,2.4,HIGH
ETE,AUGUST,2-3 ans,LOW,True,Tunisie,ACTIVITE,OUTDOOR,Activite manuelle encadree,Jeux collectifs et parcours moteurs dans un cadre securise et adapte.,"Maison de la Culture, Ariana, Tunisie",False,6.6,HIGH
PRINTEMPS,MARCH,4-5 ans,HIGH,True,Tunisie,SORTIE,OUTDOOR,Balade educative au parc urbain,"Activite encadree avec decouverte, observation et temps de repos adaptes aux enfants.","Parc Urbain Nahli, Ariana, Tunisie",True,21.3,HIGH
AUTOMNE,SEPTEMBER,2-6 ans,MEDIUM,True,Tunisie,SORTIE,INDOOR,Sortie peu adaptee,"Proposition peu precise ou peu adaptee au contexte, a la logistique ou a l age des enfants.",Grand parc eloigne,True,15.6,LOW
PRINTEMPS,MARCH,4-5 ans,MEDIUM,False,Tunisie,REUNION_PARENTS,INDOOR,Rencontre parents educateurs,"Activite correcte mais avec quelques contraintes de budget, de distance ou d adequation contextuelle.","Maison de la Culture Ibn Rachiq, Tunis",False,7.6,MEDIUM
HIVER,DECEMBER,2-3 ans,MEDIUM,False,Tunisie,FETE,INDOOR,Fete costumee en salle,"Moment festif avec animations douces, musique, decoration et gouter encadre.","Maison de la Culture, Sfax, Tunisie",False,14.1,HIGH
ETE,AUGUST,2-6 ans,HIGH,True,Tunisie,SORTIE,OUTDOOR,Balade encadree sur la corniche,"Activite encadree avec decouverte, observation et temps de repos adaptes aux enfants.","Corniche de Bizerte, Bizerte, Tunisie",True,18.2,HIGH
ETE,JULY,4-5 ans,MEDIUM,False,Tunisie,ATELIER,INDOOR,Atelier d eveil artistique,Activite creatrice et sensorielle adaptee au rythme des enfants avec materiel simple.,"Centre culturel de Monastir, Monastir, Tunisie",False,11.1,HIGH
ETE,AUGUST,4-5 ans,LOW,False,Tunisie,ATELIER,INDOOR,Atelier d eveil artistique,Activite creatrice et sensorielle adaptee au rythme des enfants avec materiel simple.,"Centre culturel de Monastir, Monastir, Tunisie",False,6.6,HIGH
ETE,JULY,2-6 ans,MEDIUM,True,Tunisie,REUNION_PARENTS,MIXED,Reunion_Parents peu adaptee,"Proposition peu precise ou peu adaptee au contexte, a la logistique ou a l age des enfants.",Salle improvisée,False,13.3,LOW
AUTOMNE,SEPTEMBER,2-6 ans,HIGH,True,Tunisie,SORTIE,OUTDOOR,Balade educative a la marina,"Activite encadree avec decouverte, observation et temps de repos adaptes aux enfants.","Marina de Monastir, Monastir, Tunisie",True,25.2,HIGH
ETE,JULY,4-5 ans,MEDIUM,False,Tunisie,ATELIER,INDOOR,Atelier dessin et narration,Activite creatrice et sensorielle adaptee au rythme des enfants avec materiel simple.,"Maison de la Culture, Monastir, Tunisie",False,14.1,HIGH
PRINTEMPS,MARCH,2-6 ans,MEDIUM,True,Tunisie,SORTIE,OUTDOOR,Sortie nature et jeux libres,"Activite encadree avec decouverte, observation et temps de repos adaptes aux enfants.","Parc Falaise, Monastir, Tunisie",True,11.6,HIGH
AUTOMNE,SEPTEMBER,2-3 ans,LOW,False,Tunisie,REUNION_PARENTS,INDOOR,Echange avec les familles,Rencontre d information et d echange avec les familles dans un cadre confortable.,"Maison de la Culture, Ariana, Tunisie",False,2.1,HIGH
HIVER,DECEMBER,2-6 ans,HIGH,True,Tunisie,ATELIER,MIXED,Atelier peu adaptee,"Proposition peu precise ou peu adaptee au contexte, a la logistique ou a l age des enfants.",Grand parc eloigne,True,21.2,LOW
HIVER,JANUARY,4-5 ans,MEDIUM,True,Tunisie,SORTIE,OUTDOOR,Balade educative au parc urbain,"Activite encadree avec decouverte, observation et temps de repos adaptes aux enfants.","Parc Urbain Nahli, Ariana, Tunisie",True,13.0,HIGH
PRINTEMPS,MARCH,4-5 ans,LOW,True,Tunisie,FETE,INDOOR,Fete peu adaptee,"Proposition peu precise ou peu adaptee au contexte, a la logistique ou a l age des enfants.",Salle improvisée,True,31.2,LOW
PRINTEMPS,MAY,2-3 ans,HIGH,True,Tunisie,SORTIE,OUTDOOR,Visite educative a la Cite des Sciences,"Activite encadree avec decouverte, observation et temps de repos adaptes aux enfants.","Cite des Sciences, Tunis, Tunisie",True,18.7,HIGH
PRINTEMPS,MAY,2-3 ans,MEDIUM,True,Tunisie,ACTIVITE,OUTDOOR,Jeux de groupe en exterieur,Jeux collectifs et parcours moteurs dans un cadre securise et adapte.,"Corniche de Bizerte, Bizerte, Tunisie",False,9.2,HIGH
AUTOMNE,NOVEMBER,4-5 ans,MEDIUM,True,Tunisie,ACTIVITE,OUTDOOR,Parcours moteur et jeux coopératifs,Jeux collectifs et parcours moteurs dans un cadre securise et adapte.,"Parc Falaise, Monastir, Tunisie",False,11.5,HIGH
ETE,JUNE,4-5 ans,MEDIUM,False,Tunisie,ATELIER,INDOOR,Atelier expression artistique,Activite creatrice et sensorielle adaptee au rythme des enfants avec materiel simple.,"Complexe culturel de Sousse, Sousse, Tunisie",False,12.6,HIGH
ETE,JULY,4-5 ans,MEDIUM,False,Tunisie,REUNION_PARENTS,INDOOR,Echange avec les familles,Rencontre d information et d echange avec les familles dans un cadre confortable.,"Maison de la Culture, Ariana, Tunisie",False,3.9,HIGH
HIVER,FEBRUARY,4-5 ans,HIGH,True,Tunisie,SORTIE,OUTDOOR,Balade educative a la marina,"Activite encadree avec decouverte, observation et temps de repos adaptes aux enfants.","Marina de Monastir, Monastir, Tunisie",True,26.9,HIGH
AUTOMNE,OCTOBER,4-5 ans,LOW,False,Tunisie,ATELIER,INDOOR,Atelier poterie et couleurs,Activite creatrice et sensorielle adaptee au rythme des enfants avec materiel simple.,"Maison de la Culture, Nabeul, Tunisie",False,7.3,HIGH
ETE,AUGUST,4-5 ans,HIGH,True,Tunisie,SORTIE,OUTDOOR,Balade sensorielle au Jardin Japonais,"Activite encadree avec decouverte, observation et temps de repos adaptes aux enfants.","Jardin Japonais, Tunis, Tunisie",True,26.8,HIGH
ETE,AUGUST,4-5 ans,HIGH,True,Tunisie,SORTIE,OUTDOOR,Balade encadree a Yasmine Hammamet,"Activite encadree avec decouverte, observation et temps de repos adaptes aux enfants.","Yasmine Hammamet, Hammamet, Tunisie",True,20.3,HIGH
HIVER,FEBRUARY,2-3 ans,MEDIUM,False,Tunisie,ATELIER,INDOOR,Atelier sciences ludiques,"Activite correcte mais avec quelques contraintes de budget, de distance ou d adequation contextuelle.","Cite des Sciences, Tunis",False,13.2,MEDIUM
AUTOMNE,NOVEMBER,4-5 ans,LOW,False,Tunisie,REUNION_PARENTS,INDOOR,Reunion de suivi avec les familles,Rencontre d information et d echange avec les familles dans un cadre confortable.,"Maison de la Culture, Sfax, Tunisie",False,2.3,HIGH
ETE,JUNE,4-5 ans,MEDIUM,False,Tunisie,REUNION_PARENTS,INDOOR,Reunion de suivi avec les familles,Rencontre d information et d echange avec les familles dans un cadre confortable.,"Maison de la Culture, Sfax, Tunisie",False,3.3,HIGH
PRINTEMPS,MAY,4-5 ans,LOW,True,Tunisie,FETE,INDOOR,Fete peu adaptee,"Proposition peu precise ou peu adaptee au contexte, a la logistique ou a l age des enfants.",Cinema local,False,19.2,LOW
PRINTEMPS,MAY,4-5 ans,LOW,True,Tunisie,SORTIE,OUTDOOR,Balade sensorielle au Jardin Japonais,"Activite encadree avec decouverte, observation et temps de repos adaptes aux enfants.","Jardin Japonais, Tunis, Tunisie",True,6.2,HIGH
ETE,AUGUST,2-3 ans,LOW,True,Tunisie,ATELIER,OUTDOOR,Atelier peu adaptee,"Proposition peu precise ou peu adaptee au contexte, a la logistique ou a l age des enfants.",Salle improvisée,False,16.2,LOW
HIVER,DECEMBER,2-3 ans,MEDIUM,False,Tunisie,FETE,OUTDOOR,Fete peu adaptee,"Proposition peu precise ou peu adaptee au contexte, a la logistique ou a l age des enfants.",Jardin de la garderie,False,16.8,LOW
HIVER,JANUARY,2-3 ans,LOW,True,Tunisie,ACTIVITE,OUTDOOR,Jeux d observation au parc,Jeux collectifs et parcours moteurs dans un cadre securise et adapte.,"Parc du Belvedere, Tunis, Tunisie",False,5.2,HIGH
ETE,AUGUST,2-3 ans,LOW,True,Tunisie,ACTIVITE,OUTDOOR,Jeux de motricite au parc,Jeux collectifs et parcours moteurs dans un cadre securise et adapte.,"Parc Touta, Sfax, Tunisie",False,4.5,HIGH
PRINTEMPS,APRIL,4-5 ans,HIGH,True,Tunisie,SORTIE,OUTDOOR,Sortie decouverte bord de mer,"Activite encadree avec decouverte, observation et temps de repos adaptes aux enfants.","Plage de Boujaafar, Sousse, Tunisie",True,24.2,HIGH
PRINTEMPS,MARCH,4-5 ans,HIGH,True,Tunisie,ATELIER,MIXED,Atelier peu adaptee,"Proposition peu precise ou peu adaptee au contexte, a la logistique ou a l age des enfants.",Cinema local,True,34.1,LOW
AUTOMNE,NOVEMBER,2-6 ans,MEDIUM,True,Tunisie,ACTIVITE,OUTDOOR,Parcours moteur et jeux coopératifs,Jeux collectifs et parcours moteurs dans un cadre securise et adapte.,"Parc Falaise, Monastir, Tunisie",False,8.1,HIGH
AUTOMNE,SEPTEMBER,2-3 ans,MEDIUM,False,Tunisie,FETE,INDOOR,Fete des couleurs au parc,"Moment festif avec animations douces, musique, decoration et gouter encadre.","Parc Ennahli, Ariana, Tunisie",False,15.1,HIGH
AUTOMNE,OCTOBER,4-5 ans,LOW,True,Tunisie,SORTIE,OUTDOOR,Sortie nature a Parc Touta,"Activite encadree avec decouverte, observation et temps de repos adaptes aux enfants.","Parc Touta, Sfax, Tunisie",True,7.1,HIGH
ETE,AUGUST,2-6 ans,MEDIUM,False,Tunisie,FETE,INDOOR,Fete de fin de trimestre,"Moment festif avec animations douces, musique, decoration et gouter encadre.","Maison de la Culture, Ariana, Tunisie",False,17.8,HIGH
ETE,JULY,4-5 ans,HIGH,True,Tunisie,SORTIE,OUTDOOR,Sortie ludique a Funny Land,"Activite encadree avec decouverte, observation et temps de repos adaptes aux enfants.","Funny Land, Hammamet, Tunisie",True,18.0,HIGH
ETE,AUGUST,4-5 ans,MEDIUM,True,Tunisie,ACTIVITE,OUTDOOR,Jeux de groupe en exterieur,Jeux collectifs et parcours moteurs dans un cadre securise et adapte.,"Corniche de Bizerte, Bizerte, Tunisie",False,7.5,HIGH
PRINTEMPS,MARCH,2-6 ans,MEDIUM,True,Tunisie,SORTIE,OUTDOOR,Sortie loisirs et observation,"Activite encadree avec decouverte, observation et temps de repos adaptes aux enfants.","Ain Park, Sfax, Tunisie",True,12.2,HIGH
PRINTEMPS,MAY,2-3 ans,LOW,False,Tunisie,FETE,INDOOR,Fete a theme en interieur,"Moment festif avec animations douces, musique, decoration et gouter encadre.","Maison de la Culture, Nabeul, Tunisie",False,9.4,HIGH
AUTOMNE,SEPTEMBER,4-5 ans,LOW,False,Tunisie,REUNION_PARENTS,INDOOR,Reunion de suivi avec les familles,Rencontre d information et d echange avec les familles dans un cadre confortable.,"Maison de la Culture, Sfax, Tunisie",False,0.1,HIGH
ETE,JULY,2-3 ans,HIGH,True,Tunisie,SORTIE,OUTDOOR,Sortie nature au Parc Ennahli,"Activite encadree avec decouverte, observation et temps de repos adaptes aux enfants.","Parc Ennahli, Ariana, Tunisie",True,21.6,HIGH
ETE,JUNE,4-5 ans,MEDIUM,False,Tunisie,ATELIER,INDOOR,Atelier lecture et contes,Activite creatrice et sensorielle adaptee au rythme des enfants avec materiel simple.,"Bibliotheque pour enfants, Tunis, Tunisie",False,12.1,HIGH
ETE,JUNE,2-6 ans,MEDIUM,False,Tunisie,FETE,INDOOR,Fete en plein air,"Moment festif avec animations douces, musique, decoration et gouter encadre.","Parc Falaise, Monastir, Tunisie",False,15.5,HIGH
HIVER,JANUARY,2-6 ans,HIGH,True,Tunisie,ACTIVITE,OUTDOOR,Jeux collectifs au parc,"Activite correcte mais avec quelques contraintes de budget, de distance ou d adequation contextuelle.","Parc Hannibal, Sousse",False,3.5,MEDIUM
AUTOMNE,NOVEMBER,2-3 ans,LOW,False,Tunisie,FETE,INDOOR,Fete des saisons a l exterieur,"Moment festif avec animations douces, musique, decoration et gouter encadre.","Parc Touta, Sfax, Tunisie",False,7.3,HIGH
HIVER,DECEMBER,2-6 ans,LOW,False,Tunisie,REUNION_PARENTS,INDOOR,Reunion pedagogique parents,Rencontre d information et d echange avec les familles dans un cadre confortable.,"Maison de la Culture, Sousse, Tunisie",False,0.6,HIGH
AUTOMNE,SEPTEMBER,2-3 ans,HIGH,True,Tunisie,SORTIE,OUTDOOR,Sortie ludique a Funny Land,"Activite encadree avec decouverte, observation et temps de repos adaptes aux enfants.","Funny Land, Hammamet, Tunisie",True,27.4,HIGH
ETE,JUNE,4-5 ans,LOW,True,Tunisie,SORTIE,OUTDOOR,Visite patrimoniale courte,"Activite encadree avec decouverte, observation et temps de repos adaptes aux enfants.","Ribat de Monastir, Monastir, Tunisie",True,8.4,HIGH
ETE,JULY,2-3 ans,LOW,True,Tunisie,ACTIVITE,OUTDOOR,Jeux moteurs au Jardin Japonais,Jeux collectifs et parcours moteurs dans un cadre securise et adapte.,"Jardin Japonais, Tunis, Tunisie",False,4.3,HIGH
HIVER,FEBRUARY,2-3 ans,MEDIUM,False,Tunisie,REUNION_PARENTS,INDOOR,Reunion avec les parents,Rencontre d information et d echange avec les familles dans un cadre confortable.,"Maison de la Culture, Monastir, Tunisie",False,7.7,HIGH
AUTOMNE,NOVEMBER,2-3 ans,MEDIUM,False,Tunisie,FETE,INDOOR,Fete saisonniere au parc,"Moment festif avec animations douces, musique, decoration et gouter encadre.","Parc Hannibal, Sousse, Tunisie",False,14.3,HIGH
ETE,JUNE,2-6 ans,LOW,False,Tunisie,ATELIER,INDOOR,Atelier sciences ludiques,Activite creatrice et sensorielle adaptee au rythme des enfants avec materiel simple.,"Cite des Sciences, Tunis, Tunisie",False,5.1,HIGH
ETE,JULY,2-6 ans,LOW,True,Tunisie,ACTIVITE,OUTDOOR,Parcours moteur au parc,Jeux collectifs et parcours moteurs dans un cadre securise et adapte.,"Parc Ennahli, Ariana, Tunisie",False,4.8,HIGH
AUTOMNE,SEPTEMBER,2-6 ans,LOW,False,Tunisie,ATELIER,INDOOR,Atelier expression artistique,Activite creatrice et sensorielle adaptee au rythme des enfants avec materiel simple.,"Complexe culturel de Sousse, Sousse, Tunisie",False,8.0,HIGH
HIVER,DECEMBER,2-6 ans,HIGH,True,Tunisie,SORTIE,OUTDOOR,Sortie nature a Parc Touta,"Activite encadree avec decouverte, observation et temps de repos adaptes aux enfants.","Parc Touta, Sfax, Tunisie",True,19.9,HIGH
AUTOMNE,OCTOBER,2-3 ans,MEDIUM,True,Tunisie,ACTIVITE,OUTDOOR,Activite de groupe en exterieur,Jeux collectifs et parcours moteurs dans un cadre securise et adapte.,"Ain Park, Sfax, Tunisie",False,7.5,HIGH
PRINTEMPS,APRIL,2-6 ans,MEDIUM,False,Tunisie,FETE,INDOOR,Fete de saison en plein air,"Moment festif avec animations douces, musique, decoration et gouter encadre.","Parc Ennahli, Ariana, Tunisie",False,10.6,HIGH
AUTOMNE,NOVEMBER,4-5 ans,HIGH,True,Tunisie,SORTIE,OUTDOOR,Sortie nature et jeux libres,"Activite encadree avec decouverte, observation et temps de repos adaptes aux enfants.","Parc Falaise, Monastir, Tunisie",True,26.2,HIGH
ETE,JUNE,2-3 ans,MEDIUM,False,Tunisie,FETE,INDOOR,Fete conviviale en salle,"Moment festif avec animations douces, musique, decoration et gouter encadre.","Maison de la Culture, Monastir, Tunisie",False,15.6,HIGH
HIVER,DECEMBER,2-6 ans,MEDIUM,True,Tunisie,REUNION_PARENTS,MIXED,Reunion_Parents peu adaptee,"Proposition peu precise ou peu adaptee au contexte, a la logistique ou a l age des enfants.",Salle improvisée,True,27.6,LOW
ETE,AUGUST,2-6 ans,LOW,False,Tunisie,FETE,INDOOR,Fete de fin de saison,"Moment festif avec animations douces, musique, decoration et gouter encadre.","Yasmine Hammamet, Hammamet, Tunisie",False,9.3,HIGH
HIVER,JANUARY,2-3 ans,LOW,False,Tunisie,ATELIER,INDOOR,Atelier artistique et lecture,Activite creatrice et sensorielle adaptee au rythme des enfants avec materiel simple.,"Maison de la Culture, Bizerte, Tunisie",False,7.7,HIGH
PRINTEMPS,MARCH,2-6 ans,LOW,False,Tunisie,SORTIE,INDOOR,Sortie peu adaptee,"Proposition peu precise ou peu adaptee au contexte, a la logistique ou a l age des enfants.",Cinema local,True,21.1,LOW
PRINTEMPS,MAY,2-6 ans,MEDIUM,False,Tunisie,FETE,INDOOR,Fete des saisons a l exterieur,"Moment festif avec animations douces, musique, decoration et gouter encadre.","Parc Touta, Sfax, Tunisie",False,15.9,HIGH
AUTOMNE,NOVEMBER,2-6 ans,MEDIUM,False,Tunisie,FETE,INDOOR,Fete a theme en salle,"Moment festif avec animations douces, musique, decoration et gouter encadre.","Maison de la Culture, Bizerte, Tunisie",False,14.8,HIGH
HIVER,FEBRUARY,2-6 ans,HIGH,True,Tunisie,SORTIE,OUTDOOR,Visite educative a la Cite des Sciences,"Activite encadree avec decouverte, observation et temps de repos adaptes aux enfants.","Cite des Sciences, Tunis, Tunisie",True,18.4,HIGH
AUTOMNE,NOVEMBER,2-6 ans,MEDIUM,False,Tunisie,ATELIER,INDOOR,Atelier poterie et couleurs,Activite creatrice et sensorielle adaptee au rythme des enfants avec materiel simple.,"Maison de la Culture, Nabeul, Tunisie",False,11.0,HIGH
AUTOMNE,NOVEMBER,2-3 ans,LOW,True,Tunisie,SORTIE,OUTDOOR,Balade encadree a Yasmine Hammamet,"Activite correcte mais avec quelques contraintes de budget, de distance ou d adequation contextuelle.","Yasmine Hammamet, Hammamet",True,18.1,MEDIUM
AUTOMNE,SEPTEMBER,4-5 ans,MEDIUM,False,Tunisie,ATELIER,INDOOR,Atelier poterie et couleurs,Activite creatrice et sensorielle adaptee au rythme des enfants avec materiel simple.,"Maison de la Culture, Nabeul, Tunisie",False,9.2,HIGH
AUTOMNE,SEPTEMBER,4-5 ans,LOW,False,Tunisie,REUNION_PARENTS,INDOOR,Reunion d information parents,Rencontre d information et d echange avec les familles dans un cadre confortable.,"Centre culturel municipal, Tunis, Tunisie",False,3.0,HIGH
HIVER,JANUARY,2-3 ans,MEDIUM,True,Tunisie,ACTIVITE,OUTDOOR,Jeux de groupe en exterieur,Jeux collectifs et parcours moteurs dans un cadre securise et adapte.,"Corniche de Bizerte, Bizerte, Tunisie",False,8.1,HIGH
AUTOMNE,NOVEMBER,4-5 ans,LOW,False,Tunisie,REUNION_PARENTS,INDOOR,Echange avec les familles,Rencontre d information et d echange avec les familles dans un cadre confortable.,"Maison de la Culture, Ariana, Tunisie",False,1.8,HIGH
ETE,JUNE,2-6 ans,MEDIUM,True,Tunisie,ACTIVITE,OUTDOOR,Parcours moteur au parc,Jeux collectifs et parcours moteurs dans un cadre securise et adapte.,"Parc Ennahli, Ariana, Tunisie",False,12.9,HIGH
PRINTEMPS,MAY,2-6 ans,MEDIUM,False,Tunisie,FETE,INDOOR,Fete des couleurs au parc,"Moment festif avec animations douces, musique, decoration et gouter encadre.","Parc Ennahli, Ariana, Tunisie",False,10.5,HIGH
AUTOMNE,SEPTEMBER,2-3 ans,MEDIUM,False,Tunisie,FETE,INDOOR,Fete des saisons a l exterieur,"Moment festif avec animations douces, musique, decoration et gouter encadre.","Parc Touta, Sfax, Tunisie",False,10.6,HIGH
ETE,AUGUST,2-6 ans,LOW,False,Tunisie,ATELIER,INDOOR,Atelier sciences ludiques,Activite creatrice et sensorielle adaptee au rythme des enfants avec materiel simple.,"Cite des Sciences, Tunis, Tunisie",False,5.0,HIGH
ETE,JULY,2-6 ans,LOW,True,Tunisie,SORTIE,OUTDOOR,Sortie nature au Parc Ennahli,"Activite encadree avec decouverte, observation et temps de repos adaptes aux enfants.","Parc Ennahli, Ariana, Tunisie",True,7.9,HIGH
PRINTEMPS,MAY,4-5 ans,MEDIUM,True,Tunisie,SORTIE,OUTDOOR,Sortie d observation au vieux port,"Activite encadree avec decouverte, observation et temps de repos adaptes aux enfants.","Vieux Port de Bizerte, Bizerte, Tunisie",True,17.3,HIGH
ETE,AUGUST,4-5 ans,HIGH,False,Tunisie,ACTIVITE,MIXED,Activite peu adaptee,"Proposition peu precise ou peu adaptee au contexte, a la logistique ou a l age des enfants.",Cinema local,False,14.6,LOW
HIVER,DECEMBER,2-3 ans,MEDIUM,False,Tunisie,ATELIER,INDOOR,Atelier sciences en petit groupe,Activite creatrice et sensorielle adaptee au rythme des enfants avec materiel simple.,"Cite des Sciences, Tunis, Tunisie",False,12.0,HIGH
AUTOMNE,SEPTEMBER,2-3 ans,LOW,True,Tunisie,SORTIE,OUTDOOR,Sortie nature a Parc Touta,"Activite encadree avec decouverte, observation et temps de repos adaptes aux enfants.","Parc Touta, Sfax, Tunisie",True,5.6,HIGH
AUTOMNE,NOVEMBER,4-5 ans,HIGH,True,Tunisie,SORTIE,OUTDOOR,Balade educative au parc urbain,"Activite encadree avec decouverte, observation et temps de repos adaptes aux enfants.","Parc Urbain Nahli, Ariana, Tunisie",True,18.4,HIGH
HIVER,JANUARY,2-6 ans,HIGH,True,Tunisie,SORTIE,OUTDOOR,Sortie nature a Parc Touta,"Activite encadree avec decouverte, observation et temps de repos adaptes aux enfants.","Parc Touta, Sfax, Tunisie",True,25.1,HIGH
HIVER,JANUARY,2-3 ans,LOW,False,Tunisie,REUNION_PARENTS,INDOOR,Reunion information parents,Rencontre d information et d echange avec les familles dans un cadre confortable.,"Maison de la Culture, Bizerte, Tunisie",False,0.5,HIGH
ETE,AUGUST,2-3 ans,HIGH,False,Tunisie,ATELIER,OUTDOOR,Atelier peu adaptee,"Proposition peu precise ou peu adaptee au contexte, a la logistique ou a l age des enfants.",Grand parc eloigne,True,34.2,LOW
ETE,JULY,2-6 ans,MEDIUM,True,Tunisie,ACTIVITE,OUTDOOR,Activite de groupe en exterieur,Jeux collectifs et parcours moteurs dans un cadre securise et adapte.,"Ain Park, Sfax, Tunisie",False,10.9,HIGH
PRINTEMPS,MAY,2-3 ans,MEDIUM,False,Tunisie,ATELIER,INDOOR,Atelier dessin et narration,Activite creatrice et sensorielle adaptee au rythme des enfants avec materiel simple.,"Maison de la Culture, Monastir, Tunisie",False,14.7,HIGH
ETE,AUGUST,2-6 ans,LOW,False,Tunisie,FETE,INDOOR,Fete des saisons a l exterieur,"Moment festif avec animations douces, musique, decoration et gouter encadre.","Parc Touta, Sfax, Tunisie",False,7.9,HIGH
AUTOMNE,OCTOBER,2-6 ans,MEDIUM,True,Tunisie,ACTIVITE,OUTDOOR,Activites motrices en exterieur,Jeux collectifs et parcours moteurs dans un cadre securise et adapte.,"Parc Aladin, Bizerte, Tunisie",False,11.7,HIGH
PRINTEMPS,MAY,2-3 ans,LOW,False,Tunisie,ATELIER,INDOOR,Atelier sciences ludiques,Activite creatrice et sensorielle adaptee au rythme des enfants avec materiel simple.,"Cite des Sciences, Tunis, Tunisie",False,4.4,HIGH
AUTOMNE,SEPTEMBER,2-3 ans,MEDIUM,False,Tunisie,ATELIER,INDOOR,Atelier dessin et narration,Activite creatrice et sensorielle adaptee au rythme des enfants avec materiel simple.,"Maison de la Culture, Monastir, Tunisie",False,13.4,HIGH
AUTOMNE,NOVEMBER,4-5 ans,MEDIUM,False,Tunisie,FETE,INDOOR,Fete saisonniere au parc,"Moment festif avec animations douces, musique, decoration et gouter encadre.","Parc Hannibal, Sousse, Tunisie",False,16.4,HIGH
PRINTEMPS,APRIL,2-3 ans,LOW,False,Tunisie,ATELIER,INDOOR,Atelier contes et marionnettes,Activite creatrice et sensorielle adaptee au rythme des enfants avec materiel simple.,"Maison de la Culture, Sousse, Tunisie",False,7.8,HIGH
HIVER,FEBRUARY,4-5 ans,HIGH,True,Tunisie,SORTIE,OUTDOOR,Sortie nature et jeux libres,"Activite encadree avec decouverte, observation et temps de repos adaptes aux enfants.","Parc Falaise, Monastir, Tunisie",True,24.5,HIGH
PRINTEMPS,MARCH,2-3 ans,MEDIUM,False,Tunisie,REUNION_PARENTS,INDOOR,Reunion pedagogique parents,Rencontre d information et d echange avec les familles dans un cadre confortable.,"Maison de la Culture, Sousse, Tunisie",False,7.5,HIGH
AUTOMNE,OCTOBER,2-3 ans,LOW,True,Tunisie,SORTIE,OUTDOOR,Balade educative au parc urbain,"Activite encadree avec decouverte, observation et temps de repos adaptes aux enfants.","Parc Urbain Nahli, Ariana, Tunisie",True,7.5,HIGH
PRINTEMPS,MAY,2-3 ans,HIGH,True,Tunisie,SORTIE,OUTDOOR,Sortie ludique au parc,"Activite correcte mais avec quelques contraintes de budget, de distance ou d adequation contextuelle.","Parc Aladin, Bizerte",True,5.1,MEDIUM
PRINTEMPS,APRIL,2-3 ans,LOW,False,Tunisie,FETE,INDOOR,Fete conviviale en salle,"Moment festif avec animations douces, musique, decoration et gouter encadre.","Maison de la Culture, Monastir, Tunisie",False,7.6,HIGH
HIVER,JANUARY,2-6 ans,HIGH,True,Tunisie,SORTIE,OUTDOOR,Sortie nature au Parc Ennahli,"Activite encadree avec decouverte, observation et temps de repos adaptes aux enfants.","Parc Ennahli, Ariana, Tunisie",True,23.3,HIGH
HIVER,DECEMBER,2-6 ans,MEDIUM,True,Tunisie,SORTIE,INDOOR,Sortie peu adaptee,"Proposition peu precise ou peu adaptee au contexte, a la logistique ou a l age des enfants.",Jardin de la garderie,False,27.6,LOW
PRINTEMPS,MAY,2-3 ans,LOW,False,Tunisie,REUNION_PARENTS,INDOOR,Reunion pedagogique parents,Rencontre d information et d echange avec les familles dans un cadre confortable.,"Maison de la Culture, Sousse, Tunisie",False,1.7,HIGH
PRINTEMPS,MAY,2-6 ans,HIGH,False,Tunisie,SORTIE,INDOOR,Sortie peu adaptee,"Proposition peu precise ou peu adaptee au contexte, a la logistique ou a l age des enfants.",Jardin de la garderie,False,34.2,LOW
ETE,AUGUST,2-6 ans,MEDIUM,False,Tunisie,ATELIER,INDOOR,Atelier sciences en petit groupe,Activite creatrice et sensorielle adaptee au rythme des enfants avec materiel simple.,"Cite des Sciences, Tunis, Tunisie",False,11.1,HIGH
ETE,JULY,2-3 ans,LOW,False,Tunisie,FETE,INDOOR,Fete des saisons a l exterieur,"Moment festif avec animations douces, musique, decoration et gouter encadre.","Parc Touta, Sfax, Tunisie",False,8.8,HIGH
AUTOMNE,OCTOBER,2-3 ans,LOW,True,Tunisie,SORTIE,OUTDOOR,Sortie peu adaptee,"Proposition peu precise ou peu adaptee au contexte, a la logistique ou a l age des enfants.",Jardin de la garderie,False,16.9,LOW
HIVER,DECEMBER,2-3 ans,HIGH,True,Tunisie,FETE,INDOOR,Fete peu adaptee,"Proposition peu precise ou peu adaptee au contexte, a la logistique ou a l age des enfants.",Cour exterieure,True,26.7,LOW
PRINTEMPS,APRIL,2-6 ans,LOW,False,Tunisie,REUNION_PARENTS,INDOOR,Reunion d information parents,"Activite correcte mais avec quelques contraintes de budget, de distance ou d adequation contextuelle.","Centre culturel municipal, Tunis",False,13.8,MEDIUM
HIVER,FEBRUARY,4-5 ans,LOW,True,Tunisie,ACTIVITE,INDOOR,Activite peu adaptee,"Proposition peu precise ou peu adaptee au contexte, a la logistique ou a l age des enfants.",Grand parc eloigne,False,25.8,LOW
PRINTEMPS,MARCH,2-6 ans,LOW,False,Tunisie,ATELIER,INDOOR,Atelier sciences en petit groupe,Activite creatrice et sensorielle adaptee au rythme des enfants avec materiel simple.,"Cite des Sciences, Tunis, Tunisie",False,3.5,HIGH
ETE,AUGUST,4-5 ans,MEDIUM,False,Tunisie,FETE,INDOOR,Fete a theme en interieur,"Moment festif avec animations douces, musique, decoration et gouter encadre.","Maison de la Culture, Nabeul, Tunisie",False,16.2,HIGH
ETE,AUGUST,2-3 ans,MEDIUM,False,Tunisie,REUNION_PARENTS,INDOOR,Echange avec les familles,Rencontre d information et d echange avec les familles dans un cadre confortable.,"Maison de la Culture, Ariana, Tunisie",False,6.3,HIGH
AUTOMNE,SEPTEMBER,2-3 ans,LOW,True,Tunisie,SORTIE,OUTDOOR,Visite educative a la Cite des Sciences,"Activite encadree avec decouverte, observation et temps de repos adaptes aux enfants.","Cite des Sciences, Tunis, Tunisie",True,6.2,HIGH
ETE,JULY,2-3 ans,MEDIUM,True,Tunisie,SORTIE,OUTDOOR,Sortie decouverte au Parc du Belvedere,"Activite encadree avec decouverte, observation et temps de repos adaptes aux enfants.","Parc du Belvedere, Tunis, Tunisie",True,11.1,HIGH
PRINTEMPS,MAY,4-5 ans,MEDIUM,True,Tunisie,ACTIVITE,OUTDOOR,Jeux de groupe en exterieur,Jeux collectifs et parcours moteurs dans un cadre securise et adapte.,"Corniche de Bizerte, Bizerte, Tunisie",False,7.0,HIGH
HIVER,DECEMBER,2-3 ans,HIGH,True,Tunisie,SORTIE,OUTDOOR,Sortie nature et jeux libres,"Activite encadree avec decouverte, observation et temps de repos adaptes aux enfants.","Parc Falaise, Monastir, Tunisie",True,18.7,HIGH
AUTOMNE,SEPTEMBER,4-5 ans,LOW,False,Tunisie,FETE,INDOOR,Fete de fin de trimestre,"Moment festif avec animations douces, musique, decoration et gouter encadre.","Maison de la Culture, Ariana, Tunisie",False,5.2,HIGH
ETE,JULY,2-6 ans,LOW,False,Tunisie,REUNION_PARENTS,INDOOR,Reunion_Parents peu adaptee,"Proposition peu precise ou peu adaptee au contexte, a la logistique ou a l age des enfants.",Salle improvisée,True,22.3,LOW
AUTOMNE,NOVEMBER,4-5 ans,HIGH,False,Tunisie,FETE,INDOOR,Fete peu adaptee,"Proposition peu precise ou peu adaptee au contexte, a la logistique ou a l age des enfants.",Salle improvisée,True,28.3,LOW
AUTOMNE,SEPTEMBER,2-3 ans,LOW,True,Tunisie,ACTIVITE,OUTDOOR,Activite observation et reperage,Jeux collectifs et parcours moteurs dans un cadre securise et adapte.,"Medina de Hammamet, Hammamet, Tunisie",False,2.1,HIGH
HIVER,DECEMBER,2-6 ans,MEDIUM,True,Tunisie,SORTIE,OUTDOOR,Sortie ludique au parc,"Activite encadree avec decouverte, observation et temps de repos adaptes aux enfants.","Parc Aladin, Bizerte, Tunisie",True,10.7,HIGH
PRINTEMPS,APRIL,2-6 ans,LOW,False,Tunisie,REUNION_PARENTS,INDOOR,Reunion de suivi avec les familles,Rencontre d information et d echange avec les familles dans un cadre confortable.,"Maison de la Culture, Sfax, Tunisie",False,0.8,HIGH
ETE,JULY,4-5 ans,MEDIUM,False,Tunisie,FETE,INDOOR,Fete des saisons a l exterieur,"Moment festif avec animations douces, musique, decoration et gouter encadre.","Parc Touta, Sfax, Tunisie",False,10.8,HIGH
HIVER,FEBRUARY,4-5 ans,LOW,False,Tunisie,FETE,INDOOR,Fete des saisons a l exterieur,"Moment festif avec animations douces, musique, decoration et gouter encadre.","Parc Touta, Sfax, Tunisie",False,6.0,HIGH
AUTOMNE,SEPTEMBER,2-3 ans,MEDIUM,False,Tunisie,FETE,INDOOR,Fete d enfants au parc,"Moment festif avec animations douces, musique, decoration et gouter encadre.","Parc Aladin, Bizerte, Tunisie",False,17.3,HIGH
AUTOMNE,OCTOBER,2-6 ans,LOW,True,Tunisie,SORTIE,OUTDOOR,Balade educative au port,"Activite encadree avec decouverte, observation et temps de repos adaptes aux enfants.","Port El Kantaoui, Sousse, Tunisie",True,7.6,HIGH
HIVER,FEBRUARY,4-5 ans,HIGH,True,Tunisie,SORTIE,OUTDOOR,Sortie nature au Parc Ennahli,"Activite encadree avec decouverte, observation et temps de repos adaptes aux enfants.","Parc Ennahli, Ariana, Tunisie",True,24.5,HIGH
PRINTEMPS,APRIL,2-3 ans,LOW,False,Tunisie,FETE,INDOOR,Fete musicale en interieur,"Moment festif avec animations douces, musique, decoration et gouter encadre.","Maison de la Culture, Sousse, Tunisie",False,5.3,HIGH
HIVER,FEBRUARY,4-5 ans,LOW,False,Tunisie,ATELIER,INDOOR,Atelier coloriage et decoupage,Activite creatrice et sensorielle adaptee au rythme des enfants avec materiel simple.,"Maison de la Culture, Sfax, Tunisie",False,3.3,HIGH
PRINTEMPS,APRIL,4-5 ans,LOW,True,Tunisie,ACTIVITE,OUTDOOR,Activite observation et reperage,Jeux collectifs et parcours moteurs dans un cadre securise et adapte.,"Medina de Hammamet, Hammamet, Tunisie",False,6.7,HIGH
HIVER,JANUARY,2-3 ans,LOW,False,Tunisie,ATELIER,INDOOR,Atelier poterie et couleurs,Activite creatrice et sensorielle adaptee au rythme des enfants avec materiel simple.,"Maison de la Culture, Nabeul, Tunisie",False,5.4,HIGH
HIVER,FEBRUARY,4-5 ans,LOW,False,Tunisie,ATELIER,INDOOR,Atelier dessin et narration,Activite creatrice et sensorielle adaptee au rythme des enfants avec materiel simple.,"Maison de la Culture, Monastir, Tunisie",False,5.5,HIGH
PRINTEMPS,MAY,4-5 ans,LOW,False,Tunisie,FETE,INDOOR,Fete conviviale en salle,"Moment festif avec animations douces, musique, decoration et gouter encadre.","Maison de la Culture, Monastir, Tunisie",False,7.8,HIGH
PRINTEMPS,MAY,2-3 ans,HIGH,True,Tunisie,SORTIE,OUTDOOR,Sortie jeux d eau surveilles,"Activite encadree avec decouverte, observation et temps de repos adaptes aux enfants.","AquaSplash Thalassa Sousse, Sousse, Tunisie",True,18.3,HIGH
AUTOMNE,SEPTEMBER,2-6 ans,LOW,True,Tunisie,ACTIVITE,OUTDOOR,Jeux de groupe en exterieur,Jeux collectifs et parcours moteurs dans un cadre securise et adapte.,"Corniche de Bizerte, Bizerte, Tunisie",False,3.6,HIGH
HIVER,JANUARY,4-5 ans,LOW,False,Tunisie,REUNION_PARENTS,INDOOR,Reunion de coordination parents,Rencontre d information et d echange avec les familles dans un cadre confortable.,"Maison de la Culture, Nabeul, Tunisie",False,1.5,HIGH
AUTOMNE,SEPTEMBER,2-6 ans,MEDIUM,True,Tunisie,ATELIER,MIXED,Atelier peu adaptee,"Proposition peu precise ou peu adaptee au contexte, a la logistique ou a l age des enfants.",Lieu non precise en Tunisie,True,21.6,LOW
PRINTEMPS,MAY,2-3 ans,HIGH,True,Tunisie,ACTIVITE,OUTDOOR,Jeux d observation au parc,"Activite correcte mais avec quelques contraintes de budget, de distance ou d adequation contextuelle.","Parc du Belvedere, Tunis",False,3.0,MEDIUM
HIVER,DECEMBER,2-6 ans,LOW,True,Tunisie,SORTIE,MIXED,Sortie peu adaptee,"Proposition peu precise ou peu adaptee au contexte, a la logistique ou a l age des enfants.",Foret ou grand parc,False,12.6,LOW
PRINTEMPS,MARCH,2-6 ans,MEDIUM,True,Tunisie,ACTIVITE,OUTDOOR,Jeux d observation au parc,Jeux collectifs et parcours moteurs dans un cadre securise et adapte.,"Parc du Belvedere, Tunis, Tunisie",False,9.3,HIGH
HIVER,FEBRUARY,2-6 ans,LOW,True,Tunisie,ACTIVITE,OUTDOOR,Activite de groupe en exterieur,Jeux collectifs et parcours moteurs dans un cadre securise et adapte.,"Ain Park, Sfax, Tunisie",False,2.2,HIGH
AUTOMNE,OCTOBER,2-3 ans,HIGH,False,Tunisie,FETE,INDOOR,Fete peu adaptee,"Proposition peu precise ou peu adaptee au contexte, a la logistique ou a l age des enfants.",Lieu non precise en Tunisie,True,16.3,LOW
HIVER,FEBRUARY,2-6 ans,MEDIUM,True,Tunisie,FETE,INDOOR,Fete peu adaptee,"Proposition peu precise ou peu adaptee au contexte, a la logistique ou a l age des enfants.",Grand parc eloigne,True,31.1,LOW
AUTOMNE,NOVEMBER,2-6 ans,LOW,True,Tunisie,ACTIVITE,OUTDOOR,Activites motrices en exterieur,Jeux collectifs et parcours moteurs dans un cadre securise et adapte.,"Parc Aladin, Bizerte, Tunisie",False,5.8,HIGH
PRINTEMPS,MAY,2-6 ans,MEDIUM,False,Tunisie,ACTIVITE,INDOOR,Activite peu adaptee,"Proposition peu precise ou peu adaptee au contexte, a la logistique ou a l age des enfants.",Cour exterieure,True,27.0,LOW
PRINTEMPS,MARCH,2-6 ans,MEDIUM,True,Tunisie,ACTIVITE,OUTDOOR,Parcours moteur au parc,"Activite correcte mais avec quelques contraintes de budget, de distance ou d adequation contextuelle.","Parc Ennahli, Ariana",False,10.3,MEDIUM
PRINTEMPS,APRIL,2-3 ans,HIGH,True,Tunisie,SORTIE,OUTDOOR,Balade educative au port,"Activite encadree avec decouverte, observation et temps de repos adaptes aux enfants.","Port El Kantaoui, Sousse, Tunisie",True,19.5,HIGH
PRINTEMPS,MARCH,2-6 ans,LOW,True,Tunisie,FETE,OUTDOOR,Fete peu adaptee,"Proposition peu precise ou peu adaptee au contexte, a la logistique ou a l age des enfants.",Grand parc eloigne,True,25.6,LOW
HIVER,DECEMBER,4-5 ans,MEDIUM,True,Tunisie,SORTIE,MIXED,Sortie peu adaptee,"Proposition peu precise ou peu adaptee au contexte, a la logistique ou a l age des enfants.",Grand parc eloigne,False,14.1,LOW
HIVER,JANUARY,2-6 ans,LOW,False,Tunisie,FETE,INDOOR,Fete saisonniere au parc,"Moment festif avec animations douces, musique, decoration et gouter encadre.","Parc Hannibal, Sousse, Tunisie",False,8.5,HIGH
PRINTEMPS,APRIL,2-3 ans,LOW,True,Tunisie,ATELIER,INDOOR,Atelier peu adaptee,"Proposition peu precise ou peu adaptee au contexte, a la logistique ou a l age des enfants.",Lieu non precise en Tunisie,False,34.2,LOW
PRINTEMPS,APRIL,2-3 ans,LOW,True,Tunisie,SORTIE,OUTDOOR,Sortie jeux d eau surveilles,"Activite encadree avec decouverte, observation et temps de repos adaptes aux enfants.","AquaSplash Thalassa Sousse, Sousse, Tunisie",True,7.6,HIGH
HIVER,FEBRUARY,4-5 ans,LOW,False,Tunisie,FETE,INDOOR,Fete de fin de trimestre,"Activite correcte mais avec quelques contraintes de budget, de distance ou d adequation contextuelle.","Maison de la Culture, Ariana",False,22.6,MEDIUM
HIVER,FEBRUARY,2-3 ans,LOW,False,Tunisie,FETE,INDOOR,Fete d enfants au parc,"Moment festif avec animations douces, musique, decoration et gouter encadre.","Parc Aladin, Bizerte, Tunisie",False,5.9,HIGH
AUTOMNE,OCTOBER,2-6 ans,LOW,False,Tunisie,SORTIE,MIXED,Sortie peu adaptee,"Proposition peu precise ou peu adaptee au contexte, a la logistique ou a l age des enfants.",Lieu non precise en Tunisie,True,19.6,LOW
HIVER,JANUARY,4-5 ans,HIGH,False,Tunisie,FETE,INDOOR,Fete de saison en plein air,"Activite correcte mais avec quelques contraintes de budget, de distance ou d adequation contextuelle.","Parc Ennahli, Ariana",False,7.8,MEDIUM
HIVER,JANUARY,2-6 ans,LOW,False,Tunisie,FETE,INDOOR,Fete de fin de trimestre,"Moment festif avec animations douces, musique, decoration et gouter encadre.","Maison de la Culture, Ariana, Tunisie",False,9.8,HIGH
PRINTEMPS,MAY,2-6 ans,MEDIUM,False,Tunisie,ATELIER,INDOOR,Atelier theatre et expression,Activite creatrice et sensorielle adaptee au rythme des enfants avec materiel simple.,"Centre culturel international de Hammamet, Hammamet, Tunisie",False,14.3,HIGH
ETE,JUNE,2-6 ans,LOW,True,Tunisie,ACTIVITE,OUTDOOR,Activite observation et reperage,Jeux collectifs et parcours moteurs dans un cadre securise et adapte.,"Medina de Hammamet, Hammamet, Tunisie",False,5.9,HIGH
AUTOMNE,SEPTEMBER,2-3 ans,LOW,True,Tunisie,SORTIE,OUTDOOR,Sortie decouverte au Parc du Belvedere,"Activite correcte mais avec quelques contraintes de budget, de distance ou d adequation contextuelle.","Parc du Belvedere, Tunis",True,19.5,MEDIUM
AUTOMNE,NOVEMBER,2-3 ans,HIGH,False,Tunisie,FETE,INDOOR,Fete conviviale en salle,"Activite correcte mais avec quelques contraintes de budget, de distance ou d adequation contextuelle.","Maison de la Culture, Monastir",False,7.5,MEDIUM
HIVER,DECEMBER,2-3 ans,MEDIUM,True,Tunisie,SORTIE,OUTDOOR,Sortie decouverte au Parc du Belvedere,"Activite encadree avec decouverte, observation et temps de repos adaptes aux enfants.","Parc du Belvedere, Tunis, Tunisie",True,13.4,HIGH
HIVER,JANUARY,4-5 ans,LOW,True,Tunisie,SORTIE,OUTDOOR,Sortie ludique au parc,"Activite encadree avec decouverte, observation et temps de repos adaptes aux enfants.","Parc Aladin, Bizerte, Tunisie",True,5.9,HIGH
PRINTEMPS,MARCH,4-5 ans,LOW,True,Tunisie,ACTIVITE,OUTDOOR,Jeux de motricite au parc,Jeux collectifs et parcours moteurs dans un cadre securise et adapte.,"Parc Touta, Sfax, Tunisie",False,2.7,HIGH
AUTOMNE,NOVEMBER,2-6 ans,LOW,False,Tunisie,REUNION_PARENTS,INDOOR,Echange avec les familles,Rencontre d information et d echange avec les familles dans un cadre confortable.,"Maison de la Culture, Ariana, Tunisie",False,0.2,HIGH
AUTOMNE,OCTOBER,4-5 ans,LOW,True,Tunisie,ACTIVITE,OUTDOOR,Jeux moteurs au Jardin Japonais,Jeux collectifs et parcours moteurs dans un cadre securise et adapte.,"Jardin Japonais, Tunis, Tunisie",False,4.4,HIGH
ETE,JULY,2-6 ans,MEDIUM,True,Tunisie,SORTIE,OUTDOOR,Balade sensorielle au Jardin Japonais,"Activite encadree avec decouverte, observation et temps de repos adaptes aux enfants.","Jardin Japonais, Tunis, Tunisie",True,14.2,HIGH
HIVER,FEBRUARY,2-3 ans,MEDIUM,True,Tunisie,SORTIE,OUTDOOR,Sortie ludique au parc,"Activite encadree avec decouverte, observation et temps de repos adaptes aux enfants.","Parc Aladin, Bizerte, Tunisie",True,17.2,HIGH
HIVER,JANUARY,2-3 ans,MEDIUM,True,Tunisie,SORTIE,OUTDOOR,Sortie nature a Parc Touta,"Activite encadree avec decouverte, observation et temps de repos adaptes aux enfants.","Parc Touta, Sfax, Tunisie",True,14.2,HIGH
HIVER,DECEMBER,2-6 ans,MEDIUM,True,Tunisie,ACTIVITE,OUTDOOR,Jeux de motricite au parc,Jeux collectifs et parcours moteurs dans un cadre securise et adapte.,"Parc Touta, Sfax, Tunisie",False,10.1,HIGH
AUTOMNE,SEPTEMBER,4-5 ans,MEDIUM,False,Tunisie,REUNION_PARENTS,INDOOR,Reunion pedagogique parents,Rencontre d information et d echange avec les familles dans un cadre confortable.,"Maison de la Culture, Sousse, Tunisie",False,5.2,HIGH
HIVER,FEBRUARY,2-6 ans,HIGH,False,Tunisie,REUNION_PARENTS,INDOOR,Reunion_Parents peu adaptee,"Proposition peu precise ou peu adaptee au contexte, a la logistique ou a l age des enfants.",Grand parc eloigne,False,19.5,LOW
PRINTEMPS,APRIL,2-3 ans,LOW,False,Tunisie,FETE,INDOOR,Fete de fin de trimestre,"Moment festif avec animations douces, musique, decoration et gouter encadre.","Maison de la Culture, Ariana, Tunisie",False,8.8,HIGH
AUTOMNE,OCTOBER,4-5 ans,MEDIUM,False,Tunisie,FETE,INDOOR,Fete conviviale en salle,"Moment festif avec animations douces, musique, decoration et gouter encadre.","Maison de la Culture, Monastir, Tunisie",False,15.0,HIGH
ETE,AUGUST,2-6 ans,MEDIUM,False,Tunisie,REUNION_PARENTS,INDOOR,Reunion pedagogique parents,Rencontre d information et d echange avec les familles dans un cadre confortable.,"Maison de la Culture, Sousse, Tunisie",False,5.5,HIGH
AUTOMNE,OCTOBER,4-5 ans,LOW,False,Tunisie,ATELIER,MIXED,Atelier peu adaptee,"Proposition peu precise ou peu adaptee au contexte, a la logistique ou a l age des enfants.",Cinema local,False,23.8,LOW
AUTOMNE,NOVEMBER,2-3 ans,LOW,True,Tunisie,SORTIE,OUTDOOR,Sortie nature et jeux libres,"Activite encadree avec decouverte, observation et temps de repos adaptes aux enfants.","Parc Falaise, Monastir, Tunisie",True,7.2,HIGH
AUTOMNE,OCTOBER,4-5 ans,MEDIUM,False,Tunisie,REUNION_PARENTS,INDOOR,Reunion avec les parents,Rencontre d information et d echange avec les familles dans un cadre confortable.,"Maison de la Culture, Monastir, Tunisie",False,7.2,HIGH
HIVER,JANUARY,4-5 ans,HIGH,True,Tunisie,SORTIE,OUTDOOR,Sortie decouverte de la medina,"Activite encadree avec decouverte, observation et temps de repos adaptes aux enfants.","Medina de Hammamet, Hammamet, Tunisie",True,24.9,HIGH
AUTOMNE,NOVEMBER,4-5 ans,LOW,False,Tunisie,ATELIER,INDOOR,Atelier creatif en salle,Activite creatrice et sensorielle adaptee au rythme des enfants avec materiel simple.,"Maison de la Culture Ibn Rachiq, Tunis, Tunisie",False,5.1,HIGH
HIVER,FEBRUARY,2-3 ans,MEDIUM,False,Tunisie,ATELIER,INDOOR,Atelier d eveil artistique,Activite creatrice et sensorielle adaptee au rythme des enfants avec materiel simple.,"Centre culturel de Monastir, Monastir, Tunisie",False,14.2,HIGH
PRINTEMPS,APRIL,2-3 ans,LOW,False,Tunisie,ATELIER,INDOOR,Atelier peinture et collage,Activite creatrice et sensorielle adaptee au rythme des enfants avec materiel simple.,"Maison de la Culture, Ariana, Tunisie",False,6.7,HIGH
PRINTEMPS,MARCH,2-6 ans,LOW,False,Tunisie,FETE,INDOOR,Fete d enfants au parc,"Moment festif avec animations douces, musique, decoration et gouter encadre.","Parc Aladin, Bizerte, Tunisie",False,6.0,HIGH
PRINTEMPS,MAY,2-6 ans,LOW,False,Tunisie,ATELIER,INDOOR,Atelier contes et marionnettes,Activite creatrice et sensorielle adaptee au rythme des enfants avec materiel simple.,"Maison de la Culture, Sousse, Tunisie",False,4.5,HIGH
ETE,AUGUST,2-3 ans,HIGH,False,Tunisie,REUNION_PARENTS,INDOOR,Reunion_Parents peu adaptee,"Proposition peu precise ou peu adaptee au contexte, a la logistique ou a l age des enfants.",Cinema local,True,32.3,LOW
ETE,JULY,2-6 ans,LOW,True,Tunisie,SORTIE,OUTDOOR,Sortie decouverte au Parc du Belvedere,"Activite encadree avec decouverte, observation et temps de repos adaptes aux enfants.","Parc du Belvedere, Tunis, Tunisie",True,8.8,HIGH
ETE,JULY,2-6 ans,MEDIUM,False,Tunisie,ATELIER,INDOOR,Atelier creatif en salle,Activite creatrice et sensorielle adaptee au rythme des enfants avec materiel simple.,"Maison de la Culture Ibn Rachiq, Tunis, Tunisie",False,13.5,HIGH
PRINTEMPS,MARCH,2-3 ans,MEDIUM,False,Tunisie,FETE,INDOOR,Fete d enfants au parc,"Moment festif avec animations douces, musique, decoration et gouter encadre.","Parc Aladin, Bizerte, Tunisie",False,10.1,HIGH
ETE,JULY,2-3 ans,HIGH,True,Tunisie,SORTIE,OUTDOOR,Sortie d observation au vieux port,"Activite encadree avec decouverte, observation et temps de repos adaptes aux enfants.","Vieux Port de Bizerte, Bizerte, Tunisie",True,21.9,HIGH
PRINTEMPS,APRIL,4-5 ans,LOW,False,Tunisie,REUNION_PARENTS,INDOOR,Reunion information parents,Rencontre d information et d echange avec les familles dans un cadre confortable.,"Maison de la Culture, Bizerte, Tunisie",False,2.6,HIGH
AUTOMNE,SEPTEMBER,2-3 ans,MEDIUM,False,Tunisie,REUNION_PARENTS,INDOOR,Rencontre parents educateurs,Rencontre d information et d echange avec les familles dans un cadre confortable.,"Maison de la Culture Ibn Rachiq, Tunis, Tunisie",False,6.2,HIGH
AUTOMNE,SEPTEMBER,2-6 ans,MEDIUM,True,Tunisie,ACTIVITE,OUTDOOR,Parcours moteur et jeux coopératifs,Jeux collectifs et parcours moteurs dans un cadre securise et adapte.,"Parc Falaise, Monastir, Tunisie",False,8.5,HIGH
ETE,JULY,2-3 ans,LOW,True,Tunisie,SORTIE,OUTDOOR,Sortie nature a Parc Touta,"Activite encadree avec decouverte, observation et temps de repos adaptes aux enfants.","Parc Touta, Sfax, Tunisie",True,7.8,HIGH
ETE,AUGUST,2-3 ans,LOW,True,Tunisie,SORTIE,OUTDOOR,Balade educative au parc urbain,"Activite encadree avec decouverte, observation et temps de repos adaptes aux enfants.","Parc Urbain Nahli, Ariana, Tunisie",True,9.9,HIGH
HIVER,FEBRUARY,2-3 ans,LOW,True,Tunisie,ACTIVITE,OUTDOOR,Activites sable et motricite,"Activite correcte mais avec quelques contraintes de budget, de distance ou d adequation contextuelle.","Plage de Boujaafar, Sousse",False,17.9,MEDIUM
AUTOMNE,SEPTEMBER,4-5 ans,LOW,True,Tunisie,SORTIE,INDOOR,Sortie peu adaptee,"Proposition peu precise ou peu adaptee au contexte, a la logistique ou a l age des enfants.",Salle improvisée,False,24.1,LOW
AUTOMNE,SEPTEMBER,2-6 ans,LOW,False,Tunisie,FETE,INDOOR,Fete de fin de saison,"Moment festif avec animations douces, musique, decoration et gouter encadre.","Yasmine Hammamet, Hammamet, Tunisie",False,9.9,HIGH
ETE,JULY,2-6 ans,HIGH,True,Tunisie,ACTIVITE,OUTDOOR,Activite peu adaptee,"Proposition peu precise ou peu adaptee au contexte, a la logistique ou a l age des enfants.",Jardin de la garderie,False,19.3,LOW
AUTOMNE,SEPTEMBER,2-3 ans,LOW,False,Tunisie,ATELIER,INDOOR,Atelier artistique et lecture,Activite creatrice et sensorielle adaptee au rythme des enfants avec materiel simple.,"Maison de la Culture, Bizerte, Tunisie",False,5.9,HIGH
PRINTEMPS,MARCH,2-3 ans,LOW,False,Tunisie,REUNION_PARENTS,INDOOR,Reunion avec les parents,Rencontre d information et d echange avec les familles dans un cadre confortable.,"Maison de la Culture, Monastir, Tunisie",False,1.4,HIGH
AUTOMNE,OCTOBER,2-6 ans,MEDIUM,False,Tunisie,FETE,INDOOR,Fete a theme en salle,"Moment festif avec animations douces, musique, decoration et gouter encadre.","Maison de la Culture, Bizerte, Tunisie",False,17.0,HIGH
PRINTEMPS,MARCH,2-6 ans,MEDIUM,False,Tunisie,REUNION_PARENTS,INDOOR,Reunion de suivi avec les familles,Rencontre d information et d echange avec les familles dans un cadre confortable.,"Maison de la Culture, Sfax, Tunisie",False,5.5,HIGH
ETE,AUGUST,2-6 ans,LOW,True,Tunisie,SORTIE,OUTDOOR,Visite educative a la Cite des Sciences,"Activite encadree avec decouverte, observation et temps de repos adaptes aux enfants.","Cite des Sciences, Tunis, Tunisie",True,7.0,HIGH
PRINTEMPS,MAY,4-5 ans,LOW,False,Tunisie,FETE,INDOOR,Fete des couleurs au parc,"Moment festif avec animations douces, musique, decoration et gouter encadre.","Parc Ennahli, Ariana, Tunisie",False,5.2,HIGH
PRINTEMPS,APRIL,4-5 ans,LOW,True,Tunisie,ATELIER,INDOOR,Atelier peu adaptee,"Proposition peu precise ou peu adaptee au contexte, a la logistique ou a l age des enfants.",Salle improvisée,True,15.0,LOW
HIVER,JANUARY,2-3 ans,HIGH,False,Tunisie,SORTIE,MIXED,Sortie peu adaptee,"Proposition peu precise ou peu adaptee au contexte, a la logistique ou a l age des enfants.",Cinema local,False,20.6,LOW
PRINTEMPS,APRIL,2-3 ans,LOW,False,Tunisie,ATELIER,INDOOR,Atelier d eveil artistique,Activite creatrice et sensorielle adaptee au rythme des enfants avec materiel simple.,"Centre culturel de Monastir, Monastir, Tunisie",False,7.3,HIGH
PRINTEMPS,MARCH,2-6 ans,LOW,False,Tunisie,REUNION_PARENTS,INDOOR,Rencontre parents educateurs,Rencontre d information et d echange avec les familles dans un cadre confortable.,"Maison de la Culture Ibn Rachiq, Tunis, Tunisie",False,0.4,HIGH
AUTOMNE,OCTOBER,2-3 ans,LOW,False,Tunisie,ATELIER,INDOOR,Atelier artistique et lecture,"Activite correcte mais avec quelques contraintes de budget, de distance ou d adequation contextuelle.","Maison de la Culture, Bizerte",False,18.3,MEDIUM
ETE,JULY,2-3 ans,MEDIUM,True,Tunisie,SORTIE,OUTDOOR,Balade encadree a Yasmine Hammamet,"Activite encadree avec decouverte, observation et temps de repos adaptes aux enfants.","Yasmine Hammamet, Hammamet, Tunisie",True,13.6,HIGH
HIVER,FEBRUARY,2-3 ans,MEDIUM,False,Tunisie,ATELIER,INDOOR,Atelier poterie et couleurs,Activite creatrice et sensorielle adaptee au rythme des enfants avec materiel simple.,"Maison de la Culture, Nabeul, Tunisie",False,12.6,HIGH
AUTOMNE,OCTOBER,2-3 ans,LOW,False,Tunisie,ATELIER,INDOOR,Atelier creatif en salle,Activite creatrice et sensorielle adaptee au rythme des enfants avec materiel simple.,"Maison de la Culture Ibn Rachiq, Tunis, Tunisie",False,4.8,HIGH
PRINTEMPS,MARCH,2-6 ans,MEDIUM,False,Tunisie,REUNION_PARENTS,INDOOR,Reunion pedagogique parents,Rencontre d information et d echange avec les familles dans un cadre confortable.,"Maison de la Culture, Sousse, Tunisie",False,3.1,HIGH
HIVER,JANUARY,2-3 ans,MEDIUM,True,Tunisie,SORTIE,OUTDOOR,Balade educative au parc urbain,"Activite encadree avec decouverte, observation et temps de repos adaptes aux enfants.","Parc Urbain Nahli, Ariana, Tunisie",True,15.0,HIGH
AUTOMNE,SEPTEMBER,2-6 ans,LOW,True,Tunisie,ACTIVITE,OUTDOOR,Jeux d observation au parc,Jeux collectifs et parcours moteurs dans un cadre securise et adapte.,"Parc du Belvedere, Tunis, Tunisie",False,3.4,HIGH
ETE,JULY,2-3 ans,LOW,False,Tunisie,ATELIER,INDOOR,Atelier sciences en petit groupe,Activite creatrice et sensorielle adaptee au rythme des enfants avec materiel simple.,"Cite des Sciences, Tunis, Tunisie",False,5.8,HIGH
HIVER,DECEMBER,2-6 ans,MEDIUM,False,Tunisie,ATELIER,INDOOR,Atelier lecture et contes,Activite creatrice et sensorielle adaptee au rythme des enfants avec materiel simple.,"Bibliotheque pour enfants, Tunis, Tunisie",False,11.5,HIGH
HIVER,JANUARY,4-5 ans,HIGH,True,Tunisie,SORTIE,OUTDOOR,Balade encadree sur la corniche,"Activite encadree avec decouverte, observation et temps de repos adaptes aux enfants.","Corniche de Bizerte, Bizerte, Tunisie",True,23.4,HIGH
AUTOMNE,OCTOBER,2-3 ans,HIGH,True,Tunisie,ACTIVITE,OUTDOOR,Jeux d adresse et motricite,"Activite correcte mais avec quelques contraintes de budget, de distance ou d adequation contextuelle.","Funny Land, Hammamet",False,5.2,MEDIUM
PRINTEMPS,MARCH,2-6 ans,HIGH,True,Tunisie,SORTIE,OUTDOOR,Balade encadree sur la corniche,"Activite encadree avec decouverte, observation et temps de repos adaptes aux enfants.","Corniche de Bizerte, Bizerte, Tunisie",True,27.3,HIGH
PRINTEMPS,MAY,2-6 ans,MEDIUM,False,Tunisie,FETE,INDOOR,Fete d enfants au parc,"Moment festif avec animations douces, musique, decoration et gouter encadre.","Parc Aladin, Bizerte, Tunisie",False,14.1,HIGH
HIVER,DECEMBER,2-3 ans,HIGH,True,Tunisie,SORTIE,OUTDOOR,Balade sensorielle au Jardin Japonais,"Activite encadree avec decouverte, observation et temps de repos adaptes aux enfants.","Jardin Japonais, Tunis, Tunisie",True,19.0,HIGH
AUTOMNE,OCTOBER,2-6 ans,MEDIUM,False,Tunisie,FETE,INDOOR,Fete costumee en salle,"Moment festif avec animations douces, musique, decoration et gouter encadre.","Maison de la Culture, Sfax, Tunisie",False,17.7,HIGH
PRINTEMPS,APRIL,4-5 ans,LOW,False,Tunisie,ATELIER,INDOOR,Atelier d eveil artistique,Activite creatrice et sensorielle adaptee au rythme des enfants avec materiel simple.,"Centre culturel de Monastir, Monastir, Tunisie",False,4.5,HIGH
HIVER,DECEMBER,2-3 ans,LOW,False,Tunisie,FETE,INDOOR,Fete des saisons a l exterieur,"Moment festif avec animations douces, musique, decoration et gouter encadre.","Parc Touta, Sfax, Tunisie",False,9.8,HIGH
PRINTEMPS,MAY,2-6 ans,LOW,True,Tunisie,ACTIVITE,OUTDOOR,Activites motrices en exterieur,Jeux collectifs et parcours moteurs dans un cadre securise et adapte.,"Parc Aladin, Bizerte, Tunisie",False,6.9,HIGH
ETE,JULY,2-6 ans,MEDIUM,True,Tunisie,ACTIVITE,OUTDOOR,Jeux collectifs au parc,Jeux collectifs et parcours moteurs dans un cadre securise et adapte.,"Parc Hannibal, Sousse, Tunisie",False,9.3,HIGH
HIVER,FEBRUARY,2-6 ans,HIGH,True,Tunisie,REUNION_PARENTS,OUTDOOR,Reunion_Parents peu adaptee,"Proposition peu precise ou peu adaptee au contexte, a la logistique ou a l age des enfants.",Salle improvisée,False,16.9,LOW
AUTOMNE,SEPTEMBER,2-6 ans,MEDIUM,False,Tunisie,REUNION_PARENTS,INDOOR,Rencontre parents educateurs,Rencontre d information et d echange avec les familles dans un cadre confortable.,"Maison de la Culture Ibn Rachiq, Tunis, Tunisie",False,3.5,HIGH
AUTOMNE,NOVEMBER,2-6 ans,MEDIUM,True,Tunisie,SORTIE,OUTDOOR,Sortie jeux d eau surveilles,"Activite encadree avec decouverte, observation et temps de repos adaptes aux enfants.","AquaSplash Thalassa Sousse, Sousse, Tunisie",True,16.5,HIGH
ETE,JUNE,4-5 ans,LOW,False,Tunisie,REUNION_PARENTS,INDOOR,Reunion de coordination parents,Rencontre d information et d echange avec les familles dans un cadre confortable.,"Maison de la Culture, Nabeul, Tunisie",False,2.3,HIGH
PRINTEMPS,MARCH,2-6 ans,LOW,True,Tunisie,SORTIE,OUTDOOR,Sortie ludique a Funny Land,"Activite encadree avec decouverte, observation et temps de repos adaptes aux enfants.","Funny Land, Hammamet, Tunisie",True,7.5,HIGH
PRINTEMPS,APRIL,2-3 ans,HIGH,False,Tunisie,ATELIER,MIXED,Atelier peu adaptee,"Proposition peu precise ou peu adaptee au contexte, a la logistique ou a l age des enfants.",Lieu non precise en Tunisie,True,31.6,LOW
ETE,AUGUST,2-6 ans,HIGH,True,Tunisie,SORTIE,OUTDOOR,Balade educative a la marina,"Activite encadree avec decouverte, observation et temps de repos adaptes aux enfants.","Marina de Monastir, Monastir, Tunisie",True,26.2,HIGH
PRINTEMPS,MAY,2-3 ans,MEDIUM,True,Tunisie,SORTIE,OUTDOOR,Balade educative a la marina,"Activite correcte mais avec quelques contraintes de budget, de distance ou d adequation contextuelle.","Marina de Monastir, Monastir",True,13.1,MEDIUM
AUTOMNE,NOVEMBER,4-5 ans,HIGH,True,Tunisie,SORTIE,OUTDOOR,Balade educative au port,"Activite encadree avec decouverte, observation et temps de repos adaptes aux enfants.","Port El Kantaoui, Sousse, Tunisie",True,23.3,HIGH
AUTOMNE,SEPTEMBER,4-5 ans,LOW,False,Tunisie,ATELIER,INDOOR,Atelier contes et marionnettes,Activite creatrice et sensorielle adaptee au rythme des enfants avec materiel simple.,"Maison de la Culture, Sousse, Tunisie",False,7.7,HIGH
AUTOMNE,OCTOBER,4-5 ans,MEDIUM,True,Tunisie,SORTIE,OUTDOOR,Visite culturelle encadree,"Activite encadree avec decouverte, observation et temps de repos adaptes aux enfants.","Musee Archeologique de Sfax, Sfax, Tunisie",True,15.8,HIGH
PRINTEMPS,APRIL,2-3 ans,MEDIUM,True,Tunisie,ACTIVITE,OUTDOOR,Activite manuelle encadree,Jeux collectifs et parcours moteurs dans un cadre securise et adapte.,"Maison de la Culture, Ariana, Tunisie",False,11.8,HIGH
ETE,JUNE,2-3 ans,MEDIUM,False,Tunisie,REUNION_PARENTS,INDOOR,Reunion de suivi avec les familles,Rencontre d information et d echange avec les familles dans un cadre confortable.,"Maison de la Culture, Sfax, Tunisie",False,5.1,HIGH
PRINTEMPS,MARCH,2-3 ans,LOW,False,Tunisie,FETE,INDOOR,Fete a theme en salle,"Moment festif avec animations douces, musique, decoration et gouter encadre.","Maison de la Culture Ibn Rachiq, Tunis, Tunisie",False,9.7,HIGH
HIVER,FEBRUARY,2-3 ans,HIGH,True,Tunisie,SORTIE,OUTDOOR,Balade sensorielle au Jardin Japonais,"Activite encadree avec decouverte, observation et temps de repos adaptes aux enfants.","Jardin Japonais, Tunis, Tunisie",True,19.6,HIGH
HIVER,DECEMBER,2-6 ans,MEDIUM,True,Tunisie,REUNION_PARENTS,INDOOR,Reunion_Parents peu adaptee,"Proposition peu precise ou peu adaptee au contexte, a la logistique ou a l age des enfants.",Lieu non precise en Tunisie,False,16.1,LOW
HIVER,JANUARY,4-5 ans,MEDIUM,True,Tunisie,ACTIVITE,OUTDOOR,Activites motrices en exterieur,Jeux collectifs et parcours moteurs dans un cadre securise et adapte.,"Parc Aladin, Bizerte, Tunisie",False,10.6,HIGH
PRINTEMPS,APRIL,2-6 ans,LOW,False,Tunisie,FETE,INDOOR,Fete musicale en interieur,"Moment festif avec animations douces, musique, decoration et gouter encadre.","Maison de la Culture, Sousse, Tunisie",False,7.4,HIGH
AUTOMNE,SEPTEMBER,2-3 ans,MEDIUM,False,Tunisie,REUNION_PARENTS,INDOOR,Reunion information parents,Rencontre d information et d echange avec les familles dans un cadre confortable.,"Maison de la Culture, Bizerte, Tunisie",False,5.3,HIGH
PRINTEMPS,APRIL,2-3 ans,MEDIUM,False,Tunisie,FETE,INDOOR,Fete de saison en plein air,"Moment festif avec animations douces, musique, decoration et gouter encadre.","Parc Ennahli, Ariana, Tunisie",False,13.6,HIGH
ETE,JULY,4-5 ans,LOW,True,Tunisie,ACTIVITE,OUTDOOR,Activite observation en groupe,Jeux collectifs et parcours moteurs dans un cadre securise et adapte.,"Marina de Monastir, Monastir, Tunisie",False,6.4,HIGH
PRINTEMPS,MAY,4-5 ans,MEDIUM,True,Tunisie,SORTIE,OUTDOOR,Visite educative a la Cite des Sciences,"Activite encadree avec decouverte, observation et temps de repos adaptes aux enfants.","Cite des Sciences, Tunis, Tunisie",True,12.2,HIGH
HIVER,JANUARY,4-5 ans,LOW,False,Tunisie,FETE,INDOOR,Fete d enfants au parc,"Activite correcte mais avec quelques contraintes de budget, de distance ou d adequation contextuelle.","Parc Aladin, Bizerte",False,18.8,MEDIUM
PRINTEMPS,APRIL,2-6 ans,MEDIUM,True,Tunisie,SORTIE,OUTDOOR,Visite marine au Musee Oceanographique,"Activite encadree avec decouverte, observation et temps de repos adaptes aux enfants.","Musee Oceanographique de Salammbô, La Goulette, Tunisie",True,16.6,HIGH
HIVER,JANUARY,2-6 ans,LOW,False,Tunisie,ATELIER,INDOOR,Atelier musique et rythme,Activite creatrice et sensorielle adaptee au rythme des enfants avec materiel simple.,"Centre culturel Mohamed Jamoussi, Sfax, Tunisie",False,7.4,HIGH
AUTOMNE,SEPTEMBER,4-5 ans,MEDIUM,False,Tunisie,REUNION_PARENTS,INDOOR,Reunion_Parents peu adaptee,"Proposition peu precise ou peu adaptee au contexte, a la logistique ou a l age des enfants.",Grand parc eloigne,True,24.3,LOW
PRINTEMPS,MAY,2-3 ans,HIGH,True,Tunisie,SORTIE,OUTDOOR,Visite culturelle encadree,"Activite encadree avec decouverte, observation et temps de repos adaptes aux enfants.","Musee Archeologique de Sfax, Sfax, Tunisie",True,27.5,HIGH
PRINTEMPS,MAY,2-3 ans,MEDIUM,False,Tunisie,ATELIER,MIXED,Atelier peu adaptee,"Proposition peu precise ou peu adaptee au contexte, a la logistique ou a l age des enfants.",Salle improvisée,False,15.8,LOW
AUTOMNE,OCTOBER,2-6 ans,LOW,True,Tunisie,ACTIVITE,OUTDOOR,Activite manuelle encadree,Jeux collectifs et parcours moteurs dans un cadre securise et adapte.,"Maison de la Culture, Ariana, Tunisie",False,5.0,HIGH
PRINTEMPS,MAY,4-5 ans,LOW,False,Tunisie,FETE,INDOOR,Fete peu adaptee,"Proposition peu precise ou peu adaptee au contexte, a la logistique ou a l age des enfants.",Grand parc eloigne,True,34.1,LOW
AUTOMNE,NOVEMBER,2-6 ans,MEDIUM,True,Tunisie,ACTIVITE,OUTDOOR,Parcours moteur au parc,Jeux collectifs et parcours moteurs dans un cadre securise et adapte.,"Parc Ennahli, Ariana, Tunisie",False,11.5,HIGH
HIVER,JANUARY,2-3 ans,LOW,False,Tunisie,FETE,INDOOR,Fete de saison en plein air,"Moment festif avec animations douces, musique, decoration et gouter encadre.","Parc Ennahli, Ariana, Tunisie",False,9.3,HIGH
ETE,AUGUST,2-6 ans,LOW,True,Tunisie,ACTIVITE,OUTDOOR,Parcours moteur au parc,Jeux collectifs et parcours moteurs dans un cadre securise et adapte.,"Parc Ennahli, Ariana, Tunisie",False,3.5,HIGH
HIVER,FEBRUARY,4-5 ans,LOW,True,Tunisie,ACTIVITE,OUTDOOR,Activite observation et reperage,Jeux collectifs et parcours moteurs dans un cadre securise et adapte.,"Medina de Hammamet, Hammamet, Tunisie",False,4.5,HIGH
ETE,JULY,2-6 ans,MEDIUM,False,Tunisie,REUNION_PARENTS,INDOOR,Rencontre parents educateurs,Rencontre d information et d echange avec les familles dans un cadre confortable.,"Maison de la Culture Ibn Rachiq, Tunis, Tunisie",False,6.1,HIGH
ETE,JUNE,4-5 ans,LOW,True,Tunisie,SORTIE,OUTDOOR,Balade sensorielle au Jardin Japonais,"Activite encadree avec decouverte, observation et temps de repos adaptes aux enfants.","Jardin Japonais, Tunis, Tunisie",True,9.5,HIGH
AUTOMNE,OCTOBER,2-3 ans,MEDIUM,True,Tunisie,SORTIE,OUTDOOR,Balade sensorielle au Jardin Japonais,"Activite encadree avec decouverte, observation et temps de repos adaptes aux enfants.","Jardin Japonais, Tunis, Tunisie",True,17.7,HIGH
PRINTEMPS,MAY,2-3 ans,MEDIUM,False,Tunisie,REUNION_PARENTS,INDOOR,Reunion de suivi avec les familles,Rencontre d information et d echange avec les familles dans un cadre confortable.,"Maison de la Culture, Sfax, Tunisie",False,7.4,HIGH
ETE,JULY,2-6 ans,LOW,True,Tunisie,SORTIE,OUTDOOR,Sortie loisirs et observation,"Activite encadree avec decouverte, observation et temps de repos adaptes aux enfants.","Ain Park, Sfax, Tunisie",True,8.7,HIGH
