id,title,short_description,event_type,location_name,address,city,city_aliases,country,latitude,longitude,venue_type,indoor_outdoor,season,month,age_min,age_max,duration_minutes,price_dt,budget_band,requires_authorization,tags,educational_value,recommended_label
1,Atelier dessin créatif,"Dessin, formes et couleurs pour développer l’imagination et la motricité fine.",ATELIER,Garderie TinySpring Ariana,"20 rue Ahmed Tlili, Rue Ahmed Tlili, Ariana, Tunisie",Ariana,ariana;tunis nord;ennasr;el menzah;menzah 5;menzah 6;raoued;soukra,Tunisie,36.8625,10.1956,DAYCARE,INDOOR,ALL,all,2,6,45,8,LOW,False,art;dessin;couleurs;motricite_fine,HIGH,HIGHLY_RECOMMENDED
2,Atelier pâte à modeler,Modelage sensoriel avec formes simples et consignes adaptées aux petits.,ATELIER,Garderie TinySpring Ariana,"20 rue Ahmed Tlili, Rue Ahmed Tlili, Ariana, Tunisie",Ariana,ariana;tunis nord;ennasr;el menzah;menzah 5;menzah 6;raoued;soukra,Tunisie,36.8625,10.1956,DAYCARE,INDOOR,ALL,all,2,5,40,6,LOW,False,sensoriel;pate_a_modeler;motricite_fine,HIGH,HIGHLY_RECOMMENDED
3,Lecture de contes illustrés,"Histoires, images et échanges pour stimuler le langage et l’écoute.",ACTIVITE,Garderie TinySpring Ariana,"20 rue Ahmed Tlili, Rue Ahmed Tlili, Ariana, Tunisie",Ariana,ariana;tunis nord;ennasr;el menzah;menzah 5;menzah 6;raoued;soukra,Tunisie,36.8625,10.1956,DAYCARE,INDOOR,ALL,all,2,5,30,0,LOW,False,lecture;contes;langage;calme,VERY_HIGH,HIGHLY_RECOMMENDED
4,Atelier musique et rythme,"Percussions simples, chansons et jeux de rythme pour la coordination.",ATELIER,Garderie TinySpring Ariana,"20 rue Ahmed Tlili, Rue Ahmed Tlili, Ariana, Tunisie",Ariana,ariana;tunis nord;ennasr;el menzah;menzah 5;menzah 6;raoued;soukra,Tunisie,36.8625,10.1956,DAYCARE,INDOOR,ALL,all,2,6,40,10,LOW,False,musique;rythme;coordination,HIGH,HIGHLY_RECOMMENDED
5,Jeux éducatifs en groupe,Défis coopératifs et jeux d’attention pour apprendre à attendre son tour.,ACTIVITE,Garderie TinySpring Ariana,"20 rue Ahmed Tlili, Rue Ahmed Tlili, Ariana, Tunisie",Ariana,ariana;tunis nord;ennasr;el menzah;menzah 5;menzah 6;raoued;soukra,Tunisie,36.8625,10.1956,DAYCARE,INDOOR,ALL,all,3,6,35,0,LOW,False,cooperation;attention;groupe,HIGH,HIGHLY_RECOMMENDED
6,Atelier jardinage en pot,"Semis, observation des graines et vocabulaire autour du vivant.",ATELIER,Garderie TinySpring Ariana,"20 rue Ahmed Tlili, Rue Ahmed Tlili, Ariana, Tunisie",Ariana,ariana;tunis nord;ennasr;el menzah;menzah 5;menzah 6;raoued;soukra,Tunisie,36.8625,10.1956,DAYCARE,INDOOR,PRINTEMPS,all,3,6,55,12,LOW,False,jardinage;nature;sciences,VERY_HIGH,HIGHLY_RECOMMENDED
7,Parcours motricité doux,"Tunnel, cerceaux et équilibre dans un parcours sécurisé à la garderie.",ACTIVITE,Garderie TinySpring Ariana,"20 rue Ahmed Tlili, Rue Ahmed Tlili, Ariana, Tunisie",Ariana,ariana;tunis nord;ennasr;el menzah;menzah 5;menzah 6;raoued;soukra,Tunisie,36.8625,10.1956,DAYCARE,INDOOR,ALL,all,2,6,45,0,LOW,False,motricite;equilibre;coordination,HIGH,HIGHLY_RECOMMENDED
8,Atelier cuisine saine,Préparation de brochettes de fruits et discussion sur l’hygiène alimentaire.,ATELIER,Garderie TinySpring Ariana,"20 rue Ahmed Tlili, Rue Ahmed Tlili, Ariana, Tunisie",Ariana,ariana;tunis nord;ennasr;el menzah;menzah 5;menzah 6;raoued;soukra,Tunisie,36.8625,10.1956,DAYCARE,INDOOR,ALL,all,3,6,50,14,LOW,False,cuisine;nutrition;hygiene,VERY_HIGH,HIGHLY_RECOMMENDED
9,Expériences eau et couleurs,"Mélanges, transvasements et observation des couleurs.",ACTIVITE,Garderie TinySpring Ariana,"20 rue Ahmed Tlili, Rue Ahmed Tlili, Ariana, Tunisie",Ariana,ariana;tunis nord;ennasr;el menzah;menzah 5;menzah 6;raoued;soukra,Tunisie,36.8625,10.1956,DAYCARE,INDOOR,ETE,all,2,6,40,6,LOW,False,sensoriel;eau;couleurs;sciences,HIGH,HIGHLY_RECOMMENDED
10,Mini théâtre des émotions,"Mimes et marionnettes pour reconnaître joie, colère et peur.",ATELIER,Garderie TinySpring Ariana,"20 rue Ahmed Tlili, Rue Ahmed Tlili, Ariana, Tunisie",Ariana,ariana;tunis nord;ennasr;el menzah;menzah 5;menzah 6;raoued;soukra,Tunisie,36.8625,10.1956,DAYCARE,INDOOR,ALL,all,3,6,45,8,LOW,False,emotions;theatre;expression,VERY_HIGH,HIGHLY_RECOMMENDED
11,Yoga ludique enfants,"Postures animales, respiration et retour au calme.",ACTIVITE,Garderie TinySpring Ariana,"20 rue Ahmed Tlili, Rue Ahmed Tlili, Ariana, Tunisie",Ariana,ariana;tunis nord;ennasr;el menzah;menzah 5;menzah 6;raoued;soukra,Tunisie,36.8625,10.1956,DAYCARE,INDOOR,ALL,all,3,6,35,7,LOW,False,yoga;calme;respiration,HIGH,HIGHLY_RECOMMENDED
12,Atelier tri sélectif,Jeu de tri des déchets et sensibilisation écologique simple.,ATELIER,Garderie TinySpring Ariana,"20 rue Ahmed Tlili, Rue Ahmed Tlili, Ariana, Tunisie",Ariana,ariana;tunis nord;ennasr;el menzah;menzah 5;menzah 6;raoued;soukra,Tunisie,36.8625,10.1956,DAYCARE,INDOOR,ALL,all,4,6,40,0,LOW,False,ecologie;tri;responsabilite,VERY_HIGH,HIGHLY_RECOMMENDED
13,Comptines bilingues,Comptines en français et arabe tunisien pour enrichir le vocabulaire.,ACTIVITE,Garderie TinySpring Ariana,"20 rue Ahmed Tlili, Rue Ahmed Tlili, Ariana, Tunisie",Ariana,ariana;tunis nord;ennasr;el menzah;menzah 5;menzah 6;raoued;soukra,Tunisie,36.8625,10.1956,DAYCARE,INDOOR,ALL,all,2,5,30,0,LOW,False,langage;comptines;bilingue,HIGH,HIGHLY_RECOMMENDED
14,Peinture avec tampons naturels,"Peinture avec feuilles, éponges et formes végétales.",ATELIER,Garderie TinySpring Ariana,"20 rue Ahmed Tlili, Rue Ahmed Tlili, Ariana, Tunisie",Ariana,ariana;tunis nord;ennasr;el menzah;menzah 5;menzah 6;raoued;soukra,Tunisie,36.8625,10.1956,DAYCARE,INDOOR,AUTOMNE,all,2,6,45,9,LOW,False,peinture;nature;creativite,HIGH,HIGHLY_RECOMMENDED
15,Atelier petits scientifiques,"Aimants, ombres et objets flottants en mini expériences guidées.",ATELIER,Garderie TinySpring Ariana,"20 rue Ahmed Tlili, Rue Ahmed Tlili, Ariana, Tunisie",Ariana,ariana;tunis nord;ennasr;el menzah;menzah 5;menzah 6;raoued;soukra,Tunisie,36.8625,10.1956,DAYCARE,INDOOR,ALL,all,4,6,50,12,LOW,False,sciences;observation;curiosite,VERY_HIGH,HIGHLY_RECOMMENDED
16,Jeux de construction coopératifs,Construction de tours et ponts avec consignes de coopération.,ACTIVITE,Garderie TinySpring Ariana,"20 rue Ahmed Tlili, Rue Ahmed Tlili, Ariana, Tunisie",Ariana,ariana;tunis nord;ennasr;el menzah;menzah 5;menzah 6;raoued;soukra,Tunisie,36.8625,10.1956,DAYCARE,INDOOR,ALL,all,3,6,45,0,LOW,False,construction;logique;cooperation,HIGH,HIGHLY_RECOMMENDED
17,Atelier sécurité routière,"Apprendre feu rouge, passage piéton et règles simples avec tapis de route.",ATELIER,Garderie TinySpring Ariana,"20 rue Ahmed Tlili, Rue Ahmed Tlili, Ariana, Tunisie",Ariana,ariana;tunis nord;ennasr;el menzah;menzah 5;menzah 6;raoued;soukra,Tunisie,36.8625,10.1956,DAYCARE,INDOOR,ALL,all,4,6,45,0,LOW,False,securite;routiere;citoyennete,VERY_HIGH,HIGHLY_RECOMMENDED
18,Atelier collage recyclé,"Création avec carton, papier et boutons récupérés.",ATELIER,Garderie TinySpring Ariana,"20 rue Ahmed Tlili, Rue Ahmed Tlili, Ariana, Tunisie",Ariana,ariana;tunis nord;ennasr;el menzah;menzah 5;menzah 6;raoued;soukra,Tunisie,36.8625,10.1956,DAYCARE,INDOOR,ALL,all,3,6,45,5,LOW,False,recyclage;collage;creativite,HIGH,HIGHLY_RECOMMENDED
19,Initiation robotique débranchée,Algorithmes simples avec flèches et parcours au sol.,ATELIER,Garderie TinySpring Ariana,"20 rue Ahmed Tlili, Rue Ahmed Tlili, Ariana, Tunisie",Ariana,ariana;tunis nord;ennasr;el menzah;menzah 5;menzah 6;raoued;soukra,Tunisie,36.8625,10.1956,DAYCARE,INDOOR,ALL,all,5,6,50,15,LOW,False,logique;robotique;algorithme,VERY_HIGH,HIGHLY_RECOMMENDED
20,Relaxation après-midi,"Histoires calmes, respiration et musique douce.",ACTIVITE,Garderie TinySpring Ariana,"20 rue Ahmed Tlili, Rue Ahmed Tlili, Ariana, Tunisie",Ariana,ariana;tunis nord;ennasr;el menzah;menzah 5;menzah 6;raoued;soukra,Tunisie,36.8625,10.1956,DAYCARE,INDOOR,ALL,all,2,6,25,0,LOW,False,relaxation;calme;bien_etre,HIGH,HIGHLY_RECOMMENDED
21,Visite découverte - Parc Ennahli,"Observation guidée du lieu, vocabulaire nouveau et mini-jeu de repérage adapté aux enfants.",SORTIE,Parc Ennahli,"Parc Ennahli, Ariana, Tunisie",Ariana,parc ennahli;ennahli;ariana;nord tunis,Tunisie,36.9009,10.165,PARK,OUTDOOR,ALL,all,4,6,120,18,MEDIUM,True,decouverte;observation;sortie;ariana,HIGH,RECOMMENDED
22,Atelier nature à Parc Ennahli,"Activité d’observation, collecte symbolique et dessin autour de la nature du site.",ATELIER,Parc Ennahli,"Parc Ennahli, Ariana, Tunisie",Ariana,parc ennahli;ennahli;ariana;nord tunis,Tunisie,36.9009,10.165,PARK,OUTDOOR,PRINTEMPS,all,3,6,90,12,LOW,True,nature;observation;dessin;ariana,VERY_HIGH,HIGHLY_RECOMMENDED
23,Parcours motricité en plein air - Parc Ennahli,"Jeux moteurs, équilibre et coordination dans un espace sécurisé en extérieur.",ACTIVITE,Parc Ennahli,"Parc Ennahli, Ariana, Tunisie",Ariana,parc ennahli;ennahli;ariana;nord tunis,Tunisie,36.9009,10.165,PARK,OUTDOOR,ALL,all,3,6,75,10,LOW,True,motricite;plein_air;coordination;ariana,HIGH,RECOMMENDED
24,Conte itinérant à Parc Ennahli,Lecture courte suivie d’un parcours de questions et d’images.,ACTIVITE,Parc Ennahli,"Parc Ennahli, Ariana, Tunisie",Ariana,parc ennahli;ennahli;ariana;nord tunis,Tunisie,36.9009,10.165,PARK,OUTDOOR,ALL,all,2,5,60,8,LOW,True,lecture;conte;langage;ariana,HIGH,HIGHLY_RECOMMENDED
25,Chasse aux formes et couleurs - Parc Ennahli,"Les enfants cherchent formes, couleurs et textures autour du lieu.",ACTIVITE,Parc Ennahli,"Parc Ennahli, Ariana, Tunisie",Ariana,parc ennahli;ennahli;ariana;nord tunis,Tunisie,36.9009,10.165,PARK,OUTDOOR,ALL,all,3,6,70,9,LOW,True,formes;couleurs;sensoriel;ariana,HIGH,RECOMMENDED
26,Sortie culturelle à Parc Ennahli,Découverte culturelle avec discussion simple et production créative au retour.,SORTIE,Parc Ennahli,"Parc Ennahli, Ariana, Tunisie",Ariana,parc ennahli;ennahli;ariana;nord tunis,Tunisie,36.9009,10.165,PARK,OUTDOOR,ALL,all,4,6,140,22,MEDIUM,True,culture;patrimoine;sortie;ariana,HIGH,RECOMMENDED
27,Mini reportage enfants - Parc Ennahli,"Les enfants observent, posent des questions et préparent un dessin souvenir.",ATELIER,Parc Ennahli,"Parc Ennahli, Ariana, Tunisie",Ariana,parc ennahli;ennahli;ariana;nord tunis,Tunisie,36.9009,10.165,PARK,OUTDOOR,ALL,all,5,6,110,15,LOW,True,reportage;expression;observation;ariana,VERY_HIGH,HIGHLY_RECOMMENDED
28,Fête thématique à Parc Ennahli,Animation festive avec jeux musicaux et souvenirs autour d’un thème saisonnier.,FETE,Parc Ennahli,"Parc Ennahli, Ariana, Tunisie",Ariana,parc ennahli;ennahli;ariana;nord tunis,Tunisie,36.9009,10.165,PARK,OUTDOOR,ETE,all,3,6,150,35,MEDIUM,True,fete;musique;animation;ariana,MEDIUM,RECOMMENDED
29,Sortie sensorielle à Parc Ennahli,"Jeux de textures, sons et couleurs pour stimuler les sens.",SORTIE,Parc Ennahli,"Parc Ennahli, Ariana, Tunisie",Ariana,parc ennahli;ennahli;ariana;nord tunis,Tunisie,36.9009,10.165,PARK,OUTDOOR,ALL,all,2,6,100,16,MEDIUM,True,sensoriel;decouverte;sortie;ariana,HIGH,RECOMMENDED
30,Atelier écologie à Parc Ennahli,"Sensibilisation au respect du lieu, tri simple et geste citoyen.",ATELIER,Parc Ennahli,"Parc Ennahli, Ariana, Tunisie",Ariana,parc ennahli;ennahli;ariana;nord tunis,Tunisie,36.9009,10.165,PARK,OUTDOOR,ALL,all,4,6,80,7,LOW,True,ecologie;citoyennete;tri;ariana,VERY_HIGH,HIGHLY_RECOMMENDED
31,Visite découverte - Maison de la Culture Ariana,"Observation guidée du lieu, vocabulaire nouveau et mini-jeu de repérage adapté aux enfants.",SORTIE,Maison de la Culture Ariana,"Avenue Habib Bourguiba, Ariana, Tunisie",Ariana,ariana;centre ariana;culture,Tunisie,36.862,10.195,CULTURAL_CENTER,INDOOR,ALL,all,4,6,120,18,MEDIUM,True,decouverte;observation;sortie;ariana,HIGH,RECOMMENDED
32,Atelier nature à Maison de la Culture Ariana,"Activité d’observation, collecte symbolique et dessin autour de la nature du site.",ATELIER,Maison de la Culture Ariana,"Avenue Habib Bourguiba, Ariana, Tunisie",Ariana,ariana;centre ariana;culture,Tunisie,36.862,10.195,CULTURAL_CENTER,INDOOR,PRINTEMPS,all,3,6,90,12,LOW,True,nature;observation;dessin;ariana,VERY_HIGH,HIGHLY_RECOMMENDED
33,Parcours motricité en plein air - Maison de la Culture Ariana,"Jeux moteurs, équilibre et coordination dans un espace sécurisé en extérieur.",ACTIVITE,Maison de la Culture Ariana,"Avenue Habib Bourguiba, Ariana, Tunisie",Ariana,ariana;centre ariana;culture,Tunisie,36.862,10.195,CULTURAL_CENTER,INDOOR,ALL,all,3,6,75,10,LOW,True,motricite;plein_air;coordination;ariana,HIGH,RECOMMENDED
34,Conte itinérant à Maison de la Culture Ariana,Lecture courte suivie d’un parcours de questions et d’images.,ACTIVITE,Maison de la Culture Ariana,"Avenue Habib Bourguiba, Ariana, Tunisie",Ariana,ariana;centre ariana;culture,Tunisie,36.862,10.195,CULTURAL_CENTER,INDOOR,ALL,all,2,5,60,8,LOW,True,lecture;conte;langage;ariana,HIGH,HIGHLY_RECOMMENDED
35,Chasse aux formes et couleurs - Maison de la Culture Ariana,"Les enfants cherchent formes, couleurs et textures autour du lieu.",ACTIVITE,Maison de la Culture Ariana,"Avenue Habib Bourguiba, Ariana, Tunisie",Ariana,ariana;centre ariana;culture,Tunisie,36.862,10.195,CULTURAL_CENTER,INDOOR,ALL,all,3,6,70,9,LOW,True,formes;couleurs;sensoriel;ariana,HIGH,RECOMMENDED
36,Sortie culturelle à Maison de la Culture Ariana,Découverte culturelle avec discussion simple et production créative au retour.,SORTIE,Maison de la Culture Ariana,"Avenue Habib Bourguiba, Ariana, Tunisie",Ariana,ariana;centre ariana;culture,Tunisie,36.862,10.195,CULTURAL_CENTER,INDOOR,ALL,all,4,6,140,22,MEDIUM,True,culture;patrimoine;sortie;ariana,HIGH,RECOMMENDED
37,Mini reportage enfants - Maison de la Culture Ariana,"Les enfants observent, posent des questions et préparent un dessin souvenir.",ATELIER,Maison de la Culture Ariana,"Avenue Habib Bourguiba, Ariana, Tunisie",Ariana,ariana;centre ariana;culture,Tunisie,36.862,10.195,CULTURAL_CENTER,INDOOR,ALL,all,5,6,110,15,LOW,True,reportage;expression;observation;ariana,VERY_HIGH,HIGHLY_RECOMMENDED
38,Fête thématique à Maison de la Culture Ariana,Animation festive avec jeux musicaux et souvenirs autour d’un thème saisonnier.,FETE,Maison de la Culture Ariana,"Avenue Habib Bourguiba, Ariana, Tunisie",Ariana,ariana;centre ariana;culture,Tunisie,36.862,10.195,CULTURAL_CENTER,INDOOR,ETE,all,3,6,150,35,MEDIUM,True,fete;musique;animation;ariana,MEDIUM,RECOMMENDED
39,Sortie sensorielle à Maison de la Culture Ariana,"Jeux de textures, sons et couleurs pour stimuler les sens.",SORTIE,Maison de la Culture Ariana,"Avenue Habib Bourguiba, Ariana, Tunisie",Ariana,ariana;centre ariana;culture,Tunisie,36.862,10.195,CULTURAL_CENTER,INDOOR,ALL,all,2,6,100,16,MEDIUM,True,sensoriel;decouverte;sortie;ariana,HIGH,RECOMMENDED
40,Atelier écologie à Maison de la Culture Ariana,"Sensibilisation au respect du lieu, tri simple et geste citoyen.",ATELIER,Maison de la Culture Ariana,"Avenue Habib Bourguiba, Ariana, Tunisie",Ariana,ariana;centre ariana;culture,Tunisie,36.862,10.195,CULTURAL_CENTER,INDOOR,ALL,all,4,6,80,7,LOW,True,ecologie;citoyennete;tri;ariana,VERY_HIGH,HIGHLY_RECOMMENDED
41,Visite découverte - Cité des Sciences à Tunis,"Observation guidée du lieu, vocabulaire nouveau et mini-jeu de repérage adapté aux enfants.",SORTIE,Cité des Sciences à Tunis,"Avenue Mohamed Bouazizi, Tunis, Tunisie",Tunis,tunis;el menzah;cite sciences,Tunisie,36.847,10.1975,MUSEUM,INDOOR,ALL,all,4,6,120,18,MEDIUM,True,decouverte;observation;sortie;tunis,HIGH,RECOMMENDED
42,Atelier nature à Cité des Sciences à Tunis,"Activité d’observation, collecte symbolique et dessin autour de la nature du site.",ATELIER,Cité des Sciences à Tunis,"Avenue Mohamed Bouazizi, Tunis, Tunisie",Tunis,tunis;el menzah;cite sciences,Tunisie,36.847,10.1975,MUSEUM,INDOOR,PRINTEMPS,all,3,6,90,12,LOW,True,nature;observation;dessin;tunis,VERY_HIGH,HIGHLY_RECOMMENDED
43,Conte itinérant à Cité des Sciences à Tunis,Lecture courte suivie d’un parcours de questions et d’images.,ACTIVITE,Cité des Sciences à Tunis,"Avenue Mohamed Bouazizi, Tunis, Tunisie",Tunis,tunis;el menzah;cite sciences,Tunisie,36.847,10.1975,MUSEUM,INDOOR,ALL,all,2,5,60,8,LOW,True,lecture;conte;langage;tunis,HIGH,HIGHLY_RECOMMENDED
44,Chasse aux formes et couleurs - Cité des Sciences à Tunis,"Les enfants cherchent formes, couleurs et textures autour du lieu.",ACTIVITE,Cité des Sciences à Tunis,"Avenue Mohamed Bouazizi, Tunis, Tunisie",Tunis,tunis;el menzah;cite sciences,Tunisie,36.847,10.1975,MUSEUM,INDOOR,ALL,all,3,6,70,9,LOW,True,formes;couleurs;sensoriel;tunis,HIGH,RECOMMENDED
45,Sortie culturelle à Cité des Sciences à Tunis,Découverte culturelle avec discussion simple et production créative au retour.,SORTIE,Cité des Sciences à Tunis,"Avenue Mohamed Bouazizi, Tunis, Tunisie",Tunis,tunis;el menzah;cite sciences,Tunisie,36.847,10.1975,MUSEUM,INDOOR,ALL,all,4,6,140,22,MEDIUM,True,culture;patrimoine;sortie;tunis,HIGH,RECOMMENDED
46,Mini reportage enfants - Cité des Sciences à Tunis,"Les enfants observent, posent des questions et préparent un dessin souvenir.",ATELIER,Cité des Sciences à Tunis,"Avenue Mohamed Bouazizi, Tunis, Tunisie",Tunis,tunis;el menzah;cite sciences,Tunisie,36.847,10.1975,MUSEUM,INDOOR,ALL,all,5,6,110,15,LOW,True,reportage;expression;observation;tunis,VERY_HIGH,HIGHLY_RECOMMENDED
47,Fête thématique à Cité des Sciences à Tunis,Animation festive avec jeux musicaux et souvenirs autour d’un thème saisonnier.,FETE,Cité des Sciences à Tunis,"Avenue Mohamed Bouazizi, Tunis, Tunisie",Tunis,tunis;el menzah;cite sciences,Tunisie,36.847,10.1975,MUSEUM,INDOOR,ETE,all,3,6,150,35,MEDIUM,True,fete;musique;animation;tunis,MEDIUM,RECOMMENDED
48,Sortie sensorielle à Cité des Sciences à Tunis,"Jeux de textures, sons et couleurs pour stimuler les sens.",SORTIE,Cité des Sciences à Tunis,"Avenue Mohamed Bouazizi, Tunis, Tunisie",Tunis,tunis;el menzah;cite sciences,Tunisie,36.847,10.1975,MUSEUM,INDOOR,ALL,all,2,6,100,16,MEDIUM,True,sensoriel;decouverte;sortie;tunis,HIGH,RECOMMENDED
49,Atelier écologie à Cité des Sciences à Tunis,"Sensibilisation au respect du lieu, tri simple et geste citoyen.",ATELIER,Cité des Sciences à Tunis,"Avenue Mohamed Bouazizi, Tunis, Tunisie",Tunis,tunis;el menzah;cite sciences,Tunisie,36.847,10.1975,MUSEUM,INDOOR,ALL,all,4,6,80,7,LOW,True,ecologie;citoyennete;tri;tunis,VERY_HIGH,HIGHLY_RECOMMENDED
50,Visite découverte - Parc du Belvédère,"Observation guidée du lieu, vocabulaire nouveau et mini-jeu de repérage adapté aux enfants.",SORTIE,Parc du Belvédère,"Avenue Taieb Mhiri, Tunis, Tunisie",Tunis,tunis;belvedere;mutuelleville,Tunisie,36.819,10.175,PARK,OUTDOOR,ALL,all,4,6,120,18,MEDIUM,True,decouverte;observation;sortie;tunis,HIGH,RECOMMENDED
51,Atelier nature à Parc du Belvédère,"Activité d’observation, collecte symbolique et dessin autour de la nature du site.",ATELIER,Parc du Belvédère,"Avenue Taieb Mhiri, Tunis, Tunisie",Tunis,tunis;belvedere;mutuelleville,Tunisie,36.819,10.175,PARK,OUTDOOR,PRINTEMPS,all,3,6,90,12,LOW,True,nature;observation;dessin;tunis,VERY_HIGH,HIGHLY_RECOMMENDED
52,Parcours motricité en plein air - Parc du Belvédère,"Jeux moteurs, équilibre et coordination dans un espace sécurisé en extérieur.",ACTIVITE,Parc du Belvédère,"Avenue Taieb Mhiri, Tunis, Tunisie",Tunis,tunis;belvedere;mutuelleville,Tunisie,36.819,10.175,PARK,OUTDOOR,ALL,all,3,6,75,10,LOW,True,motricite;plein_air;coordination;tunis,HIGH,RECOMMENDED
53,Conte itinérant à Parc du Belvédère,Lecture courte suivie d’un parcours de questions et d’images.,ACTIVITE,Parc du Belvédère,"Avenue Taieb Mhiri, Tunis, Tunisie",Tunis,tunis;belvedere;mutuelleville,Tunisie,36.819,10.175,PARK,OUTDOOR,ALL,all,2,5,60,8,LOW,True,lecture;conte;langage;tunis,HIGH,HIGHLY_RECOMMENDED
54,Chasse aux formes et couleurs - Parc du Belvédère,"Les enfants cherchent formes, couleurs et textures autour du lieu.",ACTIVITE,Parc du Belvédère,"Avenue Taieb Mhiri, Tunis, Tunisie",Tunis,tunis;belvedere;mutuelleville,Tunisie,36.819,10.175,PARK,OUTDOOR,ALL,all,3,6,70,9,LOW,True,formes;couleurs;sensoriel;tunis,HIGH,RECOMMENDED
55,Sortie culturelle à Parc du Belvédère,Découverte culturelle avec discussion simple et production créative au retour.,SORTIE,Parc du Belvédère,"Avenue Taieb Mhiri, Tunis, Tunisie",Tunis,tunis;belvedere;mutuelleville,Tunisie,36.819,10.175,PARK,OUTDOOR,ALL,all,4,6,140,22,MEDIUM,True,culture;patrimoine;sortie;tunis,HIGH,RECOMMENDED
56,Mini reportage enfants - Parc du Belvédère,"Les enfants observent, posent des questions et préparent un dessin souvenir.",ATELIER,Parc du Belvédère,"Avenue Taieb Mhiri, Tunis, Tunisie",Tunis,tunis;belvedere;mutuelleville,Tunisie,36.819,10.175,PARK,OUTDOOR,ALL,all,5,6,110,15,LOW,True,reportage;expression;observation;tunis,VERY_HIGH,HIGHLY_RECOMMENDED
57,Fête thématique à Parc du Belvédère,Animation festive avec jeux musicaux et souvenirs autour d’un thème saisonnier.,FETE,Parc du Belvédère,"Avenue Taieb Mhiri, Tunis, Tunisie",Tunis,tunis;belvedere;mutuelleville,Tunisie,36.819,10.175,PARK,OUTDOOR,ETE,all,3,6,150,35,MEDIUM,True,fete;musique;animation;tunis,MEDIUM,RECOMMENDED
58,Sortie sensorielle à Parc du Belvédère,"Jeux de textures, sons et couleurs pour stimuler les sens.",SORTIE,Parc du Belvédère,"Avenue Taieb Mhiri, Tunis, Tunisie",Tunis,tunis;belvedere;mutuelleville,Tunisie,36.819,10.175,PARK,OUTDOOR,ALL,all,2,6,100,16,MEDIUM,True,sensoriel;decouverte;sortie;tunis,HIGH,RECOMMENDED
59,Atelier écologie à Parc du Belvédère,"Sensibilisation au respect du lieu, tri simple et geste citoyen.",ATELIER,Parc du Belvédère,"Avenue Taieb Mhiri, Tunis, Tunisie",Tunis,tunis;belvedere;mutuelleville,Tunisie,36.819,10.175,PARK,OUTDOOR,ALL,all,4,6,80,7,LOW,True,ecologie;citoyennete;tri;tunis,VERY_HIGH,HIGHLY_RECOMMENDED
60,Visite découverte - Musée national du Bardo,"Observation guidée du lieu, vocabulaire nouveau et mini-jeu de repérage adapté aux enfants.",SORTIE,Musée national du Bardo,"Le Bardo, Tunis, Tunisie",Tunis,tunis;bardo;musee,Tunisie,36.8091,10.134,MUSEUM,INDOOR,ALL,all,4,6,120,18,MEDIUM,True,decouverte;observation;sortie;tunis,HIGH,RECOMMENDED
61,Atelier nature à Musée national du Bardo,"Activité d’observation, collecte symbolique et dessin autour de la nature du site.",ATELIER,Musée national du Bardo,"Le Bardo, Tunis, Tunisie",Tunis,tunis;bardo;musee,Tunisie,36.8091,10.134,MUSEUM,INDOOR,PRINTEMPS,all,3,6,90,12,LOW,True,nature;observation;dessin;tunis,VERY_HIGH,HIGHLY_RECOMMENDED
62,Conte itinérant à Musée national du Bardo,Lecture courte suivie d’un parcours de questions et d’images.,ACTIVITE,Musée national du Bardo,"Le Bardo, Tunis, Tunisie",Tunis,tunis;bardo;musee,Tunisie,36.8091,10.134,MUSEUM,INDOOR,ALL,all,2,5,60,8,LOW,True,lecture;conte;langage;tunis,HIGH,HIGHLY_RECOMMENDED
63,Chasse aux formes et couleurs - Musée national du Bardo,"Les enfants cherchent formes, couleurs et textures autour du lieu.",ACTIVITE,Musée national du Bardo,"Le Bardo, Tunis, Tunisie",Tunis,tunis;bardo;musee,Tunisie,36.8091,10.134,MUSEUM,INDOOR,ALL,all,3,6,70,9,LOW,True,formes;couleurs;sensoriel;tunis,HIGH,RECOMMENDED
64,Sortie culturelle à Musée national du Bardo,Découverte culturelle avec discussion simple et production créative au retour.,SORTIE,Musée national du Bardo,"Le Bardo, Tunis, Tunisie",Tunis,tunis;bardo;musee,Tunisie,36.8091,10.134,MUSEUM,INDOOR,ALL,all,4,6,140,22,MEDIUM,True,culture;patrimoine;sortie;tunis,HIGH,RECOMMENDED
65,Mini reportage enfants - Musée national du Bardo,"Les enfants observent, posent des questions et préparent un dessin souvenir.",ATELIER,Musée national du Bardo,"Le Bardo, Tunis, Tunisie",Tunis,tunis;bardo;musee,Tunisie,36.8091,10.134,MUSEUM,INDOOR,ALL,all,5,6,110,15,LOW,True,reportage;expression;observation;tunis,VERY_HIGH,HIGHLY_RECOMMENDED
66,Fête thématique à Musée national du Bardo,Animation festive avec jeux musicaux et souvenirs autour d’un thème saisonnier.,FETE,Musée national du Bardo,"Le Bardo, Tunis, Tunisie",Tunis,tunis;bardo;musee,Tunisie,36.8091,10.134,MUSEUM,INDOOR,ETE,all,3,6,150,35,MEDIUM,True,fete;musique;animation;tunis,MEDIUM,RECOMMENDED
67,Sortie sensorielle à Musée national du Bardo,"Jeux de textures, sons et couleurs pour stimuler les sens.",SORTIE,Musée national du Bardo,"Le Bardo, Tunis, Tunisie",Tunis,tunis;bardo;musee,Tunisie,36.8091,10.134,MUSEUM,INDOOR,ALL,all,2,6,100,16,MEDIUM,True,sensoriel;decouverte;sortie;tunis,HIGH,RECOMMENDED
68,Atelier écologie à Musée national du Bardo,"Sensibilisation au respect du lieu, tri simple et geste citoyen.",ATELIER,Musée national du Bardo,"Le Bardo, Tunis, Tunisie",Tunis,tunis;bardo;musee,Tunisie,36.8091,10.134,MUSEUM,INDOOR,ALL,all,4,6,80,7,LOW,True,ecologie;citoyennete;tri;tunis,VERY_HIGH,HIGHLY_RECOMMENDED
69,Visite découverte - Musée océanographique de Salammbô,"Observation guidée du lieu, vocabulaire nouveau et mini-jeu de repérage adapté aux enfants.",SORTIE,Musée océanographique de Salammbô,"Rue du 2 Mars 1934, Carthage, Tunisie",Carthage,carthage;salammbo;banlieue nord,Tunisie,36.842,10.324,MUSEUM,INDOOR,ALL,all,4,6,120,22,MEDIUM,True,decouverte;observation;sortie;carthage,HIGH,RECOMMENDED
70,Atelier nature à Musée océanographique de Salammbô,"Activité d’observation, collecte symbolique et dessin autour de la nature du site.",ATELIER,Musée océanographique de Salammbô,"Rue du 2 Mars 1934, Carthage, Tunisie",Carthage,carthage;salammbo;banlieue nord,Tunisie,36.842,10.324,MUSEUM,INDOOR,PRINTEMPS,all,3,6,90,16,MEDIUM,True,nature;observation;dessin;carthage,VERY_HIGH,HIGHLY_RECOMMENDED
71,Conte itinérant à Musée océanographique de Salammbô,Lecture courte suivie d’un parcours de questions et d’images.,ACTIVITE,Musée océanographique de Salammbô,"Rue du 2 Mars 1934, Carthage, Tunisie",Carthage,carthage;salammbo;banlieue nord,Tunisie,36.842,10.324,MUSEUM,INDOOR,ALL,all,2,5,60,12,LOW,True,lecture;conte;langage;carthage,HIGH,HIGHLY_RECOMMENDED
72,Chasse aux formes et couleurs - Musée océanographique de Salammbô,"Les enfants cherchent formes, couleurs et textures autour du lieu.",ACTIVITE,Musée océanographique de Salammbô,"Rue du 2 Mars 1934, Carthage, Tunisie",Carthage,carthage;salammbo;banlieue nord,Tunisie,36.842,10.324,MUSEUM,INDOOR,ALL,all,3,6,70,13,LOW,True,formes;couleurs;sensoriel;carthage,HIGH,RECOMMENDED
73,Sortie culturelle à Musée océanographique de Salammbô,Découverte culturelle avec discussion simple et production créative au retour.,SORTIE,Musée océanographique de Salammbô,"Rue du 2 Mars 1934, Carthage, Tunisie",Carthage,carthage;salammbo;banlieue nord,Tunisie,36.842,10.324,MUSEUM,INDOOR,ALL,all,4,6,140,26,MEDIUM,True,culture;patrimoine;sortie;carthage,HIGH,RECOMMENDED
74,Mini reportage enfants - Musée océanographique de Salammbô,"Les enfants observent, posent des questions et préparent un dessin souvenir.",ATELIER,Musée océanographique de Salammbô,"Rue du 2 Mars 1934, Carthage, Tunisie",Carthage,carthage;salammbo;banlieue nord,Tunisie,36.842,10.324,MUSEUM,INDOOR,ALL,all,5,6,110,19,MEDIUM,True,reportage;expression;observation;carthage,VERY_HIGH,RECOMMENDED
75,Fête thématique à Musée océanographique de Salammbô,Animation festive avec jeux musicaux et souvenirs autour d’un thème saisonnier.,FETE,Musée océanographique de Salammbô,"Rue du 2 Mars 1934, Carthage, Tunisie",Carthage,carthage;salammbo;banlieue nord,Tunisie,36.842,10.324,MUSEUM,INDOOR,ETE,all,3,6,150,39,HIGH,True,fete;musique;animation;carthage,MEDIUM,RECOMMENDED
76,Sortie sensorielle à Musée océanographique de Salammbô,"Jeux de textures, sons et couleurs pour stimuler les sens.",SORTIE,Musée océanographique de Salammbô,"Rue du 2 Mars 1934, Carthage, Tunisie",Carthage,carthage;salammbo;banlieue nord,Tunisie,36.842,10.324,MUSEUM,INDOOR,ALL,all,2,6,100,20,MEDIUM,True,sensoriel;decouverte;sortie;carthage,HIGH,RECOMMENDED
77,Atelier écologie à Musée océanographique de Salammbô,"Sensibilisation au respect du lieu, tri simple et geste citoyen.",ATELIER,Musée océanographique de Salammbô,"Rue du 2 Mars 1934, Carthage, Tunisie",Carthage,carthage;salammbo;banlieue nord,Tunisie,36.842,10.324,MUSEUM,INDOOR,ALL,all,4,6,80,11,LOW,True,ecologie;citoyennete;tri;carthage,VERY_HIGH,HIGHLY_RECOMMENDED
78,Visite découverte - Parc Essaada La Marsa,"Observation guidée du lieu, vocabulaire nouveau et mini-jeu de repérage adapté aux enfants.",SORTIE,Parc Essaada La Marsa,"La Marsa, Tunis, Tunisie",La Marsa,la marsa;marsa;banlieue nord,Tunisie,36.878,10.324,PARK,OUTDOOR,ALL,all,4,6,120,22,MEDIUM,True,decouverte;observation;sortie;la_marsa,HIGH,RECOMMENDED
79,Atelier nature à Parc Essaada La Marsa,"Activité d’observation, collecte symbolique et dessin autour de la nature du site.",ATELIER,Parc Essaada La Marsa,"La Marsa, Tunis, Tunisie",La Marsa,la marsa;marsa;banlieue nord,Tunisie,36.878,10.324,PARK,OUTDOOR,PRINTEMPS,all,3,6,90,16,MEDIUM,True,nature;observation;dessin;la_marsa,VERY_HIGH,HIGHLY_RECOMMENDED
80,Parcours motricité en plein air - Parc Essaada La Marsa,"Jeux moteurs, équilibre et coordination dans un espace sécurisé en extérieur.",ACTIVITE,Parc Essaada La Marsa,"La Marsa, Tunis, Tunisie",La Marsa,la marsa;marsa;banlieue nord,Tunisie,36.878,10.324,PARK,OUTDOOR,ALL,all,3,6,75,14,LOW,True,motricite;plein_air;coordination;la_marsa,HIGH,RECOMMENDED
81,Conte itinérant à Parc Essaada La Marsa,Lecture courte suivie d’un parcours de questions et d’images.,ACTIVITE,Parc Essaada La Marsa,"La Marsa, Tunis, Tunisie",La Marsa,la marsa;marsa;banlieue nord,Tunisie,36.878,10.324,PARK,OUTDOOR,ALL,all,2,5,60,12,LOW,True,lecture;conte;langage;la_marsa,HIGH,HIGHLY_RECOMMENDED
82,Chasse aux formes et couleurs - Parc Essaada La Marsa,"Les enfants cherchent formes, couleurs et textures autour du lieu.",ACTIVITE,Parc Essaada La Marsa,"La Marsa, Tunis, Tunisie",La Marsa,la marsa;marsa;banlieue nord,Tunisie,36.878,10.324,PARK,OUTDOOR,ALL,all,3,6,70,13,LOW,True,formes;couleurs;sensoriel;la_marsa,HIGH,RECOMMENDED
83,Sortie culturelle à Parc Essaada La Marsa,Découverte culturelle avec discussion simple et production créative au retour.,SORTIE,Parc Essaada La Marsa,"La Marsa, Tunis, Tunisie",La Marsa,la marsa;marsa;banlieue nord,Tunisie,36.878,10.324,PARK,OUTDOOR,ALL,all,4,6,140,26,MEDIUM,True,culture;patrimoine;sortie;la_marsa,HIGH,RECOMMENDED
84,Mini reportage enfants - Parc Essaada La Marsa,"Les enfants observent, posent des questions et préparent un dessin souvenir.",ATELIER,Parc Essaada La Marsa,"La Marsa, Tunis, Tunisie",La Marsa,la marsa;marsa;banlieue nord,Tunisie,36.878,10.324,PARK,OUTDOOR,ALL,all,5,6,110,19,MEDIUM,True,reportage;expression;observation;la_marsa,VERY_HIGH,RECOMMENDED
85,Fête thématique à Parc Essaada La Marsa,Animation festive avec jeux musicaux et souvenirs autour d’un thème saisonnier.,FETE,Parc Essaada La Marsa,"La Marsa, Tunis, Tunisie",La Marsa,la marsa;marsa;banlieue nord,Tunisie,36.878,10.324,PARK,OUTDOOR,ETE,all,3,6,150,39,HIGH,True,fete;musique;animation;la_marsa,MEDIUM,RECOMMENDED
86,Sortie sensorielle à Parc Essaada La Marsa,"Jeux de textures, sons et couleurs pour stimuler les sens.",SORTIE,Parc Essaada La Marsa,"La Marsa, Tunis, Tunisie",La Marsa,la marsa;marsa;banlieue nord,Tunisie,36.878,10.324,PARK,OUTDOOR,ALL,all,2,6,100,20,MEDIUM,True,sensoriel;decouverte;sortie;la_marsa,HIGH,RECOMMENDED
87,Atelier écologie à Parc Essaada La Marsa,"Sensibilisation au respect du lieu, tri simple et geste citoyen.",ATELIER,Parc Essaada La Marsa,"La Marsa, Tunis, Tunisie",La Marsa,la marsa;marsa;banlieue nord,Tunisie,36.878,10.324,PARK,OUTDOOR,ALL,all,4,6,80,11,LOW,True,ecologie;citoyennete;tri;la_marsa,VERY_HIGH,HIGHLY_RECOMMENDED
88,Visite découverte - Parc urbain de Sousse,"Observation guidée du lieu, vocabulaire nouveau et mini-jeu de repérage adapté aux enfants.",SORTIE,Parc urbain de Sousse,"Sousse, Tunisie",Sousse,sousse;sahel,Tunisie,35.8256,10.6084,PARK,OUTDOOR,ALL,all,4,6,120,18,MEDIUM,True,decouverte;observation;sortie;sousse,HIGH,RECOMMENDED
89,Atelier nature à Parc urbain de Sousse,"Activité d’observation, collecte symbolique et dessin autour de la nature du site.",ATELIER,Parc urbain de Sousse,"Sousse, Tunisie",Sousse,sousse;sahel,Tunisie,35.8256,10.6084,PARK,OUTDOOR,PRINTEMPS,all,3,6,90,12,LOW,True,nature;observation;dessin;sousse,VERY_HIGH,HIGHLY_RECOMMENDED
90,Parcours motricité en plein air - Parc urbain de Sousse,"Jeux moteurs, équilibre et coordination dans un espace sécurisé en extérieur.",ACTIVITE,Parc urbain de Sousse,"Sousse, Tunisie",Sousse,sousse;sahel,Tunisie,35.8256,10.6084,PARK,OUTDOOR,ALL,all,3,6,75,10,LOW,True,motricite;plein_air;coordination;sousse,HIGH,RECOMMENDED
91,Conte itinérant à Parc urbain de Sousse,Lecture courte suivie d’un parcours de questions et d’images.,ACTIVITE,Parc urbain de Sousse,"Sousse, Tunisie",Sousse,sousse;sahel,Tunisie,35.8256,10.6084,PARK,OUTDOOR,ALL,all,2,5,60,8,LOW,True,lecture;conte;langage;sousse,HIGH,HIGHLY_RECOMMENDED
92,Chasse aux formes et couleurs - Parc urbain de Sousse,"Les enfants cherchent formes, couleurs et textures autour du lieu.",ACTIVITE,Parc urbain de Sousse,"Sousse, Tunisie",Sousse,sousse;sahel,Tunisie,35.8256,10.6084,PARK,OUTDOOR,ALL,all,3,6,70,9,LOW,True,formes;couleurs;sensoriel;sousse,HIGH,RECOMMENDED
93,Sortie culturelle à Parc urbain de Sousse,Découverte culturelle avec discussion simple et production créative au retour.,SORTIE,Parc urbain de Sousse,"Sousse, Tunisie",Sousse,sousse;sahel,Tunisie,35.8256,10.6084,PARK,OUTDOOR,ALL,all,4,6,140,22,MEDIUM,True,culture;patrimoine;sortie;sousse,HIGH,RECOMMENDED
94,Mini reportage enfants - Parc urbain de Sousse,"Les enfants observent, posent des questions et préparent un dessin souvenir.",ATELIER,Parc urbain de Sousse,"Sousse, Tunisie",Sousse,sousse;sahel,Tunisie,35.8256,10.6084,PARK,OUTDOOR,ALL,all,5,6,110,15,LOW,True,reportage;expression;observation;sousse,VERY_HIGH,HIGHLY_RECOMMENDED
95,Fête thématique à Parc urbain de Sousse,Animation festive avec jeux musicaux et souvenirs autour d’un thème saisonnier.,FETE,Parc urbain de Sousse,"Sousse, Tunisie",Sousse,sousse;sahel,Tunisie,35.8256,10.6084,PARK,OUTDOOR,ETE,all,3,6,150,35,MEDIUM,True,fete;musique;animation;sousse,MEDIUM,RECOMMENDED
96,Sortie sensorielle à Parc urbain de Sousse,"Jeux de textures, sons et couleurs pour stimuler les sens.",SORTIE,Parc urbain de Sousse,"Sousse, Tunisie",Sousse,sousse;sahel,Tunisie,35.8256,10.6084,PARK,OUTDOOR,ALL,all,2,6,100,16,MEDIUM,True,sensoriel;decouverte;sortie;sousse,HIGH,RECOMMENDED
97,Atelier écologie à Parc urbain de Sousse,"Sensibilisation au respect du lieu, tri simple et geste citoyen.",ATELIER,Parc urbain de Sousse,"Sousse, Tunisie",Sousse,sousse;sahel,Tunisie,35.8256,10.6084,PARK,OUTDOOR,ALL,all,4,6,80,7,LOW,True,ecologie;citoyennete;tri;sousse,VERY_HIGH,HIGHLY_RECOMMENDED
98,Visite découverte - Musée archéologique de Sousse,"Observation guidée du lieu, vocabulaire nouveau et mini-jeu de repérage adapté aux enfants.",SORTIE,Musée archéologique de Sousse,"Rue Abou Kacem Chebbi, Sousse, Tunisie",Sousse,sousse;medina;musee,Tunisie,35.8274,10.6387,MUSEUM,INDOOR,ALL,all,4,6,120,18,MEDIUM,True,decouverte;observation;sortie;sousse,HIGH,RECOMMENDED
99,Atelier nature à Musée archéologique de Sousse,"Activité d’observation, collecte symbolique et dessin autour de la nature du site.",ATELIER,Musée archéologique de Sousse,"Rue Abou Kacem Chebbi, Sousse, Tunisie",Sousse,sousse;medina;musee,Tunisie,35.8274,10.6387,MUSEUM,INDOOR,PRINTEMPS,all,3,6,90,12,LOW,True,nature;observation;dessin;sousse,VERY_HIGH,HIGHLY_RECOMMENDED
100,Conte itinérant à Musée archéologique de Sousse,Lecture courte suivie d’un parcours de questions et d’images.,ACTIVITE,Musée archéologique de Sousse,"Rue Abou Kacem Chebbi, Sousse, Tunisie",Sousse,sousse;medina;musee,Tunisie,35.8274,10.6387,MUSEUM,INDOOR,ALL,all,2,5,60,8,LOW,True,lecture;conte;langage;sousse,HIGH,HIGHLY_RECOMMENDED
101,Chasse aux formes et couleurs - Musée archéologique de Sousse,"Les enfants cherchent formes, couleurs et textures autour du lieu.",ACTIVITE,Musée archéologique de Sousse,"Rue Abou Kacem Chebbi, Sousse, Tunisie",Sousse,sousse;medina;musee,Tunisie,35.8274,10.6387,MUSEUM,INDOOR,ALL,all,3,6,70,9,LOW,True,formes;couleurs;sensoriel;sousse,HIGH,RECOMMENDED
102,Sortie culturelle à Musée archéologique de Sousse,Découverte culturelle avec discussion simple et production créative au retour.,SORTIE,Musée archéologique de Sousse,"Rue Abou Kacem Chebbi, Sousse, Tunisie",Sousse,sousse;medina;musee,Tunisie,35.8274,10.6387,MUSEUM,INDOOR,ALL,all,4,6,140,22,MEDIUM,True,culture;patrimoine;sortie;sousse,HIGH,RECOMMENDED
103,Mini reportage enfants - Musée archéologique de Sousse,"Les enfants observent, posent des questions et préparent un dessin souvenir.",ATELIER,Musée archéologique de Sousse,"Rue Abou Kacem Chebbi, Sousse, Tunisie",Sousse,sousse;medina;musee,Tunisie,35.8274,10.6387,MUSEUM,INDOOR,ALL,all,5,6,110,15,LOW,True,reportage;expression;observation;sousse,VERY_HIGH,HIGHLY_RECOMMENDED
104,Fête thématique à Musée archéologique de Sousse,Animation festive avec jeux musicaux et souvenirs autour d’un thème saisonnier.,FETE,Musée archéologique de Sousse,"Rue Abou Kacem Chebbi, Sousse, Tunisie",Sousse,sousse;medina;musee,Tunisie,35.8274,10.6387,MUSEUM,INDOOR,ETE,all,3,6,150,35,MEDIUM,True,fete;musique;animation;sousse,MEDIUM,RECOMMENDED
105,Sortie sensorielle à Musée archéologique de Sousse,"Jeux de textures, sons et couleurs pour stimuler les sens.",SORTIE,Musée archéologique de Sousse,"Rue Abou Kacem Chebbi, Sousse, Tunisie",Sousse,sousse;medina;musee,Tunisie,35.8274,10.6387,MUSEUM,INDOOR,ALL,all,2,6,100,16,MEDIUM,True,sensoriel;decouverte;sortie;sousse,HIGH,RECOMMENDED
106,Atelier écologie à Musée archéologique de Sousse,"Sensibilisation au respect du lieu, tri simple et geste citoyen.",ATELIER,Musée archéologique de Sousse,"Rue Abou Kacem Chebbi, Sousse, Tunisie",Sousse,sousse;medina;musee,Tunisie,35.8274,10.6387,MUSEUM,INDOOR,ALL,all,4,6,80,7,LOW,True,ecologie;citoyennete;tri;sousse,VERY_HIGH,HIGHLY_RECOMMENDED
107,Visite découverte - Centre culturel international de Hammamet,"Observation guidée du lieu, vocabulaire nouveau et mini-jeu de repérage adapté aux enfants.",SORTIE,Centre culturel international de Hammamet,"Hammamet Sud, Nabeul, Tunisie",Hammamet,hammamet;yasmine hammamet;nabeul,Tunisie,36.3965,10.6094,CULTURAL_CENTER,INDOOR,ALL,all,4,6,120,18,MEDIUM,True,decouverte;observation;sortie;hammamet,HIGH,RECOMMENDED
108,Atelier nature à Centre culturel international de Hammamet,"Activité d’observation, collecte symbolique et dessin autour de la nature du site.",ATELIER,Centre culturel international de Hammamet,"Hammamet Sud, Nabeul, Tunisie",Hammamet,hammamet;yasmine hammamet;nabeul,Tunisie,36.3965,10.6094,CULTURAL_CENTER,INDOOR,PRINTEMPS,all,3,6,90,12,LOW,True,nature;observation;dessin;hammamet,VERY_HIGH,HIGHLY_RECOMMENDED
109,Parcours motricité en plein air - Centre culturel international de Hammamet,"Jeux moteurs, équilibre et coordination dans un espace sécurisé en extérieur.",ACTIVITE,Centre culturel international de Hammamet,"Hammamet Sud, Nabeul, Tunisie",Hammamet,hammamet;yasmine hammamet;nabeul,Tunisie,36.3965,10.6094,CULTURAL_CENTER,INDOOR,ALL,all,3,6,75,10,LOW,True,motricite;plein_air;coordination;hammamet,HIGH,RECOMMENDED
110,Conte itinérant à Centre culturel international de Hammamet,Lecture courte suivie d’un parcours de questions et d’images.,ACTIVITE,Centre culturel international de Hammamet,"Hammamet Sud, Nabeul, Tunisie",Hammamet,hammamet;yasmine hammamet;nabeul,Tunisie,36.3965,10.6094,CULTURAL_CENTER,INDOOR,ALL,all,2,5,60,8,LOW,True,lecture;conte;langage;hammamet,HIGH,HIGHLY_RECOMMENDED
111,Chasse aux formes et couleurs - Centre culturel international de Hammamet,"Les enfants cherchent formes, couleurs et textures autour du lieu.",ACTIVITE,Centre culturel international de Hammamet,"Hammamet Sud, Nabeul, Tunisie",Hammamet,hammamet;yasmine hammamet;nabeul,Tunisie,36.3965,10.6094,CULTURAL_CENTER,INDOOR,ALL,all,3,6,70,9,LOW,True,formes;couleurs;sensoriel;hammamet,HIGH,RECOMMENDED
112,Sortie culturelle à Centre culturel international de Hammamet,Découverte culturelle avec discussion simple et production créative au retour.,SORTIE,Centre culturel international de Hammamet,"Hammamet Sud, Nabeul, Tunisie",Hammamet,hammamet;yasmine hammamet;nabeul,Tunisie,36.3965,10.6094,CULTURAL_CENTER,INDOOR,ALL,all,4,6,140,22,MEDIUM,True,culture;patrimoine;sortie;hammamet,HIGH,RECOMMENDED
113,Mini reportage enfants - Centre culturel international de Hammamet,"Les enfants observent, posent des questions et préparent un dessin souvenir.",ATELIER,Centre culturel international de Hammamet,"Hammamet Sud, Nabeul, Tunisie",Hammamet,hammamet;yasmine hammamet;nabeul,Tunisie,36.3965,10.6094,CULTURAL_CENTER,INDOOR,ALL,all,5,6,110,15,LOW,True,reportage;expression;observation;hammamet,VERY_HIGH,HIGHLY_RECOMMENDED
114,Fête thématique à Centre culturel international de Hammamet,Animation festive avec jeux musicaux et souvenirs autour d’un thème saisonnier.,FETE,Centre culturel international de Hammamet,"Hammamet Sud, Nabeul, Tunisie",Hammamet,hammamet;yasmine hammamet;nabeul,Tunisie,36.3965,10.6094,CULTURAL_CENTER,INDOOR,ETE,all,3,6,150,35,MEDIUM,True,fete;musique;animation;hammamet,MEDIUM,RECOMMENDED
115,Sortie sensorielle à Centre culturel international de Hammamet,"Jeux de textures, sons et couleurs pour stimuler les sens.",SORTIE,Centre culturel international de Hammamet,"Hammamet Sud, Nabeul, Tunisie",Hammamet,hammamet;yasmine hammamet;nabeul,Tunisie,36.3965,10.6094,CULTURAL_CENTER,INDOOR,ALL,all,2,6,100,16,MEDIUM,True,sensoriel;decouverte;sortie;hammamet,HIGH,RECOMMENDED
116,Atelier écologie à Centre culturel international de Hammamet,"Sensibilisation au respect du lieu, tri simple et geste citoyen.",ATELIER,Centre culturel international de Hammamet,"Hammamet Sud, Nabeul, Tunisie",Hammamet,hammamet;yasmine hammamet;nabeul,Tunisie,36.3965,10.6094,CULTURAL_CENTER,INDOOR,ALL,all,4,6,80,7,LOW,True,ecologie;citoyennete;tri;hammamet,VERY_HIGH,HIGHLY_RECOMMENDED
117,Visite découverte - Musée de Nabeul,"Observation guidée du lieu, vocabulaire nouveau et mini-jeu de repérage adapté aux enfants.",SORTIE,Musée de Nabeul,"Avenue Habib Bourguiba, Nabeul, Tunisie",Nabeul,nabeul;cap bon,Tunisie,36.4561,10.7376,MUSEUM,INDOOR,ALL,all,4,6,120,18,MEDIUM,True,decouverte;observation;sortie;nabeul,HIGH,RECOMMENDED
118,Atelier nature à Musée de Nabeul,"Activité d’observation, collecte symbolique et dessin autour de la nature du site.",ATELIER,Musée de Nabeul,"Avenue Habib Bourguiba, Nabeul, Tunisie",Nabeul,nabeul;cap bon,Tunisie,36.4561,10.7376,MUSEUM,INDOOR,PRINTEMPS,all,3,6,90,12,LOW,True,nature;observation;dessin;nabeul,VERY_HIGH,HIGHLY_RECOMMENDED
119,Conte itinérant à Musée de Nabeul,Lecture courte suivie d’un parcours de questions et d’images.,ACTIVITE,Musée de Nabeul,"Avenue Habib Bourguiba, Nabeul, Tunisie",Nabeul,nabeul;cap bon,Tunisie,36.4561,10.7376,MUSEUM,INDOOR,ALL,all,2,5,60,8,LOW,True,lecture;conte;langage;nabeul,HIGH,HIGHLY_RECOMMENDED
120,Chasse aux formes et couleurs - Musée de Nabeul,"Les enfants cherchent formes, couleurs et textures autour du lieu.",ACTIVITE,Musée de Nabeul,"Avenue Habib Bourguiba, Nabeul, Tunisie",Nabeul,nabeul;cap bon,Tunisie,36.4561,10.7376,MUSEUM,INDOOR,ALL,all,3,6,70,9,LOW,True,formes;couleurs;sensoriel;nabeul,HIGH,RECOMMENDED
121,Sortie culturelle à Musée de Nabeul,Découverte culturelle avec discussion simple et production créative au retour.,SORTIE,Musée de Nabeul,"Avenue Habib Bourguiba, Nabeul, Tunisie",Nabeul,nabeul;cap bon,Tunisie,36.4561,10.7376,MUSEUM,INDOOR,ALL,all,4,6,140,22,MEDIUM,True,culture;patrimoine;sortie;nabeul,HIGH,RECOMMENDED
122,Mini reportage enfants - Musée de Nabeul,"Les enfants observent, posent des questions et préparent un dessin souvenir.",ATELIER,Musée de Nabeul,"Avenue Habib Bourguiba, Nabeul, Tunisie",Nabeul,nabeul;cap bon,Tunisie,36.4561,10.7376,MUSEUM,INDOOR,ALL,all,5,6,110,15,LOW,True,reportage;expression;observation;nabeul,VERY_HIGH,HIGHLY_RECOMMENDED
123,Fête thématique à Musée de Nabeul,Animation festive avec jeux musicaux et souvenirs autour d’un thème saisonnier.,FETE,Musée de Nabeul,"Avenue Habib Bourguiba, Nabeul, Tunisie",Nabeul,nabeul;cap bon,Tunisie,36.4561,10.7376,MUSEUM,INDOOR,ETE,all,3,6,150,35,MEDIUM,True,fete;musique;animation;nabeul,MEDIUM,RECOMMENDED
124,Sortie sensorielle à Musée de Nabeul,"Jeux de textures, sons et couleurs pour stimuler les sens.",SORTIE,Musée de Nabeul,"Avenue Habib Bourguiba, Nabeul, Tunisie",Nabeul,nabeul;cap bon,Tunisie,36.4561,10.7376,MUSEUM,INDOOR,ALL,all,2,6,100,16,MEDIUM,True,sensoriel;decouverte;sortie;nabeul,HIGH,RECOMMENDED
125,Atelier écologie à Musée de Nabeul,"Sensibilisation au respect du lieu, tri simple et geste citoyen.",ATELIER,Musée de Nabeul,"Avenue Habib Bourguiba, Nabeul, Tunisie",Nabeul,nabeul;cap bon,Tunisie,36.4561,10.7376,MUSEUM,INDOOR,ALL,all,4,6,80,7,LOW,True,ecologie;citoyennete;tri;nabeul,VERY_HIGH,HIGHLY_RECOMMENDED
126,Visite découverte - Plage surveillée de Nabeul,"Observation guidée du lieu, vocabulaire nouveau et mini-jeu de repérage adapté aux enfants.",SORTIE,Plage surveillée de Nabeul,"Plage de Nabeul, Nabeul, Tunisie",Nabeul,nabeul;plage;cap bon,Tunisie,36.451,10.735,BEACH,OUTDOOR,ETE,all,4,6,120,18,MEDIUM,True,decouverte;observation;sortie;nabeul,HIGH,RECOMMENDED
127,Atelier nature à Plage surveillée de Nabeul,"Activité d’observation, collecte symbolique et dessin autour de la nature du site.",ATELIER,Plage surveillée de Nabeul,"Plage de Nabeul, Nabeul, Tunisie",Nabeul,nabeul;plage;cap bon,Tunisie,36.451,10.735,BEACH,OUTDOOR,ETE,all,3,6,90,12,LOW,True,nature;observation;dessin;nabeul,VERY_HIGH,HIGHLY_RECOMMENDED
128,Parcours motricité en plein air - Plage surveillée de Nabeul,"Jeux moteurs, équilibre et coordination dans un espace sécurisé en extérieur.",ACTIVITE,Plage surveillée de Nabeul,"Plage de Nabeul, Nabeul, Tunisie",Nabeul,nabeul;plage;cap bon,Tunisie,36.451,10.735,BEACH,OUTDOOR,ETE,all,3,6,75,10,LOW,True,motricite;plein_air;coordination;nabeul,HIGH,RECOMMENDED
129,Conte itinérant à Plage surveillée de Nabeul,Lecture courte suivie d’un parcours de questions et d’images.,ACTIVITE,Plage surveillée de Nabeul,"Plage de Nabeul, Nabeul, Tunisie",Nabeul,nabeul;plage;cap bon,Tunisie,36.451,10.735,BEACH,OUTDOOR,ETE,all,2,5,60,8,LOW,True,lecture;conte;langage;nabeul,HIGH,HIGHLY_RECOMMENDED
130,Chasse aux formes et couleurs - Plage surveillée de Nabeul,"Les enfants cherchent formes, couleurs et textures autour du lieu.",ACTIVITE,Plage surveillée de Nabeul,"Plage de Nabeul, Nabeul, Tunisie",Nabeul,nabeul;plage;cap bon,Tunisie,36.451,10.735,BEACH,OUTDOOR,ETE,all,3,6,70,9,LOW,True,formes;couleurs;sensoriel;nabeul,HIGH,RECOMMENDED
131,Sortie culturelle à Plage surveillée de Nabeul,Découverte culturelle avec discussion simple et production créative au retour.,SORTIE,Plage surveillée de Nabeul,"Plage de Nabeul, Nabeul, Tunisie",Nabeul,nabeul;plage;cap bon,Tunisie,36.451,10.735,BEACH,OUTDOOR,ETE,all,4,6,140,22,MEDIUM,True,culture;patrimoine;sortie;nabeul,HIGH,RECOMMENDED
132,Mini reportage enfants - Plage surveillée de Nabeul,"Les enfants observent, posent des questions et préparent un dessin souvenir.",ATELIER,Plage surveillée de Nabeul,"Plage de Nabeul, Nabeul, Tunisie",Nabeul,nabeul;plage;cap bon,Tunisie,36.451,10.735,BEACH,OUTDOOR,ETE,all,5,6,110,15,LOW,True,reportage;expression;observation;nabeul,VERY_HIGH,HIGHLY_RECOMMENDED
133,Fête thématique à Plage surveillée de Nabeul,Animation festive avec jeux musicaux et souvenirs autour d’un thème saisonnier.,FETE,Plage surveillée de Nabeul,"Plage de Nabeul, Nabeul, Tunisie",Nabeul,nabeul;plage;cap bon,Tunisie,36.451,10.735,BEACH,OUTDOOR,ETE,all,3,6,150,35,MEDIUM,True,fete;musique;animation;nabeul,MEDIUM,RECOMMENDED
134,Sortie sensorielle à Plage surveillée de Nabeul,"Jeux de textures, sons et couleurs pour stimuler les sens.",SORTIE,Plage surveillée de Nabeul,"Plage de Nabeul, Nabeul, Tunisie",Nabeul,nabeul;plage;cap bon,Tunisie,36.451,10.735,BEACH,OUTDOOR,ETE,all,2,6,100,16,MEDIUM,True,sensoriel;decouverte;sortie;nabeul,HIGH,RECOMMENDED
135,Atelier écologie à Plage surveillée de Nabeul,"Sensibilisation au respect du lieu, tri simple et geste citoyen.",ATELIER,Plage surveillée de Nabeul,"Plage de Nabeul, Nabeul, Tunisie",Nabeul,nabeul;plage;cap bon,Tunisie,36.451,10.735,BEACH,OUTDOOR,ETE,all,4,6,80,7,LOW,True,ecologie;citoyennete;tri;nabeul,VERY_HIGH,HIGHLY_RECOMMENDED
136,Visite découverte - Médina de Sfax,"Observation guidée du lieu, vocabulaire nouveau et mini-jeu de repérage adapté aux enfants.",SORTIE,Médina de Sfax,"Médina, Sfax, Tunisie",Sfax,sfax;medina;sud,Tunisie,34.7406,10.7603,HISTORIC_SITE,OUTDOOR,ALL,all,4,6,120,15,LOW,True,decouverte;observation;sortie;sfax,HIGH,RECOMMENDED
137,Atelier nature à Médina de Sfax,"Activité d’observation, collecte symbolique et dessin autour de la nature du site.",ATELIER,Médina de Sfax,"Médina, Sfax, Tunisie",Sfax,sfax;medina;sud,Tunisie,34.7406,10.7603,HISTORIC_SITE,OUTDOOR,PRINTEMPS,all,3,6,90,9,LOW,True,nature;observation;dessin;sfax,VERY_HIGH,HIGHLY_RECOMMENDED
138,Parcours motricité en plein air - Médina de Sfax,"Jeux moteurs, équilibre et coordination dans un espace sécurisé en extérieur.",ACTIVITE,Médina de Sfax,"Médina, Sfax, Tunisie",Sfax,sfax;medina;sud,Tunisie,34.7406,10.7603,HISTORIC_SITE,OUTDOOR,ALL,all,3,6,75,7,LOW,True,motricite;plein_air;coordination;sfax,HIGH,HIGHLY_RECOMMENDED
139,Conte itinérant à Médina de Sfax,Lecture courte suivie d’un parcours de questions et d’images.,ACTIVITE,Médina de Sfax,"Médina, Sfax, Tunisie",Sfax,sfax;medina;sud,Tunisie,34.7406,10.7603,HISTORIC_SITE,OUTDOOR,ALL,all,2,5,60,5,LOW,True,lecture;conte;langage;sfax,HIGH,HIGHLY_RECOMMENDED
140,Chasse aux formes et couleurs - Médina de Sfax,"Les enfants cherchent formes, couleurs et textures autour du lieu.",ACTIVITE,Médina de Sfax,"Médina, Sfax, Tunisie",Sfax,sfax;medina;sud,Tunisie,34.7406,10.7603,HISTORIC_SITE,OUTDOOR,ALL,all,3,6,70,6,LOW,True,formes;couleurs;sensoriel;sfax,HIGH,HIGHLY_RECOMMENDED
141,Sortie culturelle à Médina de Sfax,Découverte culturelle avec discussion simple et production créative au retour.,SORTIE,Médina de Sfax,"Médina, Sfax, Tunisie",Sfax,sfax;medina;sud,Tunisie,34.7406,10.7603,HISTORIC_SITE,OUTDOOR,ALL,all,4,6,140,19,MEDIUM,True,culture;patrimoine;sortie;sfax,HIGH,RECOMMENDED
142,Mini reportage enfants - Médina de Sfax,"Les enfants observent, posent des questions et préparent un dessin souvenir.",ATELIER,Médina de Sfax,"Médina, Sfax, Tunisie",Sfax,sfax;medina;sud,Tunisie,34.7406,10.7603,HISTORIC_SITE,OUTDOOR,ALL,all,5,6,110,12,LOW,True,reportage;expression;observation;sfax,VERY_HIGH,HIGHLY_RECOMMENDED
143,Fête thématique à Médina de Sfax,Animation festive avec jeux musicaux et souvenirs autour d’un thème saisonnier.,FETE,Médina de Sfax,"Médina, Sfax, Tunisie",Sfax,sfax;medina;sud,Tunisie,34.7406,10.7603,HISTORIC_SITE,OUTDOOR,ETE,all,3,6,150,32,MEDIUM,True,fete;musique;animation;sfax,MEDIUM,RECOMMENDED
144,Sortie sensorielle à Médina de Sfax,"Jeux de textures, sons et couleurs pour stimuler les sens.",SORTIE,Médina de Sfax,"Médina, Sfax, Tunisie",Sfax,sfax;medina;sud,Tunisie,34.7406,10.7603,HISTORIC_SITE,OUTDOOR,ALL,all,2,6,100,13,LOW,True,sensoriel;decouverte;sortie;sfax,HIGH,RECOMMENDED
145,Atelier écologie à Médina de Sfax,"Sensibilisation au respect du lieu, tri simple et geste citoyen.",ATELIER,Médina de Sfax,"Médina, Sfax, Tunisie",Sfax,sfax;medina;sud,Tunisie,34.7406,10.7603,HISTORIC_SITE,OUTDOOR,ALL,all,4,6,80,4,LOW,True,ecologie;citoyennete;tri;sfax,VERY_HIGH,HIGHLY_RECOMMENDED
146,Visite découverte - Complexe culturel Mohamed Jamoussi,"Observation guidée du lieu, vocabulaire nouveau et mini-jeu de repérage adapté aux enfants.",SORTIE,Complexe culturel Mohamed Jamoussi,"Sfax, Tunisie",Sfax,sfax;culture;sud,Tunisie,34.7478,10.7661,CULTURAL_CENTER,INDOOR,ALL,all,4,6,120,15,LOW,True,decouverte;observation;sortie;sfax,HIGH,RECOMMENDED
147,Atelier nature à Complexe culturel Mohamed Jamoussi,"Activité d’observation, collecte symbolique et dessin autour de la nature du site.",ATELIER,Complexe culturel Mohamed Jamoussi,"Sfax, Tunisie",Sfax,sfax;culture;sud,Tunisie,34.7478,10.7661,CULTURAL_CENTER,INDOOR,PRINTEMPS,all,3,6,90,9,LOW,True,nature;observation;dessin;sfax,VERY_HIGH,HIGHLY_RECOMMENDED
148,Parcours motricité en plein air - Complexe culturel Mohamed Jamoussi,"Jeux moteurs, équilibre et coordination dans un espace sécurisé en extérieur.",ACTIVITE,Complexe culturel Mohamed Jamoussi,"Sfax, Tunisie",Sfax,sfax;culture;sud,Tunisie,34.7478,10.7661,CULTURAL_CENTER,INDOOR,ALL,all,3,6,75,7,LOW,True,motricite;plein_air;coordination;sfax,HIGH,HIGHLY_RECOMMENDED
149,Conte itinérant à Complexe culturel Mohamed Jamoussi,Lecture courte suivie d’un parcours de questions et d’images.,ACTIVITE,Complexe culturel Mohamed Jamoussi,"Sfax, Tunisie",Sfax,sfax;culture;sud,Tunisie,34.7478,10.7661,CULTURAL_CENTER,INDOOR,ALL,all,2,5,60,5,LOW,True,lecture;conte;langage;sfax,HIGH,HIGHLY_RECOMMENDED
150,Chasse aux formes et couleurs - Complexe culturel Mohamed Jamoussi,"Les enfants cherchent formes, couleurs et textures autour du lieu.",ACTIVITE,Complexe culturel Mohamed Jamoussi,"Sfax, Tunisie",Sfax,sfax;culture;sud,Tunisie,34.7478,10.7661,CULTURAL_CENTER,INDOOR,ALL,all,3,6,70,6,LOW,True,formes;couleurs;sensoriel;sfax,HIGH,HIGHLY_RECOMMENDED
151,Sortie culturelle à Complexe culturel Mohamed Jamoussi,Découverte culturelle avec discussion simple et production créative au retour.,SORTIE,Complexe culturel Mohamed Jamoussi,"Sfax, Tunisie",Sfax,sfax;culture;sud,Tunisie,34.7478,10.7661,CULTURAL_CENTER,INDOOR,ALL,all,4,6,140,19,MEDIUM,True,culture;patrimoine;sortie;sfax,HIGH,RECOMMENDED
152,Mini reportage enfants - Complexe culturel Mohamed Jamoussi,"Les enfants observent, posent des questions et préparent un dessin souvenir.",ATELIER,Complexe culturel Mohamed Jamoussi,"Sfax, Tunisie",Sfax,sfax;culture;sud,Tunisie,34.7478,10.7661,CULTURAL_CENTER,INDOOR,ALL,all,5,6,110,12,LOW,True,reportage;expression;observation;sfax,VERY_HIGH,HIGHLY_RECOMMENDED
153,Fête thématique à Complexe culturel Mohamed Jamoussi,Animation festive avec jeux musicaux et souvenirs autour d’un thème saisonnier.,FETE,Complexe culturel Mohamed Jamoussi,"Sfax, Tunisie",Sfax,sfax;culture;sud,Tunisie,34.7478,10.7661,CULTURAL_CENTER,INDOOR,ETE,all,3,6,150,32,MEDIUM,True,fete;musique;animation;sfax,MEDIUM,RECOMMENDED
154,Sortie sensorielle à Complexe culturel Mohamed Jamoussi,"Jeux de textures, sons et couleurs pour stimuler les sens.",SORTIE,Complexe culturel Mohamed Jamoussi,"Sfax, Tunisie",Sfax,sfax;culture;sud,Tunisie,34.7478,10.7661,CULTURAL_CENTER,INDOOR,ALL,all,2,6,100,13,LOW,True,sensoriel;decouverte;sortie;sfax,HIGH,RECOMMENDED
155,Atelier écologie à Complexe culturel Mohamed Jamoussi,"Sensibilisation au respect du lieu, tri simple et geste citoyen.",ATELIER,Complexe culturel Mohamed Jamoussi,"Sfax, Tunisie",Sfax,sfax;culture;sud,Tunisie,34.7478,10.7661,CULTURAL_CENTER,INDOOR,ALL,all,4,6,80,4,LOW,True,ecologie;citoyennete;tri;sfax,VERY_HIGH,HIGHLY_RECOMMENDED
156,Visite découverte - Ribat de Monastir,"Observation guidée du lieu, vocabulaire nouveau et mini-jeu de repérage adapté aux enfants.",SORTIE,Ribat de Monastir,"Ribat, Monastir, Tunisie",Monastir,monastir;ribat;sahel,Tunisie,35.777,10.833,HISTORIC_SITE,OUTDOOR,ALL,all,4,6,120,18,MEDIUM,True,decouverte;observation;sortie;monastir,HIGH,RECOMMENDED
157,Atelier nature à Ribat de Monastir,"Activité d’observation, collecte symbolique et dessin autour de la nature du site.",ATELIER,Ribat de Monastir,"Ribat, Monastir, Tunisie",Monastir,monastir;ribat;sahel,Tunisie,35.777,10.833,HISTORIC_SITE,OUTDOOR,PRINTEMPS,all,3,6,90,12,LOW,True,nature;observation;dessin;monastir,VERY_HIGH,HIGHLY_RECOMMENDED
158,Parcours motricité en plein air - Ribat de Monastir,"Jeux moteurs, équilibre et coordination dans un espace sécurisé en extérieur.",ACTIVITE,Ribat de Monastir,"Ribat, Monastir, Tunisie",Monastir,monastir;ribat;sahel,Tunisie,35.777,10.833,HISTORIC_SITE,OUTDOOR,ALL,all,3,6,75,10,LOW,True,motricite;plein_air;coordination;monastir,HIGH,RECOMMENDED
159,Conte itinérant à Ribat de Monastir,Lecture courte suivie d’un parcours de questions et d’images.,ACTIVITE,Ribat de Monastir,"Ribat, Monastir, Tunisie",Monastir,monastir;ribat;sahel,Tunisie,35.777,10.833,HISTORIC_SITE,OUTDOOR,ALL,all,2,5,60,8,LOW,True,lecture;conte;langage;monastir,HIGH,HIGHLY_RECOMMENDED
160,Chasse aux formes et couleurs - Ribat de Monastir,"Les enfants cherchent formes, couleurs et textures autour du lieu.",ACTIVITE,Ribat de Monastir,"Ribat, Monastir, Tunisie",Monastir,monastir;ribat;sahel,Tunisie,35.777,10.833,HISTORIC_SITE,OUTDOOR,ALL,all,3,6,70,9,LOW,True,formes;couleurs;sensoriel;monastir,HIGH,RECOMMENDED
161,Visite découverte - Vieux Port de Bizerte,"Observation guidée du lieu, vocabulaire nouveau et mini-jeu de repérage adapté aux enfants.",SORTIE,Vieux Port de Bizerte,"Vieux Port, Bizerte, Tunisie",Bizerte,bizerte;port;nord,Tunisie,37.2746,9.8739,HISTORIC_SITE,OUTDOOR,ALL,all,4,6,120,15,LOW,True,decouverte;observation;sortie;bizerte,HIGH,RECOMMENDED
162,Atelier nature à Vieux Port de Bizerte,"Activité d’observation, collecte symbolique et dessin autour de la nature du site.",ATELIER,Vieux Port de Bizerte,"Vieux Port, Bizerte, Tunisie",Bizerte,bizerte;port;nord,Tunisie,37.2746,9.8739,HISTORIC_SITE,OUTDOOR,PRINTEMPS,all,3,6,90,9,LOW,True,nature;observation;dessin;bizerte,VERY_HIGH,HIGHLY_RECOMMENDED
163,Parcours motricité en plein air - Vieux Port de Bizerte,"Jeux moteurs, équilibre et coordination dans un espace sécurisé en extérieur.",ACTIVITE,Vieux Port de Bizerte,"Vieux Port, Bizerte, Tunisie",Bizerte,bizerte;port;nord,Tunisie,37.2746,9.8739,HISTORIC_SITE,OUTDOOR,ALL,all,3,6,75,7,LOW,True,motricite;plein_air;coordination;bizerte,HIGH,HIGHLY_RECOMMENDED
164,Conte itinérant à Vieux Port de Bizerte,Lecture courte suivie d’un parcours de questions et d’images.,ACTIVITE,Vieux Port de Bizerte,"Vieux Port, Bizerte, Tunisie",Bizerte,bizerte;port;nord,Tunisie,37.2746,9.8739,HISTORIC_SITE,OUTDOOR,ALL,all,2,5,60,5,LOW,True,lecture;conte;langage;bizerte,HIGH,HIGHLY_RECOMMENDED
165,Chasse aux formes et couleurs - Vieux Port de Bizerte,"Les enfants cherchent formes, couleurs et textures autour du lieu.",ACTIVITE,Vieux Port de Bizerte,"Vieux Port, Bizerte, Tunisie",Bizerte,bizerte;port;nord,Tunisie,37.2746,9.8739,HISTORIC_SITE,OUTDOOR,ALL,all,3,6,70,6,LOW,True,formes;couleurs;sensoriel;bizerte,HIGH,HIGHLY_RECOMMENDED
166,Visite découverte - Bassins des Aghlabides,"Observation guidée du lieu, vocabulaire nouveau et mini-jeu de repérage adapté aux enfants.",SORTIE,Bassins des Aghlabides,"Kairouan, Tunisie",Kairouan,kairouan;aghlabides;centre,Tunisie,35.6814,10.1019,HISTORIC_SITE,OUTDOOR,ALL,all,4,6,120,15,LOW,True,decouverte;observation;sortie;kairouan,HIGH,RECOMMENDED
167,Atelier nature à Bassins des Aghlabides,"Activité d’observation, collecte symbolique et dessin autour de la nature du site.",ATELIER,Bassins des Aghlabides,"Kairouan, Tunisie",Kairouan,kairouan;aghlabides;centre,Tunisie,35.6814,10.1019,HISTORIC_SITE,OUTDOOR,PRINTEMPS,all,3,6,90,9,LOW,True,nature;observation;dessin;kairouan,VERY_HIGH,HIGHLY_RECOMMENDED
168,Parcours motricité en plein air - Bassins des Aghlabides,"Jeux moteurs, équilibre et coordination dans un espace sécurisé en extérieur.",ACTIVITE,Bassins des Aghlabides,"Kairouan, Tunisie",Kairouan,kairouan;aghlabides;centre,Tunisie,35.6814,10.1019,HISTORIC_SITE,OUTDOOR,ALL,all,3,6,75,7,LOW,True,motricite;plein_air;coordination;kairouan,HIGH,HIGHLY_RECOMMENDED
169,Conte itinérant à Bassins des Aghlabides,Lecture courte suivie d’un parcours de questions et d’images.,ACTIVITE,Bassins des Aghlabides,"Kairouan, Tunisie",Kairouan,kairouan;aghlabides;centre,Tunisie,35.6814,10.1019,HISTORIC_SITE,OUTDOOR,ALL,all,2,5,60,5,LOW,True,lecture;conte;langage;kairouan,HIGH,HIGHLY_RECOMMENDED
170,Chasse aux formes et couleurs - Bassins des Aghlabides,"Les enfants cherchent formes, couleurs et textures autour du lieu.",ACTIVITE,Bassins des Aghlabides,"Kairouan, Tunisie",Kairouan,kairouan;aghlabides;centre,Tunisie,35.6814,10.1019,HISTORIC_SITE,OUTDOOR,ALL,all,3,6,70,6,LOW,True,formes;couleurs;sensoriel;kairouan,HIGH,HIGHLY_RECOMMENDED
171,Atelier peinture et couleurs,"Peinture guidée, reconnaissance des couleurs et expression libre.",ATELIER,Garderie TinySpring Ariana,"20 rue Ahmed Tlili, Rue Ahmed Tlili, Ariana, Tunisie",Ariana,ariana;tunis nord;ennasr;el menzah;menzah 5;menzah 6;raoued;soukra,Tunisie,36.862983100999514,10.195089783707608,DAYCARE,INDOOR,ALL,all,2,6,55,0,LOW,False,art;peinture;couleurs;motricite_fine,HIGH,HIGHLY_RECOMMENDED
172,Atelier peinture et couleurs,"Peinture guidée, reconnaissance des couleurs et expression libre.",ATELIER,Garderie TinySpring Ariana,"20 rue Ahmed Tlili, Rue Ahmed Tlili, Ariana, Tunisie",Ariana,ariana;tunis nord;ennasr;el menzah;menzah 5;menzah 6;raoued;soukra,Tunisie,36.861673877665254,10.19544384363937,DAYCARE,INDOOR,SPRING,mai,2,6,45,10,MEDIUM,False,art;peinture;couleurs;motricite_fine,HIGH,HIGHLY_RECOMMENDED
173,Atelier peinture et couleurs,"Peinture guidée, reconnaissance des couleurs et expression libre.",ATELIER,Garderie TinySpring Ariana,"20 rue Ahmed Tlili, Rue Ahmed Tlili, Ariana, Tunisie",Ariana,ariana;tunis nord;ennasr;el menzah;menzah 5;menzah 6;raoued;soukra,Tunisie,36.8625107105762,10.194653071939369,DAYCARE,INDOOR,SUMMER,juin,2,6,55,4,LOW,False,art;peinture;couleurs;motricite_fine,HIGH,HIGHLY_RECOMMENDED
174,Atelier peinture et couleurs,"Peinture guidée, reconnaissance des couleurs et expression libre.",ATELIER,Garderie TinySpring Ariana,"20 rue Ahmed Tlili, Rue Ahmed Tlili, Ariana, Tunisie",Ariana,ariana;tunis nord;ennasr;el menzah;menzah 5;menzah 6;raoued;soukra,Tunisie,36.86194088124408,10.195778531367752,DAYCARE,INDOOR,AUTUMN,novembre,2,6,45,8,LOW,False,art;peinture;couleurs;motricite_fine,HIGH,HIGHLY_RECOMMENDED
175,Atelier peinture et couleurs,"Peinture guidée, reconnaissance des couleurs et expression libre.",ATELIER,Garderie TinySpring Ariana,"20 rue Ahmed Tlili, Rue Ahmed Tlili, Ariana, Tunisie",Ariana,ariana;tunis nord;ennasr;el menzah;menzah 5;menzah 6;raoued;soukra,Tunisie,36.86205574268334,10.195030627524217,DAYCARE,INDOOR,WINTER,decembre,2,6,60,6,LOW,False,art;peinture;couleurs;motricite_fine,HIGH,HIGHLY_RECOMMENDED
176,Atelier pâte à modeler,Modelage sensoriel avec formes simples et consignes adaptées.,ATELIER,Garderie TinySpring Ariana,"20 rue Ahmed Tlili, Rue Ahmed Tlili, Ariana, Tunisie",Ariana,ariana;tunis nord;ennasr;el menzah;menzah 5;menzah 6;raoued;soukra,Tunisie,36.86295946357338,10.19567245618291,DAYCARE,INDOOR,SPRING,mai,2,5,60,0,LOW,False,sensoriel;pate_a_modeler;motricite_fine,HIGH,HIGHLY_RECOMMENDED
177,Atelier pâte à modeler,Modelage sensoriel avec formes simples et consignes adaptées.,ATELIER,Garderie TinySpring Ariana,"20 rue Ahmed Tlili, Rue Ahmed Tlili, Ariana, Tunisie",Ariana,ariana;tunis nord;ennasr;el menzah;menzah 5;menzah 6;raoued;soukra,Tunisie,36.8631588093285,10.19583703950473,DAYCARE,INDOOR,SUMMER,juin,2,5,55,6,LOW,False,sensoriel;pate_a_modeler;motricite_fine,HIGH,HIGHLY_RECOMMENDED
178,Atelier pâte à modeler,Modelage sensoriel avec formes simples et consignes adaptées.,ATELIER,Garderie TinySpring Ariana,"20 rue Ahmed Tlili, Rue Ahmed Tlili, Ariana, Tunisie",Ariana,ariana;tunis nord;ennasr;el menzah;menzah 5;menzah 6;raoued;soukra,Tunisie,36.86159164876731,10.195055796551303,DAYCARE,INDOOR,AUTUMN,novembre,2,5,55,0,LOW,False,sensoriel;pate_a_modeler;motricite_fine,HIGH,HIGHLY_RECOMMENDED
179,Atelier pâte à modeler,Modelage sensoriel avec formes simples et consignes adaptées.,ATELIER,Garderie TinySpring Ariana,"20 rue Ahmed Tlili, Rue Ahmed Tlili, Ariana, Tunisie",Ariana,ariana;tunis nord;ennasr;el menzah;menzah 5;menzah 6;raoued;soukra,Tunisie,36.86226025245008,10.195506820604738,DAYCARE,INDOOR,WINTER,decembre,2,5,55,0,LOW,False,sensoriel;pate_a_modeler;motricite_fine,HIGH,HIGHLY_RECOMMENDED
180,Lecture de contes illustrés,"Histoires courtes, images et discussion pour stimuler le langage.",ACTIVITE,Garderie TinySpring Ariana,"20 rue Ahmed Tlili, Rue Ahmed Tlili, Ariana, Tunisie",Ariana,ariana;tunis nord;ennasr;el menzah;menzah 5;menzah 6;raoued;soukra,Tunisie,36.86221054140045,10.195940350348756,DAYCARE,INDOOR,ALL,all,2,6,30,6,LOW,False,lecture;contes;langage;calme,VERY_HIGH,HIGHLY_RECOMMENDED
181,Lecture de contes illustrés,"Histoires courtes, images et discussion pour stimuler le langage.",ACTIVITE,Garderie TinySpring Ariana,"20 rue Ahmed Tlili, Rue Ahmed Tlili, Ariana, Tunisie",Ariana,ariana;tunis nord;ennasr;el menzah;menzah 5;menzah 6;raoued;soukra,Tunisie,36.8629582535959,10.194926804987524,DAYCARE,INDOOR,SPRING,mai,2,6,50,10,MEDIUM,False,lecture;contes;langage;calme,VERY_HIGH,HIGHLY_RECOMMENDED
182,Lecture de contes illustrés,"Histoires courtes, images et discussion pour stimuler le langage.",ACTIVITE,Garderie TinySpring Ariana,"20 rue Ahmed Tlili, Rue Ahmed Tlili, Ariana, Tunisie",Ariana,ariana;tunis nord;ennasr;el menzah;menzah 5;menzah 6;raoued;soukra,Tunisie,36.86286922850198,10.196285703840381,DAYCARE,INDOOR,SUMMER,juillet,2,6,30,4,LOW,False,lecture;contes;langage;calme,VERY_HIGH,HIGHLY_RECOMMENDED
183,Lecture de contes illustrés,"Histoires courtes, images et discussion pour stimuler le langage.",ACTIVITE,Garderie TinySpring Ariana,"20 rue Ahmed Tlili, Rue Ahmed Tlili, Ariana, Tunisie",Ariana,ariana;tunis nord;ennasr;el menzah;menzah 5;menzah 6;raoued;soukra,Tunisie,36.86230232957404,10.194732377210423,DAYCARE,INDOOR,AUTUMN,septembre,2,6,45,6,LOW,False,lecture;contes;langage;calme,VERY_HIGH,HIGHLY_RECOMMENDED
184,Lecture de contes illustrés,"Histoires courtes, images et discussion pour stimuler le langage.",ACTIVITE,Garderie TinySpring Ariana,"20 rue Ahmed Tlili, Rue Ahmed Tlili, Ariana, Tunisie",Ariana,ariana;tunis nord;ennasr;el menzah;menzah 5;menzah 6;raoued;soukra,Tunisie,36.86326936630777,10.195885703740402,DAYCARE,INDOOR,WINTER,decembre,2,6,40,8,LOW,False,lecture;contes;langage;calme,VERY_HIGH,HIGHLY_RECOMMENDED
185,Sortie découverte nature,"Observation des arbres, oiseaux, feuilles et petits jeux calmes.",SORTIE,Garderie TinySpring Ariana,"20 rue Ahmed Tlili, Rue Ahmed Tlili, Ariana, Tunisie",Ariana,ariana;tunis nord;ennasr;el menzah;menzah 5;menzah 6;raoued;soukra,Tunisie,36.86298997796418,10.195677954579335,DAYCARE,INDOOR,ALL,all,3,6,110,4,LOW,True,nature;observation;ecologie;sortie,VERY_HIGH,HIGHLY_RECOMMENDED
186,Sortie découverte nature,"Observation des arbres, oiseaux, feuilles et petits jeux calmes.",SORTIE,Garderie TinySpring Ariana,"20 rue Ahmed Tlili, Rue Ahmed Tlili, Ariana, Tunisie",Ariana,ariana;tunis nord;ennasr;el menzah;menzah 5;menzah 6;raoued;soukra,Tunisie,36.863494651555975,10.194876663489783,DAYCARE,INDOOR,SPRING,mai,3,6,110,4,LOW,True,nature;observation;ecologie;sortie,VERY_HIGH,HIGHLY_RECOMMENDED
187,Sortie découverte nature,"Observation des arbres, oiseaux, feuilles et petits jeux calmes.",SORTIE,Garderie TinySpring Ariana,"20 rue Ahmed Tlili, Rue Ahmed Tlili, Ariana, Tunisie",Ariana,ariana;tunis nord;ennasr;el menzah;menzah 5;menzah 6;raoued;soukra,Tunisie,36.8627548920834,10.196184158728727,DAYCARE,INDOOR,SUMMER,juin,3,6,110,4,LOW,True,nature;observation;ecologie;sortie,VERY_HIGH,HIGHLY_RECOMMENDED
188,Sortie découverte nature,"Observation des arbres, oiseaux, feuilles et petits jeux calmes.",SORTIE,Garderie TinySpring Ariana,"20 rue Ahmed Tlili, Rue Ahmed Tlili, Ariana, Tunisie",Ariana,ariana;tunis nord;ennasr;el menzah;menzah 5;menzah 6;raoued;soukra,Tunisie,36.86269177685672,10.19553609977557,DAYCARE,INDOOR,AUTUMN,novembre,3,6,105,8,LOW,True,nature;observation;ecologie;sortie,VERY_HIGH,HIGHLY_RECOMMENDED
189,Sortie découverte nature,"Observation des arbres, oiseaux, feuilles et petits jeux calmes.",SORTIE,Garderie TinySpring Ariana,"20 rue Ahmed Tlili, Rue Ahmed Tlili, Ariana, Tunisie",Ariana,ariana;tunis nord;ennasr;el menzah;menzah 5;menzah 6;raoued;soukra,Tunisie,36.86286342073805,10.195673940660818,DAYCARE,INDOOR,WINTER,fevrier,3,6,105,0,LOW,True,nature;observation;ecologie;sortie,VERY_HIGH,HIGHLY_RECOMMENDED
190,Mini randonnée éducative,"Promenade courte avec pauses, consignes de sécurité et découverte.",SORTIE,Garderie TinySpring Ariana,"20 rue Ahmed Tlili, Rue Ahmed Tlili, Ariana, Tunisie",Ariana,ariana;tunis nord;ennasr;el menzah;menzah 5;menzah 6;raoued;soukra,Tunisie,36.86236953050133,10.195507447412659,DAYCARE,INDOOR,ALL,all,4,6,105,6,LOW,True,marche;nature;autonomie;securite,HIGH,RECOMMENDED
191,Mini randonnée éducative,"Promenade courte avec pauses, consignes de sécurité et découverte.",SORTIE,Garderie TinySpring Ariana,"20 rue Ahmed Tlili, Rue Ahmed Tlili, Ariana, Tunisie",Ariana,ariana;tunis nord;ennasr;el menzah;menzah 5;menzah 6;raoued;soukra,Tunisie,36.86324103713967,10.195196889582897,DAYCARE,INDOOR,SPRING,mai,4,6,100,0,LOW,True,marche;nature;autonomie;securite,HIGH,RECOMMENDED
192,Mini randonnée éducative,"Promenade courte avec pauses, consignes de sécurité et découverte.",SORTIE,Garderie TinySpring Ariana,"20 rue Ahmed Tlili, Rue Ahmed Tlili, Ariana, Tunisie",Ariana,ariana;tunis nord;ennasr;el menzah;menzah 5;menzah 6;raoued;soukra,Tunisie,36.863406999495304,10.196444868161237,DAYCARE,INDOOR,SUMMER,juin,4,6,90,10,MEDIUM,True,marche;nature;autonomie;securite,HIGH,RECOMMENDED
193,Mini randonnée éducative,"Promenade courte avec pauses, consignes de sécurité et découverte.",SORTIE,Garderie TinySpring Ariana,"20 rue Ahmed Tlili, Rue Ahmed Tlili, Ariana, Tunisie",Ariana,ariana;tunis nord;ennasr;el menzah;menzah 5;menzah 6;raoued;soukra,Tunisie,36.86172373545064,10.195325961534362,DAYCARE,INDOOR,AUTUMN,novembre,4,6,105,0,LOW,True,marche;nature;autonomie;securite,HIGH,RECOMMENDED
194,Mini randonnée éducative,"Promenade courte avec pauses, consignes de sécurité et découverte.",SORTIE,Garderie TinySpring Ariana,"20 rue Ahmed Tlili, Rue Ahmed Tlili, Ariana, Tunisie",Ariana,ariana;tunis nord;ennasr;el menzah;menzah 5;menzah 6;raoued;soukra,Tunisie,36.86339389889059,10.194771306904137,DAYCARE,INDOOR,WINTER,decembre,4,6,110,10,MEDIUM,True,marche;nature;autonomie;securite,HIGH,RECOMMENDED
195,Visite musée adaptée enfants,Découverte accompagnée avec jeu de questions simples et dessins après visite.,SORTIE,Garderie TinySpring Ariana,"20 rue Ahmed Tlili, Rue Ahmed Tlili, Ariana, Tunisie",Ariana,ariana;tunis nord;ennasr;el menzah;menzah 5;menzah 6;raoued;soukra,Tunisie,36.861756782929,10.195550564756198,DAYCARE,INDOOR,ALL,all,4,6,130,4,LOW,True,musee;culture;histoire;observation,VERY_HIGH,HIGHLY_RECOMMENDED
196,Visite musée adaptée enfants,Découverte accompagnée avec jeu de questions simples et dessins après visite.,SORTIE,Garderie TinySpring Ariana,"20 rue Ahmed Tlili, Rue Ahmed Tlili, Ariana, Tunisie",Ariana,ariana;tunis nord;ennasr;el menzah;menzah 5;menzah 6;raoued;soukra,Tunisie,36.863428725812014,10.196457826986006,DAYCARE,INDOOR,SPRING,avril,4,6,130,8,LOW,True,musee;culture;histoire;observation,VERY_HIGH,HIGHLY_RECOMMENDED
197,Visite musée adaptée enfants,Découverte accompagnée avec jeu de questions simples et dessins après visite.,SORTIE,Garderie TinySpring Ariana,"20 rue Ahmed Tlili, Rue Ahmed Tlili, Ariana, Tunisie",Ariana,ariana;tunis nord;ennasr;el menzah;menzah 5;menzah 6;raoued;soukra,Tunisie,36.86237620016782,10.195635151682072,DAYCARE,INDOOR,SUMMER,aout,4,6,120,6,LOW,True,musee;culture;histoire;observation,VERY_HIGH,HIGHLY_RECOMMENDED
198,Visite musée adaptée enfants,Découverte accompagnée avec jeu de questions simples et dessins après visite.,SORTIE,Garderie TinySpring Ariana,"20 rue Ahmed Tlili, Rue Ahmed Tlili, Ariana, Tunisie",Ariana,ariana;tunis nord;ennasr;el menzah;menzah 5;menzah 6;raoued;soukra,Tunisie,36.86154206852001,10.19570784304485,DAYCARE,INDOOR,AUTUMN,septembre,4,6,130,6,LOW,True,musee;culture;histoire;observation,VERY_HIGH,HIGHLY_RECOMMENDED
199,Visite musée adaptée enfants,Découverte accompagnée avec jeu de questions simples et dessins après visite.,SORTIE,Garderie TinySpring Ariana,"20 rue Ahmed Tlili, Rue Ahmed Tlili, Ariana, Tunisie",Ariana,ariana;tunis nord;ennasr;el menzah;menzah 5;menzah 6;raoued;soukra,Tunisie,36.86195788356762,10.196410840026013,DAYCARE,INDOOR,WINTER,decembre,4,6,135,0,LOW,True,musee;culture;histoire;observation,VERY_HIGH,HIGHLY_RECOMMENDED
200,Spectacle marionnettes,Spectacle court avec échange autour des émotions et personnages.,SPECTACLE,Garderie TinySpring Ariana,"20 rue Ahmed Tlili, Rue Ahmed Tlili, Ariana, Tunisie",Ariana,ariana;tunis nord;ennasr;el menzah;menzah 5;menzah 6;raoued;soukra,Tunisie,36.86205695452793,10.195570828998301,DAYCARE,INDOOR,ALL,all,2,6,70,4,LOW,False,spectacle;marionnettes;emotions;langage,HIGH,HIGHLY_RECOMMENDED
201,Spectacle marionnettes,Spectacle court avec échange autour des émotions et personnages.,SPECTACLE,Garderie TinySpring Ariana,"20 rue Ahmed Tlili, Rue Ahmed Tlili, Ariana, Tunisie",Ariana,ariana;tunis nord;ennasr;el menzah;menzah 5;menzah 6;raoued;soukra,Tunisie,36.86198599448479,10.19554594588589,DAYCARE,INDOOR,SPRING,mai,2,6,80,8,LOW,False,spectacle;marionnettes;emotions;langage,HIGH,HIGHLY_RECOMMENDED
202,Spectacle marionnettes,Spectacle court avec échange autour des émotions et personnages.,SPECTACLE,Garderie TinySpring Ariana,"20 rue Ahmed Tlili, Rue Ahmed Tlili, Ariana, Tunisie",Ariana,ariana;tunis nord;ennasr;el menzah;menzah 5;menzah 6;raoued;soukra,Tunisie,36.862208595133175,10.1954222045521,DAYCARE,INDOOR,SUMMER,juin,2,6,60,8,LOW,False,spectacle;marionnettes;emotions;langage,HIGH,HIGHLY_RECOMMENDED
203,Spectacle marionnettes,Spectacle court avec échange autour des émotions et personnages.,SPECTACLE,Garderie TinySpring Ariana,"20 rue Ahmed Tlili, Rue Ahmed Tlili, Ariana, Tunisie",Ariana,ariana;tunis nord;ennasr;el menzah;menzah 5;menzah 6;raoued;soukra,Tunisie,36.86295642717688,10.196201185021724,DAYCARE,INDOOR,AUTUMN,novembre,2,6,60,8,LOW,False,spectacle;marionnettes;emotions;langage,HIGH,HIGHLY_RECOMMENDED
204,Spectacle marionnettes,Spectacle court avec échange autour des émotions et personnages.,SPECTACLE,Garderie TinySpring Ariana,"20 rue Ahmed Tlili, Rue Ahmed Tlili, Ariana, Tunisie",Ariana,ariana;tunis nord;ennasr;el menzah;menzah 5;menzah 6;raoued;soukra,Tunisie,36.86239722709566,10.19544376327967,DAYCARE,INDOOR,WINTER,decembre,2,6,75,10,MEDIUM,False,spectacle;marionnettes;emotions;langage,HIGH,HIGHLY_RECOMMENDED
205,Conte musical,"Conte avec instruments, rythme et participation des enfants.",SPECTACLE,Garderie TinySpring Ariana,"20 rue Ahmed Tlili, Rue Ahmed Tlili, Ariana, Tunisie",Ariana,ariana;tunis nord;ennasr;el menzah;menzah 5;menzah 6;raoued;soukra,Tunisie,36.8623862614901,10.196322698209524,DAYCARE,INDOOR,ALL,all,2,6,50,0,LOW,False,musique;conte;rythme;ecoute,VERY_HIGH,HIGHLY_RECOMMENDED
206,Conte musical,"Conte avec instruments, rythme et participation des enfants.",SPECTACLE,Garderie TinySpring Ariana,"20 rue Ahmed Tlili, Rue Ahmed Tlili, Ariana, Tunisie",Ariana,ariana;tunis nord;ennasr;el menzah;menzah 5;menzah 6;raoued;soukra,Tunisie,36.86335273396601,10.196297391468828,DAYCARE,INDOOR,SPRING,mars,2,6,60,0,LOW,False,musique;conte;rythme;ecoute,VERY_HIGH,HIGHLY_RECOMMENDED
207,Conte musical,"Conte avec instruments, rythme et participation des enfants.",SPECTACLE,Garderie TinySpring Ariana,"20 rue Ahmed Tlili, Rue Ahmed Tlili, Ariana, Tunisie",Ariana,ariana;tunis nord;ennasr;el menzah;menzah 5;menzah 6;raoued;soukra,Tunisie,36.863229300788056,10.196404885731022,DAYCARE,INDOOR,SUMMER,juillet,2,6,60,4,LOW,False,musique;conte;rythme;ecoute,VERY_HIGH,HIGHLY_RECOMMENDED
208,Conte musical,"Conte avec instruments, rythme et participation des enfants.",SPECTACLE,Garderie TinySpring Ariana,"20 rue Ahmed Tlili, Rue Ahmed Tlili, Ariana, Tunisie",Ariana,ariana;tunis nord;ennasr;el menzah;menzah 5;menzah 6;raoued;soukra,Tunisie,36.86335303614712,10.19617025871359,DAYCARE,INDOOR,AUTUMN,octobre,2,6,65,6,LOW,False,musique;conte;rythme;ecoute,VERY_HIGH,HIGHLY_RECOMMENDED
209,Conte musical,"Conte avec instruments, rythme et participation des enfants.",SPECTACLE,Garderie TinySpring Ariana,"20 rue Ahmed Tlili, Rue Ahmed Tlili, Ariana, Tunisie",Ariana,ariana;tunis nord;ennasr;el menzah;menzah 5;menzah 6;raoued;soukra,Tunisie,36.86180959365055,10.195193415650989,DAYCARE,INDOOR,WINTER,janvier,2,6,50,8,LOW,False,musique;conte;rythme;ecoute,VERY_HIGH,HIGHLY_RECOMMENDED
210,Parcours motricité,"Sauts, équilibre, tunnel et coordination avec encadrement.",SPORT,Garderie TinySpring Ariana,"20 rue Ahmed Tlili, Rue Ahmed Tlili, Ariana, Tunisie",Ariana,ariana;tunis nord;ennasr;el menzah;menzah 5;menzah 6;raoued;soukra,Tunisie,36.86162191514295,10.19522720961954,DAYCARE,INDOOR,ALL,all,2,6,45,10,MEDIUM,False,sport;motricite;coordination;energie,HIGH,HIGHLY_RECOMMENDED
211,Parcours motricité,"Sauts, équilibre, tunnel et coordination avec encadrement.",SPORT,Garderie TinySpring Ariana,"20 rue Ahmed Tlili, Rue Ahmed Tlili, Ariana, Tunisie",Ariana,ariana;tunis nord;ennasr;el menzah;menzah 5;menzah 6;raoued;soukra,Tunisie,36.86181486545588,10.19652155780655,DAYCARE,INDOOR,SPRING,mai,2,6,45,10,MEDIUM,False,sport;motricite;coordination;energie,HIGH,HIGHLY_RECOMMENDED
212,Parcours motricité,"Sauts, équilibre, tunnel et coordination avec encadrement.",SPORT,Garderie TinySpring Ariana,"20 rue Ahmed Tlili, Rue Ahmed Tlili, Ariana, Tunisie",Ariana,ariana;tunis nord;ennasr;el menzah;menzah 5;menzah 6;raoued;soukra,Tunisie,36.862850425107204,10.195070407790002,DAYCARE,INDOOR,SUMMER,juin,2,6,45,0,LOW,False,sport;motricite;coordination;energie,HIGH,HIGHLY_RECOMMENDED
213,Parcours motricité,"Sauts, équilibre, tunnel et coordination avec encadrement.",SPORT,Garderie TinySpring Ariana,"20 rue Ahmed Tlili, Rue Ahmed Tlili, Ariana, Tunisie",Ariana,ariana;tunis nord;ennasr;el menzah;menzah 5;menzah 6;raoued;soukra,Tunisie,36.861579483324576,10.19476396681099,DAYCARE,INDOOR,AUTUMN,novembre,2,6,60,10,MEDIUM,False,sport;motricite;coordination;energie,HIGH,HIGHLY_RECOMMENDED
214,Parcours motricité,"Sauts, équilibre, tunnel et coordination avec encadrement.",SPORT,Garderie TinySpring Ariana,"20 rue Ahmed Tlili, Rue Ahmed Tlili, Ariana, Tunisie",Ariana,ariana;tunis nord;ennasr;el menzah;menzah 5;menzah 6;raoued;soukra,Tunisie,36.861977371905226,10.195391571693584,DAYCARE,INDOOR,WINTER,janvier,2,6,60,6,LOW,False,sport;motricite;coordination;energie,HIGH,HIGHLY_RECOMMENDED
215,Jeux collectifs doux,Jeux de ballon simples pour apprendre les règles et l équipe.,SPORT,Garderie TinySpring Ariana,"20 rue Ahmed Tlili, Rue Ahmed Tlili, Ariana, Tunisie",Ariana,ariana;tunis nord;ennasr;el menzah;menzah 5;menzah 6;raoued;soukra,Tunisie,36.861518630913764,10.195842318510987,DAYCARE,INDOOR,ALL,all,3,6,60,0,LOW,False,sport;cooperation;ballon;regles,HIGH,HIGHLY_RECOMMENDED
216,Jeux collectifs doux,Jeux de ballon simples pour apprendre les règles et l équipe.,SPORT,Garderie TinySpring Ariana,"20 rue Ahmed Tlili, Rue Ahmed Tlili, Ariana, Tunisie",Ariana,ariana;tunis nord;ennasr;el menzah;menzah 5;menzah 6;raoued;soukra,Tunisie,36.8620304008295,10.196466518755988,DAYCARE,INDOOR,SPRING,mars,3,6,60,10,MEDIUM,False,sport;cooperation;ballon;regles,HIGH,HIGHLY_RECOMMENDED
217,Jeux collectifs doux,Jeux de ballon simples pour apprendre les règles et l équipe.,SPORT,Garderie TinySpring Ariana,"20 rue Ahmed Tlili, Rue Ahmed Tlili, Ariana, Tunisie",Ariana,ariana;tunis nord;ennasr;el menzah;menzah 5;menzah 6;raoued;soukra,Tunisie,36.86237636914601,10.195686435924523,DAYCARE,INDOOR,SUMMER,juin,3,6,75,4,LOW,False,sport;cooperation;ballon;regles,HIGH,HIGHLY_RECOMMENDED
218,Jeux collectifs doux,Jeux de ballon simples pour apprendre les règles et l équipe.,SPORT,Garderie TinySpring Ariana,"20 rue Ahmed Tlili, Rue Ahmed Tlili, Ariana, Tunisie",Ariana,ariana;tunis nord;ennasr;el menzah;menzah 5;menzah 6;raoued;soukra,Tunisie,36.8620987575044,10.195926777429932,DAYCARE,INDOOR,AUTUMN,novembre,3,6,70,10,MEDIUM,False,sport;cooperation;ballon;regles,HIGH,HIGHLY_RECOMMENDED
219,Jeux collectifs doux,Jeux de ballon simples pour apprendre les règles et l équipe.,SPORT,Garderie TinySpring Ariana,"20 rue Ahmed Tlili, Rue Ahmed Tlili, Ariana, Tunisie",Ariana,ariana;tunis nord;ennasr;el menzah;menzah 5;menzah 6;raoued;soukra,Tunisie,36.861810895819545,10.195163512542916,DAYCARE,INDOOR,WINTER,janvier,3,6,70,10,MEDIUM,False,sport;cooperation;ballon;regles,HIGH,HIGHLY_RECOMMENDED
220,Fête saisonnière,"Décoration, chants, jeux et goûter selon la saison.",FETE,Garderie TinySpring Ariana,"20 rue Ahmed Tlili, Rue Ahmed Tlili, Ariana, Tunisie",Ariana,ariana;tunis nord;ennasr;el menzah;menzah 5;menzah 6;raoued;soukra,Tunisie,36.86251081811619,10.19510224250414,DAYCARE,INDOOR,ALL,all,2,6,75,6,LOW,False,fete;chants;decoration;socialisation,HIGH,HIGHLY_RECOMMENDED
221,Fête saisonnière,"Décoration, chants, jeux et goûter selon la saison.",FETE,Garderie TinySpring Ariana,"20 rue Ahmed Tlili, Rue Ahmed Tlili, Ariana, Tunisie",Ariana,ariana;tunis nord;ennasr;el menzah;menzah 5;menzah 6;raoued;soukra,Tunisie,36.86150709137817,10.19614223844604,DAYCARE,INDOOR,SPRING,mars,2,6,90,0,LOW,False,fete;chants;decoration;socialisation,HIGH,HIGHLY_RECOMMENDED
222,Fête saisonnière,"Décoration, chants, jeux et goûter selon la saison.",FETE,Garderie TinySpring Ariana,"20 rue Ahmed Tlili, Rue Ahmed Tlili, Ariana, Tunisie",Ariana,ariana;tunis nord;ennasr;el menzah;menzah 5;menzah 6;raoued;soukra,Tunisie,36.86262181372955,10.194823747761179,DAYCARE,INDOOR,SUMMER,juin,2,6,85,8,LOW,False,fete;chants;decoration;socialisation,HIGH,HIGHLY_RECOMMENDED
223,Fête saisonnière,"Décoration, chants, jeux et goûter selon la saison.",FETE,Garderie TinySpring Ariana,"20 rue Ahmed Tlili, Rue Ahmed Tlili, Ariana, Tunisie",Ariana,ariana;tunis nord;ennasr;el menzah;menzah 5;menzah 6;raoued;soukra,Tunisie,36.86260505019349,10.195459573425762,DAYCARE,INDOOR,AUTUMN,novembre,2,6,75,10,MEDIUM,False,fete;chants;decoration;socialisation,HIGH,HIGHLY_RECOMMENDED
224,Fête saisonnière,"Décoration, chants, jeux et goûter selon la saison.",FETE,Garderie TinySpring Ariana,"20 rue Ahmed Tlili, Rue Ahmed Tlili, Ariana, Tunisie",Ariana,ariana;tunis nord;ennasr;el menzah;menzah 5;menzah 6;raoued;soukra,Tunisie,36.861920153076674,10.195099059478446,DAYCARE,INDOOR,WINTER,janvier,2,6,75,6,LOW,False,fete;chants;decoration;socialisation,HIGH,HIGHLY_RECOMMENDED
225,Atelier cuisine froide,"Préparation simple sans cuisson: fruits, tartines et hygiène.",ATELIER,Garderie TinySpring Ariana,"20 rue Ahmed Tlili, Rue Ahmed Tlili, Ariana, Tunisie",Ariana,ariana;tunis nord;ennasr;el menzah;menzah 5;menzah 6;raoued;soukra,Tunisie,36.8632682694029,10.195412754779666,DAYCARE,INDOOR,ALL,all,3,6,60,10,MEDIUM,False,cuisine;hygiene;autonomie;gout,VERY_HIGH,HIGHLY_RECOMMENDED
226,Atelier cuisine froide,"Préparation simple sans cuisson: fruits, tartines et hygiène.",ATELIER,Garderie TinySpring Ariana,"20 rue Ahmed Tlili, Rue Ahmed Tlili, Ariana, Tunisie",Ariana,ariana;tunis nord;ennasr;el menzah;menzah 5;menzah 6;raoued;soukra,Tunisie,36.863262832409326,10.194649572723797,DAYCARE,INDOOR,SPRING,mars,3,6,65,4,LOW,False,cuisine;hygiene;autonomie;gout,VERY_HIGH,HIGHLY_RECOMMENDED
227,Atelier cuisine froide,"Préparation simple sans cuisson: fruits, tartines et hygiène.",ATELIER,Garderie TinySpring Ariana,"20 rue Ahmed Tlili, Rue Ahmed Tlili, Ariana, Tunisie",Ariana,ariana;tunis nord;ennasr;el menzah;menzah 5;menzah 6;raoued;soukra,Tunisie,36.86181839568596,10.19600255637628,DAYCARE,INDOOR,SUMMER,juillet,3,6,70,6,LOW,False,cuisine;hygiene;autonomie;gout,VERY_HIGH,HIGHLY_RECOMMENDED
228,Atelier cuisine froide,"Préparation simple sans cuisson: fruits, tartines et hygiène.",ATELIER,Garderie TinySpring Ariana,"20 rue Ahmed Tlili, Rue Ahmed Tlili, Ariana, Tunisie",Ariana,ariana;tunis nord;ennasr;el menzah;menzah 5;menzah 6;raoued;soukra,Tunisie,36.86189914566005,10.196436903802459,DAYCARE,INDOOR,AUTUMN,septembre,3,6,65,4,LOW,False,cuisine;hygiene;autonomie;gout,VERY_HIGH,HIGHLY_RECOMMENDED
229,Atelier cuisine froide,"Préparation simple sans cuisson: fruits, tartines et hygiène.",ATELIER,Garderie TinySpring Ariana,"20 rue Ahmed Tlili, Rue Ahmed Tlili, Ariana, Tunisie",Ariana,ariana;tunis nord;ennasr;el menzah;menzah 5;menzah 6;raoued;soukra,Tunisie,36.8615473288694,10.194986259576655,DAYCARE,INDOOR,WINTER,janvier,3,6,65,4,LOW,False,cuisine;hygiene;autonomie;gout,VERY_HIGH,HIGHLY_RECOMMENDED
230,Chasse aux formes,Recherche de formes et couleurs dans un espace sécurisé.,ACTIVITE,Garderie TinySpring Ariana,"20 rue Ahmed Tlili, Rue Ahmed Tlili, Ariana, Tunisie",Ariana,ariana;tunis nord;ennasr;el menzah;menzah 5;menzah 6;raoued;soukra,Tunisie,36.86343377820809,10.195158249985445,DAYCARE,INDOOR,ALL,all,2,5,65,0,LOW,False,formes;couleurs;observation;jeu,HIGH,HIGHLY_RECOMMENDED
231,Chasse aux formes,Recherche de formes et couleurs dans un espace sécurisé.,ACTIVITE,Garderie TinySpring Ariana,"20 rue Ahmed Tlili, Rue Ahmed Tlili, Ariana, Tunisie",Ariana,ariana;tunis nord;ennasr;el menzah;menzah 5;menzah 6;raoued;soukra,Tunisie,36.863378474280644,10.194830683503703,DAYCARE,INDOOR,SPRING,mai,2,5,60,6,LOW,False,formes;couleurs;observation;jeu,HIGH,HIGHLY_RECOMMENDED
232,Chasse aux formes,Recherche de formes et couleurs dans un espace sécurisé.,ACTIVITE,Garderie TinySpring Ariana,"20 rue Ahmed Tlili, Rue Ahmed Tlili, Ariana, Tunisie",Ariana,ariana;tunis nord;ennasr;el menzah;menzah 5;menzah 6;raoued;soukra,Tunisie,36.861576514394706,10.195793142509975,DAYCARE,INDOOR,SUMMER,juin,2,5,60,6,LOW,False,formes;couleurs;observation;jeu,HIGH,HIGHLY_RECOMMENDED
233,Chasse aux formes,Recherche de formes et couleurs dans un espace sécurisé.,ACTIVITE,Garderie TinySpring Ariana,"20 rue Ahmed Tlili, Rue Ahmed Tlili, Ariana, Tunisie",Ariana,ariana;tunis nord;ennasr;el menzah;menzah 5;menzah 6;raoued;soukra,Tunisie,36.86271241770661,10.19562284611934,DAYCARE,INDOOR,AUTUMN,novembre,2,5,65,8,LOW,False,formes;couleurs;observation;jeu,HIGH,HIGHLY_RECOMMENDED
234,Chasse aux formes,Recherche de formes et couleurs dans un espace sécurisé.,ACTIVITE,Garderie TinySpring Ariana,"20 rue Ahmed Tlili, Rue Ahmed Tlili, Ariana, Tunisie",Ariana,ariana;tunis nord;ennasr;el menzah;menzah 5;menzah 6;raoued;soukra,Tunisie,36.861588773067425,10.19547211503091,DAYCARE,INDOOR,WINTER,fevrier,2,5,55,6,LOW,False,formes;couleurs;observation;jeu,HIGH,HIGHLY_RECOMMENDED
235,Sortie patrimoine en images,"Découverte d un lieu historique avec photos, croquis et vocabulaire.",SORTIE,Garderie TinySpring Ariana,"20 rue Ahmed Tlili, Rue Ahmed Tlili, Ariana, Tunisie",Ariana,ariana;tunis nord;ennasr;el menzah;menzah 5;menzah 6;raoued;soukra,Tunisie,36.86339774897194,10.196441541712437,DAYCARE,INDOOR,ALL,all,4,6,125,0,LOW,True,patrimoine;histoire;langage;sortie,HIGH,RECOMMENDED
236,Sortie patrimoine en images,"Découverte d un lieu historique avec photos, croquis et vocabulaire.",SORTIE,Garderie TinySpring Ariana,"20 rue Ahmed Tlili, Rue Ahmed Tlili, Ariana, Tunisie",Ariana,ariana;tunis nord;ennasr;el menzah;menzah 5;menzah 6;raoued;soukra,Tunisie,36.862514245008065,10.195933785808212,DAYCARE,INDOOR,SPRING,mai,4,6,125,6,LOW,True,patrimoine;histoire;langage;sortie,HIGH,RECOMMENDED
237,Sortie patrimoine en images,"Découverte d un lieu historique avec photos, croquis et vocabulaire.",SORTIE,Garderie TinySpring Ariana,"20 rue Ahmed Tlili, Rue Ahmed Tlili, Ariana, Tunisie",Ariana,ariana;tunis nord;ennasr;el menzah;menzah 5;menzah 6;raoued;soukra,Tunisie,36.861883680185976,10.195929858868427,DAYCARE,INDOOR,SUMMER,juillet,4,6,130,4,LOW,True,patrimoine;histoire;langage;sortie,HIGH,RECOMMENDED
238,Sortie patrimoine en images,"Découverte d un lieu historique avec photos, croquis et vocabulaire.",SORTIE,Garderie TinySpring Ariana,"20 rue Ahmed Tlili, Rue Ahmed Tlili, Ariana, Tunisie",Ariana,ariana;tunis nord;ennasr;el menzah;menzah 5;menzah 6;raoued;soukra,Tunisie,36.86210189974913,10.195695874426272,DAYCARE,INDOOR,AUTUMN,novembre,4,6,110,10,MEDIUM,True,patrimoine;histoire;langage;sortie,HIGH,RECOMMENDED
239,Sortie patrimoine en images,"Découverte d un lieu historique avec photos, croquis et vocabulaire.",SORTIE,Garderie TinySpring Ariana,"20 rue Ahmed Tlili, Rue Ahmed Tlili, Ariana, Tunisie",Ariana,ariana;tunis nord;ennasr;el menzah;menzah 5;menzah 6;raoued;soukra,Tunisie,36.86307151765495,10.19581332314096,DAYCARE,INDOOR,WINTER,janvier,4,6,125,8,LOW,True,patrimoine;histoire;langage;sortie,HIGH,RECOMMENDED
240,Jardinage pédagogique,"Planter, arroser et comprendre les besoins d une plante.",ACTIVITE,Garderie TinySpring Ariana,"20 rue Ahmed Tlili, Rue Ahmed Tlili, Ariana, Tunisie",Ariana,ariana;tunis nord;ennasr;el menzah;menzah 5;menzah 6;raoued;soukra,Tunisie,36.862384319598604,10.195027402801978,DAYCARE,INDOOR,ALL,all,3,6,75,8,LOW,False,jardinage;nature;responsabilite;sensoriel,VERY_HIGH,HIGHLY_RECOMMENDED
241,Jardinage pédagogique,"Planter, arroser et comprendre les besoins d une plante.",ACTIVITE,Garderie TinySpring Ariana,"20 rue Ahmed Tlili, Rue Ahmed Tlili, Ariana, Tunisie",Ariana,ariana;tunis nord;ennasr;el menzah;menzah 5;menzah 6;raoued;soukra,Tunisie,36.862067572809984,10.195927707672611,DAYCARE,INDOOR,SPRING,mai,3,6,70,0,LOW,False,jardinage;nature;responsabilite;sensoriel,VERY_HIGH,HIGHLY_RECOMMENDED
242,Jardinage pédagogique,"Planter, arroser et comprendre les besoins d une plante.",ACTIVITE,Garderie TinySpring Ariana,"20 rue Ahmed Tlili, Rue Ahmed Tlili, Ariana, Tunisie",Ariana,ariana;tunis nord;ennasr;el menzah;menzah 5;menzah 6;raoued;soukra,Tunisie,36.861949281331995,10.194998259865454,DAYCARE,INDOOR,SUMMER,juin,3,6,55,6,LOW,False,jardinage;nature;responsabilite;sensoriel,VERY_HIGH,HIGHLY_RECOMMENDED
243,Jardinage pédagogique,"Planter, arroser et comprendre les besoins d une plante.",ACTIVITE,Garderie TinySpring Ariana,"20 rue Ahmed Tlili, Rue Ahmed Tlili, Ariana, Tunisie",Ariana,ariana;tunis nord;ennasr;el menzah;menzah 5;menzah 6;raoued;soukra,Tunisie,36.86272254794612,10.196136978678002,DAYCARE,INDOOR,AUTUMN,septembre,3,6,75,8,LOW,False,jardinage;nature;responsabilite;sensoriel,VERY_HIGH,HIGHLY_RECOMMENDED
244,Jardinage pédagogique,"Planter, arroser et comprendre les besoins d une plante.",ACTIVITE,Garderie TinySpring Ariana,"20 rue Ahmed Tlili, Rue Ahmed Tlili, Ariana, Tunisie",Ariana,ariana;tunis nord;ennasr;el menzah;menzah 5;menzah 6;raoued;soukra,Tunisie,36.862936691830996,10.195367956934787,DAYCARE,INDOOR,WINTER,janvier,3,6,75,4,LOW,False,jardinage;nature;responsabilite;sensoriel,VERY_HIGH,HIGHLY_RECOMMENDED
245,Lecture de contes illustrés - Parc Ennahli,"Histoires courtes, images et discussion pour stimuler le langage.",ACTIVITE,Parc Ennahli,"Parc Ennahli, Ariana, Tunisie",Ariana,ariana;ennahli;raoued;ennasr;tunis nord,Tunisie,36.88379514269018,10.177075244826161,PARK,OUTDOOR,ALL,all,2,6,30,2,LOW,True,lecture;contes;langage;calme,VERY_HIGH,HIGHLY_RECOMMENDED
246,Lecture de contes illustrés - Parc Ennahli,"Histoires courtes, images et discussion pour stimuler le langage.",ACTIVITE,Parc Ennahli,"Parc Ennahli, Ariana, Tunisie",Ariana,ariana;ennahli;raoued;ennasr;tunis nord,Tunisie,36.88385177336342,10.17761593208456,PARK,OUTDOOR,SPRING,avril,2,6,50,2,LOW,True,lecture;contes;langage;calme,VERY_HIGH,HIGHLY_RECOMMENDED
247,Lecture de contes illustrés - Parc Ennahli,"Histoires courtes, images et discussion pour stimuler le langage.",ACTIVITE,Parc Ennahli,"Parc Ennahli, Ariana, Tunisie",Ariana,ariana;ennahli;raoued;ennasr;tunis nord,Tunisie,36.88399839655932,10.177396672694703,PARK,OUTDOOR,SUMMER,juin,2,6,50,8,LOW,True,lecture;contes;langage;calme,VERY_HIGH,HIGHLY_RECOMMENDED
248,Lecture de contes illustrés - Parc Ennahli,"Histoires courtes, images et discussion pour stimuler le langage.",ACTIVITE,Parc Ennahli,"Parc Ennahli, Ariana, Tunisie",Ariana,ariana;ennahli;raoued;ennasr;tunis nord,Tunisie,36.884835155465176,10.177675784906134,PARK,OUTDOOR,AUTUMN,septembre,2,6,45,6,LOW,True,lecture;contes;langage;calme,VERY_HIGH,HIGHLY_RECOMMENDED
249,Lecture de contes illustrés - Parc Ennahli,"Histoires courtes, images et discussion pour stimuler le langage.",ACTIVITE,Parc Ennahli,"Parc Ennahli, Ariana, Tunisie",Ariana,ariana;ennahli;raoued;ennasr;tunis nord,Tunisie,36.88513001301467,10.177484040592683,PARK,OUTDOOR,WINTER,janvier,2,6,50,8,LOW,True,lecture;contes;langage;calme,VERY_HIGH,HIGHLY_RECOMMENDED
250,Sortie découverte nature - Parc Ennahli,"Observation des arbres, oiseaux, feuilles et petits jeux calmes.",SORTIE,Parc Ennahli,"Parc Ennahli, Ariana, Tunisie",Ariana,ariana;ennahli;raoued;ennasr;tunis nord,Tunisie,36.88529441620647,10.17718731088432,PARK,OUTDOOR,ALL,all,3,6,110,11,MEDIUM,True,nature;observation;ecologie;sortie,VERY_HIGH,RECOMMENDED
251,Sortie découverte nature - Parc Ennahli,"Observation des arbres, oiseaux, feuilles et petits jeux calmes.",SORTIE,Parc Ennahli,"Parc Ennahli, Ariana, Tunisie",Ariana,ariana;ennahli;raoued;ennasr;tunis nord,Tunisie,36.885179725775686,10.176254622706262,PARK,OUTDOOR,SPRING,avril,3,6,110,4,LOW,True,nature;observation;ecologie;sortie,VERY_HIGH,HIGHLY_RECOMMENDED
252,Sortie découverte nature - Parc Ennahli,"Observation des arbres, oiseaux, feuilles et petits jeux calmes.",SORTIE,Parc Ennahli,"Parc Ennahli, Ariana, Tunisie",Ariana,ariana;ennahli;raoued;ennasr;tunis nord,Tunisie,36.884379745186536,10.177127089725223,PARK,OUTDOOR,SUMMER,aout,3,6,100,5,LOW,True,nature;observation;ecologie;sortie,VERY_HIGH,HIGHLY_RECOMMENDED
253,Sortie découverte nature - Parc Ennahli,"Observation des arbres, oiseaux, feuilles et petits jeux calmes.",SORTIE,Parc Ennahli,"Parc Ennahli, Ariana, Tunisie",Ariana,ariana;ennahli;raoued;ennasr;tunis nord,Tunisie,36.88528605366558,10.175861155315316,PARK,OUTDOOR,AUTUMN,octobre,3,6,100,7,LOW,True,nature;observation;ecologie;sortie,VERY_HIGH,HIGHLY_RECOMMENDED
254,Sortie découverte nature - Parc Ennahli,"Observation des arbres, oiseaux, feuilles et petits jeux calmes.",SORTIE,Parc Ennahli,"Parc Ennahli, Ariana, Tunisie",Ariana,ariana;ennahli;raoued;ennasr;tunis nord,Tunisie,36.88380561053316,10.176127905754212,PARK,OUTDOOR,WINTER,decembre,3,6,110,11,MEDIUM,True,nature;observation;ecologie;sortie,VERY_HIGH,RECOMMENDED
255,Mini randonnée éducative - Parc Ennahli,"Promenade courte avec pauses, consignes de sécurité et découverte.",SORTIE,Parc Ennahli,"Parc Ennahli, Ariana, Tunisie",Ariana,ariana;ennahli;raoued;ennasr;tunis nord,Tunisie,36.88458522228101,10.176531548468207,PARK,OUTDOOR,ALL,all,4,6,100,9,MEDIUM,True,marche;nature;autonomie;securite,HIGH,POSSIBLE
256,Mini randonnée éducative - Parc Ennahli,"Promenade courte avec pauses, consignes de sécurité et découverte.",SORTIE,Parc Ennahli,"Parc Ennahli, Ariana, Tunisie",Ariana,ariana;ennahli;raoued;ennasr;tunis nord,Tunisie,36.88539212406718,10.175739063913475,PARK,OUTDOOR,SPRING,avril,4,6,110,11,MEDIUM,True,marche;nature;autonomie;securite,HIGH,POSSIBLE
257,Mini randonnée éducative - Parc Ennahli,"Promenade courte avec pauses, consignes de sécurité et découverte.",SORTIE,Parc Ennahli,"Parc Ennahli, Ariana, Tunisie",Ariana,ariana;ennahli;raoued;ennasr;tunis nord,Tunisie,36.88409722530475,10.176479973296127,PARK,OUTDOOR,SUMMER,juillet,4,6,110,5,LOW,True,marche;nature;autonomie;securite,HIGH,RECOMMENDED
258,Mini randonnée éducative - Parc Ennahli,"Promenade courte avec pauses, consignes de sécurité et découverte.",SORTIE,Parc Ennahli,"Parc Ennahli, Ariana, Tunisie",Ariana,ariana;ennahli;raoued;ennasr;tunis nord,Tunisie,36.8852956226948,10.1766764589551,PARK,OUTDOOR,AUTUMN,novembre,4,6,105,13,MEDIUM,True,marche;nature;autonomie;securite,HIGH,POSSIBLE
259,Mini randonnée éducative - Parc Ennahli,"Promenade courte avec pauses, consignes de sécurité et découverte.",SORTIE,Parc Ennahli,"Parc Ennahli, Ariana, Tunisie",Ariana,ariana;ennahli;raoued;ennasr;tunis nord,Tunisie,36.884277714406494,10.177037747241247,PARK,OUTDOOR,WINTER,janvier,4,6,110,6,LOW,True,marche;nature;autonomie;securite,HIGH,RECOMMENDED
260,Visite musée adaptée enfants - Parc Ennahli,Découverte accompagnée avec jeu de questions simples et dessins après visite.,SORTIE,Parc Ennahli,"Parc Ennahli, Ariana, Tunisie",Ariana,ariana;ennahli;raoued;ennasr;tunis nord,Tunisie,36.88533908324134,10.177661443955039,PARK,OUTDOOR,ALL,all,4,6,120,5,LOW,True,musee;culture;histoire;observation,VERY_HIGH,RECOMMENDED
261,Visite musée adaptée enfants - Parc Ennahli,Découverte accompagnée avec jeu de questions simples et dessins après visite.,SORTIE,Parc Ennahli,"Parc Ennahli, Ariana, Tunisie",Ariana,ariana;ennahli;raoued;ennasr;tunis nord,Tunisie,36.88482599951367,10.175867894924325,PARK,OUTDOOR,SPRING,avril,4,6,140,13,MEDIUM,True,musee;culture;histoire;observation,VERY_HIGH,RECOMMENDED
262,Visite musée adaptée enfants - Parc Ennahli,Découverte accompagnée avec jeu de questions simples et dessins après visite.,SORTIE,Parc Ennahli,"Parc Ennahli, Ariana, Tunisie",Ariana,ariana;ennahli;raoued;ennasr;tunis nord,Tunisie,36.88360056926698,10.176458207728377,PARK,OUTDOOR,SUMMER,juin,4,6,130,6,LOW,True,musee;culture;histoire;observation,VERY_HIGH,RECOMMENDED
263,Visite musée adaptée enfants - Parc Ennahli,Découverte accompagnée avec jeu de questions simples et dessins après visite.,SORTIE,Parc Ennahli,"Parc Ennahli, Ariana, Tunisie",Ariana,ariana;ennahli;raoued;ennasr;tunis nord,Tunisie,36.885022459415794,10.176458252431129,PARK,OUTDOOR,AUTUMN,octobre,4,6,140,7,LOW,True,musee;culture;histoire;observation,VERY_HIGH,RECOMMENDED
264,Visite musée adaptée enfants - Parc Ennahli,Découverte accompagnée avec jeu de questions simples et dessins après visite.,SORTIE,Parc Ennahli,"Parc Ennahli, Ariana, Tunisie",Ariana,ariana;ennahli;raoued;ennasr;tunis nord,Tunisie,36.883538766574105,10.176778838095846,PARK,OUTDOOR,WINTER,janvier,4,6,135,5,LOW,True,musee;culture;histoire;observation,VERY_HIGH,RECOMMENDED
265,Parcours motricité - Parc Ennahli,"Sauts, équilibre, tunnel et coordination avec encadrement.",SPORT,Parc Ennahli,"Parc Ennahli, Ariana, Tunisie",Ariana,ariana;ennahli;raoued;ennasr;tunis nord,Tunisie,36.88363723674091,10.177614571205552,PARK,OUTDOOR,ALL,all,2,6,45,7,LOW,True,sport;motricite;coordination;energie,HIGH,RECOMMENDED
266,Parcours motricité - Parc Ennahli,"Sauts, équilibre, tunnel et coordination avec encadrement.",SPORT,Parc Ennahli,"Parc Ennahli, Ariana, Tunisie",Ariana,ariana;ennahli;raoued;ennasr;tunis nord,Tunisie,36.885178457692575,10.176942671313173,PARK,OUTDOOR,SPRING,mars,2,6,55,2,LOW,True,sport;motricite;coordination;energie,HIGH,RECOMMENDED
267,Parcours motricité - Parc Ennahli,"Sauts, équilibre, tunnel et coordination avec encadrement.",SPORT,Parc Ennahli,"Parc Ennahli, Ariana, Tunisie",Ariana,ariana;ennahli;raoued;ennasr;tunis nord,Tunisie,36.88372877889222,10.177595514044434,PARK,OUTDOOR,SUMMER,juin,2,6,65,11,MEDIUM,True,sport;motricite;coordination;energie,HIGH,RECOMMENDED
268,Parcours motricité - Parc Ennahli,"Sauts, équilibre, tunnel et coordination avec encadrement.",SPORT,Parc Ennahli,"Parc Ennahli, Ariana, Tunisie",Ariana,ariana;ennahli;raoued;ennasr;tunis nord,Tunisie,36.883835578286735,10.176914494987782,PARK,OUTDOOR,AUTUMN,novembre,2,6,45,7,LOW,True,sport;motricite;coordination;energie,HIGH,RECOMMENDED
269,Jeux collectifs doux - Parc Ennahli,Jeux de ballon simples pour apprendre les règles et l équipe.,SPORT,Parc Ennahli,"Parc Ennahli, Ariana, Tunisie",Ariana,ariana;ennahli;raoued;ennasr;tunis nord,Tunisie,36.88371619749932,10.175751356850995,PARK,OUTDOOR,ALL,all,3,6,75,5,LOW,True,sport;cooperation;ballon;regles,HIGH,RECOMMENDED
270,Jeux collectifs doux - Parc Ennahli,Jeux de ballon simples pour apprendre les règles et l équipe.,SPORT,Parc Ennahli,"Parc Ennahli, Ariana, Tunisie",Ariana,ariana;ennahli;raoued;ennasr;tunis nord,Tunisie,36.885382941197086,10.176096659554183,PARK,OUTDOOR,SPRING,mai,3,6,70,9,MEDIUM,True,sport;cooperation;ballon;regles,HIGH,RECOMMENDED
271,Jeux collectifs doux - Parc Ennahli,Jeux de ballon simples pour apprendre les règles et l équipe.,SPORT,Parc Ennahli,"Parc Ennahli, Ariana, Tunisie",Ariana,ariana;ennahli;raoued;ennasr;tunis nord,Tunisie,36.884700823229636,10.175942110130135,PARK,OUTDOOR,SUMMER,juin,3,6,60,9,MEDIUM,True,sport;cooperation;ballon;regles,HIGH,RECOMMENDED
272,Jeux collectifs doux - Parc Ennahli,Jeux de ballon simples pour apprendre les règles et l équipe.,SPORT,Parc Ennahli,"Parc Ennahli, Ariana, Tunisie",Ariana,ariana;ennahli;raoued;ennasr;tunis nord,Tunisie,36.884823042681376,10.175837913473039,PARK,OUTDOOR,AUTUMN,octobre,3,6,75,11,MEDIUM,True,sport;cooperation;ballon;regles,HIGH,RECOMMENDED
273,Fête saisonnière - Parc Ennahli,"Décoration, chants, jeux et goûter selon la saison.",FETE,Parc Ennahli,"Parc Ennahli, Ariana, Tunisie",Ariana,ariana;ennahli;raoued;ennasr;tunis nord,Tunisie,36.885144661836186,10.175911077741288,PARK,OUTDOOR,ALL,all,2,6,90,5,LOW,True,fete;chants;decoration;socialisation,HIGH,RECOMMENDED
274,Fête saisonnière - Parc Ennahli,"Décoration, chants, jeux et goûter selon la saison.",FETE,Parc Ennahli,"Parc Ennahli, Ariana, Tunisie",Ariana,ariana;ennahli;raoued;ennasr;tunis nord,Tunisie,36.88380598229819,10.176052273922172,PARK,OUTDOOR,SPRING,mai,2,6,90,11,MEDIUM,True,fete;chants;decoration;socialisation,HIGH,RECOMMENDED
275,Fête saisonnière - Parc Ennahli,"Décoration, chants, jeux et goûter selon la saison.",FETE,Parc Ennahli,"Parc Ennahli, Ariana, Tunisie",Ariana,ariana;ennahli;raoued;ennasr;tunis nord,Tunisie,36.88442974754327,10.177351469196841,PARK,OUTDOOR,SUMMER,aout,2,6,90,11,MEDIUM,True,fete;chants;decoration;socialisation,HIGH,RECOMMENDED
276,Fête saisonnière - Parc Ennahli,"Décoration, chants, jeux et goûter selon la saison.",FETE,Parc Ennahli,"Parc Ennahli, Ariana, Tunisie",Ariana,ariana;ennahli;raoued;ennasr;tunis nord,Tunisie,36.88405785649839,10.176601604000387,PARK,OUTDOOR,AUTUMN,octobre,2,6,95,2,LOW,True,fete;chants;decoration;socialisation,HIGH,RECOMMENDED
277,Chasse aux formes - Parc Ennahli,Recherche de formes et couleurs dans un espace sécurisé.,ACTIVITE,Parc Ennahli,"Parc Ennahli, Ariana, Tunisie",Ariana,ariana;ennahli;raoued;ennasr;tunis nord,Tunisie,36.884720663408466,10.176457978608257,PARK,OUTDOOR,ALL,all,2,5,45,8,LOW,True,formes;couleurs;observation;jeu,HIGH,RECOMMENDED
278,Chasse aux formes - Parc Ennahli,Recherche de formes et couleurs dans un espace sécurisé.,ACTIVITE,Parc Ennahli,"Parc Ennahli, Ariana, Tunisie",Ariana,ariana;ennahli;raoued;ennasr;tunis nord,Tunisie,36.88386367971432,10.17612423970036,PARK,OUTDOOR,SPRING,avril,2,5,60,4,LOW,True,formes;couleurs;observation;jeu,HIGH,RECOMMENDED
279,Chasse aux formes - Parc Ennahli,Recherche de formes et couleurs dans un espace sécurisé.,ACTIVITE,Parc Ennahli,"Parc Ennahli, Ariana, Tunisie",Ariana,ariana;ennahli;raoued;ennasr;tunis nord,Tunisie,36.88526063995952,10.177102367500664,PARK,OUTDOOR,SUMMER,juillet,2,5,60,4,LOW,True,formes;couleurs;observation;jeu,HIGH,RECOMMENDED
280,Chasse aux formes - Parc Ennahli,Recherche de formes et couleurs dans un espace sécurisé.,ACTIVITE,Parc Ennahli,"Parc Ennahli, Ariana, Tunisie",Ariana,ariana;ennahli;raoued;ennasr;tunis nord,Tunisie,36.88453325450343,10.176082112847055,PARK,OUTDOOR,AUTUMN,novembre,2,5,55,2,LOW,True,formes;couleurs;observation;jeu,HIGH,RECOMMENDED
281,Chasse aux formes - Parc Ennahli,Recherche de formes et couleurs dans un espace sécurisé.,ACTIVITE,Parc Ennahli,"Parc Ennahli, Ariana, Tunisie",Ariana,ariana;ennahli;raoued;ennasr;tunis nord,Tunisie,36.8844771556937,10.177216329306965,PARK,OUTDOOR,WINTER,fevrier,2,5,65,6,LOW,True,formes;couleurs;observation;jeu,HIGH,RECOMMENDED
282,Sortie patrimoine en images - Parc Ennahli,"Découverte d un lieu historique avec photos, croquis et vocabulaire.",SORTIE,Parc Ennahli,"Parc Ennahli, Ariana, Tunisie",Ariana,ariana;ennahli;raoued;ennasr;tunis nord,Tunisie,36.885085865736265,10.17588610670111,PARK,OUTDOOR,ALL,all,4,6,120,9,MEDIUM,True,patrimoine;histoire;langage;sortie,HIGH,POSSIBLE
283,Sortie patrimoine en images - Parc Ennahli,"Découverte d un lieu historique avec photos, croquis et vocabulaire.",SORTIE,Parc Ennahli,"Parc Ennahli, Ariana, Tunisie",Ariana,ariana;ennahli;raoued;ennasr;tunis nord,Tunisie,36.88482792004319,10.176438040901322,PARK,OUTDOOR,SPRING,avril,4,6,125,5,LOW,True,patrimoine;histoire;langage;sortie,HIGH,RECOMMENDED
284,Sortie patrimoine en images - Parc Ennahli,"Découverte d un lieu historique avec photos, croquis et vocabulaire.",SORTIE,Parc Ennahli,"Parc Ennahli, Ariana, Tunisie",Ariana,ariana;ennahli;raoued;ennasr;tunis nord,Tunisie,36.88420362105523,10.176607490525706,PARK,OUTDOOR,SUMMER,juillet,4,6,125,11,MEDIUM,True,patrimoine;histoire;langage;sortie,HIGH,POSSIBLE
285,Sortie patrimoine en images - Parc Ennahli,"Découverte d un lieu historique avec photos, croquis et vocabulaire.",SORTIE,Parc Ennahli,"Parc Ennahli, Ariana, Tunisie",Ariana,ariana;ennahli;raoued;ennasr;tunis nord,Tunisie,36.88494256866265,10.176331095888012,PARK,OUTDOOR,AUTUMN,octobre,4,6,120,2,LOW,True,patrimoine;histoire;langage;sortie,HIGH,RECOMMENDED
286,Sortie patrimoine en images - Parc Ennahli,"Découverte d un lieu historique avec photos, croquis et vocabulaire.",SORTIE,Parc Ennahli,"Parc Ennahli, Ariana, Tunisie",Ariana,ariana;ennahli;raoued;ennasr;tunis nord,Tunisie,36.88446839717443,10.177149170002187,PARK,OUTDOOR,WINTER,decembre,4,6,125,7,LOW,True,patrimoine;histoire;langage;sortie,HIGH,RECOMMENDED
287,Jardinage pédagogique - Parc Ennahli,"Planter, arroser et comprendre les besoins d une plante.",ACTIVITE,Parc Ennahli,"Parc Ennahli, Ariana, Tunisie",Ariana,ariana;ennahli;raoued;ennasr;tunis nord,Tunisie,36.88516525672666,10.17629249292653,PARK,OUTDOOR,ALL,all,3,6,70,2,LOW,True,jardinage;nature;responsabilite;sensoriel,VERY_HIGH,HIGHLY_RECOMMENDED
288,Jardinage pédagogique - Parc Ennahli,"Planter, arroser et comprendre les besoins d une plante.",ACTIVITE,Parc Ennahli,"Parc Ennahli, Ariana, Tunisie",Ariana,ariana;ennahli;raoued;ennasr;tunis nord,Tunisie,36.88352829673452,10.176768270178536,PARK,OUTDOOR,SPRING,mars,3,6,70,4,LOW,True,jardinage;nature;responsabilite;sensoriel,VERY_HIGH,HIGHLY_RECOMMENDED
289,Jardinage pédagogique - Parc Ennahli,"Planter, arroser et comprendre les besoins d une plante.",ACTIVITE,Parc Ennahli,"Parc Ennahli, Ariana, Tunisie",Ariana,ariana;ennahli;raoued;ennasr;tunis nord,Tunisie,36.8846067179336,10.177094834785821,PARK,OUTDOOR,SUMMER,juin,3,6,65,2,LOW,True,jardinage;nature;responsabilite;sensoriel,VERY_HIGH,HIGHLY_RECOMMENDED
290,Jardinage pédagogique - Parc Ennahli,"Planter, arroser et comprendre les besoins d une plante.",ACTIVITE,Parc Ennahli,"Parc Ennahli, Ariana, Tunisie",Ariana,ariana;ennahli;raoued;ennasr;tunis nord,Tunisie,36.88370517529358,10.175724530806752,PARK,OUTDOOR,AUTUMN,novembre,3,6,70,6,LOW,True,jardinage;nature;responsabilite;sensoriel,VERY_HIGH,HIGHLY_RECOMMENDED
291,Jardinage pédagogique - Parc Ennahli,"Planter, arroser et comprendre les besoins d une plante.",ACTIVITE,Parc Ennahli,"Parc Ennahli, Ariana, Tunisie",Ariana,ariana;ennahli;raoued;ennasr;tunis nord,Tunisie,36.884380937596276,10.17606872734078,PARK,OUTDOOR,WINTER,janvier,3,6,55,6,LOW,True,jardinage;nature;responsabilite;sensoriel,VERY_HIGH,HIGHLY_RECOMMENDED
292,Atelier peinture et couleurs - Cité des Sciences à Tunis,"Peinture guidée, reconnaissance des couleurs et expression libre.",ATELIER,Cité des Sciences à Tunis,"Avenue Mohamed Bouazizi, Tunis, Tunisie",Tunis,tunis;ariana;cite des sciences;el menzah;centre urbain nord,Tunisie,36.843582127193535,10.19765545837453,MUSEUM,INDOOR,ALL,all,2,6,45,6,LOW,True,art;peinture;couleurs;motricite_fine,HIGH,RECOMMENDED
293,Atelier peinture et couleurs - Cité des Sciences à Tunis,"Peinture guidée, reconnaissance des couleurs et expression libre.",ATELIER,Cité des Sciences à Tunis,"Avenue Mohamed Bouazizi, Tunis, Tunisie",Tunis,tunis;ariana;cite des sciences;el menzah;centre urbain nord,Tunisie,36.84184816434051,10.197958891413903,MUSEUM,INDOOR,SPRING,avril,2,6,45,8,LOW,True,art;peinture;couleurs;motricite_fine,HIGH,RECOMMENDED
294,Atelier peinture et couleurs - Cité des Sciences à Tunis,"Peinture guidée, reconnaissance des couleurs et expression libre.",ATELIER,Cité des Sciences à Tunis,"Avenue Mohamed Bouazizi, Tunis, Tunisie",Tunis,tunis;ariana;cite des sciences;el menzah;centre urbain nord,Tunisie,36.84332228415255,10.198598251284716,MUSEUM,INDOOR,SUMMER,juin,2,6,45,4,LOW,True,art;peinture;couleurs;motricite_fine,HIGH,RECOMMENDED
295,Atelier peinture et couleurs - Cité des Sciences à Tunis,"Peinture guidée, reconnaissance des couleurs et expression libre.",ATELIER,Cité des Sciences à Tunis,"Avenue Mohamed Bouazizi, Tunis, Tunisie",Tunis,tunis;ariana;cite des sciences;el menzah;centre urbain nord,Tunisie,36.84281614606924,10.19753234804282,MUSEUM,INDOOR,AUTUMN,septembre,2,6,55,4,LOW,True,art;peinture;couleurs;motricite_fine,HIGH,RECOMMENDED
296,Atelier peinture et couleurs - Cité des Sciences à Tunis,"Peinture guidée, reconnaissance des couleurs et expression libre.",ATELIER,Cité des Sciences à Tunis,"Avenue Mohamed Bouazizi, Tunis, Tunisie",Tunis,tunis;ariana;cite des sciences;el menzah;centre urbain nord,Tunisie,36.84260102892978,10.197585442008037,MUSEUM,INDOOR,WINTER,fevrier,2,6,65,8,LOW,True,art;peinture;couleurs;motricite_fine,HIGH,RECOMMENDED
297,Atelier pâte à modeler - Cité des Sciences à Tunis,Modelage sensoriel avec formes simples et consignes adaptées.,ATELIER,Cité des Sciences à Tunis,"Avenue Mohamed Bouazizi, Tunis, Tunisie",Tunis,tunis;ariana;cite des sciences;el menzah;centre urbain nord,Tunisie,36.84283725894125,10.196820460608745,MUSEUM,INDOOR,ALL,all,2,5,40,6,LOW,True,sensoriel;pate_a_modeler;motricite_fine,HIGH,RECOMMENDED
298,Atelier pâte à modeler - Cité des Sciences à Tunis,Modelage sensoriel avec formes simples et consignes adaptées.,ATELIER,Cité des Sciences à Tunis,"Avenue Mohamed Bouazizi, Tunis, Tunisie",Tunis,tunis;ariana;cite des sciences;el menzah;centre urbain nord,Tunisie,36.84222929225058,10.196862374930934,MUSEUM,INDOOR,SPRING,mars,2,5,50,4,LOW,True,sensoriel;pate_a_modeler;motricite_fine,HIGH,RECOMMENDED
299,Atelier pâte à modeler - Cité des Sciences à Tunis,Modelage sensoriel avec formes simples et consignes adaptées.,ATELIER,Cité des Sciences à Tunis,"Avenue Mohamed Bouazizi, Tunis, Tunisie",Tunis,tunis;ariana;cite des sciences;el menzah;centre urbain nord,Tunisie,36.8418501297378,10.196705351445205,MUSEUM,INDOOR,SUMMER,juin,2,5,60,10,MEDIUM,True,sensoriel;pate_a_modeler;motricite_fine,HIGH,RECOMMENDED
300,Atelier pâte à modeler - Cité des Sciences à Tunis,Modelage sensoriel avec formes simples et consignes adaptées.,ATELIER,Cité des Sciences à Tunis,"Avenue Mohamed Bouazizi, Tunis, Tunisie",Tunis,tunis;ariana;cite des sciences;el menzah;centre urbain nord,Tunisie,36.84263982495801,10.19676527971076,MUSEUM,INDOOR,AUTUMN,novembre,2,5,55,10,MEDIUM,True,sensoriel;pate_a_modeler;motricite_fine,HIGH,RECOMMENDED
301,Atelier pâte à modeler - Cité des Sciences à Tunis,Modelage sensoriel avec formes simples et consignes adaptées.,ATELIER,Cité des Sciences à Tunis,"Avenue Mohamed Bouazizi, Tunis, Tunisie",Tunis,tunis;ariana;cite des sciences;el menzah;centre urbain nord,Tunisie,36.84310597511619,10.197608062652813,MUSEUM,INDOOR,WINTER,fevrier,2,5,50,6,LOW,True,sensoriel;pate_a_modeler;motricite_fine,HIGH,RECOMMENDED
302,Lecture de contes illustrés - Cité des Sciences à Tunis,"Histoires courtes, images et discussion pour stimuler le langage.",ACTIVITE,Cité des Sciences à Tunis,"Avenue Mohamed Bouazizi, Tunis, Tunisie",Tunis,tunis;ariana;cite des sciences;el menzah;centre urbain nord,Tunisie,36.843275656053294,10.197950116014328,MUSEUM,INDOOR,ALL,all,2,6,40,6,LOW,True,lecture;contes;langage;calme,VERY_HIGH,HIGHLY_RECOMMENDED
303,Lecture de contes illustrés - Cité des Sciences à Tunis,"Histoires courtes, images et discussion pour stimuler le langage.",ACTIVITE,Cité des Sciences à Tunis,"Avenue Mohamed Bouazizi, Tunis, Tunisie",Tunis,tunis;ariana;cite des sciences;el menzah;centre urbain nord,Tunisie,36.842789124757424,10.197995269446805,MUSEUM,INDOOR,SPRING,avril,2,6,45,4,LOW,True,lecture;contes;langage;calme,VERY_HIGH,HIGHLY_RECOMMENDED
304,Lecture de contes illustrés - Cité des Sciences à Tunis,"Histoires courtes, images et discussion pour stimuler le langage.",ACTIVITE,Cité des Sciences à Tunis,"Avenue Mohamed Bouazizi, Tunis, Tunisie",Tunis,tunis;ariana;cite des sciences;el menzah;centre urbain nord,Tunisie,36.84181927607903,10.198285257132465,MUSEUM,INDOOR,SUMMER,juin,2,6,45,4,LOW,True,lecture;contes;langage;calme,VERY_HIGH,HIGHLY_RECOMMENDED
305,Lecture de contes illustrés - Cité des Sciences à Tunis,"Histoires courtes, images et discussion pour stimuler le langage.",ACTIVITE,Cité des Sciences à Tunis,"Avenue Mohamed Bouazizi, Tunis, Tunisie",Tunis,tunis;ariana;cite des sciences;el menzah;centre urbain nord,Tunisie,36.84263739594055,10.19730818238109,MUSEUM,INDOOR,AUTUMN,octobre,2,6,50,4,LOW,True,lecture;contes;langage;calme,VERY_HIGH,HIGHLY_RECOMMENDED
306,Lecture de contes illustrés - Cité des Sciences à Tunis,"Histoires courtes, images et discussion pour stimuler le langage.",ACTIVITE,Cité des Sciences à Tunis,"Avenue Mohamed Bouazizi, Tunis, Tunisie",Tunis,tunis;ariana;cite des sciences;el menzah;centre urbain nord,Tunisie,36.842779963125196,10.197575517727142,MUSEUM,INDOOR,WINTER,janvier,2,6,30,10,MEDIUM,True,lecture;contes;langage;calme,VERY_HIGH,RECOMMENDED
307,Sortie découverte nature - Cité des Sciences à Tunis,"Observation des arbres, oiseaux, feuilles et petits jeux calmes.",SORTIE,Cité des Sciences à Tunis,"Avenue Mohamed Bouazizi, Tunis, Tunisie",Tunis,tunis;ariana;cite des sciences;el menzah;centre urbain nord,Tunisie,36.84234464316672,10.197200735804824,MUSEUM,INDOOR,ALL,all,3,6,90,13,MEDIUM,True,nature;observation;ecologie;sortie,VERY_HIGH,RECOMMENDED
308,Sortie découverte nature - Cité des Sciences à Tunis,"Observation des arbres, oiseaux, feuilles et petits jeux calmes.",SORTIE,Cité des Sciences à Tunis,"Avenue Mohamed Bouazizi, Tunis, Tunisie",Tunis,tunis;ariana;cite des sciences;el menzah;centre urbain nord,Tunisie,36.84360157255561,10.198699144833753,MUSEUM,INDOOR,SPRING,mars,3,6,105,15,MEDIUM,True,nature;observation;ecologie;sortie,VERY_HIGH,RECOMMENDED
309,Sortie découverte nature - Cité des Sciences à Tunis,"Observation des arbres, oiseaux, feuilles et petits jeux calmes.",SORTIE,Cité des Sciences à Tunis,"Avenue Mohamed Bouazizi, Tunis, Tunisie",Tunis,tunis;ariana;cite des sciences;el menzah;centre urbain nord,Tunisie,36.842641001646506,10.198003018978866,MUSEUM,INDOOR,SUMMER,aout,3,6,105,4,LOW,True,nature;observation;ecologie;sortie,VERY_HIGH,HIGHLY_RECOMMENDED
310,Sortie découverte nature - Cité des Sciences à Tunis,"Observation des arbres, oiseaux, feuilles et petits jeux calmes.",SORTIE,Cité des Sciences à Tunis,"Avenue Mohamed Bouazizi, Tunis, Tunisie",Tunis,tunis;ariana;cite des sciences;el menzah;centre urbain nord,Tunisie,36.84296956943891,10.197683451604382,MUSEUM,INDOOR,AUTUMN,septembre,3,6,90,13,MEDIUM,True,nature;observation;ecologie;sortie,VERY_HIGH,RECOMMENDED
311,Sortie découverte nature - Cité des Sciences à Tunis,"Observation des arbres, oiseaux, feuilles et petits jeux calmes.",SORTIE,Cité des Sciences à Tunis,"Avenue Mohamed Bouazizi, Tunis, Tunisie",Tunis,tunis;ariana;cite des sciences;el menzah;centre urbain nord,Tunisie,36.84236661678733,10.198040267019042,MUSEUM,INDOOR,WINTER,janvier,3,6,100,9,MEDIUM,True,nature;observation;ecologie;sortie,VERY_HIGH,RECOMMENDED
312,Mini randonnée éducative - Cité des Sciences à Tunis,"Promenade courte avec pauses, consignes de sécurité et découverte.",SORTIE,Cité des Sciences à Tunis,"Avenue Mohamed Bouazizi, Tunis, Tunisie",Tunis,tunis;ariana;cite des sciences;el menzah;centre urbain nord,Tunisie,36.84308734734797,10.197276435590723,MUSEUM,INDOOR,ALL,all,4,6,110,9,MEDIUM,True,marche;nature;autonomie;securite,HIGH,POSSIBLE
313,Mini randonnée éducative - Cité des Sciences à Tunis,"Promenade courte avec pauses, consignes de sécurité et découverte.",SORTIE,Cité des Sciences à Tunis,"Avenue Mohamed Bouazizi, Tunis, Tunisie",Tunis,tunis;ariana;cite des sciences;el menzah;centre urbain nord,Tunisie,36.84187611958555,10.197204797701884,MUSEUM,INDOOR,SPRING,mai,4,6,90,7,LOW,True,marche;nature;autonomie;securite,HIGH,RECOMMENDED
314,Mini randonnée éducative - Cité des Sciences à Tunis,"Promenade courte avec pauses, consignes de sécurité et découverte.",SORTIE,Cité des Sciences à Tunis,"Avenue Mohamed Bouazizi, Tunis, Tunisie",Tunis,tunis;ariana;cite des sciences;el menzah;centre urbain nord,Tunisie,36.84301532077297,10.197785187188714,MUSEUM,INDOOR,SUMMER,juillet,4,6,110,10,MEDIUM,True,marche;nature;autonomie;securite,HIGH,POSSIBLE
315,Mini randonnée éducative - Cité des Sciences à Tunis,"Promenade courte avec pauses, consignes de sécurité et découverte.",SORTIE,Cité des Sciences à Tunis,"Avenue Mohamed Bouazizi, Tunis, Tunisie",Tunis,tunis;ariana;cite des sciences;el menzah;centre urbain nord,Tunisie,36.8424235587183,10.198212886308111,MUSEUM,INDOOR,AUTUMN,septembre,4,6,110,9,MEDIUM,True,marche;nature;autonomie;securite,HIGH,POSSIBLE
316,Mini randonnée éducative - Cité des Sciences à Tunis,"Promenade courte avec pauses, consignes de sécurité et découverte.",SORTIE,Cité des Sciences à Tunis,"Avenue Mohamed Bouazizi, Tunis, Tunisie",Tunis,tunis;ariana;cite des sciences;el menzah;centre urbain nord,Tunisie,36.84279843927817,10.198555345521688,MUSEUM,INDOOR,WINTER,decembre,4,6,110,7,LOW,True,marche;nature;autonomie;securite,HIGH,RECOMMENDED
317,Visite musée adaptée enfants - Cité des Sciences à Tunis,Découverte accompagnée avec jeu de questions simples et dessins après visite.,SORTIE,Cité des Sciences à Tunis,"Avenue Mohamed Bouazizi, Tunis, Tunisie",Tunis,tunis;ariana;cite des sciences;el menzah;centre urbain nord,Tunisie,36.84175773888489,10.197960044554007,MUSEUM,INDOOR,ALL,all,4,6,130,8,LOW,True,musee;culture;histoire;observation,VERY_HIGH,RECOMMENDED
318,Visite musée adaptée enfants - Cité des Sciences à Tunis,Découverte accompagnée avec jeu de questions simples et dessins après visite.,SORTIE,Cité des Sciences à Tunis,"Avenue Mohamed Bouazizi, Tunis, Tunisie",Tunis,tunis;ariana;cite des sciences;el menzah;centre urbain nord,Tunisie,36.842801678014006,10.197804502818107,MUSEUM,INDOOR,SPRING,mai,4,6,120,7,LOW,True,musee;culture;histoire;observation,VERY_HIGH,RECOMMENDED
319,Visite musée adaptée enfants - Cité des Sciences à Tunis,Découverte accompagnée avec jeu de questions simples et dessins après visite.,SORTIE,Cité des Sciences à Tunis,"Avenue Mohamed Bouazizi, Tunis, Tunisie",Tunis,tunis;ariana;cite des sciences;el menzah;centre urbain nord,Tunisie,36.84359412148472,10.197995419377566,MUSEUM,INDOOR,SUMMER,juin,4,6,130,7,LOW,True,musee;culture;histoire;observation,VERY_HIGH,RECOMMENDED
320,Visite musée adaptée enfants - Cité des Sciences à Tunis,Découverte accompagnée avec jeu de questions simples et dessins après visite.,SORTIE,Cité des Sciences à Tunis,"Avenue Mohamed Bouazizi, Tunis, Tunisie",Tunis,tunis;ariana;cite des sciences;el menzah;centre urbain nord,Tunisie,36.84311082325985,10.19753098068587,MUSEUM,INDOOR,AUTUMN,octobre,4,6,140,11,MEDIUM,True,musee;culture;histoire;observation,VERY_HIGH,RECOMMENDED
321,Visite musée adaptée enfants - Cité des Sciences à Tunis,Découverte accompagnée avec jeu de questions simples et dessins après visite.,SORTIE,Cité des Sciences à Tunis,"Avenue Mohamed Bouazizi, Tunis, Tunisie",Tunis,tunis;ariana;cite des sciences;el menzah;centre urbain nord,Tunisie,36.84280253015376,10.197467172026494,MUSEUM,INDOOR,WINTER,janvier,4,6,130,7,LOW,True,musee;culture;histoire;observation,VERY_HIGH,RECOMMENDED
322,Spectacle marionnettes - Cité des Sciences à Tunis,Spectacle court avec échange autour des émotions et personnages.,SPECTACLE,Cité des Sciences à Tunis,"Avenue Mohamed Bouazizi, Tunis, Tunisie",Tunis,tunis;ariana;cite des sciences;el menzah;centre urbain nord,Tunisie,36.843245350265356,10.198408824759944,MUSEUM,INDOOR,ALL,all,2,6,75,7,LOW,True,spectacle;marionnettes;emotions;langage,HIGH,RECOMMENDED
323,Spectacle marionnettes - Cité des Sciences à Tunis,Spectacle court avec échange autour des émotions et personnages.,SPECTACLE,Cité des Sciences à Tunis,"Avenue Mohamed Bouazizi, Tunis, Tunisie",Tunis,tunis;ariana;cite des sciences;el menzah;centre urbain nord,Tunisie,36.842265677966566,10.197297111699543,MUSEUM,INDOOR,SPRING,mai,2,6,80,6,LOW,True,spectacle;marionnettes;emotions;langage,HIGH,RECOMMENDED
324,Spectacle marionnettes - Cité des Sciences à Tunis,Spectacle court avec échange autour des émotions et personnages.,SPECTACLE,Cité des Sciences à Tunis,"Avenue Mohamed Bouazizi, Tunis, Tunisie",Tunis,tunis;ariana;cite des sciences;el menzah;centre urbain nord,Tunisie,36.842668682771105,10.19736487991142,MUSEUM,INDOOR,SUMMER,juin,2,6,80,13,MEDIUM,True,spectacle;marionnettes;emotions;langage,HIGH,RECOMMENDED
325,Spectacle marionnettes - Cité des Sciences à Tunis,Spectacle court avec échange autour des émotions et personnages.,SPECTACLE,Cité des Sciences à Tunis,"Avenue Mohamed Bouazizi, Tunis, Tunisie",Tunis,tunis;ariana;cite des sciences;el menzah;centre urbain nord,Tunisie,36.84366154926266,10.197177611088332,MUSEUM,INDOOR,AUTUMN,octobre,2,6,80,6,LOW,True,spectacle;marionnettes;emotions;langage,HIGH,RECOMMENDED
326,Spectacle marionnettes - Cité des Sciences à Tunis,Spectacle court avec échange autour des émotions et personnages.,SPECTACLE,Cité des Sciences à Tunis,"Avenue Mohamed Bouazizi, Tunis, Tunisie",Tunis,tunis;ariana;cite des sciences;el menzah;centre urbain nord,Tunisie,36.84233635265447,10.19764595250048,MUSEUM,INDOOR,WINTER,decembre,2,6,80,8,LOW,True,spectacle;marionnettes;emotions;langage,HIGH,RECOMMENDED
327,Conte musical - Cité des Sciences à Tunis,"Conte avec instruments, rythme et participation des enfants.",SPECTACLE,Cité des Sciences à Tunis,"Avenue Mohamed Bouazizi, Tunis, Tunisie",Tunis,tunis;ariana;cite des sciences;el menzah;centre urbain nord,Tunisie,36.8432847873214,10.1980040380028,MUSEUM,INDOOR,ALL,all,2,6,60,13,MEDIUM,True,musique;conte;rythme;ecoute,VERY_HIGH,RECOMMENDED
328,Conte musical - Cité des Sciences à Tunis,"Conte avec instruments, rythme et participation des enfants.",SPECTACLE,Cité des Sciences à Tunis,"Avenue Mohamed Bouazizi, Tunis, Tunisie",Tunis,tunis;ariana;cite des sciences;el menzah;centre urbain nord,Tunisie,36.842704582300264,10.197880360858619,MUSEUM,INDOOR,SPRING,avril,2,6,50,4,LOW,True,musique;conte;rythme;ecoute,VERY_HIGH,HIGHLY_RECOMMENDED
329,Conte musical - Cité des Sciences à Tunis,"Conte avec instruments, rythme et participation des enfants.",SPECTACLE,Cité des Sciences à Tunis,"Avenue Mohamed Bouazizi, Tunis, Tunisie",Tunis,tunis;ariana;cite des sciences;el menzah;centre urbain nord,Tunisie,36.843520883355396,10.19673069519583,MUSEUM,INDOOR,SUMMER,juillet,2,6,60,9,MEDIUM,True,musique;conte;rythme;ecoute,VERY_HIGH,RECOMMENDED
330,Conte musical - Cité des Sciences à Tunis,"Conte avec instruments, rythme et participation des enfants.",SPECTACLE,Cité des Sciences à Tunis,"Avenue Mohamed Bouazizi, Tunis, Tunisie",Tunis,tunis;ariana;cite des sciences;el menzah;centre urbain nord,Tunisie,36.84263898120197,10.198638407261148,MUSEUM,INDOOR,AUTUMN,octobre,2,6,65,4,LOW,True,musique;conte;rythme;ecoute,VERY_HIGH,HIGHLY_RECOMMENDED
331,Conte musical - Cité des Sciences à Tunis,"Conte avec instruments, rythme et participation des enfants.",SPECTACLE,Cité des Sciences à Tunis,"Avenue Mohamed Bouazizi, Tunis, Tunisie",Tunis,tunis;ariana;cite des sciences;el menzah;centre urbain nord,Tunisie,36.84186063064116,10.197357131177966,MUSEUM,INDOOR,WINTER,fevrier,2,6,70,13,MEDIUM,True,musique;conte;rythme;ecoute,VERY_HIGH,RECOMMENDED
332,Atelier cuisine froide - Cité des Sciences à Tunis,"Préparation simple sans cuisson: fruits, tartines et hygiène.",ATELIER,Cité des Sciences à Tunis,"Avenue Mohamed Bouazizi, Tunis, Tunisie",Tunis,tunis;ariana;cite des sciences;el menzah;centre urbain nord,Tunisie,36.842953598358015,10.198474877365818,MUSEUM,INDOOR,ALL,all,3,6,70,6,LOW,True,cuisine;hygiene;autonomie;gout,VERY_HIGH,HIGHLY_RECOMMENDED
333,Atelier cuisine froide - Cité des Sciences à Tunis,"Préparation simple sans cuisson: fruits, tartines et hygiène.",ATELIER,Cité des Sciences à Tunis,"Avenue Mohamed Bouazizi, Tunis, Tunisie",Tunis,tunis;ariana;cite des sciences;el menzah;centre urbain nord,Tunisie,36.842934918923206,10.197169540486204,MUSEUM,INDOOR,SPRING,mai,3,6,65,4,LOW,True,cuisine;hygiene;autonomie;gout,VERY_HIGH,HIGHLY_RECOMMENDED
334,Atelier cuisine froide - Cité des Sciences à Tunis,"Préparation simple sans cuisson: fruits, tartines et hygiène.",ATELIER,Cité des Sciences à Tunis,"Avenue Mohamed Bouazizi, Tunis, Tunisie",Tunis,tunis;ariana;cite des sciences;el menzah;centre urbain nord,Tunisie,36.842567942943845,10.196896886252766,MUSEUM,INDOOR,SUMMER,juin,3,6,50,4,LOW,True,cuisine;hygiene;autonomie;gout,VERY_HIGH,HIGHLY_RECOMMENDED
335,Atelier cuisine froide - Cité des Sciences à Tunis,"Préparation simple sans cuisson: fruits, tartines et hygiène.",ATELIER,Cité des Sciences à Tunis,"Avenue Mohamed Bouazizi, Tunis, Tunisie",Tunis,tunis;ariana;cite des sciences;el menzah;centre urbain nord,Tunisie,36.84308800232559,10.1985068481241,MUSEUM,INDOOR,AUTUMN,octobre,3,6,50,4,LOW,True,cuisine;hygiene;autonomie;gout,VERY_HIGH,HIGHLY_RECOMMENDED
336,Atelier cuisine froide - Cité des Sciences à Tunis,"Préparation simple sans cuisson: fruits, tartines et hygiène.",ATELIER,Cité des Sciences à Tunis,"Avenue Mohamed Bouazizi, Tunis, Tunisie",Tunis,tunis;ariana;cite des sciences;el menzah;centre urbain nord,Tunisie,36.84228673555193,10.19744968217955,MUSEUM,INDOOR,WINTER,janvier,3,6,60,4,LOW,True,cuisine;hygiene;autonomie;gout,VERY_HIGH,HIGHLY_RECOMMENDED
337,Chasse aux formes - Cité des Sciences à Tunis,Recherche de formes et couleurs dans un espace sécurisé.,ACTIVITE,Cité des Sciences à Tunis,"Avenue Mohamed Bouazizi, Tunis, Tunisie",Tunis,tunis;ariana;cite des sciences;el menzah;centre urbain nord,Tunisie,36.8427623326363,10.19783185612383,MUSEUM,INDOOR,ALL,all,2,5,55,4,LOW,True,formes;couleurs;observation;jeu,HIGH,RECOMMENDED
338,Chasse aux formes - Cité des Sciences à Tunis,Recherche de formes et couleurs dans un espace sécurisé.,ACTIVITE,Cité des Sciences à Tunis,"Avenue Mohamed Bouazizi, Tunis, Tunisie",Tunis,tunis;ariana;cite des sciences;el menzah;centre urbain nord,Tunisie,36.841857936701324,10.19844167919729,MUSEUM,INDOOR,SPRING,mars,2,5,55,4,LOW,True,formes;couleurs;observation;jeu,HIGH,RECOMMENDED
339,Chasse aux formes - Cité des Sciences à Tunis,Recherche de formes et couleurs dans un espace sécurisé.,ACTIVITE,Cité des Sciences à Tunis,"Avenue Mohamed Bouazizi, Tunis, Tunisie",Tunis,tunis;ariana;cite des sciences;el menzah;centre urbain nord,Tunisie,36.84198623544026,10.19762229982671,MUSEUM,INDOOR,SUMMER,juillet,2,5,60,10,MEDIUM,True,formes;couleurs;observation;jeu,HIGH,RECOMMENDED
340,Chasse aux formes - Cité des Sciences à Tunis,Recherche de formes et couleurs dans un espace sécurisé.,ACTIVITE,Cité des Sciences à Tunis,"Avenue Mohamed Bouazizi, Tunis, Tunisie",Tunis,tunis;ariana;cite des sciences;el menzah;centre urbain nord,Tunisie,36.843033681434534,10.1984978170634,MUSEUM,INDOOR,AUTUMN,octobre,2,5,65,6,LOW,True,formes;couleurs;observation;jeu,HIGH,RECOMMENDED
341,Chasse aux formes - Cité des Sciences à Tunis,Recherche de formes et couleurs dans un espace sécurisé.,ACTIVITE,Cité des Sciences à Tunis,"Avenue Mohamed Bouazizi, Tunis, Tunisie",Tunis,tunis;ariana;cite des sciences;el menzah;centre urbain nord,Tunisie,36.84201595124414,10.197583459567207,MUSEUM,INDOOR,WINTER,janvier,2,5,60,10,MEDIUM,True,formes;couleurs;observation;jeu,HIGH,RECOMMENDED
342,Sortie patrimoine en images - Cité des Sciences à Tunis,"Découverte d un lieu historique avec photos, croquis et vocabulaire.",SORTIE,Cité des Sciences à Tunis,"Avenue Mohamed Bouazizi, Tunis, Tunisie",Tunis,tunis;ariana;cite des sciences;el menzah;centre urbain nord,Tunisie,36.84297787740472,10.19754861787692,MUSEUM,INDOOR,ALL,all,4,6,125,13,MEDIUM,True,patrimoine;histoire;langage;sortie,HIGH,POSSIBLE
343,Sortie patrimoine en images - Cité des Sciences à Tunis,"Découverte d un lieu historique avec photos, croquis et vocabulaire.",SORTIE,Cité des Sciences à Tunis,"Avenue Mohamed Bouazizi, Tunis, Tunisie",Tunis,tunis;ariana;cite des sciences;el menzah;centre urbain nord,Tunisie,36.843698747131,10.19840667091732,MUSEUM,INDOOR,SPRING,avril,4,6,110,6,LOW,True,patrimoine;histoire;langage;sortie,HIGH,RECOMMENDED
344,Sortie patrimoine en images - Cité des Sciences à Tunis,"Découverte d un lieu historique avec photos, croquis et vocabulaire.",SORTIE,Cité des Sciences à Tunis,"Avenue Mohamed Bouazizi, Tunis, Tunisie",Tunis,tunis;ariana;cite des sciences;el menzah;centre urbain nord,Tunisie,36.84241791831516,10.197291744780431,MUSEUM,INDOOR,SUMMER,juin,4,6,125,13,MEDIUM,True,patrimoine;histoire;langage;sortie,HIGH,POSSIBLE
345,Sortie patrimoine en images - Cité des Sciences à Tunis,"Découverte d un lieu historique avec photos, croquis et vocabulaire.",SORTIE,Cité des Sciences à Tunis,"Avenue Mohamed Bouazizi, Tunis, Tunisie",Tunis,tunis;ariana;cite des sciences;el menzah;centre urbain nord,Tunisie,36.841716195931525,10.198430134795395,MUSEUM,INDOOR,AUTUMN,septembre,4,6,110,11,MEDIUM,True,patrimoine;histoire;langage;sortie,HIGH,POSSIBLE
346,Sortie patrimoine en images - Cité des Sciences à Tunis,"Découverte d un lieu historique avec photos, croquis et vocabulaire.",SORTIE,Cité des Sciences à Tunis,"Avenue Mohamed Bouazizi, Tunis, Tunisie",Tunis,tunis;ariana;cite des sciences;el menzah;centre urbain nord,Tunisie,36.84325148195921,10.19716023678194,MUSEUM,INDOOR,WINTER,fevrier,4,6,125,11,MEDIUM,True,patrimoine;histoire;langage;sortie,HIGH,POSSIBLE
347,Jardinage pédagogique - Cité des Sciences à Tunis,"Planter, arroser et comprendre les besoins d une plante.",ACTIVITE,Cité des Sciences à Tunis,"Avenue Mohamed Bouazizi, Tunis, Tunisie",Tunis,tunis;ariana;cite des sciences;el menzah;centre urbain nord,Tunisie,36.84297323575601,10.19794178232626,MUSEUM,INDOOR,ALL,all,3,6,65,4,LOW,True,jardinage;nature;responsabilite;sensoriel,VERY_HIGH,HIGHLY_RECOMMENDED
348,Jardinage pédagogique - Cité des Sciences à Tunis,"Planter, arroser et comprendre les besoins d une plante.",ACTIVITE,Cité des Sciences à Tunis,"Avenue Mohamed Bouazizi, Tunis, Tunisie",Tunis,tunis;ariana;cite des sciences;el menzah;centre urbain nord,Tunisie,36.84350680740815,10.19799268121778,MUSEUM,INDOOR,SPRING,mai,3,6,70,4,LOW,True,jardinage;nature;responsabilite;sensoriel,VERY_HIGH,HIGHLY_RECOMMENDED
349,Jardinage pédagogique - Cité des Sciences à Tunis,"Planter, arroser et comprendre les besoins d une plante.",ACTIVITE,Cité des Sciences à Tunis,"Avenue Mohamed Bouazizi, Tunis, Tunisie",Tunis,tunis;ariana;cite des sciences;el menzah;centre urbain nord,Tunisie,36.84285914761074,10.198164719535878,MUSEUM,INDOOR,SUMMER,juillet,3,6,55,4,LOW,True,jardinage;nature;responsabilite;sensoriel,VERY_HIGH,HIGHLY_RECOMMENDED
350,Jardinage pédagogique - Cité des Sciences à Tunis,"Planter, arroser et comprendre les besoins d une plante.",ACTIVITE,Cité des Sciences à Tunis,"Avenue Mohamed Bouazizi, Tunis, Tunisie",Tunis,tunis;ariana;cite des sciences;el menzah;centre urbain nord,Tunisie,36.84319496172988,10.197051280140888,MUSEUM,INDOOR,AUTUMN,octobre,3,6,65,6,LOW,True,jardinage;nature;responsabilite;sensoriel,VERY_HIGH,HIGHLY_RECOMMENDED
351,Jardinage pédagogique - Cité des Sciences à Tunis,"Planter, arroser et comprendre les besoins d une plante.",ACTIVITE,Cité des Sciences à Tunis,"Avenue Mohamed Bouazizi, Tunis, Tunisie",Tunis,tunis;ariana;cite des sciences;el menzah;centre urbain nord,Tunisie,36.8427617047474,10.198526973948963,MUSEUM,INDOOR,WINTER,fevrier,3,6,65,6,LOW,True,jardinage;nature;responsabilite;sensoriel,VERY_HIGH,HIGHLY_RECOMMENDED
352,Lecture de contes illustrés - Zoo de Tunis - Parc du Belvédère,"Histoires courtes, images et discussion pour stimuler le langage.",ACTIVITE,Zoo de Tunis - Parc du Belvédère,"22 Avenue des Etats-Unis, Tunis 1002, Tunisie",Tunis,tunis;belvedere;zoo;tunis centre;lafayette,Tunisie,36.82432809790708,10.178788375632193,ZOO,OUTDOOR,ALL,all,2,6,45,5,LOW,True,lecture;contes;langage;calme,VERY_HIGH,HIGHLY_RECOMMENDED
353,Lecture de contes illustrés - Zoo de Tunis - Parc du Belvédère,"Histoires courtes, images et discussion pour stimuler le langage.",ACTIVITE,Zoo de Tunis - Parc du Belvédère,"22 Avenue des Etats-Unis, Tunis 1002, Tunisie",Tunis,tunis;belvedere;zoo;tunis centre;lafayette,Tunisie,36.82410846507721,10.177836662777704,ZOO,OUTDOOR,SPRING,mai,2,6,30,5,LOW,True,lecture;contes;langage;calme,VERY_HIGH,HIGHLY_RECOMMENDED
354,Lecture de contes illustrés - Zoo de Tunis - Parc du Belvédère,"Histoires courtes, images et discussion pour stimuler le langage.",ACTIVITE,Zoo de Tunis - Parc du Belvédère,"22 Avenue des Etats-Unis, Tunis 1002, Tunisie",Tunis,tunis;belvedere;zoo;tunis centre;lafayette,Tunisie,36.8242202811938,10.17834843342415,ZOO,OUTDOOR,SUMMER,juin,2,6,50,3,LOW,True,lecture;contes;langage;calme,VERY_HIGH,HIGHLY_RECOMMENDED
355,Lecture de contes illustrés - Zoo de Tunis - Parc du Belvédère,"Histoires courtes, images et discussion pour stimuler le langage.",ACTIVITE,Zoo de Tunis - Parc du Belvédère,"22 Avenue des Etats-Unis, Tunis 1002, Tunisie",Tunis,tunis;belvedere;zoo;tunis centre;lafayette,Tunisie,36.82268060575114,10.177689149120656,ZOO,OUTDOOR,AUTUMN,novembre,2,6,45,5,LOW,True,lecture;contes;langage;calme,VERY_HIGH,HIGHLY_RECOMMENDED
356,Lecture de contes illustrés - Zoo de Tunis - Parc du Belvédère,"Histoires courtes, images et discussion pour stimuler le langage.",ACTIVITE,Zoo de Tunis - Parc du Belvédère,"22 Avenue des Etats-Unis, Tunis 1002, Tunisie",Tunis,tunis;belvedere;zoo;tunis centre;lafayette,Tunisie,36.82340957205547,10.178245656763746,ZOO,OUTDOOR,WINTER,fevrier,2,6,45,3,LOW,True,lecture;contes;langage;calme,VERY_HIGH,HIGHLY_RECOMMENDED
357,Sortie découverte nature - Zoo de Tunis - Parc du Belvédère,"Observation des arbres, oiseaux, feuilles et petits jeux calmes.",SORTIE,Zoo de Tunis - Parc du Belvédère,"22 Avenue des Etats-Unis, Tunis 1002, Tunisie",Tunis,tunis;belvedere;zoo;tunis centre;lafayette,Tunisie,36.82414483460246,10.178780583783558,ZOO,OUTDOOR,ALL,all,3,6,90,12,MEDIUM,True,nature;observation;ecologie;sortie,VERY_HIGH,RECOMMENDED
358,Sortie découverte nature - Zoo de Tunis - Parc du Belvédère,"Observation des arbres, oiseaux, feuilles et petits jeux calmes.",SORTIE,Zoo de Tunis - Parc du Belvédère,"22 Avenue des Etats-Unis, Tunis 1002, Tunisie",Tunis,tunis;belvedere;zoo;tunis centre;lafayette,Tunisie,36.822550049299295,10.178668469690429,ZOO,OUTDOOR,SPRING,mai,3,6,105,6,LOW,True,nature;observation;ecologie;sortie,VERY_HIGH,HIGHLY_RECOMMENDED
359,Sortie découverte nature - Zoo de Tunis - Parc du Belvédère,"Observation des arbres, oiseaux, feuilles et petits jeux calmes.",SORTIE,Zoo de Tunis - Parc du Belvédère,"22 Avenue des Etats-Unis, Tunis 1002, Tunisie",Tunis,tunis;belvedere;zoo;tunis centre;lafayette,Tunisie,36.82262643408232,10.17854771070278,ZOO,OUTDOOR,SUMMER,aout,3,6,105,8,LOW,True,nature;observation;ecologie;sortie,VERY_HIGH,HIGHLY_RECOMMENDED
360,Sortie découverte nature - Zoo de Tunis - Parc du Belvédère,"Observation des arbres, oiseaux, feuilles et petits jeux calmes.",SORTIE,Zoo de Tunis - Parc du Belvédère,"22 Avenue des Etats-Unis, Tunis 1002, Tunisie",Tunis,tunis;belvedere;zoo;tunis centre;lafayette,Tunisie,36.82277955402502,10.178792523065763,ZOO,OUTDOOR,AUTUMN,novembre,3,6,105,7,LOW,True,nature;observation;ecologie;sortie,VERY_HIGH,HIGHLY_RECOMMENDED
361,Sortie découverte nature - Zoo de Tunis - Parc du Belvédère,"Observation des arbres, oiseaux, feuilles et petits jeux calmes.",SORTIE,Zoo de Tunis - Parc du Belvédère,"22 Avenue des Etats-Unis, Tunis 1002, Tunisie",Tunis,tunis;belvedere;zoo;tunis centre;lafayette,Tunisie,36.822969600064866,10.177975093211764,ZOO,OUTDOOR,WINTER,janvier,3,6,110,3,LOW,True,nature;observation;ecologie;sortie,VERY_HIGH,HIGHLY_RECOMMENDED
362,Mini randonnée éducative - Zoo de Tunis - Parc du Belvédère,"Promenade courte avec pauses, consignes de sécurité et découverte.",SORTIE,Zoo de Tunis - Parc du Belvédère,"22 Avenue des Etats-Unis, Tunis 1002, Tunisie",Tunis,tunis;belvedere;zoo;tunis centre;lafayette,Tunisie,36.8238409724377,10.178386280243046,ZOO,OUTDOOR,ALL,all,4,6,110,10,MEDIUM,True,marche;nature;autonomie;securite,HIGH,POSSIBLE
363,Mini randonnée éducative - Zoo de Tunis - Parc du Belvédère,"Promenade courte avec pauses, consignes de sécurité et découverte.",SORTIE,Zoo de Tunis - Parc du Belvédère,"22 Avenue des Etats-Unis, Tunis 1002, Tunisie",Tunis,tunis;belvedere;zoo;tunis centre;lafayette,Tunisie,36.82380984379499,10.178567386166591,ZOO,OUTDOOR,SPRING,mai,4,6,110,6,LOW,True,marche;nature;autonomie;securite,HIGH,RECOMMENDED
364,Mini randonnée éducative - Zoo de Tunis - Parc du Belvédère,"Promenade courte avec pauses, consignes de sécurité et découverte.",SORTIE,Zoo de Tunis - Parc du Belvédère,"22 Avenue des Etats-Unis, Tunis 1002, Tunisie",Tunis,tunis;belvedere;zoo;tunis centre;lafayette,Tunisie,36.82324105991747,10.17778676617212,ZOO,OUTDOOR,SUMMER,juillet,4,6,100,8,LOW,True,marche;nature;autonomie;securite,HIGH,RECOMMENDED
365,Mini randonnée éducative - Zoo de Tunis - Parc du Belvédère,"Promenade courte avec pauses, consignes de sécurité et découverte.",SORTIE,Zoo de Tunis - Parc du Belvédère,"22 Avenue des Etats-Unis, Tunis 1002, Tunisie",Tunis,tunis;belvedere;zoo;tunis centre;lafayette,Tunisie,36.823234669917,10.178703392424849,ZOO,OUTDOOR,AUTUMN,octobre,4,6,105,8,LOW,True,marche;nature;autonomie;securite,HIGH,RECOMMENDED
366,Mini randonnée éducative - Zoo de Tunis - Parc du Belvédère,"Promenade courte avec pauses, consignes de sécurité et découverte.",SORTIE,Zoo de Tunis - Parc du Belvédère,"22 Avenue des Etats-Unis, Tunis 1002, Tunisie",Tunis,tunis;belvedere;zoo;tunis centre;lafayette,Tunisie,36.82287961712432,10.177144319438174,ZOO,OUTDOOR,WINTER,decembre,4,6,110,10,MEDIUM,True,marche;nature;autonomie;securite,HIGH,POSSIBLE
367,Visite musée adaptée enfants - Zoo de Tunis - Parc du Belvédère,Découverte accompagnée avec jeu de questions simples et dessins après visite.,SORTIE,Zoo de Tunis - Parc du Belvédère,"22 Avenue des Etats-Unis, Tunis 1002, Tunisie",Tunis,tunis;belvedere;zoo;tunis centre;lafayette,Tunisie,36.82292421163085,10.178178985837059,ZOO,OUTDOOR,ALL,all,4,6,120,8,LOW,True,musee;culture;histoire;observation,VERY_HIGH,RECOMMENDED
368,Visite musée adaptée enfants - Zoo de Tunis - Parc du Belvédère,Découverte accompagnée avec jeu de questions simples et dessins après visite.,SORTIE,Zoo de Tunis - Parc du Belvédère,"22 Avenue des Etats-Unis, Tunis 1002, Tunisie",Tunis,tunis;belvedere;zoo;tunis centre;lafayette,Tunisie,36.82447764180789,10.178473956199952,ZOO,OUTDOOR,SPRING,mars,4,6,130,5,LOW,True,musee;culture;histoire;observation,VERY_HIGH,RECOMMENDED
369,Visite musée adaptée enfants - Zoo de Tunis - Parc du Belvédère,Découverte accompagnée avec jeu de questions simples et dessins après visite.,SORTIE,Zoo de Tunis - Parc du Belvédère,"22 Avenue des Etats-Unis, Tunis 1002, Tunisie",Tunis,tunis;belvedere;zoo;tunis centre;lafayette,Tunisie,36.823672766167164,10.178526105962241,ZOO,OUTDOOR,SUMMER,juin,4,6,130,9,MEDIUM,True,musee;culture;histoire;observation,VERY_HIGH,RECOMMENDED
370,Visite musée adaptée enfants - Zoo de Tunis - Parc du Belvédère,Découverte accompagnée avec jeu de questions simples et dessins après visite.,SORTIE,Zoo de Tunis - Parc du Belvédère,"22 Avenue des Etats-Unis, Tunis 1002, Tunisie",Tunis,tunis;belvedere;zoo;tunis centre;lafayette,Tunisie,36.82250567110296,10.17861681225276,ZOO,OUTDOOR,AUTUMN,octobre,4,6,130,8,LOW,True,musee;culture;histoire;observation,VERY_HIGH,RECOMMENDED
371,Visite musée adaptée enfants - Zoo de Tunis - Parc du Belvédère,Découverte accompagnée avec jeu de questions simples et dessins après visite.,SORTIE,Zoo de Tunis - Parc du Belvédère,"22 Avenue des Etats-Unis, Tunis 1002, Tunisie",Tunis,tunis;belvedere;zoo;tunis centre;lafayette,Tunisie,36.82409702764712,10.177119852695778,ZOO,OUTDOOR,WINTER,decembre,4,6,120,12,MEDIUM,True,musee;culture;histoire;observation,VERY_HIGH,RECOMMENDED
372,Parcours motricité - Zoo de Tunis - Parc du Belvédère,"Sauts, équilibre, tunnel et coordination avec encadrement.",SPORT,Zoo de Tunis - Parc du Belvédère,"22 Avenue des Etats-Unis, Tunis 1002, Tunisie",Tunis,tunis;belvedere;zoo;tunis centre;lafayette,Tunisie,36.823216484558436,10.178476863068907,ZOO,OUTDOOR,ALL,all,2,6,60,3,LOW,True,sport;motricite;coordination;energie,HIGH,RECOMMENDED
373,Parcours motricité - Zoo de Tunis - Parc du Belvédère,"Sauts, équilibre, tunnel et coordination avec encadrement.",SPORT,Zoo de Tunis - Parc du Belvédère,"22 Avenue des Etats-Unis, Tunis 1002, Tunisie",Tunis,tunis;belvedere;zoo;tunis centre;lafayette,Tunisie,36.82260479803573,10.178383436113908,ZOO,OUTDOOR,SPRING,mars,2,6,45,6,LOW,True,sport;motricite;coordination;energie,HIGH,RECOMMENDED
374,Parcours motricité - Zoo de Tunis - Parc du Belvédère,"Sauts, équilibre, tunnel et coordination avec encadrement.",SPORT,Zoo de Tunis - Parc du Belvédère,"22 Avenue des Etats-Unis, Tunis 1002, Tunisie",Tunis,tunis;belvedere;zoo;tunis centre;lafayette,Tunisie,36.82339655042854,10.177624077947634,ZOO,OUTDOOR,SUMMER,aout,2,6,45,6,LOW,True,sport;motricite;coordination;energie,HIGH,RECOMMENDED
375,Parcours motricité - Zoo de Tunis - Parc du Belvédère,"Sauts, équilibre, tunnel et coordination avec encadrement.",SPORT,Zoo de Tunis - Parc du Belvédère,"22 Avenue des Etats-Unis, Tunis 1002, Tunisie",Tunis,tunis;belvedere;zoo;tunis centre;lafayette,Tunisie,36.824390831285946,10.176986730073798,ZOO,OUTDOOR,AUTUMN,octobre,2,6,60,9,MEDIUM,True,sport;motricite;coordination;energie,HIGH,RECOMMENDED
376,Jeux collectifs doux - Zoo de Tunis - Parc du Belvédère,Jeux de ballon simples pour apprendre les règles et l équipe.,SPORT,Zoo de Tunis - Parc du Belvédère,"22 Avenue des Etats-Unis, Tunis 1002, Tunisie",Tunis,tunis;belvedere;zoo;tunis centre;lafayette,Tunisie,36.824428052366244,10.177021650814988,ZOO,OUTDOOR,ALL,all,3,6,80,12,MEDIUM,True,sport;cooperation;ballon;regles,HIGH,RECOMMENDED
377,Jeux collectifs doux - Zoo de Tunis - Parc du Belvédère,Jeux de ballon simples pour apprendre les règles et l équipe.,SPORT,Zoo de Tunis - Parc du Belvédère,"22 Avenue des Etats-Unis, Tunis 1002, Tunisie",Tunis,tunis;belvedere;zoo;tunis centre;lafayette,Tunisie,36.82271592365936,10.178324802629794,ZOO,OUTDOOR,SPRING,avril,3,6,80,12,MEDIUM,True,sport;cooperation;ballon;regles,HIGH,RECOMMENDED
378,Jeux collectifs doux - Zoo de Tunis - Parc du Belvédère,Jeux de ballon simples pour apprendre les règles et l équipe.,SPORT,Zoo de Tunis - Parc du Belvédère,"22 Avenue des Etats-Unis, Tunis 1002, Tunisie",Tunis,tunis;belvedere;zoo;tunis centre;lafayette,Tunisie,36.82371659484727,10.17703136446664,ZOO,OUTDOOR,SUMMER,juin,3,6,75,6,LOW,True,sport;cooperation;ballon;regles,HIGH,RECOMMENDED
379,Jeux collectifs doux - Zoo de Tunis - Parc du Belvédère,Jeux de ballon simples pour apprendre les règles et l équipe.,SPORT,Zoo de Tunis - Parc du Belvédère,"22 Avenue des Etats-Unis, Tunis 1002, Tunisie",Tunis,tunis;belvedere;zoo;tunis centre;lafayette,Tunisie,36.823924305592854,10.177661808797636,ZOO,OUTDOOR,AUTUMN,novembre,3,6,75,14,MEDIUM,True,sport;cooperation;ballon;regles,HIGH,RECOMMENDED
380,Fête saisonnière - Zoo de Tunis - Parc du Belvédère,"Décoration, chants, jeux et goûter selon la saison.",FETE,Zoo de Tunis - Parc du Belvédère,"22 Avenue des Etats-Unis, Tunis 1002, Tunisie",Tunis,tunis;belvedere;zoo;tunis centre;lafayette,Tunisie,36.82371085358307,10.177098356923358,ZOO,OUTDOOR,ALL,all,2,6,75,12,MEDIUM,True,fete;chants;decoration;socialisation,HIGH,RECOMMENDED
381,Fête saisonnière - Zoo de Tunis - Parc du Belvédère,"Décoration, chants, jeux et goûter selon la saison.",FETE,Zoo de Tunis - Parc du Belvédère,"22 Avenue des Etats-Unis, Tunis 1002, Tunisie",Tunis,tunis;belvedere;zoo;tunis centre;lafayette,Tunisie,36.824230984631406,10.177760139883333,ZOO,OUTDOOR,SPRING,mai,2,6,85,14,MEDIUM,True,fete;chants;decoration;socialisation,HIGH,RECOMMENDED
382,Fête saisonnière - Zoo de Tunis - Parc du Belvédère,"Décoration, chants, jeux et goûter selon la saison.",FETE,Zoo de Tunis - Parc du Belvédère,"22 Avenue des Etats-Unis, Tunis 1002, Tunisie",Tunis,tunis;belvedere;zoo;tunis centre;lafayette,Tunisie,36.823297460368515,10.178359225015269,ZOO,OUTDOOR,SUMMER,juillet,2,6,90,8,LOW,True,fete;chants;decoration;socialisation,HIGH,RECOMMENDED
383,Fête saisonnière - Zoo de Tunis - Parc du Belvédère,"Décoration, chants, jeux et goûter selon la saison.",FETE,Zoo de Tunis - Parc du Belvédère,"22 Avenue des Etats-Unis, Tunis 1002, Tunisie",Tunis,tunis;belvedere;zoo;tunis centre;lafayette,Tunisie,36.823009779592965,10.178807185035238,ZOO,OUTDOOR,AUTUMN,octobre,2,6,95,10,MEDIUM,True,fete;chants;decoration;socialisation,HIGH,RECOMMENDED
384,Chasse aux formes - Zoo de Tunis - Parc du Belvédère,Recherche de formes et couleurs dans un espace sécurisé.,ACTIVITE,Zoo de Tunis - Parc du Belvédère,"22 Avenue des Etats-Unis, Tunis 1002, Tunisie",Tunis,tunis;belvedere;zoo;tunis centre;lafayette,Tunisie,36.82268244957673,10.177070728714662,ZOO,OUTDOOR,ALL,all,2,5,65,3,LOW,True,formes;couleurs;observation;jeu,HIGH,RECOMMENDED
385,Chasse aux formes - Zoo de Tunis - Parc du Belvédère,Recherche de formes et couleurs dans un espace sécurisé.,ACTIVITE,Zoo de Tunis - Parc du Belvédère,"22 Avenue des Etats-Unis, Tunis 1002, Tunisie",Tunis,tunis;belvedere;zoo;tunis centre;lafayette,Tunisie,36.82412353857056,10.17801274147123,ZOO,OUTDOOR,SPRING,mars,2,5,60,5,LOW,True,formes;couleurs;observation;jeu,HIGH,RECOMMENDED
386,Chasse aux formes - Zoo de Tunis - Parc du Belvédère,Recherche de formes et couleurs dans un espace sécurisé.,ACTIVITE,Zoo de Tunis - Parc du Belvédère,"22 Avenue des Etats-Unis, Tunis 1002, Tunisie",Tunis,tunis;belvedere;zoo;tunis centre;lafayette,Tunisie,36.82332161726585,10.178647214744467,ZOO,OUTDOOR,SUMMER,aout,2,5,65,3,LOW,True,formes;couleurs;observation;jeu,HIGH,RECOMMENDED
387,Chasse aux formes - Zoo de Tunis - Parc du Belvédère,Recherche de formes et couleurs dans un espace sécurisé.,ACTIVITE,Zoo de Tunis - Parc du Belvédère,"22 Avenue des Etats-Unis, Tunis 1002, Tunisie",Tunis,tunis;belvedere;zoo;tunis centre;lafayette,Tunisie,36.82443679725063,10.178100820182449,ZOO,OUTDOOR,AUTUMN,novembre,2,5,60,3,LOW,True,formes;couleurs;observation;jeu,HIGH,RECOMMENDED
388,Chasse aux formes - Zoo de Tunis - Parc du Belvédère,Recherche de formes et couleurs dans un espace sécurisé.,ACTIVITE,Zoo de Tunis - Parc du Belvédère,"22 Avenue des Etats-Unis, Tunis 1002, Tunisie",Tunis,tunis;belvedere;zoo;tunis centre;lafayette,Tunisie,36.82351482509394,10.177209460351715,ZOO,OUTDOOR,WINTER,decembre,2,5,65,9,MEDIUM,True,formes;couleurs;observation;jeu,HIGH,RECOMMENDED
389,Sortie patrimoine en images - Zoo de Tunis - Parc du Belvédère,"Découverte d un lieu historique avec photos, croquis et vocabulaire.",SORTIE,Zoo de Tunis - Parc du Belvédère,"22 Avenue des Etats-Unis, Tunis 1002, Tunisie",Tunis,tunis;belvedere;zoo;tunis centre;lafayette,Tunisie,36.823200227988444,10.178012530952207,ZOO,OUTDOOR,ALL,all,4,6,110,3,LOW,True,patrimoine;histoire;langage;sortie,HIGH,RECOMMENDED
390,Sortie patrimoine en images - Zoo de Tunis - Parc du Belvédère,"Découverte d un lieu historique avec photos, croquis et vocabulaire.",SORTIE,Zoo de Tunis - Parc du Belvédère,"22 Avenue des Etats-Unis, Tunis 1002, Tunisie",Tunis,tunis;belvedere;zoo;tunis centre;lafayette,Tunisie,36.82411444274231,10.178590310322656,ZOO,OUTDOOR,SPRING,avril,4,6,110,9,MEDIUM,True,patrimoine;histoire;langage;sortie,HIGH,POSSIBLE
391,Sortie patrimoine en images - Zoo de Tunis - Parc du Belvédère,"Découverte d un lieu historique avec photos, croquis et vocabulaire.",SORTIE,Zoo de Tunis - Parc du Belvédère,"22 Avenue des Etats-Unis, Tunis 1002, Tunisie",Tunis,tunis;belvedere;zoo;tunis centre;lafayette,Tunisie,36.822860832143924,10.17830539754573,ZOO,OUTDOOR,SUMMER,aout,4,6,125,5,LOW,True,patrimoine;histoire;langage;sortie,HIGH,RECOMMENDED
392,Sortie patrimoine en images - Zoo de Tunis - Parc du Belvédère,"Découverte d un lieu historique avec photos, croquis et vocabulaire.",SORTIE,Zoo de Tunis - Parc du Belvédère,"22 Avenue des Etats-Unis, Tunis 1002, Tunisie",Tunis,tunis;belvedere;zoo;tunis centre;lafayette,Tunisie,36.82286281111643,10.177186502980684,ZOO,OUTDOOR,AUTUMN,octobre,4,6,130,5,LOW,True,patrimoine;histoire;langage;sortie,HIGH,RECOMMENDED
393,Sortie patrimoine en images - Zoo de Tunis - Parc du Belvédère,"Découverte d un lieu historique avec photos, croquis et vocabulaire.",SORTIE,Zoo de Tunis - Parc du Belvédère,"22 Avenue des Etats-Unis, Tunis 1002, Tunisie",Tunis,tunis;belvedere;zoo;tunis centre;lafayette,Tunisie,36.823766344025316,10.176961314196761,ZOO,OUTDOOR,WINTER,decembre,4,6,120,8,LOW,True,patrimoine;histoire;langage;sortie,HIGH,RECOMMENDED
394,Jardinage pédagogique - Zoo de Tunis - Parc du Belvédère,"Planter, arroser et comprendre les besoins d une plante.",ACTIVITE,Zoo de Tunis - Parc du Belvédère,"22 Avenue des Etats-Unis, Tunis 1002, Tunisie",Tunis,tunis;belvedere;zoo;tunis centre;lafayette,Tunisie,36.82333966498753,10.177581791963538,ZOO,OUTDOOR,ALL,all,3,6,70,7,LOW,True,jardinage;nature;responsabilite;sensoriel,VERY_HIGH,HIGHLY_RECOMMENDED
395,Jardinage pédagogique - Zoo de Tunis - Parc du Belvédère,"Planter, arroser et comprendre les besoins d une plante.",ACTIVITE,Zoo de Tunis - Parc du Belvédère,"22 Avenue des Etats-Unis, Tunis 1002, Tunisie",Tunis,tunis;belvedere;zoo;tunis centre;lafayette,Tunisie,36.82405367123994,10.178035187113228,ZOO,OUTDOOR,SPRING,avril,3,6,55,5,LOW,True,jardinage;nature;responsabilite;sensoriel,VERY_HIGH,HIGHLY_RECOMMENDED
396,Jardinage pédagogique - Zoo de Tunis - Parc du Belvédère,"Planter, arroser et comprendre les besoins d une plante.",ACTIVITE,Zoo de Tunis - Parc du Belvédère,"22 Avenue des Etats-Unis, Tunis 1002, Tunisie",Tunis,tunis;belvedere;zoo;tunis centre;lafayette,Tunisie,36.82281481979422,10.178135676363851,ZOO,OUTDOOR,SUMMER,juin,3,6,55,3,LOW,True,jardinage;nature;responsabilite;sensoriel,VERY_HIGH,HIGHLY_RECOMMENDED
397,Jardinage pédagogique - Zoo de Tunis - Parc du Belvédère,"Planter, arroser et comprendre les besoins d une plante.",ACTIVITE,Zoo de Tunis - Parc du Belvédère,"22 Avenue des Etats-Unis, Tunis 1002, Tunisie",Tunis,tunis;belvedere;zoo;tunis centre;lafayette,Tunisie,36.82382387738562,10.17787132340978,ZOO,OUTDOOR,AUTUMN,octobre,3,6,75,7,LOW,True,jardinage;nature;responsabilite;sensoriel,VERY_HIGH,HIGHLY_RECOMMENDED
398,Jardinage pédagogique - Zoo de Tunis - Parc du Belvédère,"Planter, arroser et comprendre les besoins d une plante.",ACTIVITE,Zoo de Tunis - Parc du Belvédère,"22 Avenue des Etats-Unis, Tunis 1002, Tunisie",Tunis,tunis;belvedere;zoo;tunis centre;lafayette,Tunisie,36.82293113793068,10.177924692611601,ZOO,OUTDOOR,WINTER,janvier,3,6,70,5,LOW,True,jardinage;nature;responsabilite;sensoriel,VERY_HIGH,HIGHLY_RECOMMENDED
399,Lecture de contes illustrés - Jardin Japonais de Tunis,"Histoires courtes, images et discussion pour stimuler le langage.",ACTIVITE,Jardin Japonais de Tunis,"Avenue Mohamed V, Tunis, Tunisie",Tunis,tunis;lac;centre ville;mohamed v,Tunisie,36.8067217795444,10.186456435785868,PARK,OUTDOOR,ALL,all,2,6,50,4,LOW,True,lecture;contes;langage;calme,VERY_HIGH,HIGHLY_RECOMMENDED
400,Lecture de contes illustrés - Jardin Japonais de Tunis,"Histoires courtes, images et discussion pour stimuler le langage.",ACTIVITE,Jardin Japonais de Tunis,"Avenue Mohamed V, Tunis, Tunisie",Tunis,tunis;lac;centre ville;mohamed v,Tunisie,36.806590834725206,10.185890526792175,PARK,OUTDOOR,SPRING,mai,2,6,30,2,LOW,True,lecture;contes;langage;calme,VERY_HIGH,HIGHLY_RECOMMENDED
401,Lecture de contes illustrés - Jardin Japonais de Tunis,"Histoires courtes, images et discussion pour stimuler le langage.",ACTIVITE,Jardin Japonais de Tunis,"Avenue Mohamed V, Tunis, Tunisie",Tunis,tunis;lac;centre ville;mohamed v,Tunisie,36.807102838724035,10.18552246795844,PARK,OUTDOOR,SUMMER,juin,2,6,40,0,LOW,True,lecture;contes;langage;calme,VERY_HIGH,HIGHLY_RECOMMENDED
402,Lecture de contes illustrés - Jardin Japonais de Tunis,"Histoires courtes, images et discussion pour stimuler le langage.",ACTIVITE,Jardin Japonais de Tunis,"Avenue Mohamed V, Tunis, Tunisie",Tunis,tunis;lac;centre ville;mohamed v,Tunisie,36.80715624471188,10.185115459813138,PARK,OUTDOOR,AUTUMN,octobre,2,6,50,2,LOW,True,lecture;contes;langage;calme,VERY_HIGH,HIGHLY_RECOMMENDED
403,Lecture de contes illustrés - Jardin Japonais de Tunis,"Histoires courtes, images et discussion pour stimuler le langage.",ACTIVITE,Jardin Japonais de Tunis,"Avenue Mohamed V, Tunis, Tunisie",Tunis,tunis;lac;centre ville;mohamed v,Tunisie,36.80726041489143,10.186507342526765,PARK,OUTDOOR,WINTER,decembre,2,6,45,0,LOW,True,lecture;contes;langage;calme,VERY_HIGH,HIGHLY_RECOMMENDED
404,Sortie découverte nature - Jardin Japonais de Tunis,"Observation des arbres, oiseaux, feuilles et petits jeux calmes.",SORTIE,Jardin Japonais de Tunis,"Avenue Mohamed V, Tunis, Tunisie",Tunis,tunis;lac;centre ville;mohamed v,Tunisie,36.80822352872404,10.185184604523124,PARK,OUTDOOR,ALL,all,3,6,90,3,LOW,True,nature;observation;ecologie;sortie,VERY_HIGH,HIGHLY_RECOMMENDED
405,Sortie découverte nature - Jardin Japonais de Tunis,"Observation des arbres, oiseaux, feuilles et petits jeux calmes.",SORTIE,Jardin Japonais de Tunis,"Avenue Mohamed V, Tunis, Tunisie",Tunis,tunis;lac;centre ville;mohamed v,Tunisie,36.80765151832147,10.186246799361772,PARK,OUTDOOR,SPRING,avril,3,6,110,3,LOW,True,nature;observation;ecologie;sortie,VERY_HIGH,HIGHLY_RECOMMENDED
406,Sortie découverte nature - Jardin Japonais de Tunis,"Observation des arbres, oiseaux, feuilles et petits jeux calmes.",SORTIE,Jardin Japonais de Tunis,"Avenue Mohamed V, Tunis, Tunisie",Tunis,tunis;lac;centre ville;mohamed v,Tunisie,36.806541713118044,10.185749536358891,PARK,OUTDOOR,SUMMER,juillet,3,6,110,3,LOW,True,nature;observation;ecologie;sortie,VERY_HIGH,HIGHLY_RECOMMENDED
407,Sortie découverte nature - Jardin Japonais de Tunis,"Observation des arbres, oiseaux, feuilles et petits jeux calmes.",SORTIE,Jardin Japonais de Tunis,"Avenue Mohamed V, Tunis, Tunisie",Tunis,tunis;lac;centre ville;mohamed v,Tunisie,36.807373423559135,10.185311726266791,PARK,OUTDOOR,AUTUMN,novembre,3,6,110,2,LOW,True,nature;observation;ecologie;sortie,VERY_HIGH,HIGHLY_RECOMMENDED
408,Sortie découverte nature - Jardin Japonais de Tunis,"Observation des arbres, oiseaux, feuilles et petits jeux calmes.",SORTIE,Jardin Japonais de Tunis,"Avenue Mohamed V, Tunis, Tunisie",Tunis,tunis;lac;centre ville;mohamed v,Tunisie,36.80665729417496,10.18684104883239,PARK,OUTDOOR,WINTER,fevrier,3,6,105,9,MEDIUM,True,nature;observation;ecologie;sortie,VERY_HIGH,RECOMMENDED
409,Mini randonnée éducative - Jardin Japonais de Tunis,"Promenade courte avec pauses, consignes de sécurité et découverte.",SORTIE,Jardin Japonais de Tunis,"Avenue Mohamed V, Tunis, Tunisie",Tunis,tunis;lac;centre ville;mohamed v,Tunisie,36.80805823573721,10.185252758754945,PARK,OUTDOOR,ALL,all,4,6,90,3,LOW,True,marche;nature;autonomie;securite,HIGH,RECOMMENDED
410,Mini randonnée éducative - Jardin Japonais de Tunis,"Promenade courte avec pauses, consignes de sécurité et découverte.",SORTIE,Jardin Japonais de Tunis,"Avenue Mohamed V, Tunis, Tunisie",Tunis,tunis;lac;centre ville;mohamed v,Tunisie,36.80831184546316,10.185798750530944,PARK,OUTDOOR,SPRING,mai,4,6,100,6,LOW,True,marche;nature;autonomie;securite,HIGH,RECOMMENDED
411,Mini randonnée éducative - Jardin Japonais de Tunis,"Promenade courte avec pauses, consignes de sécurité et découverte.",SORTIE,Jardin Japonais de Tunis,"Avenue Mohamed V, Tunis, Tunisie",Tunis,tunis;lac;centre ville;mohamed v,Tunisie,36.807011936444,10.185446998044885,PARK,OUTDOOR,SUMMER,juin,4,6,100,0,LOW,True,marche;nature;autonomie;securite,HIGH,RECOMMENDED
412,Mini randonnée éducative - Jardin Japonais de Tunis,"Promenade courte avec pauses, consignes de sécurité et découverte.",SORTIE,Jardin Japonais de Tunis,"Avenue Mohamed V, Tunis, Tunisie",Tunis,tunis;lac;centre ville;mohamed v,Tunisie,36.808402584281154,10.186355897544237,PARK,OUTDOOR,AUTUMN,novembre,4,6,110,0,LOW,True,marche;nature;autonomie;securite,HIGH,RECOMMENDED
413,Mini randonnée éducative - Jardin Japonais de Tunis,"Promenade courte avec pauses, consignes de sécurité et découverte.",SORTIE,Jardin Japonais de Tunis,"Avenue Mohamed V, Tunis, Tunisie",Tunis,tunis;lac;centre ville;mohamed v,Tunisie,36.807862266956626,10.186864096313185,PARK,OUTDOOR,WINTER,fevrier,4,6,105,9,MEDIUM,True,marche;nature;autonomie;securite,HIGH,POSSIBLE
414,Visite musée adaptée enfants - Jardin Japonais de Tunis,Découverte accompagnée avec jeu de questions simples et dessins après visite.,SORTIE,Jardin Japonais de Tunis,"Avenue Mohamed V, Tunis, Tunisie",Tunis,tunis;lac;centre ville;mohamed v,Tunisie,36.80737952563268,10.186037842167053,PARK,OUTDOOR,ALL,all,4,6,135,2,LOW,True,musee;culture;histoire;observation,VERY_HIGH,RECOMMENDED
415,Visite musée adaptée enfants - Jardin Japonais de Tunis,Découverte accompagnée avec jeu de questions simples et dessins après visite.,SORTIE,Jardin Japonais de Tunis,"Avenue Mohamed V, Tunis, Tunisie",Tunis,tunis;lac;centre ville;mohamed v,Tunisie,36.80720388444524,10.185248381312347,PARK,OUTDOOR,SPRING,avril,4,6,140,6,LOW,True,musee;culture;histoire;observation,VERY_HIGH,RECOMMENDED
416,Visite musée adaptée enfants - Jardin Japonais de Tunis,Découverte accompagnée avec jeu de questions simples et dessins après visite.,SORTIE,Jardin Japonais de Tunis,"Avenue Mohamed V, Tunis, Tunisie",Tunis,tunis;lac;centre ville;mohamed v,Tunisie,36.807237475198974,10.185674154065202,PARK,OUTDOOR,SUMMER,juillet,4,6,120,0,LOW,True,musee;culture;histoire;observation,VERY_HIGH,RECOMMENDED
417,Visite musée adaptée enfants - Jardin Japonais de Tunis,Découverte accompagnée avec jeu de questions simples et dessins après visite.,SORTIE,Jardin Japonais de Tunis,"Avenue Mohamed V, Tunis, Tunisie",Tunis,tunis;lac;centre ville;mohamed v,Tunisie,36.80726896495316,10.186260658814822,PARK,OUTDOOR,AUTUMN,novembre,4,6,120,11,MEDIUM,True,musee;culture;histoire;observation,VERY_HIGH,RECOMMENDED
418,Visite musée adaptée enfants - Jardin Japonais de Tunis,Découverte accompagnée avec jeu de questions simples et dessins après visite.,SORTIE,Jardin Japonais de Tunis,"Avenue Mohamed V, Tunis, Tunisie",Tunis,tunis;lac;centre ville;mohamed v,Tunisie,36.806876478930135,10.186310011668139,PARK,OUTDOOR,WINTER,janvier,4,6,130,11,MEDIUM,True,musee;culture;histoire;observation,VERY_HIGH,RECOMMENDED
419,Parcours motricité - Jardin Japonais de Tunis,"Sauts, équilibre, tunnel et coordination avec encadrement.",SPORT,Jardin Japonais de Tunis,"Avenue Mohamed V, Tunis, Tunisie",Tunis,tunis;lac;centre ville;mohamed v,Tunisie,36.80670700375454,10.186898253667911,PARK,OUTDOOR,ALL,all,2,6,60,3,LOW,True,sport;motricite;coordination;energie,HIGH,RECOMMENDED
420,Parcours motricité - Jardin Japonais de Tunis,"Sauts, équilibre, tunnel et coordination avec encadrement.",SPORT,Jardin Japonais de Tunis,"Avenue Mohamed V, Tunis, Tunisie",Tunis,tunis;lac;centre ville;mohamed v,Tunisie,36.80779225418228,10.185178284252402,PARK,OUTDOOR,SPRING,mai,2,6,65,5,LOW,True,sport;motricite;coordination;energie,HIGH,RECOMMENDED
421,Parcours motricité - Jardin Japonais de Tunis,"Sauts, équilibre, tunnel et coordination avec encadrement.",SPORT,Jardin Japonais de Tunis,"Avenue Mohamed V, Tunis, Tunisie",Tunis,tunis;lac;centre ville;mohamed v,Tunisie,36.80771961081264,10.185827795919371,PARK,OUTDOOR,SUMMER,juillet,2,6,60,11,MEDIUM,True,sport;motricite;coordination;energie,HIGH,RECOMMENDED
422,Parcours motricité - Jardin Japonais de Tunis,"Sauts, équilibre, tunnel et coordination avec encadrement.",SPORT,Jardin Japonais de Tunis,"Avenue Mohamed V, Tunis, Tunisie",Tunis,tunis;lac;centre ville;mohamed v,Tunisie,36.807857795441116,10.185204731035071,PARK,OUTDOOR,AUTUMN,octobre,2,6,60,7,LOW,True,sport;motricite;coordination;energie,HIGH,RECOMMENDED
423,Jeux collectifs doux - Jardin Japonais de Tunis,Jeux de ballon simples pour apprendre les règles et l équipe.,SPORT,Jardin Japonais de Tunis,"Avenue Mohamed V, Tunis, Tunisie",Tunis,tunis;lac;centre ville;mohamed v,Tunisie,36.80668901189503,10.18645675868968,PARK,OUTDOOR,ALL,all,3,6,75,3,LOW,True,sport;cooperation;ballon;regles,HIGH,RECOMMENDED
424,Jeux collectifs doux - Jardin Japonais de Tunis,Jeux de ballon simples pour apprendre les règles et l équipe.,SPORT,Jardin Japonais de Tunis,"Avenue Mohamed V, Tunis, Tunisie",Tunis,tunis;lac;centre ville;mohamed v,Tunisie,36.80716672407212,10.186265479029172,PARK,OUTDOOR,SPRING,avril,3,6,70,6,LOW,True,sport;cooperation;ballon;regles,HIGH,RECOMMENDED
425,Jeux collectifs doux - Jardin Japonais de Tunis,Jeux de ballon simples pour apprendre les règles et l équipe.,SPORT,Jardin Japonais de Tunis,"Avenue Mohamed V, Tunis, Tunisie",Tunis,tunis;lac;centre ville;mohamed v,Tunisie,36.80789695992562,10.18588391596867,PARK,OUTDOOR,SUMMER,juillet,3,6,60,7,LOW,True,sport;cooperation;ballon;regles,HIGH,RECOMMENDED
426,Jeux collectifs doux - Jardin Japonais de Tunis,Jeux de ballon simples pour apprendre les règles et l équipe.,SPORT,Jardin Japonais de Tunis,"Avenue Mohamed V, Tunis, Tunisie",Tunis,tunis;lac;centre ville;mohamed v,Tunisie,36.80778698652672,10.185756953108507,PARK,OUTDOOR,AUTUMN,octobre,3,6,70,9,MEDIUM,True,sport;cooperation;ballon;regles,HIGH,RECOMMENDED
427,Fête saisonnière - Jardin Japonais de Tunis,"Décoration, chants, jeux et goûter selon la saison.",FETE,Jardin Japonais de Tunis,"Avenue Mohamed V, Tunis, Tunisie",Tunis,tunis;lac;centre ville;mohamed v,Tunisie,36.80779204964146,10.185946812732643,PARK,OUTDOOR,ALL,all,2,6,90,6,LOW,True,fete;chants;decoration;socialisation,HIGH,RECOMMENDED
428,Fête saisonnière - Jardin Japonais de Tunis,"Décoration, chants, jeux et goûter selon la saison.",FETE,Jardin Japonais de Tunis,"Avenue Mohamed V, Tunis, Tunisie",Tunis,tunis;lac;centre ville;mohamed v,Tunisie,36.80686052584575,10.185528385322417,PARK,OUTDOOR,SPRING,mars,2,6,95,5,LOW,True,fete;chants;decoration;socialisation,HIGH,RECOMMENDED
429,Fête saisonnière - Jardin Japonais de Tunis,"Décoration, chants, jeux et goûter selon la saison.",FETE,Jardin Japonais de Tunis,"Avenue Mohamed V, Tunis, Tunisie",Tunis,tunis;lac;centre ville;mohamed v,Tunisie,36.80680989034589,10.185691584203308,PARK,OUTDOOR,SUMMER,juin,2,6,75,0,LOW,True,fete;chants;decoration;socialisation,HIGH,RECOMMENDED
430,Fête saisonnière - Jardin Japonais de Tunis,"Décoration, chants, jeux et goûter selon la saison.",FETE,Jardin Japonais de Tunis,"Avenue Mohamed V, Tunis, Tunisie",Tunis,tunis;lac;centre ville;mohamed v,Tunisie,36.80826736433098,10.185175494984716,PARK,OUTDOOR,AUTUMN,novembre,2,6,90,11,MEDIUM,True,fete;chants;decoration;socialisation,HIGH,RECOMMENDED
431,Chasse aux formes - Jardin Japonais de Tunis,Recherche de formes et couleurs dans un espace sécurisé.,ACTIVITE,Jardin Japonais de Tunis,"Avenue Mohamed V, Tunis, Tunisie",Tunis,tunis;lac;centre ville;mohamed v,Tunisie,36.80676209808286,10.185853439741646,PARK,OUTDOOR,ALL,all,2,5,55,6,LOW,True,formes;couleurs;observation;jeu,HIGH,RECOMMENDED
432,Chasse aux formes - Jardin Japonais de Tunis,Recherche de formes et couleurs dans un espace sécurisé.,ACTIVITE,Jardin Japonais de Tunis,"Avenue Mohamed V, Tunis, Tunisie",Tunis,tunis;lac;centre ville;mohamed v,Tunisie,36.808118087439276,10.185431078331488,PARK,OUTDOOR,SPRING,mars,2,5,65,6,LOW,True,formes;couleurs;observation;jeu,HIGH,RECOMMENDED
433,Chasse aux formes - Jardin Japonais de Tunis,Recherche de formes et couleurs dans un espace sécurisé.,ACTIVITE,Jardin Japonais de Tunis,"Avenue Mohamed V, Tunis, Tunisie",Tunis,tunis;lac;centre ville;mohamed v,Tunisie,36.80722859882826,10.186539171347581,PARK,OUTDOOR,SUMMER,juin,2,5,65,4,LOW,True,formes;couleurs;observation;jeu,HIGH,RECOMMENDED
434,Chasse aux formes - Jardin Japonais de Tunis,Recherche de formes et couleurs dans un espace sécurisé.,ACTIVITE,Jardin Japonais de Tunis,"Avenue Mohamed V, Tunis, Tunisie",Tunis,tunis;lac;centre ville;mohamed v,Tunisie,36.80800478233022,10.18666760071887,PARK,OUTDOOR,AUTUMN,novembre,2,5,55,2,LOW,True,formes;couleurs;observation;jeu,HIGH,RECOMMENDED
435,Chasse aux formes - Jardin Japonais de Tunis,Recherche de formes et couleurs dans un espace sécurisé.,ACTIVITE,Jardin Japonais de Tunis,"Avenue Mohamed V, Tunis, Tunisie",Tunis,tunis;lac;centre ville;mohamed v,Tunisie,36.80711893579312,10.186717247742182,PARK,OUTDOOR,WINTER,fevrier,2,5,65,0,LOW,True,formes;couleurs;observation;jeu,HIGH,RECOMMENDED
436,Sortie patrimoine en images - Jardin Japonais de Tunis,"Découverte d un lieu historique avec photos, croquis et vocabulaire.",SORTIE,Jardin Japonais de Tunis,"Avenue Mohamed V, Tunis, Tunisie",Tunis,tunis;lac;centre ville;mohamed v,Tunisie,36.80785661365013,10.186240838786727,PARK,OUTDOOR,ALL,all,4,6,130,3,LOW,True,patrimoine;histoire;langage;sortie,HIGH,RECOMMENDED
437,Sortie patrimoine en images - Jardin Japonais de Tunis,"Découverte d un lieu historique avec photos, croquis et vocabulaire.",SORTIE,Jardin Japonais de Tunis,"Avenue Mohamed V, Tunis, Tunisie",Tunis,tunis;lac;centre ville;mohamed v,Tunisie,36.807505813382974,10.185937321653459,PARK,OUTDOOR,SPRING,avril,4,6,120,5,LOW,True,patrimoine;histoire;langage;sortie,HIGH,RECOMMENDED
438,Sortie patrimoine en images - Jardin Japonais de Tunis,"Découverte d un lieu historique avec photos, croquis et vocabulaire.",SORTIE,Jardin Japonais de Tunis,"Avenue Mohamed V, Tunis, Tunisie",Tunis,tunis;lac;centre ville;mohamed v,Tunisie,36.80824600384012,10.185204359606521,PARK,OUTDOOR,SUMMER,juin,4,6,130,6,LOW,True,patrimoine;histoire;langage;sortie,HIGH,RECOMMENDED
439,Sortie patrimoine en images - Jardin Japonais de Tunis,"Découverte d un lieu historique avec photos, croquis et vocabulaire.",SORTIE,Jardin Japonais de Tunis,"Avenue Mohamed V, Tunis, Tunisie",Tunis,tunis;lac;centre ville;mohamed v,Tunisie,36.807922801954234,10.186131818775104,PARK,OUTDOOR,AUTUMN,octobre,4,6,110,6,LOW,True,patrimoine;histoire;langage;sortie,HIGH,RECOMMENDED
440,Sortie patrimoine en images - Jardin Japonais de Tunis,"Découverte d un lieu historique avec photos, croquis et vocabulaire.",SORTIE,Jardin Japonais de Tunis,"Avenue Mohamed V, Tunis, Tunisie",Tunis,tunis;lac;centre ville;mohamed v,Tunisie,36.80704558259918,10.186910612417956,PARK,OUTDOOR,WINTER,janvier,4,6,120,0,LOW,True,patrimoine;histoire;langage;sortie,HIGH,RECOMMENDED
441,Jardinage pédagogique - Jardin Japonais de Tunis,"Planter, arroser et comprendre les besoins d une plante.",ACTIVITE,Jardin Japonais de Tunis,"Avenue Mohamed V, Tunis, Tunisie",Tunis,tunis;lac;centre ville;mohamed v,Tunisie,36.80668342713932,10.186921009907454,PARK,OUTDOOR,ALL,all,3,6,75,4,LOW,True,jardinage;nature;responsabilite;sensoriel,VERY_HIGH,HIGHLY_RECOMMENDED
442,Jardinage pédagogique - Jardin Japonais de Tunis,"Planter, arroser et comprendre les besoins d une plante.",ACTIVITE,Jardin Japonais de Tunis,"Avenue Mohamed V, Tunis, Tunisie",Tunis,tunis;lac;centre ville;mohamed v,Tunisie,36.80732979381163,10.18589290793094,PARK,OUTDOOR,SPRING,avril,3,6,70,0,LOW,True,jardinage;nature;responsabilite;sensoriel,VERY_HIGH,HIGHLY_RECOMMENDED
443,Jardinage pédagogique - Jardin Japonais de Tunis,"Planter, arroser et comprendre les besoins d une plante.",ACTIVITE,Jardin Japonais de Tunis,"Avenue Mohamed V, Tunis, Tunisie",Tunis,tunis;lac;centre ville;mohamed v,Tunisie,36.80848905070248,10.185849825346835,PARK,OUTDOOR,SUMMER,juin,3,6,55,4,LOW,True,jardinage;nature;responsabilite;sensoriel,VERY_HIGH,HIGHLY_RECOMMENDED
444,Jardinage pédagogique - Jardin Japonais de Tunis,"Planter, arroser et comprendre les besoins d une plante.",ACTIVITE,Jardin Japonais de Tunis,"Avenue Mohamed V, Tunis, Tunisie",Tunis,tunis;lac;centre ville;mohamed v,Tunisie,36.80817835257522,10.186399921368588,PARK,OUTDOOR,AUTUMN,octobre,3,6,65,0,LOW,True,jardinage;nature;responsabilite;sensoriel,VERY_HIGH,HIGHLY_RECOMMENDED
445,Jardinage pédagogique - Jardin Japonais de Tunis,"Planter, arroser et comprendre les besoins d une plante.",ACTIVITE,Jardin Japonais de Tunis,"Avenue Mohamed V, Tunis, Tunisie",Tunis,tunis;lac;centre ville;mohamed v,Tunisie,36.80707375879462,10.186759523166305,PARK,OUTDOOR,WINTER,decembre,3,6,65,0,LOW,True,jardinage;nature;responsabilite;sensoriel,VERY_HIGH,HIGHLY_RECOMMENDED
446,Lecture de contes illustrés - Parc du Belvédère,"Histoires courtes, images et discussion pour stimuler le langage.",ACTIVITE,Parc du Belvédère,"Avenue Taieb M hiri, Tunis, Tunisie",Tunis,tunis;belvedere;mutuelleville;lafayette,Tunisie,36.82389720294796,10.175010502396612,PARK,OUTDOOR,ALL,all,2,6,30,4,LOW,True,lecture;contes;langage;calme,VERY_HIGH,HIGHLY_RECOMMENDED
447,Lecture de contes illustrés - Parc du Belvédère,"Histoires courtes, images et discussion pour stimuler le langage.",ACTIVITE,Parc du Belvédère,"Avenue Taieb M hiri, Tunis, Tunisie",Tunis,tunis;belvedere;mutuelleville;lafayette,Tunisie,36.82343130948893,10.17529903923793,PARK,OUTDOOR,SPRING,mars,2,6,50,2,LOW,True,lecture;contes;langage;calme,VERY_HIGH,HIGHLY_RECOMMENDED
448,Lecture de contes illustrés - Parc du Belvédère,"Histoires courtes, images et discussion pour stimuler le langage.",ACTIVITE,Parc du Belvédère,"Avenue Taieb M hiri, Tunis, Tunisie",Tunis,tunis;belvedere;mutuelleville;lafayette,Tunisie,36.82347528045328,10.175243696690318,PARK,OUTDOOR,SUMMER,juin,2,6,40,2,LOW,True,lecture;contes;langage;calme,VERY_HIGH,HIGHLY_RECOMMENDED
449,Lecture de contes illustrés - Parc du Belvédère,"Histoires courtes, images et discussion pour stimuler le langage.",ACTIVITE,Parc du Belvédère,"Avenue Taieb M hiri, Tunis, Tunisie",Tunis,tunis;belvedere;mutuelleville;lafayette,Tunisie,36.823914227233274,10.17522171579058,PARK,OUTDOOR,AUTUMN,octobre,2,6,50,6,LOW,True,lecture;contes;langage;calme,VERY_HIGH,HIGHLY_RECOMMENDED
450,Lecture de contes illustrés - Parc du Belvédère,"Histoires courtes, images et discussion pour stimuler le langage.",ACTIVITE,Parc du Belvédère,"Avenue Taieb M hiri, Tunis, Tunisie",Tunis,tunis;belvedere;mutuelleville;lafayette,Tunisie,36.82303287070441,10.176030751460418,PARK,OUTDOOR,WINTER,fevrier,2,6,40,6,LOW,True,lecture;contes;langage;calme,VERY_HIGH,HIGHLY_RECOMMENDED
451,Sortie découverte nature - Parc du Belvédère,"Observation des arbres, oiseaux, feuilles et petits jeux calmes.",SORTIE,Parc du Belvédère,"Avenue Taieb M hiri, Tunis, Tunisie",Tunis,tunis;belvedere;mutuelleville;lafayette,Tunisie,36.8238584777862,10.176229619165552,PARK,OUTDOOR,ALL,all,3,6,100,3,LOW,True,nature;observation;ecologie;sortie,VERY_HIGH,HIGHLY_RECOMMENDED
452,Sortie découverte nature - Parc du Belvédère,"Observation des arbres, oiseaux, feuilles et petits jeux calmes.",SORTIE,Parc du Belvédère,"Avenue Taieb M hiri, Tunis, Tunisie",Tunis,tunis;belvedere;mutuelleville;lafayette,Tunisie,36.824328742603484,10.175171227909974,PARK,OUTDOOR,SPRING,mai,3,6,105,4,LOW,True,nature;observation;ecologie;sortie,VERY_HIGH,HIGHLY_RECOMMENDED
453,Sortie découverte nature - Parc du Belvédère,"Observation des arbres, oiseaux, feuilles et petits jeux calmes.",SORTIE,Parc du Belvédère,"Avenue Taieb M hiri, Tunis, Tunisie",Tunis,tunis;belvedere;mutuelleville;lafayette,Tunisie,36.82401465539316,10.176976662971192,PARK,OUTDOOR,SUMMER,juin,3,6,90,11,MEDIUM,True,nature;observation;ecologie;sortie,VERY_HIGH,RECOMMENDED
454,Sortie découverte nature - Parc du Belvédère,"Observation des arbres, oiseaux, feuilles et petits jeux calmes.",SORTIE,Parc du Belvédère,"Avenue Taieb M hiri, Tunis, Tunisie",Tunis,tunis;belvedere;mutuelleville;lafayette,Tunisie,36.824271341582936,10.176962078845103,PARK,OUTDOOR,AUTUMN,octobre,3,6,105,4,LOW,True,nature;observation;ecologie;sortie,VERY_HIGH,HIGHLY_RECOMMENDED
455,Sortie découverte nature - Parc du Belvédère,"Observation des arbres, oiseaux, feuilles et petits jeux calmes.",SORTIE,Parc du Belvédère,"Avenue Taieb M hiri, Tunis, Tunisie",Tunis,tunis;belvedere;mutuelleville;lafayette,Tunisie,36.82457704003256,10.175689604986326,PARK,OUTDOOR,WINTER,fevrier,3,6,90,3,LOW,True,nature;observation;ecologie;sortie,VERY_HIGH,HIGHLY_RECOMMENDED
456,Mini randonnée éducative - Parc du Belvédère,"Promenade courte avec pauses, consignes de sécurité et découverte.",SORTIE,Parc du Belvédère,"Avenue Taieb M hiri, Tunis, Tunisie",Tunis,tunis;belvedere;mutuelleville;lafayette,Tunisie,36.82451335785288,10.175266819179718,PARK,OUTDOOR,ALL,all,4,6,105,11,MEDIUM,True,marche;nature;autonomie;securite,HIGH,POSSIBLE
457,Mini randonnée éducative - Parc du Belvédère,"Promenade courte avec pauses, consignes de sécurité et découverte.",SORTIE,Parc du Belvédère,"Avenue Taieb M hiri, Tunis, Tunisie",Tunis,tunis;belvedere;mutuelleville;lafayette,Tunisie,36.8233501782541,10.176558285186957,PARK,OUTDOOR,SPRING,mai,4,6,110,7,LOW,True,marche;nature;autonomie;securite,HIGH,RECOMMENDED
458,Mini randonnée éducative - Parc du Belvédère,"Promenade courte avec pauses, consignes de sécurité et découverte.",SORTIE,Parc du Belvédère,"Avenue Taieb M hiri, Tunis, Tunisie",Tunis,tunis;belvedere;mutuelleville;lafayette,Tunisie,36.823364555996825,10.175269705162393,PARK,OUTDOOR,SUMMER,aout,4,6,110,9,MEDIUM,True,marche;nature;autonomie;securite,HIGH,POSSIBLE
459,Mini randonnée éducative - Parc du Belvédère,"Promenade courte avec pauses, consignes de sécurité et découverte.",SORTIE,Parc du Belvédère,"Avenue Taieb M hiri, Tunis, Tunisie",Tunis,tunis;belvedere;mutuelleville;lafayette,Tunisie,36.82308761255132,10.175398939667431,PARK,OUTDOOR,AUTUMN,septembre,4,6,90,2,LOW,True,marche;nature;autonomie;securite,HIGH,RECOMMENDED
460,Mini randonnée éducative - Parc du Belvédère,"Promenade courte avec pauses, consignes de sécurité et découverte.",SORTIE,Parc du Belvédère,"Avenue Taieb M hiri, Tunis, Tunisie",Tunis,tunis;belvedere;mutuelleville;lafayette,Tunisie,36.82379644811137,10.176630812161312,PARK,OUTDOOR,WINTER,janvier,4,6,110,7,LOW,True,marche;nature;autonomie;securite,HIGH,RECOMMENDED
461,Visite musée adaptée enfants - Parc du Belvédère,Découverte accompagnée avec jeu de questions simples et dessins après visite.,SORTIE,Parc du Belvédère,"Avenue Taieb M hiri, Tunis, Tunisie",Tunis,tunis;belvedere;mutuelleville;lafayette,Tunisie,36.82450658183764,10.175382206861467,PARK,OUTDOOR,ALL,all,4,6,135,2,LOW,True,musee;culture;histoire;observation,VERY_HIGH,RECOMMENDED
462,Visite musée adaptée enfants - Parc du Belvédère,Découverte accompagnée avec jeu de questions simples et dessins après visite.,SORTIE,Parc du Belvédère,"Avenue Taieb M hiri, Tunis, Tunisie",Tunis,tunis;belvedere;mutuelleville;lafayette,Tunisie,36.823248950016485,10.17573603834863,PARK,OUTDOOR,SPRING,mars,4,6,140,5,LOW,True,musee;culture;histoire;observation,VERY_HIGH,RECOMMENDED
463,Visite musée adaptée enfants - Parc du Belvédère,Découverte accompagnée avec jeu de questions simples et dessins après visite.,SORTIE,Parc du Belvédère,"Avenue Taieb M hiri, Tunis, Tunisie",Tunis,tunis;belvedere;mutuelleville;lafayette,Tunisie,36.823678073256815,10.17537363443518,PARK,OUTDOOR,SUMMER,aout,4,6,140,7,LOW,True,musee;culture;histoire;observation,VERY_HIGH,RECOMMENDED
464,Visite musée adaptée enfants - Parc du Belvédère,Découverte accompagnée avec jeu de questions simples et dessins après visite.,SORTIE,Parc du Belvédère,"Avenue Taieb M hiri, Tunis, Tunisie",Tunis,tunis;belvedere;mutuelleville;lafayette,Tunisie,36.8246022961748,10.176454162648685,PARK,OUTDOOR,AUTUMN,octobre,4,6,120,9,MEDIUM,True,musee;culture;histoire;observation,VERY_HIGH,RECOMMENDED
465,Visite musée adaptée enfants - Parc du Belvédère,Découverte accompagnée avec jeu de questions simples et dessins après visite.,SORTIE,Parc du Belvédère,"Avenue Taieb M hiri, Tunis, Tunisie",Tunis,tunis;belvedere;mutuelleville;lafayette,Tunisie,36.82409094879469,10.175642422856429,PARK,OUTDOOR,WINTER,janvier,4,6,120,6,LOW,True,musee;culture;histoire;observation,VERY_HIGH,RECOMMENDED
466,Parcours motricité - Parc du Belvédère,"Sauts, équilibre, tunnel et coordination avec encadrement.",SPORT,Parc du Belvédère,"Avenue Taieb M hiri, Tunis, Tunisie",Tunis,tunis;belvedere;mutuelleville;lafayette,Tunisie,36.82359127989868,10.175891831526199,PARK,OUTDOOR,ALL,all,2,6,65,7,LOW,True,sport;motricite;coordination;energie,HIGH,RECOMMENDED
467,Parcours motricité - Parc du Belvédère,"Sauts, équilibre, tunnel et coordination avec encadrement.",SPORT,Parc du Belvédère,"Avenue Taieb M hiri, Tunis, Tunisie",Tunis,tunis;belvedere;mutuelleville;lafayette,Tunisie,36.82389425931934,10.176453628791423,PARK,OUTDOOR,SPRING,mars,2,6,60,7,LOW,True,sport;motricite;coordination;energie,HIGH,RECOMMENDED
468,Parcours motricité - Parc du Belvédère,"Sauts, équilibre, tunnel et coordination avec encadrement.",SPORT,Parc du Belvédère,"Avenue Taieb M hiri, Tunis, Tunisie",Tunis,tunis;belvedere;mutuelleville;lafayette,Tunisie,36.824278938620985,10.17658295565766,PARK,OUTDOOR,SUMMER,aout,2,6,45,7,LOW,True,sport;motricite;coordination;energie,HIGH,RECOMMENDED
469,Parcours motricité - Parc du Belvédère,"Sauts, équilibre, tunnel et coordination avec encadrement.",SPORT,Parc du Belvédère,"Avenue Taieb M hiri, Tunis, Tunisie",Tunis,tunis;belvedere;mutuelleville;lafayette,Tunisie,36.82402617203893,10.176499795968525,PARK,OUTDOOR,AUTUMN,septembre,2,6,55,7,LOW,True,sport;motricite;coordination;energie,HIGH,RECOMMENDED
470,Jeux collectifs doux - Parc du Belvédère,Jeux de ballon simples pour apprendre les règles et l équipe.,SPORT,Parc du Belvédère,"Avenue Taieb M hiri, Tunis, Tunisie",Tunis,tunis;belvedere;mutuelleville;lafayette,Tunisie,36.82469733861994,10.17635617774399,PARK,OUTDOOR,ALL,all,3,6,80,0,LOW,True,sport;cooperation;ballon;regles,HIGH,RECOMMENDED
471,Jeux collectifs doux - Parc du Belvédère,Jeux de ballon simples pour apprendre les règles et l équipe.,SPORT,Parc du Belvédère,"Avenue Taieb M hiri, Tunis, Tunisie",Tunis,tunis;belvedere;mutuelleville;lafayette,Tunisie,36.82347199076084,10.176290325751399,PARK,OUTDOOR,SPRING,mars,3,6,75,0,LOW,True,sport;cooperation;ballon;regles,HIGH,RECOMMENDED
472,Jeux collectifs doux - Parc du Belvédère,Jeux de ballon simples pour apprendre les règles et l équipe.,SPORT,Parc du Belvédère,"Avenue Taieb M hiri, Tunis, Tunisie",Tunis,tunis;belvedere;mutuelleville;lafayette,Tunisie,36.824210189657705,10.176358124113827,PARK,OUTDOOR,SUMMER,juillet,3,6,75,6,LOW,True,sport;cooperation;ballon;regles,HIGH,RECOMMENDED
473,Jeux collectifs doux - Parc du Belvédère,Jeux de ballon simples pour apprendre les règles et l équipe.,SPORT,Parc du Belvédère,"Avenue Taieb M hiri, Tunis, Tunisie",Tunis,tunis;belvedere;mutuelleville;lafayette,Tunisie,36.824147843556666,10.176058919763072,PARK,OUTDOOR,AUTUMN,octobre,3,6,80,4,LOW,True,sport;cooperation;ballon;regles,HIGH,RECOMMENDED
474,Fête saisonnière - Parc du Belvédère,"Décoration, chants, jeux et goûter selon la saison.",FETE,Parc du Belvédère,"Avenue Taieb M hiri, Tunis, Tunisie",Tunis,tunis;belvedere;mutuelleville;lafayette,Tunisie,36.823557379532595,10.17692104010453,PARK,OUTDOOR,ALL,all,2,6,75,7,LOW,True,fete;chants;decoration;socialisation,HIGH,RECOMMENDED
475,Fête saisonnière - Parc du Belvédère,"Décoration, chants, jeux et goûter selon la saison.",FETE,Parc du Belvédère,"Avenue Taieb M hiri, Tunis, Tunisie",Tunis,tunis;belvedere;mutuelleville;lafayette,Tunisie,36.82403549054842,10.176827085011627,PARK,OUTDOOR,SPRING,mai,2,6,75,3,LOW,True,fete;chants;decoration;socialisation,HIGH,RECOMMENDED
476,Fête saisonnière - Parc du Belvédère,"Décoration, chants, jeux et goûter selon la saison.",FETE,Parc du Belvédère,"Avenue Taieb M hiri, Tunis, Tunisie",Tunis,tunis;belvedere;mutuelleville;lafayette,Tunisie,36.82389254622481,10.17699273022431,PARK,OUTDOOR,SUMMER,juillet,2,6,90,7,LOW,True,fete;chants;decoration;socialisation,HIGH,RECOMMENDED
477,Fête saisonnière - Parc du Belvédère,"Décoration, chants, jeux et goûter selon la saison.",FETE,Parc du Belvédère,"Avenue Taieb M hiri, Tunis, Tunisie",Tunis,tunis;belvedere;mutuelleville;lafayette,Tunisie,36.823245274843806,10.176705652580768,PARK,OUTDOOR,AUTUMN,novembre,2,6,95,4,LOW,True,fete;chants;decoration;socialisation,HIGH,RECOMMENDED
478,Chasse aux formes - Parc du Belvédère,Recherche de formes et couleurs dans un espace sécurisé.,ACTIVITE,Parc du Belvédère,"Avenue Taieb M hiri, Tunis, Tunisie",Tunis,tunis;belvedere;mutuelleville;lafayette,Tunisie,36.82479735806157,10.175890222385485,PARK,OUTDOOR,ALL,all,2,5,45,0,LOW,True,formes;couleurs;observation;jeu,HIGH,RECOMMENDED
479,Chasse aux formes - Parc du Belvédère,Recherche de formes et couleurs dans un espace sécurisé.,ACTIVITE,Parc du Belvédère,"Avenue Taieb M hiri, Tunis, Tunisie",Tunis,tunis;belvedere;mutuelleville;lafayette,Tunisie,36.824335679580976,10.17641908097364,PARK,OUTDOOR,SPRING,mai,2,5,60,2,LOW,True,formes;couleurs;observation;jeu,HIGH,RECOMMENDED
480,Chasse aux formes - Parc du Belvédère,Recherche de formes et couleurs dans un espace sécurisé.,ACTIVITE,Parc du Belvédère,"Avenue Taieb M hiri, Tunis, Tunisie",Tunis,tunis;belvedere;mutuelleville;lafayette,Tunisie,36.824423618208016,10.176854648913446,PARK,OUTDOOR,SUMMER,juillet,2,5,55,0,LOW,True,formes;couleurs;observation;jeu,HIGH,RECOMMENDED
481,Chasse aux formes - Parc du Belvédère,Recherche de formes et couleurs dans un espace sécurisé.,ACTIVITE,Parc du Belvédère,"Avenue Taieb M hiri, Tunis, Tunisie",Tunis,tunis;belvedere;mutuelleville;lafayette,Tunisie,36.82344848323049,10.17697026509346,PARK,OUTDOOR,AUTUMN,octobre,2,5,55,6,LOW,True,formes;couleurs;observation;jeu,HIGH,RECOMMENDED
482,Chasse aux formes - Parc du Belvédère,Recherche de formes et couleurs dans un espace sécurisé.,ACTIVITE,Parc du Belvédère,"Avenue Taieb M hiri, Tunis, Tunisie",Tunis,tunis;belvedere;mutuelleville;lafayette,Tunisie,36.82305256805361,10.17610804287452,PARK,OUTDOOR,WINTER,decembre,2,5,60,4,LOW,True,formes;couleurs;observation;jeu,HIGH,RECOMMENDED
483,Sortie patrimoine en images - Parc du Belvédère,"Découverte d un lieu historique avec photos, croquis et vocabulaire.",SORTIE,Parc du Belvédère,"Avenue Taieb M hiri, Tunis, Tunisie",Tunis,tunis;belvedere;mutuelleville;lafayette,Tunisie,36.823259542459425,10.17676849289367,PARK,OUTDOOR,ALL,all,4,6,110,9,MEDIUM,True,patrimoine;histoire;langage;sortie,HIGH,POSSIBLE
484,Sortie patrimoine en images - Parc du Belvédère,"Découverte d un lieu historique avec photos, croquis et vocabulaire.",SORTIE,Parc du Belvédère,"Avenue Taieb M hiri, Tunis, Tunisie",Tunis,tunis;belvedere;mutuelleville;lafayette,Tunisie,36.82443773931978,10.176051391309661,PARK,OUTDOOR,SPRING,avril,4,6,130,9,MEDIUM,True,patrimoine;histoire;langage;sortie,HIGH,POSSIBLE
485,Sortie patrimoine en images - Parc du Belvédère,"Découverte d un lieu historique avec photos, croquis et vocabulaire.",SORTIE,Parc du Belvédère,"Avenue Taieb M hiri, Tunis, Tunisie",Tunis,tunis;belvedere;mutuelleville;lafayette,Tunisie,36.82494475946302,10.176284677178772,PARK,OUTDOOR,SUMMER,aout,4,6,130,0,LOW,True,patrimoine;histoire;langage;sortie,HIGH,RECOMMENDED
486,Sortie patrimoine en images - Parc du Belvédère,"Découverte d un lieu historique avec photos, croquis et vocabulaire.",SORTIE,Parc du Belvédère,"Avenue Taieb M hiri, Tunis, Tunisie",Tunis,tunis;belvedere;mutuelleville;lafayette,Tunisie,36.823256669221486,10.176658107456271,PARK,OUTDOOR,AUTUMN,octobre,4,6,120,9,MEDIUM,True,patrimoine;histoire;langage;sortie,HIGH,POSSIBLE
487,Sortie patrimoine en images - Parc du Belvédère,"Découverte d un lieu historique avec photos, croquis et vocabulaire.",SORTIE,Parc du Belvédère,"Avenue Taieb M hiri, Tunis, Tunisie",Tunis,tunis;belvedere;mutuelleville;lafayette,Tunisie,36.824821424541895,10.175110825700036,PARK,OUTDOOR,WINTER,decembre,4,6,110,9,MEDIUM,True,patrimoine;histoire;langage;sortie,HIGH,POSSIBLE
488,Jardinage pédagogique - Parc du Belvédère,"Planter, arroser et comprendre les besoins d une plante.",ACTIVITE,Parc du Belvédère,"Avenue Taieb M hiri, Tunis, Tunisie",Tunis,tunis;belvedere;mutuelleville;lafayette,Tunisie,36.823306030933615,10.17532931415978,PARK,OUTDOOR,ALL,all,3,6,70,6,LOW,True,jardinage;nature;responsabilite;sensoriel,VERY_HIGH,HIGHLY_RECOMMENDED
489,Jardinage pédagogique - Parc du Belvédère,"Planter, arroser et comprendre les besoins d une plante.",ACTIVITE,Parc du Belvédère,"Avenue Taieb M hiri, Tunis, Tunisie",Tunis,tunis;belvedere;mutuelleville;lafayette,Tunisie,36.82369204616468,10.176881808109863,PARK,OUTDOOR,SPRING,mai,3,6,70,0,LOW,True,jardinage;nature;responsabilite;sensoriel,VERY_HIGH,HIGHLY_RECOMMENDED
490,Jardinage pédagogique - Parc du Belvédère,"Planter, arroser et comprendre les besoins d une plante.",ACTIVITE,Parc du Belvédère,"Avenue Taieb M hiri, Tunis, Tunisie",Tunis,tunis;belvedere;mutuelleville;lafayette,Tunisie,36.82339260383896,10.176912703254086,PARK,OUTDOOR,SUMMER,juin,3,6,70,2,LOW,True,jardinage;nature;responsabilite;sensoriel,VERY_HIGH,HIGHLY_RECOMMENDED
491,Jardinage pédagogique - Parc du Belvédère,"Planter, arroser et comprendre les besoins d une plante.",ACTIVITE,Parc du Belvédère,"Avenue Taieb M hiri, Tunis, Tunisie",Tunis,tunis;belvedere;mutuelleville;lafayette,Tunisie,36.824228856556616,10.175186856813767,PARK,OUTDOOR,AUTUMN,septembre,3,6,65,2,LOW,True,jardinage;nature;responsabilite;sensoriel,VERY_HIGH,HIGHLY_RECOMMENDED
492,Jardinage pédagogique - Parc du Belvédère,"Planter, arroser et comprendre les besoins d une plante.",ACTIVITE,Parc du Belvédère,"Avenue Taieb M hiri, Tunis, Tunisie",Tunis,tunis;belvedere;mutuelleville;lafayette,Tunisie,36.82330838853376,10.176317465746768,PARK,OUTDOOR,WINTER,fevrier,3,6,70,6,LOW,True,jardinage;nature;responsabilite;sensoriel,VERY_HIGH,HIGHLY_RECOMMENDED
493,Atelier peinture et couleurs - Musée National du Bardo,"Peinture guidée, reconnaissance des couleurs et expression libre.",ATELIER,Musée National du Bardo,"Le Bardo, Tunis, Tunisie",Bardo,bardo;tunis;manouba;den den,Tunisie,36.80808238860704,10.13472756238324,MUSEUM,INDOOR,ALL,all,2,6,45,12,MEDIUM,True,art;peinture;couleurs;motricite_fine,HIGH,RECOMMENDED
494,Atelier peinture et couleurs - Musée National du Bardo,"Peinture guidée, reconnaissance des couleurs et expression libre.",ATELIER,Musée National du Bardo,"Le Bardo, Tunis, Tunisie",Bardo,bardo;tunis;manouba;den den,Tunisie,36.80852931181566,10.133421616759405,MUSEUM,INDOOR,SPRING,mars,2,6,65,12,MEDIUM,True,art;peinture;couleurs;motricite_fine,HIGH,RECOMMENDED
495,Atelier peinture et couleurs - Musée National du Bardo,"Peinture guidée, reconnaissance des couleurs et expression libre.",ATELIER,Musée National du Bardo,"Le Bardo, Tunis, Tunisie",Bardo,bardo;tunis;manouba;den den,Tunisie,36.80899607612027,10.134254328020596,MUSEUM,INDOOR,SUMMER,aout,2,6,60,6,LOW,True,art;peinture;couleurs;motricite_fine,HIGH,RECOMMENDED
496,Atelier peinture et couleurs - Musée National du Bardo,"Peinture guidée, reconnaissance des couleurs et expression libre.",ATELIER,Musée National du Bardo,"Le Bardo, Tunis, Tunisie",Bardo,bardo;tunis;manouba;den den,Tunisie,36.80896588963635,10.134609376308433,MUSEUM,INDOOR,AUTUMN,novembre,2,6,65,8,LOW,True,art;peinture;couleurs;motricite_fine,HIGH,RECOMMENDED
497,Atelier peinture et couleurs - Musée National du Bardo,"Peinture guidée, reconnaissance des couleurs et expression libre.",ATELIER,Musée National du Bardo,"Le Bardo, Tunis, Tunisie",Bardo,bardo;tunis;manouba;den den,Tunisie,36.808145946051006,10.133119826065869,MUSEUM,INDOOR,WINTER,janvier,2,6,65,10,MEDIUM,True,art;peinture;couleurs;motricite_fine,HIGH,RECOMMENDED
498,Atelier pâte à modeler - Musée National du Bardo,Modelage sensoriel avec formes simples et consignes adaptées.,ATELIER,Musée National du Bardo,"Le Bardo, Tunis, Tunisie",Bardo,bardo;tunis;manouba;den den,Tunisie,36.808968502260214,10.133408046027126,MUSEUM,INDOOR,ALL,all,2,5,50,10,MEDIUM,True,sensoriel;pate_a_modeler;motricite_fine,HIGH,RECOMMENDED
499,Atelier pâte à modeler - Musée National du Bardo,Modelage sensoriel avec formes simples et consignes adaptées.,ATELIER,Musée National du Bardo,"Le Bardo, Tunis, Tunisie",Bardo,bardo;tunis;manouba;den den,Tunisie,36.809468399509605,10.13472155473151,MUSEUM,INDOOR,SPRING,avril,2,5,60,8,LOW,True,sensoriel;pate_a_modeler;motricite_fine,HIGH,RECOMMENDED
500,Atelier pâte à modeler - Musée National du Bardo,Modelage sensoriel avec formes simples et consignes adaptées.,ATELIER,Musée National du Bardo,"Le Bardo, Tunis, Tunisie",Bardo,bardo;tunis;manouba;den den,Tunisie,36.80902996026816,10.133212367867218,MUSEUM,INDOOR,SUMMER,juin,2,5,50,8,LOW,True,sensoriel;pate_a_modeler;motricite_fine,HIGH,RECOMMENDED
501,Atelier pâte à modeler - Musée National du Bardo,Modelage sensoriel avec formes simples et consignes adaptées.,ATELIER,Musée National du Bardo,"Le Bardo, Tunis, Tunisie",Bardo,bardo;tunis;manouba;den den,Tunisie,36.8085349433489,10.133495837765052,MUSEUM,INDOOR,AUTUMN,octobre,2,5,40,6,LOW,True,sensoriel;pate_a_modeler;motricite_fine,HIGH,RECOMMENDED
502,Atelier pâte à modeler - Musée National du Bardo,Modelage sensoriel avec formes simples et consignes adaptées.,ATELIER,Musée National du Bardo,"Le Bardo, Tunis, Tunisie",Bardo,bardo;tunis;manouba;den den,Tunisie,36.809890769785405,10.134728327700726,MUSEUM,INDOOR,WINTER,decembre,2,5,60,8,LOW,True,sensoriel;pate_a_modeler;motricite_fine,HIGH,RECOMMENDED
503,Lecture de contes illustrés - Musée National du Bardo,"Histoires courtes, images et discussion pour stimuler le langage.",ACTIVITE,Musée National du Bardo,"Le Bardo, Tunis, Tunisie",Bardo,bardo;tunis;manouba;den den,Tunisie,36.80992537170447,10.13480462165415,MUSEUM,INDOOR,ALL,all,2,6,45,6,LOW,True,lecture;contes;langage;calme,VERY_HIGH,HIGHLY_RECOMMENDED
504,Lecture de contes illustrés - Musée National du Bardo,"Histoires courtes, images et discussion pour stimuler le langage.",ACTIVITE,Musée National du Bardo,"Le Bardo, Tunis, Tunisie",Bardo,bardo;tunis;manouba;den den,Tunisie,36.80837966820244,10.133318684823786,MUSEUM,INDOOR,SPRING,mai,2,6,50,8,LOW,True,lecture;contes;langage;calme,VERY_HIGH,HIGHLY_RECOMMENDED
505,Lecture de contes illustrés - Musée National du Bardo,"Histoires courtes, images et discussion pour stimuler le langage.",ACTIVITE,Musée National du Bardo,"Le Bardo, Tunis, Tunisie",Bardo,bardo;tunis;manouba;den den,Tunisie,36.80899474054609,10.133180098190088,MUSEUM,INDOOR,SUMMER,juillet,2,6,50,8,LOW,True,lecture;contes;langage;calme,VERY_HIGH,HIGHLY_RECOMMENDED
506,Lecture de contes illustrés - Musée National du Bardo,"Histoires courtes, images et discussion pour stimuler le langage.",ACTIVITE,Musée National du Bardo,"Le Bardo, Tunis, Tunisie",Bardo,bardo;tunis;manouba;den den,Tunisie,36.8099333732611,10.133430288845053,MUSEUM,INDOOR,AUTUMN,novembre,2,6,45,10,MEDIUM,True,lecture;contes;langage;calme,VERY_HIGH,RECOMMENDED
507,Lecture de contes illustrés - Musée National du Bardo,"Histoires courtes, images et discussion pour stimuler le langage.",ACTIVITE,Musée National du Bardo,"Le Bardo, Tunis, Tunisie",Bardo,bardo;tunis;manouba;den den,Tunisie,36.808562712676746,10.134195037542021,MUSEUM,INDOOR,WINTER,decembre,2,6,50,6,LOW,True,lecture;contes;langage;calme,VERY_HIGH,HIGHLY_RECOMMENDED
508,Sortie découverte nature - Musée National du Bardo,"Observation des arbres, oiseaux, feuilles et petits jeux calmes.",SORTIE,Musée National du Bardo,"Le Bardo, Tunis, Tunisie",Bardo,bardo;tunis;manouba;den den,Tunisie,36.80801635481189,10.133214994168743,MUSEUM,INDOOR,ALL,all,3,6,100,13,MEDIUM,True,nature;observation;ecologie;sortie,VERY_HIGH,RECOMMENDED
509,Sortie découverte nature - Musée National du Bardo,"Observation des arbres, oiseaux, feuilles et petits jeux calmes.",SORTIE,Musée National du Bardo,"Le Bardo, Tunis, Tunisie",Bardo,bardo;tunis;manouba;den den,Tunisie,36.80873187470503,10.13380116324203,MUSEUM,INDOOR,SPRING,avril,3,6,100,11,MEDIUM,True,nature;observation;ecologie;sortie,VERY_HIGH,RECOMMENDED
510,Sortie découverte nature - Musée National du Bardo,"Observation des arbres, oiseaux, feuilles et petits jeux calmes.",SORTIE,Musée National du Bardo,"Le Bardo, Tunis, Tunisie",Bardo,bardo;tunis;manouba;den den,Tunisie,36.80814706349948,10.134008511058246,MUSEUM,INDOOR,SUMMER,juillet,3,6,105,15,MEDIUM,True,nature;observation;ecologie;sortie,VERY_HIGH,RECOMMENDED
511,Sortie découverte nature - Musée National du Bardo,"Observation des arbres, oiseaux, feuilles et petits jeux calmes.",SORTIE,Musée National du Bardo,"Le Bardo, Tunis, Tunisie",Bardo,bardo;tunis;manouba;den den,Tunisie,36.80825732678137,10.13319336297205,MUSEUM,INDOOR,AUTUMN,novembre,3,6,105,12,MEDIUM,True,nature;observation;ecologie;sortie,VERY_HIGH,RECOMMENDED
512,Sortie découverte nature - Musée National du Bardo,"Observation des arbres, oiseaux, feuilles et petits jeux calmes.",SORTIE,Musée National du Bardo,"Le Bardo, Tunis, Tunisie",Bardo,bardo;tunis;manouba;den den,Tunisie,36.80950993034458,10.133398115763105,MUSEUM,INDOOR,WINTER,janvier,3,6,110,15,MEDIUM,True,nature;observation;ecologie;sortie,VERY_HIGH,RECOMMENDED
513,Mini randonnée éducative - Musée National du Bardo,"Promenade courte avec pauses, consignes de sécurité et découverte.",SORTIE,Musée National du Bardo,"Le Bardo, Tunis, Tunisie",Bardo,bardo;tunis;manouba;den den,Tunisie,36.80809060670493,10.133274072747135,MUSEUM,INDOOR,ALL,all,4,6,105,12,MEDIUM,True,marche;nature;autonomie;securite,HIGH,POSSIBLE
514,Mini randonnée éducative - Musée National du Bardo,"Promenade courte avec pauses, consignes de sécurité et découverte.",SORTIE,Musée National du Bardo,"Le Bardo, Tunis, Tunisie",Bardo,bardo;tunis;manouba;den den,Tunisie,36.80829788132915,10.134786263384157,MUSEUM,INDOOR,SPRING,avril,4,6,100,15,MEDIUM,True,marche;nature;autonomie;securite,HIGH,POSSIBLE
515,Mini randonnée éducative - Musée National du Bardo,"Promenade courte avec pauses, consignes de sécurité et découverte.",SORTIE,Musée National du Bardo,"Le Bardo, Tunis, Tunisie",Bardo,bardo;tunis;manouba;den den,Tunisie,36.80832500409175,10.134981231475123,MUSEUM,INDOOR,SUMMER,juillet,4,6,105,15,MEDIUM,True,marche;nature;autonomie;securite,HIGH,POSSIBLE
516,Mini randonnée éducative - Musée National du Bardo,"Promenade courte avec pauses, consignes de sécurité et découverte.",SORTIE,Musée National du Bardo,"Le Bardo, Tunis, Tunisie",Bardo,bardo;tunis;manouba;den den,Tunisie,36.809656578771914,10.134064679659753,MUSEUM,INDOOR,AUTUMN,novembre,4,6,105,13,MEDIUM,True,marche;nature;autonomie;securite,HIGH,POSSIBLE
517,Mini randonnée éducative - Musée National du Bardo,"Promenade courte avec pauses, consignes de sécurité et découverte.",SORTIE,Musée National du Bardo,"Le Bardo, Tunis, Tunisie",Bardo,bardo;tunis;manouba;den den,Tunisie,36.808662479187156,10.133219209178982,MUSEUM,INDOOR,WINTER,janvier,4,6,110,9,MEDIUM,True,marche;nature;autonomie;securite,HIGH,POSSIBLE
518,Visite musée adaptée enfants - Musée National du Bardo,Découverte accompagnée avec jeu de questions simples et dessins après visite.,SORTIE,Musée National du Bardo,"Le Bardo, Tunis, Tunisie",Bardo,bardo;tunis;manouba;den den,Tunisie,36.80959350962786,10.134450648425105,MUSEUM,INDOOR,ALL,all,4,6,120,15,MEDIUM,True,musee;culture;histoire;observation,VERY_HIGH,RECOMMENDED
519,Visite musée adaptée enfants - Musée National du Bardo,Découverte accompagnée avec jeu de questions simples et dessins après visite.,SORTIE,Musée National du Bardo,"Le Bardo, Tunis, Tunisie",Bardo,bardo;tunis;manouba;den den,Tunisie,36.80993414139234,10.134565807982863,MUSEUM,INDOOR,SPRING,mai,4,6,130,13,MEDIUM,True,musee;culture;histoire;observation,VERY_HIGH,RECOMMENDED
520,Visite musée adaptée enfants - Musée National du Bardo,Découverte accompagnée avec jeu de questions simples et dessins après visite.,SORTIE,Musée National du Bardo,"Le Bardo, Tunis, Tunisie",Bardo,bardo;tunis;manouba;den den,Tunisie,36.808960897567424,10.13404846466525,MUSEUM,INDOOR,SUMMER,aout,4,6,140,11,MEDIUM,True,musee;culture;histoire;observation,VERY_HIGH,RECOMMENDED
521,Visite musée adaptée enfants - Musée National du Bardo,Découverte accompagnée avec jeu de questions simples et dessins après visite.,SORTIE,Musée National du Bardo,"Le Bardo, Tunis, Tunisie",Bardo,bardo;tunis;manouba;den den,Tunisie,36.8091451405428,10.134401041822283,MUSEUM,INDOOR,AUTUMN,septembre,4,6,130,6,LOW,True,musee;culture;histoire;observation,VERY_HIGH,RECOMMENDED
522,Visite musée adaptée enfants - Musée National du Bardo,Découverte accompagnée avec jeu de questions simples et dessins après visite.,SORTIE,Musée National du Bardo,"Le Bardo, Tunis, Tunisie",Bardo,bardo;tunis;manouba;den den,Tunisie,36.80883756059634,10.133825920219579,MUSEUM,INDOOR,WINTER,decembre,4,6,130,13,MEDIUM,True,musee;culture;histoire;observation,VERY_HIGH,RECOMMENDED
523,Spectacle marionnettes - Musée National du Bardo,Spectacle court avec échange autour des émotions et personnages.,SPECTACLE,Musée National du Bardo,"Le Bardo, Tunis, Tunisie",Bardo,bardo;tunis;manouba;den den,Tunisie,36.80954994460361,10.134841041899795,MUSEUM,INDOOR,ALL,all,2,6,60,15,MEDIUM,True,spectacle;marionnettes;emotions;langage,HIGH,RECOMMENDED
524,Spectacle marionnettes - Musée National du Bardo,Spectacle court avec échange autour des émotions et personnages.,SPECTACLE,Musée National du Bardo,"Le Bardo, Tunis, Tunisie",Bardo,bardo;tunis;manouba;den den,Tunisie,36.80841468340994,10.133650099068852,MUSEUM,INDOOR,SPRING,mai,2,6,80,11,MEDIUM,True,spectacle;marionnettes;emotions;langage,HIGH,RECOMMENDED
525,Spectacle marionnettes - Musée National du Bardo,Spectacle court avec échange autour des émotions et personnages.,SPECTACLE,Musée National du Bardo,"Le Bardo, Tunis, Tunisie",Bardo,bardo;tunis;manouba;den den,Tunisie,36.80991337098439,10.133919327064039,MUSEUM,INDOOR,SUMMER,aout,2,6,75,13,MEDIUM,True,spectacle;marionnettes;emotions;langage,HIGH,RECOMMENDED
526,Spectacle marionnettes - Musée National du Bardo,Spectacle court avec échange autour des émotions et personnages.,SPECTACLE,Musée National du Bardo,"Le Bardo, Tunis, Tunisie",Bardo,bardo;tunis;manouba;den den,Tunisie,36.809543979568296,10.134441849122656,MUSEUM,INDOOR,AUTUMN,novembre,2,6,75,13,MEDIUM,True,spectacle;marionnettes;emotions;langage,HIGH,RECOMMENDED
527,Spectacle marionnettes - Musée National du Bardo,Spectacle court avec échange autour des émotions et personnages.,SPECTACLE,Musée National du Bardo,"Le Bardo, Tunis, Tunisie",Bardo,bardo;tunis;manouba;den den,Tunisie,36.80991467479238,10.133558012791843,MUSEUM,INDOOR,WINTER,fevrier,2,6,75,10,MEDIUM,True,spectacle;marionnettes;emotions;langage,HIGH,RECOMMENDED
528,Conte musical - Musée National du Bardo,"Conte avec instruments, rythme et participation des enfants.",SPECTACLE,Musée National du Bardo,"Le Bardo, Tunis, Tunisie",Bardo,bardo;tunis;manouba;den den,Tunisie,36.80954234853817,10.134409801873673,MUSEUM,INDOOR,ALL,all,2,6,70,9,MEDIUM,True,musique;conte;rythme;ecoute,VERY_HIGH,RECOMMENDED
529,Conte musical - Musée National du Bardo,"Conte avec instruments, rythme et participation des enfants.",SPECTACLE,Musée National du Bardo,"Le Bardo, Tunis, Tunisie",Bardo,bardo;tunis;manouba;den den,Tunisie,36.80912097518047,10.134868970778516,MUSEUM,INDOOR,SPRING,avril,2,6,65,13,MEDIUM,True,musique;conte;rythme;ecoute,VERY_HIGH,RECOMMENDED
530,Conte musical - Musée National du Bardo,"Conte avec instruments, rythme et participation des enfants.",SPECTACLE,Musée National du Bardo,"Le Bardo, Tunis, Tunisie",Bardo,bardo;tunis;manouba;den den,Tunisie,36.80935324449156,10.133759388370748,MUSEUM,INDOOR,SUMMER,juillet,2,6,70,11,MEDIUM,True,musique;conte;rythme;ecoute,VERY_HIGH,RECOMMENDED
531,Conte musical - Musée National du Bardo,"Conte avec instruments, rythme et participation des enfants.",SPECTACLE,Musée National du Bardo,"Le Bardo, Tunis, Tunisie",Bardo,bardo;tunis;manouba;den den,Tunisie,36.80808413297366,10.134910627435358,MUSEUM,INDOOR,AUTUMN,octobre,2,6,50,9,MEDIUM,True,musique;conte;rythme;ecoute,VERY_HIGH,RECOMMENDED
532,Conte musical - Musée National du Bardo,"Conte avec instruments, rythme et participation des enfants.",SPECTACLE,Musée National du Bardo,"Le Bardo, Tunis, Tunisie",Bardo,bardo;tunis;manouba;den den,Tunisie,36.80851288795095,10.133958158526033,MUSEUM,INDOOR,WINTER,janvier,2,6,60,15,MEDIUM,True,musique;conte;rythme;ecoute,VERY_HIGH,RECOMMENDED
533,Atelier cuisine froide - Musée National du Bardo,"Préparation simple sans cuisson: fruits, tartines et hygiène.",ATELIER,Musée National du Bardo,"Le Bardo, Tunis, Tunisie",Bardo,bardo;tunis;manouba;den den,Tunisie,36.808542265444,10.134124036039355,MUSEUM,INDOOR,ALL,all,3,6,65,12,MEDIUM,True,cuisine;hygiene;autonomie;gout,VERY_HIGH,RECOMMENDED
534,Atelier cuisine froide - Musée National du Bardo,"Préparation simple sans cuisson: fruits, tartines et hygiène.",ATELIER,Musée National du Bardo,"Le Bardo, Tunis, Tunisie",Bardo,bardo;tunis;manouba;den den,Tunisie,36.80923135406883,10.134173660997142,MUSEUM,INDOOR,SPRING,mars,3,6,60,6,LOW,True,cuisine;hygiene;autonomie;gout,VERY_HIGH,HIGHLY_RECOMMENDED
535,Atelier cuisine froide - Musée National du Bardo,"Préparation simple sans cuisson: fruits, tartines et hygiène.",ATELIER,Musée National du Bardo,"Le Bardo, Tunis, Tunisie",Bardo,bardo;tunis;manouba;den den,Tunisie,36.80845134329256,10.133465673119613,MUSEUM,INDOOR,SUMMER,juin,3,6,50,12,MEDIUM,True,cuisine;hygiene;autonomie;gout,VERY_HIGH,RECOMMENDED
536,Atelier cuisine froide - Musée National du Bardo,"Préparation simple sans cuisson: fruits, tartines et hygiène.",ATELIER,Musée National du Bardo,"Le Bardo, Tunis, Tunisie",Bardo,bardo;tunis;manouba;den den,Tunisie,36.8094347161125,10.133201089809555,MUSEUM,INDOOR,AUTUMN,octobre,3,6,60,8,LOW,True,cuisine;hygiene;autonomie;gout,VERY_HIGH,HIGHLY_RECOMMENDED
537,Atelier cuisine froide - Musée National du Bardo,"Préparation simple sans cuisson: fruits, tartines et hygiène.",ATELIER,Musée National du Bardo,"Le Bardo, Tunis, Tunisie",Bardo,bardo;tunis;manouba;den den,Tunisie,36.809955821423664,10.133315882152422,MUSEUM,INDOOR,WINTER,decembre,3,6,70,12,MEDIUM,True,cuisine;hygiene;autonomie;gout,VERY_HIGH,RECOMMENDED
538,Chasse aux formes - Musée National du Bardo,Recherche de formes et couleurs dans un espace sécurisé.,ACTIVITE,Musée National du Bardo,"Le Bardo, Tunis, Tunisie",Bardo,bardo;tunis;manouba;den den,Tunisie,36.80930107738374,10.134511822118817,MUSEUM,INDOOR,ALL,all,2,5,60,10,MEDIUM,True,formes;couleurs;observation;jeu,HIGH,RECOMMENDED
539,Chasse aux formes - Musée National du Bardo,Recherche de formes et couleurs dans un espace sécurisé.,ACTIVITE,Musée National du Bardo,"Le Bardo, Tunis, Tunisie",Bardo,bardo;tunis;manouba;den den,Tunisie,36.809291795835776,10.134815873917471,MUSEUM,INDOOR,SPRING,avril,2,5,45,8,LOW,True,formes;couleurs;observation;jeu,HIGH,RECOMMENDED
540,Chasse aux formes - Musée National du Bardo,Recherche de formes et couleurs dans un espace sécurisé.,ACTIVITE,Musée National du Bardo,"Le Bardo, Tunis, Tunisie",Bardo,bardo;tunis;manouba;den den,Tunisie,36.80846444039844,10.134477373044538,MUSEUM,INDOOR,SUMMER,aout,2,5,45,12,MEDIUM,True,formes;couleurs;observation;jeu,HIGH,RECOMMENDED
541,Chasse aux formes - Musée National du Bardo,Recherche de formes et couleurs dans un espace sécurisé.,ACTIVITE,Musée National du Bardo,"Le Bardo, Tunis, Tunisie",Bardo,bardo;tunis;manouba;den den,Tunisie,36.809764489946325,10.133351577415079,MUSEUM,INDOOR,AUTUMN,septembre,2,5,45,10,MEDIUM,True,formes;couleurs;observation;jeu,HIGH,RECOMMENDED
542,Chasse aux formes - Musée National du Bardo,Recherche de formes et couleurs dans un espace sécurisé.,ACTIVITE,Musée National du Bardo,"Le Bardo, Tunis, Tunisie",Bardo,bardo;tunis;manouba;den den,Tunisie,36.80837262326384,10.134498006402882,MUSEUM,INDOOR,WINTER,janvier,2,5,60,10,MEDIUM,True,formes;couleurs;observation;jeu,HIGH,RECOMMENDED
543,Sortie patrimoine en images - Musée National du Bardo,"Découverte d un lieu historique avec photos, croquis et vocabulaire.",SORTIE,Musée National du Bardo,"Le Bardo, Tunis, Tunisie",Bardo,bardo;tunis;manouba;den den,Tunisie,36.80859678442132,10.134205565931012,MUSEUM,INDOOR,ALL,all,4,6,125,6,LOW,True,patrimoine;histoire;langage;sortie,HIGH,RECOMMENDED
544,Sortie patrimoine en images - Musée National du Bardo,"Découverte d un lieu historique avec photos, croquis et vocabulaire.",SORTIE,Musée National du Bardo,"Le Bardo, Tunis, Tunisie",Bardo,bardo;tunis;manouba;den den,Tunisie,36.80908660096711,10.133987824840684,MUSEUM,INDOOR,SPRING,avril,4,6,120,15,MEDIUM,True,patrimoine;histoire;langage;sortie,HIGH,POSSIBLE
545,Sortie patrimoine en images - Musée National du Bardo,"Découverte d un lieu historique avec photos, croquis et vocabulaire.",SORTIE,Musée National du Bardo,"Le Bardo, Tunis, Tunisie",Bardo,bardo;tunis;manouba;den den,Tunisie,36.80838562279654,10.13322529352204,MUSEUM,INDOOR,SUMMER,aout,4,6,120,13,MEDIUM,True,patrimoine;histoire;langage;sortie,HIGH,POSSIBLE
546,Sortie patrimoine en images - Musée National du Bardo,"Découverte d un lieu historique avec photos, croquis et vocabulaire.",SORTIE,Musée National du Bardo,"Le Bardo, Tunis, Tunisie",Bardo,bardo;tunis;manouba;den den,Tunisie,36.80851452976046,10.133372398138256,MUSEUM,INDOOR,AUTUMN,novembre,4,6,125,15,MEDIUM,True,patrimoine;histoire;langage;sortie,HIGH,POSSIBLE
547,Sortie patrimoine en images - Musée National du Bardo,"Découverte d un lieu historique avec photos, croquis et vocabulaire.",SORTIE,Musée National du Bardo,"Le Bardo, Tunis, Tunisie",Bardo,bardo;tunis;manouba;den den,Tunisie,36.809514565500514,10.133350989827678,MUSEUM,INDOOR,WINTER,janvier,4,6,130,17,MEDIUM,True,patrimoine;histoire;langage;sortie,HIGH,POSSIBLE
548,Jardinage pédagogique - Musée National du Bardo,"Planter, arroser et comprendre les besoins d une plante.",ACTIVITE,Musée National du Bardo,"Le Bardo, Tunis, Tunisie",Bardo,bardo;tunis;manouba;den den,Tunisie,36.80903056131792,10.133173475539698,MUSEUM,INDOOR,ALL,all,3,6,55,10,MEDIUM,True,jardinage;nature;responsabilite;sensoriel,VERY_HIGH,RECOMMENDED
549,Jardinage pédagogique - Musée National du Bardo,"Planter, arroser et comprendre les besoins d une plante.",ACTIVITE,Musée National du Bardo,"Le Bardo, Tunis, Tunisie",Bardo,bardo;tunis;manouba;den den,Tunisie,36.80895490819698,10.134871650774004,MUSEUM,INDOOR,SPRING,mars,3,6,55,6,LOW,True,jardinage;nature;responsabilite;sensoriel,VERY_HIGH,HIGHLY_RECOMMENDED
550,Jardinage pédagogique - Musée National du Bardo,"Planter, arroser et comprendre les besoins d une plante.",ACTIVITE,Musée National du Bardo,"Le Bardo, Tunis, Tunisie",Bardo,bardo;tunis;manouba;den den,Tunisie,36.8084710425056,10.134507513303562,MUSEUM,INDOOR,SUMMER,juillet,3,6,70,10,MEDIUM,True,jardinage;nature;responsabilite;sensoriel,VERY_HIGH,RECOMMENDED
551,Jardinage pédagogique - Musée National du Bardo,"Planter, arroser et comprendre les besoins d une plante.",ACTIVITE,Musée National du Bardo,"Le Bardo, Tunis, Tunisie",Bardo,bardo;tunis;manouba;den den,Tunisie,36.8094457650568,10.13302287146839,MUSEUM,INDOOR,AUTUMN,octobre,3,6,70,12,MEDIUM,True,jardinage;nature;responsabilite;sensoriel,VERY_HIGH,RECOMMENDED
552,Jardinage pédagogique - Musée National du Bardo,"Planter, arroser et comprendre les besoins d une plante.",ACTIVITE,Musée National du Bardo,"Le Bardo, Tunis, Tunisie",Bardo,bardo;tunis;manouba;den den,Tunisie,36.808124248663596,10.133236449695609,MUSEUM,INDOOR,WINTER,fevrier,3,6,70,6,LOW,True,jardinage;nature;responsabilite;sensoriel,VERY_HIGH,HIGHLY_RECOMMENDED
553,Atelier peinture et couleurs - Médina de Tunis,"Peinture guidée, reconnaissance des couleurs et expression libre.",ATELIER,Médina de Tunis,"Médina de Tunis, Tunis, Tunisie",Tunis,tunis;medina;bab bhar;kasbah,Tunisie,36.798610833225936,10.171505040942478,HERITAGE_SITE,OUTDOOR,ALL,all,2,6,60,0,LOW,True,art;peinture;couleurs;motricite_fine,HIGH,RECOMMENDED
554,Atelier peinture et couleurs - Médina de Tunis,"Peinture guidée, reconnaissance des couleurs et expression libre.",ATELIER,Médina de Tunis,"Médina de Tunis, Tunis, Tunisie",Tunis,tunis;medina;bab bhar;kasbah,Tunisie,36.7990774226504,10.172381271247492,HERITAGE_SITE,OUTDOOR,SPRING,mai,2,6,60,0,LOW,True,art;peinture;couleurs;motricite_fine,HIGH,RECOMMENDED
555,Atelier peinture et couleurs - Médina de Tunis,"Peinture guidée, reconnaissance des couleurs et expression libre.",ATELIER,Médina de Tunis,"Médina de Tunis, Tunis, Tunisie",Tunis,tunis;medina;bab bhar;kasbah,Tunisie,36.798238257201874,10.170767137564393,HERITAGE_SITE,OUTDOOR,SUMMER,aout,2,6,55,0,LOW,True,art;peinture;couleurs;motricite_fine,HIGH,RECOMMENDED
556,Atelier peinture et couleurs - Médina de Tunis,"Peinture guidée, reconnaissance des couleurs et expression libre.",ATELIER,Médina de Tunis,"Médina de Tunis, Tunis, Tunisie",Tunis,tunis;medina;bab bhar;kasbah,Tunisie,36.79854724968397,10.171903881453712,HERITAGE_SITE,OUTDOOR,AUTUMN,octobre,2,6,65,6,LOW,True,art;peinture;couleurs;motricite_fine,HIGH,RECOMMENDED
557,Atelier peinture et couleurs - Médina de Tunis,"Peinture guidée, reconnaissance des couleurs et expression libre.",ATELIER,Médina de Tunis,"Médina de Tunis, Tunis, Tunisie",Tunis,tunis;medina;bab bhar;kasbah,Tunisie,36.79932371923994,10.171860683839839,HERITAGE_SITE,OUTDOOR,WINTER,fevrier,2,6,45,0,LOW,True,art;peinture;couleurs;motricite_fine,HIGH,RECOMMENDED
558,Atelier pâte à modeler - Médina de Tunis,Modelage sensoriel avec formes simples et consignes adaptées.,ATELIER,Médina de Tunis,"Médina de Tunis, Tunis, Tunisie",Tunis,tunis;medina;bab bhar;kasbah,Tunisie,36.79869349595499,10.171907532250312,HERITAGE_SITE,OUTDOOR,ALL,all,2,5,40,6,LOW,True,sensoriel;pate_a_modeler;motricite_fine,HIGH,RECOMMENDED
559,Atelier pâte à modeler - Médina de Tunis,Modelage sensoriel avec formes simples et consignes adaptées.,ATELIER,Médina de Tunis,"Médina de Tunis, Tunis, Tunisie",Tunis,tunis;medina;bab bhar;kasbah,Tunisie,36.79792351609511,10.171595298497422,HERITAGE_SITE,OUTDOOR,SPRING,mai,2,5,50,0,LOW,True,sensoriel;pate_a_modeler;motricite_fine,HIGH,RECOMMENDED
560,Atelier pâte à modeler - Médina de Tunis,Modelage sensoriel avec formes simples et consignes adaptées.,ATELIER,Médina de Tunis,"Médina de Tunis, Tunis, Tunisie",Tunis,tunis;medina;bab bhar;kasbah,Tunisie,36.79809970476276,10.171156235275484,HERITAGE_SITE,OUTDOOR,SUMMER,aout,2,5,60,6,LOW,True,sensoriel;pate_a_modeler;motricite_fine,HIGH,RECOMMENDED
561,Atelier pâte à modeler - Médina de Tunis,Modelage sensoriel avec formes simples et consignes adaptées.,ATELIER,Médina de Tunis,"Médina de Tunis, Tunis, Tunisie",Tunis,tunis;medina;bab bhar;kasbah,Tunisie,36.79923383593236,10.171477655933662,HERITAGE_SITE,OUTDOOR,AUTUMN,septembre,2,5,60,0,LOW,True,sensoriel;pate_a_modeler;motricite_fine,HIGH,RECOMMENDED
562,Atelier pâte à modeler - Médina de Tunis,Modelage sensoriel avec formes simples et consignes adaptées.,ATELIER,Médina de Tunis,"Médina de Tunis, Tunis, Tunisie",Tunis,tunis;medina;bab bhar;kasbah,Tunisie,36.79806388867964,10.17133084914769,HERITAGE_SITE,OUTDOOR,WINTER,decembre,2,5,40,4,LOW,True,sensoriel;pate_a_modeler;motricite_fine,HIGH,RECOMMENDED
563,Lecture de contes illustrés - Médina de Tunis,"Histoires courtes, images et discussion pour stimuler le langage.",ACTIVITE,Médina de Tunis,"Médina de Tunis, Tunis, Tunisie",Tunis,tunis;medina;bab bhar;kasbah,Tunisie,36.79872475661148,10.17211383070511,HERITAGE_SITE,OUTDOOR,ALL,all,2,6,30,6,LOW,True,lecture;contes;langage;calme,VERY_HIGH,HIGHLY_RECOMMENDED
564,Lecture de contes illustrés - Médina de Tunis,"Histoires courtes, images et discussion pour stimuler le langage.",ACTIVITE,Médina de Tunis,"Médina de Tunis, Tunis, Tunisie",Tunis,tunis;medina;bab bhar;kasbah,Tunisie,36.79943290645187,10.171991608965664,HERITAGE_SITE,OUTDOOR,SPRING,avril,2,6,30,2,LOW,True,lecture;contes;langage;calme,VERY_HIGH,HIGHLY_RECOMMENDED
565,Lecture de contes illustrés - Médina de Tunis,"Histoires courtes, images et discussion pour stimuler le langage.",ACTIVITE,Médina de Tunis,"Médina de Tunis, Tunis, Tunisie",Tunis,tunis;medina;bab bhar;kasbah,Tunisie,36.79848905773312,10.170627519824224,HERITAGE_SITE,OUTDOOR,SUMMER,juin,2,6,30,4,LOW,True,lecture;contes;langage;calme,VERY_HIGH,HIGHLY_RECOMMENDED
566,Lecture de contes illustrés - Médina de Tunis,"Histoires courtes, images et discussion pour stimuler le langage.",ACTIVITE,Médina de Tunis,"Médina de Tunis, Tunis, Tunisie",Tunis,tunis;medina;bab bhar;kasbah,Tunisie,36.79786346974205,10.17131773387164,HERITAGE_SITE,OUTDOOR,AUTUMN,septembre,2,6,40,4,LOW,True,lecture;contes;langage;calme,VERY_HIGH,HIGHLY_RECOMMENDED
567,Lecture de contes illustrés - Médina de Tunis,"Histoires courtes, images et discussion pour stimuler le langage.",ACTIVITE,Médina de Tunis,"Médina de Tunis, Tunis, Tunisie",Tunis,tunis;medina;bab bhar;kasbah,Tunisie,36.798548921841274,10.172282667210437,HERITAGE_SITE,OUTDOOR,WINTER,fevrier,2,6,50,4,LOW,True,lecture;contes;langage;calme,VERY_HIGH,HIGHLY_RECOMMENDED
568,Sortie découverte nature - Médina de Tunis,"Observation des arbres, oiseaux, feuilles et petits jeux calmes.",SORTIE,Médina de Tunis,"Médina de Tunis, Tunis, Tunisie",Tunis,tunis;medina;bab bhar;kasbah,Tunisie,36.79796049998526,10.172428288752762,HERITAGE_SITE,OUTDOOR,ALL,all,3,6,100,7,LOW,True,nature;observation;ecologie;sortie,VERY_HIGH,HIGHLY_RECOMMENDED
569,Sortie découverte nature - Médina de Tunis,"Observation des arbres, oiseaux, feuilles et petits jeux calmes.",SORTIE,Médina de Tunis,"Médina de Tunis, Tunis, Tunisie",Tunis,tunis;medina;bab bhar;kasbah,Tunisie,36.79815694725801,10.171574516972797,HERITAGE_SITE,OUTDOOR,SPRING,mai,3,6,100,2,LOW,True,nature;observation;ecologie;sortie,VERY_HIGH,HIGHLY_RECOMMENDED
570,Sortie découverte nature - Médina de Tunis,"Observation des arbres, oiseaux, feuilles et petits jeux calmes.",SORTIE,Médina de Tunis,"Médina de Tunis, Tunis, Tunisie",Tunis,tunis;medina;bab bhar;kasbah,Tunisie,36.79931235882972,10.17245698136536,HERITAGE_SITE,OUTDOOR,SUMMER,aout,3,6,110,0,LOW,True,nature;observation;ecologie;sortie,VERY_HIGH,HIGHLY_RECOMMENDED
571,Sortie découverte nature - Médina de Tunis,"Observation des arbres, oiseaux, feuilles et petits jeux calmes.",SORTIE,Médina de Tunis,"Médina de Tunis, Tunis, Tunisie",Tunis,tunis;medina;bab bhar;kasbah,Tunisie,36.798863867216994,10.172146720874752,HERITAGE_SITE,OUTDOOR,AUTUMN,novembre,3,6,100,9,MEDIUM,True,nature;observation;ecologie;sortie,VERY_HIGH,RECOMMENDED
572,Sortie découverte nature - Médina de Tunis,"Observation des arbres, oiseaux, feuilles et petits jeux calmes.",SORTIE,Médina de Tunis,"Médina de Tunis, Tunis, Tunisie",Tunis,tunis;medina;bab bhar;kasbah,Tunisie,36.79835129945559,10.17237482072227,HERITAGE_SITE,OUTDOOR,WINTER,janvier,3,6,90,2,LOW,True,nature;observation;ecologie;sortie,VERY_HIGH,HIGHLY_RECOMMENDED
573,Mini randonnée éducative - Médina de Tunis,"Promenade courte avec pauses, consignes de sécurité et découverte.",SORTIE,Médina de Tunis,"Médina de Tunis, Tunis, Tunisie",Tunis,tunis;medina;bab bhar;kasbah,Tunisie,36.79863848119698,10.172032106935028,HERITAGE_SITE,OUTDOOR,ALL,all,4,6,90,5,LOW,True,marche;nature;autonomie;securite,HIGH,RECOMMENDED
574,Mini randonnée éducative - Médina de Tunis,"Promenade courte avec pauses, consignes de sécurité et découverte.",SORTIE,Médina de Tunis,"Médina de Tunis, Tunis, Tunisie",Tunis,tunis;medina;bab bhar;kasbah,Tunisie,36.79800179342619,10.17056715255151,HERITAGE_SITE,OUTDOOR,SPRING,mars,4,6,90,0,LOW,True,marche;nature;autonomie;securite,HIGH,RECOMMENDED
575,Mini randonnée éducative - Médina de Tunis,"Promenade courte avec pauses, consignes de sécurité et découverte.",SORTIE,Médina de Tunis,"Médina de Tunis, Tunis, Tunisie",Tunis,tunis;medina;bab bhar;kasbah,Tunisie,36.798677925622975,10.171579519617815,HERITAGE_SITE,OUTDOOR,SUMMER,juin,4,6,90,3,LOW,True,marche;nature;autonomie;securite,HIGH,RECOMMENDED
576,Mini randonnée éducative - Médina de Tunis,"Promenade courte avec pauses, consignes de sécurité et découverte.",SORTIE,Médina de Tunis,"Médina de Tunis, Tunis, Tunisie",Tunis,tunis;medina;bab bhar;kasbah,Tunisie,36.798268323034286,10.172332794066243,HERITAGE_SITE,OUTDOOR,AUTUMN,septembre,4,6,105,9,MEDIUM,True,marche;nature;autonomie;securite,HIGH,POSSIBLE
577,Mini randonnée éducative - Médina de Tunis,"Promenade courte avec pauses, consignes de sécurité et découverte.",SORTIE,Médina de Tunis,"Médina de Tunis, Tunis, Tunisie",Tunis,tunis;medina;bab bhar;kasbah,Tunisie,36.79943676497818,10.170973808069553,HERITAGE_SITE,OUTDOOR,WINTER,fevrier,4,6,100,11,MEDIUM,True,marche;nature;autonomie;securite,HIGH,POSSIBLE
578,Visite musée adaptée enfants - Médina de Tunis,Découverte accompagnée avec jeu de questions simples et dessins après visite.,SORTIE,Médina de Tunis,"Médina de Tunis, Tunis, Tunisie",Tunis,tunis;medina;bab bhar;kasbah,Tunisie,36.798627120412895,10.171050307841018,HERITAGE_SITE,OUTDOOR,ALL,all,4,6,130,6,LOW,True,musee;culture;histoire;observation,VERY_HIGH,RECOMMENDED
579,Visite musée adaptée enfants - Médina de Tunis,Découverte accompagnée avec jeu de questions simples et dessins après visite.,SORTIE,Médina de Tunis,"Médina de Tunis, Tunis, Tunisie",Tunis,tunis;medina;bab bhar;kasbah,Tunisie,36.79879124157499,10.172444580470687,HERITAGE_SITE,OUTDOOR,SPRING,mai,4,6,140,9,MEDIUM,True,musee;culture;histoire;observation,VERY_HIGH,RECOMMENDED
580,Visite musée adaptée enfants - Médina de Tunis,Découverte accompagnée avec jeu de questions simples et dessins après visite.,SORTIE,Médina de Tunis,"Médina de Tunis, Tunis, Tunisie",Tunis,tunis;medina;bab bhar;kasbah,Tunisie,36.79863264926684,10.17079843521565,HERITAGE_SITE,OUTDOOR,SUMMER,aout,4,6,140,7,LOW,True,musee;culture;histoire;observation,VERY_HIGH,RECOMMENDED
581,Visite musée adaptée enfants - Médina de Tunis,Découverte accompagnée avec jeu de questions simples et dessins après visite.,SORTIE,Médina de Tunis,"Médina de Tunis, Tunis, Tunisie",Tunis,tunis;medina;bab bhar;kasbah,Tunisie,36.798281936378025,10.17095068909676,HERITAGE_SITE,OUTDOOR,AUTUMN,septembre,4,6,130,9,MEDIUM,True,musee;culture;histoire;observation,VERY_HIGH,RECOMMENDED
582,Visite musée adaptée enfants - Médina de Tunis,Découverte accompagnée avec jeu de questions simples et dessins après visite.,SORTIE,Médina de Tunis,"Médina de Tunis, Tunis, Tunisie",Tunis,tunis;medina;bab bhar;kasbah,Tunisie,36.798625354977965,10.171333015733321,HERITAGE_SITE,OUTDOOR,WINTER,janvier,4,6,130,5,LOW,True,musee;culture;histoire;observation,VERY_HIGH,RECOMMENDED
583,Spectacle marionnettes - Médina de Tunis,Spectacle court avec échange autour des émotions et personnages.,SPECTACLE,Médina de Tunis,"Médina de Tunis, Tunis, Tunisie",Tunis,tunis;medina;bab bhar;kasbah,Tunisie,36.79830999129121,10.171160525987249,HERITAGE_SITE,OUTDOOR,ALL,all,2,6,60,4,LOW,True,spectacle;marionnettes;emotions;langage,HIGH,RECOMMENDED
584,Spectacle marionnettes - Médina de Tunis,Spectacle court avec échange autour des émotions et personnages.,SPECTACLE,Médina de Tunis,"Médina de Tunis, Tunis, Tunisie",Tunis,tunis;medina;bab bhar;kasbah,Tunisie,36.79887127107269,10.17215881257043,HERITAGE_SITE,OUTDOOR,SPRING,avril,2,6,60,2,LOW,True,spectacle;marionnettes;emotions;langage,HIGH,RECOMMENDED
585,Spectacle marionnettes - Médina de Tunis,Spectacle court avec échange autour des émotions et personnages.,SPECTACLE,Médina de Tunis,"Médina de Tunis, Tunis, Tunisie",Tunis,tunis;medina;bab bhar;kasbah,Tunisie,36.799009938892766,10.170579095108414,HERITAGE_SITE,OUTDOOR,SUMMER,juillet,2,6,60,9,MEDIUM,True,spectacle;marionnettes;emotions;langage,HIGH,RECOMMENDED
586,Spectacle marionnettes - Médina de Tunis,Spectacle court avec échange autour des émotions et personnages.,SPECTACLE,Médina de Tunis,"Médina de Tunis, Tunis, Tunisie",Tunis,tunis;medina;bab bhar;kasbah,Tunisie,36.79914290104447,10.170934033043375,HERITAGE_SITE,OUTDOOR,AUTUMN,septembre,2,6,70,11,MEDIUM,True,spectacle;marionnettes;emotions;langage,HIGH,RECOMMENDED
587,Spectacle marionnettes - Médina de Tunis,Spectacle court avec échange autour des émotions et personnages.,SPECTACLE,Médina de Tunis,"Médina de Tunis, Tunis, Tunisie",Tunis,tunis;medina;bab bhar;kasbah,Tunisie,36.798223615544096,10.17088004739526,HERITAGE_SITE,OUTDOOR,WINTER,janvier,2,6,60,2,LOW,True,spectacle;marionnettes;emotions;langage,HIGH,RECOMMENDED
588,Conte musical - Médina de Tunis,"Conte avec instruments, rythme et participation des enfants.",SPECTACLE,Médina de Tunis,"Médina de Tunis, Tunis, Tunisie",Tunis,tunis;medina;bab bhar;kasbah,Tunisie,36.79919125257141,10.171907537165351,HERITAGE_SITE,OUTDOOR,ALL,all,2,6,70,4,LOW,True,musique;conte;rythme;ecoute,VERY_HIGH,HIGHLY_RECOMMENDED
589,Conte musical - Médina de Tunis,"Conte avec instruments, rythme et participation des enfants.",SPECTACLE,Médina de Tunis,"Médina de Tunis, Tunis, Tunisie",Tunis,tunis;medina;bab bhar;kasbah,Tunisie,36.799351027764125,10.171261323488746,HERITAGE_SITE,OUTDOOR,SPRING,mars,2,6,65,9,MEDIUM,True,musique;conte;rythme;ecoute,VERY_HIGH,RECOMMENDED
590,Conte musical - Médina de Tunis,"Conte avec instruments, rythme et participation des enfants.",SPECTACLE,Médina de Tunis,"Médina de Tunis, Tunis, Tunisie",Tunis,tunis;medina;bab bhar;kasbah,Tunisie,36.79882563308005,10.171494554586202,HERITAGE_SITE,OUTDOOR,SUMMER,juillet,2,6,50,5,LOW,True,musique;conte;rythme;ecoute,VERY_HIGH,HIGHLY_RECOMMENDED
591,Conte musical - Médina de Tunis,"Conte avec instruments, rythme et participation des enfants.",SPECTACLE,Médina de Tunis,"Médina de Tunis, Tunis, Tunisie",Tunis,tunis;medina;bab bhar;kasbah,Tunisie,36.7996286609978,10.171241409842862,HERITAGE_SITE,OUTDOOR,AUTUMN,novembre,2,6,70,7,LOW,True,musique;conte;rythme;ecoute,VERY_HIGH,HIGHLY_RECOMMENDED
592,Conte musical - Médina de Tunis,"Conte avec instruments, rythme et participation des enfants.",SPECTACLE,Médina de Tunis,"Médina de Tunis, Tunis, Tunisie",Tunis,tunis;medina;bab bhar;kasbah,Tunisie,36.799282504757436,10.170532439802003,HERITAGE_SITE,OUTDOOR,WINTER,decembre,2,6,70,6,LOW,True,musique;conte;rythme;ecoute,VERY_HIGH,HIGHLY_RECOMMENDED
593,Atelier cuisine froide - Médina de Tunis,"Préparation simple sans cuisson: fruits, tartines et hygiène.",ATELIER,Médina de Tunis,"Médina de Tunis, Tunis, Tunisie",Tunis,tunis;medina;bab bhar;kasbah,Tunisie,36.79810482282037,10.171159730571956,HERITAGE_SITE,OUTDOOR,ALL,all,3,6,70,2,LOW,True,cuisine;hygiene;autonomie;gout,VERY_HIGH,HIGHLY_RECOMMENDED
594,Atelier cuisine froide - Médina de Tunis,"Préparation simple sans cuisson: fruits, tartines et hygiène.",ATELIER,Médina de Tunis,"Médina de Tunis, Tunis, Tunisie",Tunis,tunis;medina;bab bhar;kasbah,Tunisie,36.79879860296474,10.171809215932242,HERITAGE_SITE,OUTDOOR,SPRING,mai,3,6,65,0,LOW,True,cuisine;hygiene;autonomie;gout,VERY_HIGH,HIGHLY_RECOMMENDED
595,Atelier cuisine froide - Médina de Tunis,"Préparation simple sans cuisson: fruits, tartines et hygiène.",ATELIER,Médina de Tunis,"Médina de Tunis, Tunis, Tunisie",Tunis,tunis;medina;bab bhar;kasbah,Tunisie,36.7997330165345,10.171783388908798,HERITAGE_SITE,OUTDOOR,SUMMER,juillet,3,6,70,4,LOW,True,cuisine;hygiene;autonomie;gout,VERY_HIGH,HIGHLY_RECOMMENDED
596,Atelier cuisine froide - Médina de Tunis,"Préparation simple sans cuisson: fruits, tartines et hygiène.",ATELIER,Médina de Tunis,"Médina de Tunis, Tunis, Tunisie",Tunis,tunis;medina;bab bhar;kasbah,Tunisie,36.79926554447405,10.171204352336664,HERITAGE_SITE,OUTDOOR,AUTUMN,octobre,3,6,60,0,LOW,True,cuisine;hygiene;autonomie;gout,VERY_HIGH,HIGHLY_RECOMMENDED
597,Atelier cuisine froide - Médina de Tunis,"Préparation simple sans cuisson: fruits, tartines et hygiène.",ATELIER,Médina de Tunis,"Médina de Tunis, Tunis, Tunisie",Tunis,tunis;medina;bab bhar;kasbah,Tunisie,36.79877663264251,10.17233379877939,HERITAGE_SITE,OUTDOOR,WINTER,fevrier,3,6,50,6,LOW,True,cuisine;hygiene;autonomie;gout,VERY_HIGH,HIGHLY_RECOMMENDED
598,Chasse aux formes - Médina de Tunis,Recherche de formes et couleurs dans un espace sécurisé.,ACTIVITE,Médina de Tunis,"Médina de Tunis, Tunis, Tunisie",Tunis,tunis;medina;bab bhar;kasbah,Tunisie,36.79786764751433,10.172193394766365,HERITAGE_SITE,OUTDOOR,ALL,all,2,5,45,6,LOW,True,formes;couleurs;observation;jeu,HIGH,RECOMMENDED
599,Chasse aux formes - Médina de Tunis,Recherche de formes et couleurs dans un espace sécurisé.,ACTIVITE,Médina de Tunis,"Médina de Tunis, Tunis, Tunisie",Tunis,tunis;medina;bab bhar;kasbah,Tunisie,36.79807498306099,10.171761403295866,HERITAGE_SITE,OUTDOOR,SPRING,mars,2,5,45,4,LOW,True,formes;couleurs;observation;jeu,HIGH,RECOMMENDED
600,Chasse aux formes - Médina de Tunis,Recherche de formes et couleurs dans un espace sécurisé.,ACTIVITE,Médina de Tunis,"Médina de Tunis, Tunis, Tunisie",Tunis,tunis;medina;bab bhar;kasbah,Tunisie,36.79781828292338,10.171511465839385,HERITAGE_SITE,OUTDOOR,SUMMER,aout,2,5,60,0,LOW,True,formes;couleurs;observation;jeu,HIGH,RECOMMENDED
601,Chasse aux formes - Médina de Tunis,Recherche de formes et couleurs dans un espace sécurisé.,ACTIVITE,Médina de Tunis,"Médina de Tunis, Tunis, Tunisie",Tunis,tunis;medina;bab bhar;kasbah,Tunisie,36.79907545718352,10.172367807442196,HERITAGE_SITE,OUTDOOR,AUTUMN,septembre,2,5,65,6,LOW,True,formes;couleurs;observation;jeu,HIGH,RECOMMENDED
602,Chasse aux formes - Médina de Tunis,Recherche de formes et couleurs dans un espace sécurisé.,ACTIVITE,Médina de Tunis,"Médina de Tunis, Tunis, Tunisie",Tunis,tunis;medina;bab bhar;kasbah,Tunisie,36.79783146353374,10.171564424970025,HERITAGE_SITE,OUTDOOR,WINTER,fevrier,2,5,65,4,LOW,True,formes;couleurs;observation;jeu,HIGH,RECOMMENDED
603,Sortie patrimoine en images - Médina de Tunis,"Découverte d un lieu historique avec photos, croquis et vocabulaire.",SORTIE,Médina de Tunis,"Médina de Tunis, Tunis, Tunisie",Tunis,tunis;medina;bab bhar;kasbah,Tunisie,36.798858835293686,10.171049481474396,HERITAGE_SITE,OUTDOOR,ALL,all,4,6,125,0,LOW,True,patrimoine;histoire;langage;sortie,HIGH,RECOMMENDED
604,Sortie patrimoine en images - Médina de Tunis,"Découverte d un lieu historique avec photos, croquis et vocabulaire.",SORTIE,Médina de Tunis,"Médina de Tunis, Tunis, Tunisie",Tunis,tunis;medina;bab bhar;kasbah,Tunisie,36.79914806590424,10.172112335397895,HERITAGE_SITE,OUTDOOR,SPRING,mars,4,6,120,11,MEDIUM,True,patrimoine;histoire;langage;sortie,HIGH,POSSIBLE
605,Sortie patrimoine en images - Médina de Tunis,"Découverte d un lieu historique avec photos, croquis et vocabulaire.",SORTIE,Médina de Tunis,"Médina de Tunis, Tunis, Tunisie",Tunis,tunis;medina;bab bhar;kasbah,Tunisie,36.79809779497148,10.170883864113984,HERITAGE_SITE,OUTDOOR,SUMMER,juin,4,6,125,5,LOW,True,patrimoine;histoire;langage;sortie,HIGH,RECOMMENDED
606,Sortie patrimoine en images - Médina de Tunis,"Découverte d un lieu historique avec photos, croquis et vocabulaire.",SORTIE,Médina de Tunis,"Médina de Tunis, Tunis, Tunisie",Tunis,tunis;medina;bab bhar;kasbah,Tunisie,36.79795803848763,10.172418595588297,HERITAGE_SITE,OUTDOOR,AUTUMN,octobre,4,6,130,5,LOW,True,patrimoine;histoire;langage;sortie,HIGH,RECOMMENDED
607,Sortie patrimoine en images - Médina de Tunis,"Découverte d un lieu historique avec photos, croquis et vocabulaire.",SORTIE,Médina de Tunis,"Médina de Tunis, Tunis, Tunisie",Tunis,tunis;medina;bab bhar;kasbah,Tunisie,36.798251714505255,10.17186808325094,HERITAGE_SITE,OUTDOOR,WINTER,fevrier,4,6,110,5,LOW,True,patrimoine;histoire;langage;sortie,HIGH,RECOMMENDED
608,Jardinage pédagogique - Médina de Tunis,"Planter, arroser et comprendre les besoins d une plante.",ACTIVITE,Médina de Tunis,"Médina de Tunis, Tunis, Tunisie",Tunis,tunis;medina;bab bhar;kasbah,Tunisie,36.79798700101085,10.17125852804448,HERITAGE_SITE,OUTDOOR,ALL,all,3,6,75,0,LOW,True,jardinage;nature;responsabilite;sensoriel,VERY_HIGH,HIGHLY_RECOMMENDED
609,Jardinage pédagogique - Médina de Tunis,"Planter, arroser et comprendre les besoins d une plante.",ACTIVITE,Médina de Tunis,"Médina de Tunis, Tunis, Tunisie",Tunis,tunis;medina;bab bhar;kasbah,Tunisie,36.799205690300035,10.170665372245011,HERITAGE_SITE,OUTDOOR,SPRING,mars,3,6,75,0,LOW,True,jardinage;nature;responsabilite;sensoriel,VERY_HIGH,HIGHLY_RECOMMENDED
610,Jardinage pédagogique - Médina de Tunis,"Planter, arroser et comprendre les besoins d une plante.",ACTIVITE,Médina de Tunis,"Médina de Tunis, Tunis, Tunisie",Tunis,tunis;medina;bab bhar;kasbah,Tunisie,36.798931713255904,10.172215920626728,HERITAGE_SITE,OUTDOOR,SUMMER,aout,3,6,55,2,LOW,True,jardinage;nature;responsabilite;sensoriel,VERY_HIGH,HIGHLY_RECOMMENDED
611,Jardinage pédagogique - Médina de Tunis,"Planter, arroser et comprendre les besoins d une plante.",ACTIVITE,Médina de Tunis,"Médina de Tunis, Tunis, Tunisie",Tunis,tunis;medina;bab bhar;kasbah,Tunisie,36.7982595329942,10.172302545918049,HERITAGE_SITE,OUTDOOR,AUTUMN,novembre,3,6,75,0,LOW,True,jardinage;nature;responsabilite;sensoriel,VERY_HIGH,HIGHLY_RECOMMENDED
612,Jardinage pédagogique - Médina de Tunis,"Planter, arroser et comprendre les besoins d une plante.",ACTIVITE,Médina de Tunis,"Médina de Tunis, Tunis, Tunisie",Tunis,tunis;medina;bab bhar;kasbah,Tunisie,36.799648318533215,10.171868857486928,HERITAGE_SITE,OUTDOOR,WINTER,janvier,3,6,70,0,LOW,True,jardinage;nature;responsabilite;sensoriel,VERY_HIGH,HIGHLY_RECOMMENDED
613,Atelier peinture et couleurs - Sidi Bou Saïd,"Peinture guidée, reconnaissance des couleurs et expression libre.",ATELIER,Sidi Bou Saïd,"Sidi Bou Saïd, Tunis, Tunisie",Sidi Bou Saïd,sidi bou said;carthage;la marsa;gammarth;tunis,Tunisie,36.8707270197281,10.345765803560306,HERITAGE_SITE,OUTDOOR,ALL,all,2,6,60,11,MEDIUM,True,art;peinture;couleurs;motricite_fine,HIGH,RECOMMENDED
614,Atelier peinture et couleurs - Sidi Bou Saïd,"Peinture guidée, reconnaissance des couleurs et expression libre.",ATELIER,Sidi Bou Saïd,"Sidi Bou Saïd, Tunis, Tunisie",Sidi Bou Saïd,sidi bou said;carthage;la marsa;gammarth;tunis,Tunisie,36.87077407220817,10.347204508939694,HERITAGE_SITE,OUTDOOR,SPRING,mars,2,6,65,5,LOW,True,art;peinture;couleurs;motricite_fine,HIGH,RECOMMENDED
615,Atelier peinture et couleurs - Sidi Bou Saïd,"Peinture guidée, reconnaissance des couleurs et expression libre.",ATELIER,Sidi Bou Saïd,"Sidi Bou Saïd, Tunis, Tunisie",Sidi Bou Saïd,sidi bou said;carthage;la marsa;gammarth;tunis,Tunisie,36.86992490050143,10.346180944388609,HERITAGE_SITE,OUTDOOR,SUMMER,juin,2,6,65,7,LOW,True,art;peinture;couleurs;motricite_fine,HIGH,RECOMMENDED
616,Atelier peinture et couleurs - Sidi Bou Saïd,"Peinture guidée, reconnaissance des couleurs et expression libre.",ATELIER,Sidi Bou Saïd,"Sidi Bou Saïd, Tunis, Tunisie",Sidi Bou Saïd,sidi bou said;carthage;la marsa;gammarth;tunis,Tunisie,36.870263459679244,10.347211218529042,HERITAGE_SITE,OUTDOOR,AUTUMN,novembre,2,6,55,11,MEDIUM,True,art;peinture;couleurs;motricite_fine,HIGH,RECOMMENDED
617,Atelier peinture et couleurs - Sidi Bou Saïd,"Peinture guidée, reconnaissance des couleurs et expression libre.",ATELIER,Sidi Bou Saïd,"Sidi Bou Saïd, Tunis, Tunisie",Sidi Bou Saïd,sidi bou said;carthage;la marsa;gammarth;tunis,Tunisie,36.87060158570328,10.347648646654871,HERITAGE_SITE,OUTDOOR,WINTER,fevrier,2,6,45,5,LOW,True,art;peinture;couleurs;motricite_fine,HIGH,RECOMMENDED
618,Atelier pâte à modeler - Sidi Bou Saïd,Modelage sensoriel avec formes simples et consignes adaptées.,ATELIER,Sidi Bou Saïd,"Sidi Bou Saïd, Tunis, Tunisie",Sidi Bou Saïd,sidi bou said;carthage;la marsa;gammarth;tunis,Tunisie,36.87047417650569,10.347377349315227,HERITAGE_SITE,OUTDOOR,ALL,all,2,5,55,5,LOW,True,sensoriel;pate_a_modeler;motricite_fine,HIGH,RECOMMENDED
619,Atelier pâte à modeler - Sidi Bou Saïd,Modelage sensoriel avec formes simples et consignes adaptées.,ATELIER,Sidi Bou Saïd,"Sidi Bou Saïd, Tunis, Tunisie",Sidi Bou Saïd,sidi bou said;carthage;la marsa;gammarth;tunis,Tunisie,36.87150971679383,10.346493406098618,HERITAGE_SITE,OUTDOOR,SPRING,mai,2,5,55,11,MEDIUM,True,sensoriel;pate_a_modeler;motricite_fine,HIGH,RECOMMENDED
620,Atelier pâte à modeler - Sidi Bou Saïd,Modelage sensoriel avec formes simples et consignes adaptées.,ATELIER,Sidi Bou Saïd,"Sidi Bou Saïd, Tunis, Tunisie",Sidi Bou Saïd,sidi bou said;carthage;la marsa;gammarth;tunis,Tunisie,36.871167096277965,10.34660110038952,HERITAGE_SITE,OUTDOOR,SUMMER,juin,2,5,50,7,LOW,True,sensoriel;pate_a_modeler;motricite_fine,HIGH,RECOMMENDED
621,Atelier pâte à modeler - Sidi Bou Saïd,Modelage sensoriel avec formes simples et consignes adaptées.,ATELIER,Sidi Bou Saïd,"Sidi Bou Saïd, Tunis, Tunisie",Sidi Bou Saïd,sidi bou said;carthage;la marsa;gammarth;tunis,Tunisie,36.87148228568994,10.34656369589248,HERITAGE_SITE,OUTDOOR,AUTUMN,octobre,2,5,60,11,MEDIUM,True,sensoriel;pate_a_modeler;motricite_fine,HIGH,RECOMMENDED
622,Atelier pâte à modeler - Sidi Bou Saïd,Modelage sensoriel avec formes simples et consignes adaptées.,ATELIER,Sidi Bou Saïd,"Sidi Bou Saïd, Tunis, Tunisie",Sidi Bou Saïd,sidi bou said;carthage;la marsa;gammarth;tunis,Tunisie,36.870190758961414,10.346192899562615,HERITAGE_SITE,OUTDOOR,WINTER,decembre,2,5,40,11,MEDIUM,True,sensoriel;pate_a_modeler;motricite_fine,HIGH,RECOMMENDED
623,Lecture de contes illustrés - Sidi Bou Saïd,"Histoires courtes, images et discussion pour stimuler le langage.",ACTIVITE,Sidi Bou Saïd,"Sidi Bou Saïd, Tunis, Tunisie",Sidi Bou Saïd,sidi bou said;carthage;la marsa;gammarth;tunis,Tunisie,36.87013594406179,10.346459999986168,HERITAGE_SITE,OUTDOOR,ALL,all,2,6,40,5,LOW,True,lecture;contes;langage;calme,VERY_HIGH,HIGHLY_RECOMMENDED
624,Lecture de contes illustrés - Sidi Bou Saïd,"Histoires courtes, images et discussion pour stimuler le langage.",ACTIVITE,Sidi Bou Saïd,"Sidi Bou Saïd, Tunis, Tunisie",Sidi Bou Saïd,sidi bou said;carthage;la marsa;gammarth;tunis,Tunisie,36.87023335645737,10.345913101835423,HERITAGE_SITE,OUTDOOR,SPRING,mai,2,6,30,9,MEDIUM,True,lecture;contes;langage;calme,VERY_HIGH,RECOMMENDED
625,Lecture de contes illustrés - Sidi Bou Saïd,"Histoires courtes, images et discussion pour stimuler le langage.",ACTIVITE,Sidi Bou Saïd,"Sidi Bou Saïd, Tunis, Tunisie",Sidi Bou Saïd,sidi bou said;carthage;la marsa;gammarth;tunis,Tunisie,36.870319834994696,10.346239532886479,HERITAGE_SITE,OUTDOOR,SUMMER,juillet,2,6,40,9,MEDIUM,True,lecture;contes;langage;calme,VERY_HIGH,RECOMMENDED
626,Lecture de contes illustrés - Sidi Bou Saïd,"Histoires courtes, images et discussion pour stimuler le langage.",ACTIVITE,Sidi Bou Saïd,"Sidi Bou Saïd, Tunis, Tunisie",Sidi Bou Saïd,sidi bou said;carthage;la marsa;gammarth;tunis,Tunisie,36.87046195903196,10.346813970064442,HERITAGE_SITE,OUTDOOR,AUTUMN,septembre,2,6,50,5,LOW,True,lecture;contes;langage;calme,VERY_HIGH,HIGHLY_RECOMMENDED
627,Lecture de contes illustrés - Sidi Bou Saïd,"Histoires courtes, images et discussion pour stimuler le langage.",ACTIVITE,Sidi Bou Saïd,"Sidi Bou Saïd, Tunis, Tunisie",Sidi Bou Saïd,sidi bou said;carthage;la marsa;gammarth;tunis,Tunisie,36.86977923768392,10.346808439610795,HERITAGE_SITE,OUTDOOR,WINTER,decembre,2,6,45,5,LOW,True,lecture;contes;langage;calme,VERY_HIGH,HIGHLY_RECOMMENDED
628,Sortie découverte nature - Sidi Bou Saïd,"Observation des arbres, oiseaux, feuilles et petits jeux calmes.",SORTIE,Sidi Bou Saïd,"Sidi Bou Saïd, Tunis, Tunisie",Sidi Bou Saïd,sidi bou said;carthage;la marsa;gammarth;tunis,Tunisie,36.8701836947026,10.346475599118756,HERITAGE_SITE,OUTDOOR,ALL,all,3,6,90,9,MEDIUM,True,nature;observation;ecologie;sortie,VERY_HIGH,RECOMMENDED
629,Sortie découverte nature - Sidi Bou Saïd,"Observation des arbres, oiseaux, feuilles et petits jeux calmes.",SORTIE,Sidi Bou Saïd,"Sidi Bou Saïd, Tunis, Tunisie",Sidi Bou Saïd,sidi bou said;carthage;la marsa;gammarth;tunis,Tunisie,36.8707439208615,10.346039165846785,HERITAGE_SITE,OUTDOOR,SPRING,mai,3,6,110,11,MEDIUM,True,nature;observation;ecologie;sortie,VERY_HIGH,RECOMMENDED
630,Sortie découverte nature - Sidi Bou Saïd,"Observation des arbres, oiseaux, feuilles et petits jeux calmes.",SORTIE,Sidi Bou Saïd,"Sidi Bou Saïd, Tunis, Tunisie",Sidi Bou Saïd,sidi bou said;carthage;la marsa;gammarth;tunis,Tunisie,36.87020226253075,10.346686247884422,HERITAGE_SITE,OUTDOOR,SUMMER,juin,3,6,90,8,LOW,True,nature;observation;ecologie;sortie,VERY_HIGH,HIGHLY_RECOMMENDED
631,Sortie découverte nature - Sidi Bou Saïd,"Observation des arbres, oiseaux, feuilles et petits jeux calmes.",SORTIE,Sidi Bou Saïd,"Sidi Bou Saïd, Tunis, Tunisie",Sidi Bou Saïd,sidi bou said;carthage;la marsa;gammarth;tunis,Tunisie,36.87044220467955,10.346668462627868,HERITAGE_SITE,OUTDOOR,AUTUMN,septembre,3,6,90,12,MEDIUM,True,nature;observation;ecologie;sortie,VERY_HIGH,RECOMMENDED
632,Sortie découverte nature - Sidi Bou Saïd,"Observation des arbres, oiseaux, feuilles et petits jeux calmes.",SORTIE,Sidi Bou Saïd,"Sidi Bou Saïd, Tunis, Tunisie",Sidi Bou Saïd,sidi bou said;carthage;la marsa;gammarth;tunis,Tunisie,36.87104179890491,10.346691604873445,HERITAGE_SITE,OUTDOOR,WINTER,janvier,3,6,100,7,LOW,True,nature;observation;ecologie;sortie,VERY_HIGH,HIGHLY_RECOMMENDED
633,Mini randonnée éducative - Sidi Bou Saïd,"Promenade courte avec pauses, consignes de sécurité et découverte.",SORTIE,Sidi Bou Saïd,"Sidi Bou Saïd, Tunis, Tunisie",Sidi Bou Saïd,sidi bou said;carthage;la marsa;gammarth;tunis,Tunisie,36.86987097905136,10.34571353473885,HERITAGE_SITE,OUTDOOR,ALL,all,4,6,110,9,MEDIUM,True,marche;nature;autonomie;securite,HIGH,POSSIBLE
634,Mini randonnée éducative - Sidi Bou Saïd,"Promenade courte avec pauses, consignes de sécurité et découverte.",SORTIE,Sidi Bou Saïd,"Sidi Bou Saïd, Tunis, Tunisie",Sidi Bou Saïd,sidi bou said;carthage;la marsa;gammarth;tunis,Tunisie,36.87120815292392,10.346359083432558,HERITAGE_SITE,OUTDOOR,SPRING,avril,4,6,105,14,MEDIUM,True,marche;nature;autonomie;securite,HIGH,POSSIBLE
635,Mini randonnée éducative - Sidi Bou Saïd,"Promenade courte avec pauses, consignes de sécurité et découverte.",SORTIE,Sidi Bou Saïd,"Sidi Bou Saïd, Tunis, Tunisie",Sidi Bou Saïd,sidi bou said;carthage;la marsa;gammarth;tunis,Tunisie,36.87020087056936,10.34690642253678,HERITAGE_SITE,OUTDOOR,SUMMER,juillet,4,6,100,11,MEDIUM,True,marche;nature;autonomie;securite,HIGH,POSSIBLE
636,Mini randonnée éducative - Sidi Bou Saïd,"Promenade courte avec pauses, consignes de sécurité et découverte.",SORTIE,Sidi Bou Saïd,"Sidi Bou Saïd, Tunis, Tunisie",Sidi Bou Saïd,sidi bou said;carthage;la marsa;gammarth;tunis,Tunisie,36.87152914924619,10.347637450443493,HERITAGE_SITE,OUTDOOR,AUTUMN,octobre,4,6,105,7,LOW,True,marche;nature;autonomie;securite,HIGH,RECOMMENDED
637,Mini randonnée éducative - Sidi Bou Saïd,"Promenade courte avec pauses, consignes de sécurité et découverte.",SORTIE,Sidi Bou Saïd,"Sidi Bou Saïd, Tunis, Tunisie",Sidi Bou Saïd,sidi bou said;carthage;la marsa;gammarth;tunis,Tunisie,36.87116394873921,10.346351772474886,HERITAGE_SITE,OUTDOOR,WINTER,fevrier,4,6,105,14,MEDIUM,True,marche;nature;autonomie;securite,HIGH,POSSIBLE
638,Visite musée adaptée enfants - Sidi Bou Saïd,Découverte accompagnée avec jeu de questions simples et dessins après visite.,SORTIE,Sidi Bou Saïd,"Sidi Bou Saïd, Tunis, Tunisie",Sidi Bou Saïd,sidi bou said;carthage;la marsa;gammarth;tunis,Tunisie,36.869827775647224,10.346827701017258,HERITAGE_SITE,OUTDOOR,ALL,all,4,6,130,12,MEDIUM,True,musee;culture;histoire;observation,VERY_HIGH,RECOMMENDED
639,Visite musée adaptée enfants - Sidi Bou Saïd,Découverte accompagnée avec jeu de questions simples et dessins après visite.,SORTIE,Sidi Bou Saïd,"Sidi Bou Saïd, Tunis, Tunisie",Sidi Bou Saïd,sidi bou said;carthage;la marsa;gammarth;tunis,Tunisie,36.871506009222976,10.346623244445667,HERITAGE_SITE,OUTDOOR,SPRING,mai,4,6,130,11,MEDIUM,True,musee;culture;histoire;observation,VERY_HIGH,RECOMMENDED
640,Visite musée adaptée enfants - Sidi Bou Saïd,Découverte accompagnée avec jeu de questions simples et dessins après visite.,SORTIE,Sidi Bou Saïd,"Sidi Bou Saïd, Tunis, Tunisie",Sidi Bou Saïd,sidi bou said;carthage;la marsa;gammarth;tunis,Tunisie,36.86973831734388,10.347395575860078,HERITAGE_SITE,OUTDOOR,SUMMER,juillet,4,6,140,12,MEDIUM,True,musee;culture;histoire;observation,VERY_HIGH,RECOMMENDED
641,Visite musée adaptée enfants - Sidi Bou Saïd,Découverte accompagnée avec jeu de questions simples et dessins après visite.,SORTIE,Sidi Bou Saïd,"Sidi Bou Saïd, Tunis, Tunisie",Sidi Bou Saïd,sidi bou said;carthage;la marsa;gammarth;tunis,Tunisie,36.87086667207931,10.346184042335342,HERITAGE_SITE,OUTDOOR,AUTUMN,novembre,4,6,130,9,MEDIUM,True,musee;culture;histoire;observation,VERY_HIGH,RECOMMENDED
642,Visite musée adaptée enfants - Sidi Bou Saïd,Découverte accompagnée avec jeu de questions simples et dessins après visite.,SORTIE,Sidi Bou Saïd,"Sidi Bou Saïd, Tunis, Tunisie",Sidi Bou Saïd,sidi bou said;carthage;la marsa;gammarth;tunis,Tunisie,36.86974793027117,10.347681401228874,HERITAGE_SITE,OUTDOOR,WINTER,fevrier,4,6,140,12,MEDIUM,True,musee;culture;histoire;observation,VERY_HIGH,RECOMMENDED
643,Spectacle marionnettes - Sidi Bou Saïd,Spectacle court avec échange autour des émotions et personnages.,SPECTACLE,Sidi Bou Saïd,"Sidi Bou Saïd, Tunis, Tunisie",Sidi Bou Saïd,sidi bou said;carthage;la marsa;gammarth;tunis,Tunisie,36.87066873480241,10.347546991508013,HERITAGE_SITE,OUTDOOR,ALL,all,2,6,80,14,MEDIUM,True,spectacle;marionnettes;emotions;langage,HIGH,RECOMMENDED
644,Spectacle marionnettes - Sidi Bou Saïd,Spectacle court avec échange autour des émotions et personnages.,SPECTACLE,Sidi Bou Saïd,"Sidi Bou Saïd, Tunis, Tunisie",Sidi Bou Saïd,sidi bou said;carthage;la marsa;gammarth;tunis,Tunisie,36.871003268574114,10.347324593951358,HERITAGE_SITE,OUTDOOR,SPRING,mai,2,6,60,8,LOW,True,spectacle;marionnettes;emotions;langage,HIGH,RECOMMENDED
645,Spectacle marionnettes - Sidi Bou Saïd,Spectacle court avec échange autour des émotions et personnages.,SPECTACLE,Sidi Bou Saïd,"Sidi Bou Saïd, Tunis, Tunisie",Sidi Bou Saïd,sidi bou said;carthage;la marsa;gammarth;tunis,Tunisie,36.870929387774396,10.34603267698656,HERITAGE_SITE,OUTDOOR,SUMMER,juin,2,6,60,10,MEDIUM,True,spectacle;marionnettes;emotions;langage,HIGH,RECOMMENDED
646,Spectacle marionnettes - Sidi Bou Saïd,Spectacle court avec échange autour des émotions et personnages.,SPECTACLE,Sidi Bou Saïd,"Sidi Bou Saïd, Tunis, Tunisie",Sidi Bou Saïd,sidi bou said;carthage;la marsa;gammarth;tunis,Tunisie,36.87153143355543,10.346560911087781,HERITAGE_SITE,OUTDOOR,AUTUMN,novembre,2,6,60,12,MEDIUM,True,spectacle;marionnettes;emotions;langage,HIGH,RECOMMENDED
647,Spectacle marionnettes - Sidi Bou Saïd,Spectacle court avec échange autour des émotions et personnages.,SPECTACLE,Sidi Bou Saïd,"Sidi Bou Saïd, Tunis, Tunisie",Sidi Bou Saïd,sidi bou said;carthage;la marsa;gammarth;tunis,Tunisie,36.87062135248105,10.3467375955337,HERITAGE_SITE,OUTDOOR,WINTER,decembre,2,6,70,7,LOW,True,spectacle;marionnettes;emotions;langage,HIGH,RECOMMENDED
648,Conte musical - Sidi Bou Saïd,"Conte avec instruments, rythme et participation des enfants.",SPECTACLE,Sidi Bou Saïd,"Sidi Bou Saïd, Tunis, Tunisie",Sidi Bou Saïd,sidi bou said;carthage;la marsa;gammarth;tunis,Tunisie,36.87038226833736,10.347244684464926,HERITAGE_SITE,OUTDOOR,ALL,all,2,6,60,12,MEDIUM,True,musique;conte;rythme;ecoute,VERY_HIGH,RECOMMENDED
649,Conte musical - Sidi Bou Saïd,"Conte avec instruments, rythme et participation des enfants.",SPECTACLE,Sidi Bou Saïd,"Sidi Bou Saïd, Tunis, Tunisie",Sidi Bou Saïd,sidi bou said;carthage;la marsa;gammarth;tunis,Tunisie,36.86980909871602,10.346531950857052,HERITAGE_SITE,OUTDOOR,SPRING,avril,2,6,50,8,LOW,True,musique;conte;rythme;ecoute,VERY_HIGH,HIGHLY_RECOMMENDED
650,Conte musical - Sidi Bou Saïd,"Conte avec instruments, rythme et participation des enfants.",SPECTACLE,Sidi Bou Saïd,"Sidi Bou Saïd, Tunis, Tunisie",Sidi Bou Saïd,sidi bou said;carthage;la marsa;gammarth;tunis,Tunisie,36.8702237806878,10.346610665270452,HERITAGE_SITE,OUTDOOR,SUMMER,juin,2,6,60,8,LOW,True,musique;conte;rythme;ecoute,VERY_HIGH,HIGHLY_RECOMMENDED
651,Conte musical - Sidi Bou Saïd,"Conte avec instruments, rythme et participation des enfants.",SPECTACLE,Sidi Bou Saïd,"Sidi Bou Saïd, Tunis, Tunisie",Sidi Bou Saïd,sidi bou said;carthage;la marsa;gammarth;tunis,Tunisie,36.87055232506242,10.346576331876546,HERITAGE_SITE,OUTDOOR,AUTUMN,novembre,2,6,70,12,MEDIUM,True,musique;conte;rythme;ecoute,VERY_HIGH,RECOMMENDED
652,Conte musical - Sidi Bou Saïd,"Conte avec instruments, rythme et participation des enfants.",SPECTACLE,Sidi Bou Saïd,"Sidi Bou Saïd, Tunis, Tunisie",Sidi Bou Saïd,sidi bou said;carthage;la marsa;gammarth;tunis,Tunisie,36.869689366105355,10.347121557979511,HERITAGE_SITE,OUTDOOR,WINTER,janvier,2,6,50,8,LOW,True,musique;conte;rythme;ecoute,VERY_HIGH,HIGHLY_RECOMMENDED
653,Atelier cuisine froide - Sidi Bou Saïd,"Préparation simple sans cuisson: fruits, tartines et hygiène.",ATELIER,Sidi Bou Saïd,"Sidi Bou Saïd, Tunis, Tunisie",Sidi Bou Saïd,sidi bou said;carthage;la marsa;gammarth;tunis,Tunisie,36.87089593983456,10.347054278665782,HERITAGE_SITE,OUTDOOR,ALL,all,3,6,60,7,LOW,True,cuisine;hygiene;autonomie;gout,VERY_HIGH,HIGHLY_RECOMMENDED
654,Atelier cuisine froide - Sidi Bou Saïd,"Préparation simple sans cuisson: fruits, tartines et hygiène.",ATELIER,Sidi Bou Saïd,"Sidi Bou Saïd, Tunis, Tunisie",Sidi Bou Saïd,sidi bou said;carthage;la marsa;gammarth;tunis,Tunisie,36.8706319878038,10.34680382057965,HERITAGE_SITE,OUTDOOR,SPRING,mai,3,6,65,5,LOW,True,cuisine;hygiene;autonomie;gout,VERY_HIGH,HIGHLY_RECOMMENDED
655,Atelier cuisine froide - Sidi Bou Saïd,"Préparation simple sans cuisson: fruits, tartines et hygiène.",ATELIER,Sidi Bou Saïd,"Sidi Bou Saïd, Tunis, Tunisie",Sidi Bou Saïd,sidi bou said;carthage;la marsa;gammarth;tunis,Tunisie,36.87151692524347,10.346163711094823,HERITAGE_SITE,OUTDOOR,SUMMER,aout,3,6,70,9,MEDIUM,True,cuisine;hygiene;autonomie;gout,VERY_HIGH,RECOMMENDED
656,Atelier cuisine froide - Sidi Bou Saïd,"Préparation simple sans cuisson: fruits, tartines et hygiène.",ATELIER,Sidi Bou Saïd,"Sidi Bou Saïd, Tunis, Tunisie",Sidi Bou Saïd,sidi bou said;carthage;la marsa;gammarth;tunis,Tunisie,36.86997277385057,10.347014615822317,HERITAGE_SITE,OUTDOOR,AUTUMN,novembre,3,6,70,5,LOW,True,cuisine;hygiene;autonomie;gout,VERY_HIGH,HIGHLY_RECOMMENDED
657,Atelier cuisine froide - Sidi Bou Saïd,"Préparation simple sans cuisson: fruits, tartines et hygiène.",ATELIER,Sidi Bou Saïd,"Sidi Bou Saïd, Tunis, Tunisie",Sidi Bou Saïd,sidi bou said;carthage;la marsa;gammarth;tunis,Tunisie,36.871366194748845,10.34659915002275,HERITAGE_SITE,OUTDOOR,WINTER,decembre,3,6,70,11,MEDIUM,True,cuisine;hygiene;autonomie;gout,VERY_HIGH,RECOMMENDED
658,Chasse aux formes - Sidi Bou Saïd,Recherche de formes et couleurs dans un espace sécurisé.,ACTIVITE,Sidi Bou Saïd,"Sidi Bou Saïd, Tunis, Tunisie",Sidi Bou Saïd,sidi bou said;carthage;la marsa;gammarth;tunis,Tunisie,36.869608900086654,10.34612959221014,HERITAGE_SITE,OUTDOOR,ALL,all,2,5,60,9,MEDIUM,True,formes;couleurs;observation;jeu,HIGH,RECOMMENDED
659,Chasse aux formes - Sidi Bou Saïd,Recherche de formes et couleurs dans un espace sécurisé.,ACTIVITE,Sidi Bou Saïd,"Sidi Bou Saïd, Tunis, Tunisie",Sidi Bou Saïd,sidi bou said;carthage;la marsa;gammarth;tunis,Tunisie,36.870754695810405,10.347299004713774,HERITAGE_SITE,OUTDOOR,SPRING,mai,2,5,55,5,LOW,True,formes;couleurs;observation;jeu,HIGH,RECOMMENDED
660,Chasse aux formes - Sidi Bou Saïd,Recherche de formes et couleurs dans un espace sécurisé.,ACTIVITE,Sidi Bou Saïd,"Sidi Bou Saïd, Tunis, Tunisie",Sidi Bou Saïd,sidi bou said;carthage;la marsa;gammarth;tunis,Tunisie,36.8699941485503,10.34592790994141,HERITAGE_SITE,OUTDOOR,SUMMER,juillet,2,5,65,7,LOW,True,formes;couleurs;observation;jeu,HIGH,RECOMMENDED
661,Chasse aux formes - Sidi Bou Saïd,Recherche de formes et couleurs dans un espace sécurisé.,ACTIVITE,Sidi Bou Saïd,"Sidi Bou Saïd, Tunis, Tunisie",Sidi Bou Saïd,sidi bou said;carthage;la marsa;gammarth;tunis,Tunisie,36.87079394165857,10.346922616842278,HERITAGE_SITE,OUTDOOR,AUTUMN,novembre,2,5,45,7,LOW,True,formes;couleurs;observation;jeu,HIGH,RECOMMENDED
662,Chasse aux formes - Sidi Bou Saïd,Recherche de formes et couleurs dans un espace sécurisé.,ACTIVITE,Sidi Bou Saïd,"Sidi Bou Saïd, Tunis, Tunisie",Sidi Bou Saïd,sidi bou said;carthage;la marsa;gammarth;tunis,Tunisie,36.871291035605346,10.346934725358674,HERITAGE_SITE,OUTDOOR,WINTER,janvier,2,5,60,7,LOW,True,formes;couleurs;observation;jeu,HIGH,RECOMMENDED
663,Sortie patrimoine en images - Sidi Bou Saïd,"Découverte d un lieu historique avec photos, croquis et vocabulaire.",SORTIE,Sidi Bou Saïd,"Sidi Bou Saïd, Tunis, Tunisie",Sidi Bou Saïd,sidi bou said;carthage;la marsa;gammarth;tunis,Tunisie,36.86976950393725,10.345967895539301,HERITAGE_SITE,OUTDOOR,ALL,all,4,6,110,16,MEDIUM,True,patrimoine;histoire;langage;sortie,HIGH,POSSIBLE
664,Sortie patrimoine en images - Sidi Bou Saïd,"Découverte d un lieu historique avec photos, croquis et vocabulaire.",SORTIE,Sidi Bou Saïd,"Sidi Bou Saïd, Tunis, Tunisie",Sidi Bou Saïd,sidi bou said;carthage;la marsa;gammarth;tunis,Tunisie,36.869966089036666,10.347086873083434,HERITAGE_SITE,OUTDOOR,SPRING,mars,4,6,130,7,LOW,True,patrimoine;histoire;langage;sortie,HIGH,RECOMMENDED
665,Sortie patrimoine en images - Sidi Bou Saïd,"Découverte d un lieu historique avec photos, croquis et vocabulaire.",SORTIE,Sidi Bou Saïd,"Sidi Bou Saïd, Tunis, Tunisie",Sidi Bou Saïd,sidi bou said;carthage;la marsa;gammarth;tunis,Tunisie,36.87074961208975,10.346546077564147,HERITAGE_SITE,OUTDOOR,SUMMER,juillet,4,6,130,11,MEDIUM,True,patrimoine;histoire;langage;sortie,HIGH,POSSIBLE
666,Sortie patrimoine en images - Sidi Bou Saïd,"Découverte d un lieu historique avec photos, croquis et vocabulaire.",SORTIE,Sidi Bou Saïd,"Sidi Bou Saïd, Tunis, Tunisie",Sidi Bou Saïd,sidi bou said;carthage;la marsa;gammarth;tunis,Tunisie,36.87143832199343,10.34756138987541,HERITAGE_SITE,OUTDOOR,AUTUMN,novembre,4,6,120,16,MEDIUM,True,patrimoine;histoire;langage;sortie,HIGH,POSSIBLE
667,Sortie patrimoine en images - Sidi Bou Saïd,"Découverte d un lieu historique avec photos, croquis et vocabulaire.",SORTIE,Sidi Bou Saïd,"Sidi Bou Saïd, Tunis, Tunisie",Sidi Bou Saïd,sidi bou said;carthage;la marsa;gammarth;tunis,Tunisie,36.8701776695481,10.346074197159925,HERITAGE_SITE,OUTDOOR,WINTER,fevrier,4,6,130,8,LOW,True,patrimoine;histoire;langage;sortie,HIGH,RECOMMENDED
668,Jardinage pédagogique - Sidi Bou Saïd,"Planter, arroser et comprendre les besoins d une plante.",ACTIVITE,Sidi Bou Saïd,"Sidi Bou Saïd, Tunis, Tunisie",Sidi Bou Saïd,sidi bou said;carthage;la marsa;gammarth;tunis,Tunisie,36.869707222525264,10.346418078344342,HERITAGE_SITE,OUTDOOR,ALL,all,3,6,55,11,MEDIUM,True,jardinage;nature;responsabilite;sensoriel,VERY_HIGH,RECOMMENDED
669,Jardinage pédagogique - Sidi Bou Saïd,"Planter, arroser et comprendre les besoins d une plante.",ACTIVITE,Sidi Bou Saïd,"Sidi Bou Saïd, Tunis, Tunisie",Sidi Bou Saïd,sidi bou said;carthage;la marsa;gammarth;tunis,Tunisie,36.86999025698327,10.346467888351736,HERITAGE_SITE,OUTDOOR,SPRING,avril,3,6,75,5,LOW,True,jardinage;nature;responsabilite;sensoriel,VERY_HIGH,HIGHLY_RECOMMENDED
670,Jardinage pédagogique - Sidi Bou Saïd,"Planter, arroser et comprendre les besoins d une plante.",ACTIVITE,Sidi Bou Saïd,"Sidi Bou Saïd, Tunis, Tunisie",Sidi Bou Saïd,sidi bou said;carthage;la marsa;gammarth;tunis,Tunisie,36.870431260870554,10.347379783604202,HERITAGE_SITE,OUTDOOR,SUMMER,juillet,3,6,75,9,MEDIUM,True,jardinage;nature;responsabilite;sensoriel,VERY_HIGH,RECOMMENDED
671,Jardinage pédagogique - Sidi Bou Saïd,"Planter, arroser et comprendre les besoins d une plante.",ACTIVITE,Sidi Bou Saïd,"Sidi Bou Saïd, Tunis, Tunisie",Sidi Bou Saïd,sidi bou said;carthage;la marsa;gammarth;tunis,Tunisie,36.87073079559849,10.347291761779205,HERITAGE_SITE,OUTDOOR,AUTUMN,septembre,3,6,65,5,LOW,True,jardinage;nature;responsabilite;sensoriel,VERY_HIGH,HIGHLY_RECOMMENDED
672,Jardinage pédagogique - Sidi Bou Saïd,"Planter, arroser et comprendre les besoins d une plante.",ACTIVITE,Sidi Bou Saïd,"Sidi Bou Saïd, Tunis, Tunisie",Sidi Bou Saïd,sidi bou said;carthage;la marsa;gammarth;tunis,Tunisie,36.87014970583655,10.34677521723641,HERITAGE_SITE,OUTDOOR,WINTER,janvier,3,6,65,5,LOW,True,jardinage;nature;responsabilite;sensoriel,VERY_HIGH,HIGHLY_RECOMMENDED
673,Atelier peinture et couleurs - Site archéologique de Carthage,"Peinture guidée, reconnaissance des couleurs et expression libre.",ATELIER,Site archéologique de Carthage,"Carthage, Tunis, Tunisie",Carthage,carthage;sidi bou said;la marsa;tunis,Tunisie,36.85293130092237,10.323845095276324,HERITAGE_SITE,OUTDOOR,ALL,all,2,6,65,12,MEDIUM,True,art;peinture;couleurs;motricite_fine,HIGH,RECOMMENDED
674,Atelier peinture et couleurs - Site archéologique de Carthage,"Peinture guidée, reconnaissance des couleurs et expression libre.",ATELIER,Site archéologique de Carthage,"Carthage, Tunis, Tunisie",Carthage,carthage;sidi bou said;la marsa;tunis,Tunisie,36.85202642199059,10.322528413302718,HERITAGE_SITE,OUTDOOR,SPRING,mai,2,6,60,14,MEDIUM,True,art;peinture;couleurs;motricite_fine,HIGH,RECOMMENDED
675,Atelier peinture et couleurs - Site archéologique de Carthage,"Peinture guidée, reconnaissance des couleurs et expression libre.",ATELIER,Site archéologique de Carthage,"Carthage, Tunis, Tunisie",Carthage,carthage;sidi bou said;la marsa;tunis,Tunisie,36.85332000826179,10.323182733159458,HERITAGE_SITE,OUTDOOR,SUMMER,aout,2,6,55,8,LOW,True,art;peinture;couleurs;motricite_fine,HIGH,RECOMMENDED
676,Atelier peinture et couleurs - Site archéologique de Carthage,"Peinture guidée, reconnaissance des couleurs et expression libre.",ATELIER,Site archéologique de Carthage,"Carthage, Tunis, Tunisie",Carthage,carthage;sidi bou said;la marsa;tunis,Tunisie,36.853271977395266,10.32360734340476,HERITAGE_SITE,OUTDOOR,AUTUMN,octobre,2,6,55,8,LOW,True,art;peinture;couleurs;motricite_fine,HIGH,RECOMMENDED
677,Atelier peinture et couleurs - Site archéologique de Carthage,"Peinture guidée, reconnaissance des couleurs et expression libre.",ATELIER,Site archéologique de Carthage,"Carthage, Tunis, Tunisie",Carthage,carthage;sidi bou said;la marsa;tunis,Tunisie,36.852699464685664,10.322997153953644,HERITAGE_SITE,OUTDOOR,WINTER,janvier,2,6,45,8,LOW,True,art;peinture;couleurs;motricite_fine,HIGH,RECOMMENDED
678,Atelier pâte à modeler - Site archéologique de Carthage,Modelage sensoriel avec formes simples et consignes adaptées.,ATELIER,Site archéologique de Carthage,"Carthage, Tunis, Tunisie",Carthage,carthage;sidi bou said;la marsa;tunis,Tunisie,36.853530580940756,10.322534772052997,HERITAGE_SITE,OUTDOOR,ALL,all,2,5,50,12,MEDIUM,True,sensoriel;pate_a_modeler;motricite_fine,HIGH,RECOMMENDED
679,Atelier pâte à modeler - Site archéologique de Carthage,Modelage sensoriel avec formes simples et consignes adaptées.,ATELIER,Site archéologique de Carthage,"Carthage, Tunis, Tunisie",Carthage,carthage;sidi bou said;la marsa;tunis,Tunisie,36.85317826717422,10.32402209739254,HERITAGE_SITE,OUTDOOR,SPRING,mars,2,5,60,14,MEDIUM,True,sensoriel;pate_a_modeler;motricite_fine,HIGH,RECOMMENDED
680,Atelier pâte à modeler - Site archéologique de Carthage,Modelage sensoriel avec formes simples et consignes adaptées.,ATELIER,Site archéologique de Carthage,"Carthage, Tunis, Tunisie",Carthage,carthage;sidi bou said;la marsa;tunis,Tunisie,36.852078469931854,10.322713239312373,HERITAGE_SITE,OUTDOOR,SUMMER,juin,2,5,50,14,MEDIUM,True,sensoriel;pate_a_modeler;motricite_fine,HIGH,RECOMMENDED
681,Atelier pâte à modeler - Site archéologique de Carthage,Modelage sensoriel avec formes simples et consignes adaptées.,ATELIER,Site archéologique de Carthage,"Carthage, Tunis, Tunisie",Carthage,carthage;sidi bou said;la marsa;tunis,Tunisie,36.85250163095791,10.32286217003758,HERITAGE_SITE,OUTDOOR,AUTUMN,septembre,2,5,50,14,MEDIUM,True,sensoriel;pate_a_modeler;motricite_fine,HIGH,RECOMMENDED
682,Atelier pâte à modeler - Site archéologique de Carthage,Modelage sensoriel avec formes simples et consignes adaptées.,ATELIER,Site archéologique de Carthage,"Carthage, Tunis, Tunisie",Carthage,carthage;sidi bou said;la marsa;tunis,Tunisie,36.852378666486935,10.322834686132556,HERITAGE_SITE,OUTDOOR,WINTER,janvier,2,5,40,10,MEDIUM,True,sensoriel;pate_a_modeler;motricite_fine,HIGH,RECOMMENDED
683,Lecture de contes illustrés - Site archéologique de Carthage,"Histoires courtes, images et discussion pour stimuler le langage.",ACTIVITE,Site archéologique de Carthage,"Carthage, Tunis, Tunisie",Carthage,carthage;sidi bou said;la marsa;tunis,Tunisie,36.85372554398999,10.323871382096582,HERITAGE_SITE,OUTDOOR,ALL,all,2,6,30,8,LOW,True,lecture;contes;langage;calme,VERY_HIGH,HIGHLY_RECOMMENDED
684,Lecture de contes illustrés - Site archéologique de Carthage,"Histoires courtes, images et discussion pour stimuler le langage.",ACTIVITE,Site archéologique de Carthage,"Carthage, Tunis, Tunisie",Carthage,carthage;sidi bou said;la marsa;tunis,Tunisie,36.853202853054796,10.322565381712462,HERITAGE_SITE,OUTDOOR,SPRING,avril,2,6,40,8,LOW,True,lecture;contes;langage;calme,VERY_HIGH,HIGHLY_RECOMMENDED
685,Lecture de contes illustrés - Site archéologique de Carthage,"Histoires courtes, images et discussion pour stimuler le langage.",ACTIVITE,Site archéologique de Carthage,"Carthage, Tunis, Tunisie",Carthage,carthage;sidi bou said;la marsa;tunis,Tunisie,36.853456963605396,10.323822947174959,HERITAGE_SITE,OUTDOOR,SUMMER,aout,2,6,50,10,MEDIUM,True,lecture;contes;langage;calme,VERY_HIGH,RECOMMENDED
686,Lecture de contes illustrés - Site archéologique de Carthage,"Histoires courtes, images et discussion pour stimuler le langage.",ACTIVITE,Site archéologique de Carthage,"Carthage, Tunis, Tunisie",Carthage,carthage;sidi bou said;la marsa;tunis,Tunisie,36.85295485105861,10.322837434304175,HERITAGE_SITE,OUTDOOR,AUTUMN,octobre,2,6,50,8,LOW,True,lecture;contes;langage;calme,VERY_HIGH,HIGHLY_RECOMMENDED
687,Lecture de contes illustrés - Site archéologique de Carthage,"Histoires courtes, images et discussion pour stimuler le langage.",ACTIVITE,Site archéologique de Carthage,"Carthage, Tunis, Tunisie",Carthage,carthage;sidi bou said;la marsa;tunis,Tunisie,36.851951032546665,10.323889197261336,HERITAGE_SITE,OUTDOOR,WINTER,janvier,2,6,30,12,MEDIUM,True,lecture;contes;langage;calme,VERY_HIGH,RECOMMENDED
688,Sortie découverte nature - Site archéologique de Carthage,"Observation des arbres, oiseaux, feuilles et petits jeux calmes.",SORTIE,Site archéologique de Carthage,"Carthage, Tunis, Tunisie",Carthage,carthage;sidi bou said;la marsa;tunis,Tunisie,36.853299604765745,10.323689407231456,HERITAGE_SITE,OUTDOOR,ALL,all,3,6,105,17,MEDIUM,True,nature;observation;ecologie;sortie,VERY_HIGH,RECOMMENDED
689,Sortie découverte nature - Site archéologique de Carthage,"Observation des arbres, oiseaux, feuilles et petits jeux calmes.",SORTIE,Site archéologique de Carthage,"Carthage, Tunis, Tunisie",Carthage,carthage;sidi bou said;la marsa;tunis,Tunisie,36.85296391108934,10.324037815525742,HERITAGE_SITE,OUTDOOR,SPRING,avril,3,6,90,15,MEDIUM,True,nature;observation;ecologie;sortie,VERY_HIGH,RECOMMENDED
690,Sortie découverte nature - Site archéologique de Carthage,"Observation des arbres, oiseaux, feuilles et petits jeux calmes.",SORTIE,Site archéologique de Carthage,"Carthage, Tunis, Tunisie",Carthage,carthage;sidi bou said;la marsa;tunis,Tunisie,36.85312828764167,10.323016445458682,HERITAGE_SITE,OUTDOOR,SUMMER,aout,3,6,90,17,MEDIUM,True,nature;observation;ecologie;sortie,VERY_HIGH,RECOMMENDED
691,Sortie découverte nature - Site archéologique de Carthage,"Observation des arbres, oiseaux, feuilles et petits jeux calmes.",SORTIE,Site archéologique de Carthage,"Carthage, Tunis, Tunisie",Carthage,carthage;sidi bou said;la marsa;tunis,Tunisie,36.85373625716015,10.323949695295271,HERITAGE_SITE,OUTDOOR,AUTUMN,novembre,3,6,110,12,MEDIUM,True,nature;observation;ecologie;sortie,VERY_HIGH,RECOMMENDED
692,Sortie découverte nature - Site archéologique de Carthage,"Observation des arbres, oiseaux, feuilles et petits jeux calmes.",SORTIE,Site archéologique de Carthage,"Carthage, Tunis, Tunisie",Carthage,carthage;sidi bou said;la marsa;tunis,Tunisie,36.85247551031034,10.323455867280522,HERITAGE_SITE,OUTDOOR,WINTER,janvier,3,6,110,13,MEDIUM,True,nature;observation;ecologie;sortie,VERY_HIGH,RECOMMENDED
693,Mini randonnée éducative - Site archéologique de Carthage,"Promenade courte avec pauses, consignes de sécurité et découverte.",SORTIE,Site archéologique de Carthage,"Carthage, Tunis, Tunisie",Carthage,carthage;sidi bou said;la marsa;tunis,Tunisie,36.85332450804485,10.322391885851317,HERITAGE_SITE,OUTDOOR,ALL,all,4,6,110,15,MEDIUM,True,marche;nature;autonomie;securite,HIGH,POSSIBLE
694,Mini randonnée éducative - Site archéologique de Carthage,"Promenade courte avec pauses, consignes de sécurité et découverte.",SORTIE,Site archéologique de Carthage,"Carthage, Tunis, Tunisie",Carthage,carthage;sidi bou said;la marsa;tunis,Tunisie,36.85268257189775,10.322301351863024,HERITAGE_SITE,OUTDOOR,SPRING,mars,4,6,110,8,LOW,True,marche;nature;autonomie;securite,HIGH,RECOMMENDED
695,Mini randonnée éducative - Site archéologique de Carthage,"Promenade courte avec pauses, consignes de sécurité et découverte.",SORTIE,Site archéologique de Carthage,"Carthage, Tunis, Tunisie",Carthage,carthage;sidi bou said;la marsa;tunis,Tunisie,36.852403731008756,10.324048846738528,HERITAGE_SITE,OUTDOOR,SUMMER,juin,4,6,105,13,MEDIUM,True,marche;nature;autonomie;securite,HIGH,POSSIBLE
696,Mini randonnée éducative - Site archéologique de Carthage,"Promenade courte avec pauses, consignes de sécurité et découverte.",SORTIE,Site archéologique de Carthage,"Carthage, Tunis, Tunisie",Carthage,carthage;sidi bou said;la marsa;tunis,Tunisie,36.85196484106141,10.323629017622824,HERITAGE_SITE,OUTDOOR,AUTUMN,septembre,4,6,100,13,MEDIUM,True,marche;nature;autonomie;securite,HIGH,POSSIBLE
697,Mini randonnée éducative - Site archéologique de Carthage,"Promenade courte avec pauses, consignes de sécurité et découverte.",SORTIE,Site archéologique de Carthage,"Carthage, Tunis, Tunisie",Carthage,carthage;sidi bou said;la marsa;tunis,Tunisie,36.85241101848969,10.323698882743049,HERITAGE_SITE,OUTDOOR,WINTER,decembre,4,6,100,17,MEDIUM,True,marche;nature;autonomie;securite,HIGH,POSSIBLE
698,Visite musée adaptée enfants - Site archéologique de Carthage,Découverte accompagnée avec jeu de questions simples et dessins après visite.,SORTIE,Site archéologique de Carthage,"Carthage, Tunis, Tunisie",Carthage,carthage;sidi bou said;la marsa;tunis,Tunisie,36.85198239837444,10.32249036735596,HERITAGE_SITE,OUTDOOR,ALL,all,4,6,130,17,MEDIUM,True,musee;culture;histoire;observation,VERY_HIGH,RECOMMENDED
699,Visite musée adaptée enfants - Site archéologique de Carthage,Découverte accompagnée avec jeu de questions simples et dessins après visite.,SORTIE,Site archéologique de Carthage,"Carthage, Tunis, Tunisie",Carthage,carthage;sidi bou said;la marsa;tunis,Tunisie,36.85298735899369,10.323338888509273,HERITAGE_SITE,OUTDOOR,SPRING,avril,4,6,140,8,LOW,True,musee;culture;histoire;observation,VERY_HIGH,RECOMMENDED
700,Visite musée adaptée enfants - Site archéologique de Carthage,Découverte accompagnée avec jeu de questions simples et dessins après visite.,SORTIE,Site archéologique de Carthage,"Carthage, Tunis, Tunisie",Carthage,carthage;sidi bou said;la marsa;tunis,Tunisie,36.85248714830007,10.322541187572302,HERITAGE_SITE,OUTDOOR,SUMMER,juin,4,6,140,13,MEDIUM,True,musee;culture;histoire;observation,VERY_HIGH,RECOMMENDED
701,Visite musée adaptée enfants - Site archéologique de Carthage,Découverte accompagnée avec jeu de questions simples et dessins après visite.,SORTIE,Site archéologique de Carthage,"Carthage, Tunis, Tunisie",Carthage,carthage;sidi bou said;la marsa;tunis,Tunisie,36.851941656610805,10.32306613985135,HERITAGE_SITE,OUTDOOR,AUTUMN,novembre,4,6,120,11,MEDIUM,True,musee;culture;histoire;observation,VERY_HIGH,RECOMMENDED
702,Visite musée adaptée enfants - Site archéologique de Carthage,Découverte accompagnée avec jeu de questions simples et dessins après visite.,SORTIE,Site archéologique de Carthage,"Carthage, Tunis, Tunisie",Carthage,carthage;sidi bou said;la marsa;tunis,Tunisie,36.85356197798996,10.322574258589487,HERITAGE_SITE,OUTDOOR,WINTER,decembre,4,6,130,13,MEDIUM,True,musee;culture;histoire;observation,VERY_HIGH,RECOMMENDED
703,Spectacle marionnettes - Site archéologique de Carthage,Spectacle court avec échange autour des émotions et personnages.,SPECTACLE,Site archéologique de Carthage,"Carthage, Tunis, Tunisie",Carthage,carthage;sidi bou said;la marsa;tunis,Tunisie,36.85286101655309,10.322316949483906,HERITAGE_SITE,OUTDOOR,ALL,all,2,6,70,8,LOW,True,spectacle;marionnettes;emotions;langage,HIGH,RECOMMENDED
704,Spectacle marionnettes - Site archéologique de Carthage,Spectacle court avec échange autour des émotions et personnages.,SPECTACLE,Site archéologique de Carthage,"Carthage, Tunis, Tunisie",Carthage,carthage;sidi bou said;la marsa;tunis,Tunisie,36.85222611090285,10.323796537672749,HERITAGE_SITE,OUTDOOR,SPRING,avril,2,6,80,15,MEDIUM,True,spectacle;marionnettes;emotions;langage,HIGH,RECOMMENDED
705,Spectacle marionnettes - Site archéologique de Carthage,Spectacle court avec échange autour des émotions et personnages.,SPECTACLE,Site archéologique de Carthage,"Carthage, Tunis, Tunisie",Carthage,carthage;sidi bou said;la marsa;tunis,Tunisie,36.85197337606694,10.322500930224955,HERITAGE_SITE,OUTDOOR,SUMMER,aout,2,6,60,12,MEDIUM,True,spectacle;marionnettes;emotions;langage,HIGH,RECOMMENDED
706,Spectacle marionnettes - Site archéologique de Carthage,Spectacle court avec échange autour des émotions et personnages.,SPECTACLE,Site archéologique de Carthage,"Carthage, Tunis, Tunisie",Carthage,carthage;sidi bou said;la marsa;tunis,Tunisie,36.85372649742111,10.322929007336365,HERITAGE_SITE,OUTDOOR,AUTUMN,novembre,2,6,70,15,MEDIUM,True,spectacle;marionnettes;emotions;langage,HIGH,RECOMMENDED
707,Spectacle marionnettes - Site archéologique de Carthage,Spectacle court avec échange autour des émotions et personnages.,SPECTACLE,Site archéologique de Carthage,"Carthage, Tunis, Tunisie",Carthage,carthage;sidi bou said;la marsa;tunis,Tunisie,36.851968497432,10.323406793263569,HERITAGE_SITE,OUTDOOR,WINTER,decembre,2,6,75,15,MEDIUM,True,spectacle;marionnettes;emotions;langage,HIGH,RECOMMENDED
708,Conte musical - Site archéologique de Carthage,"Conte avec instruments, rythme et participation des enfants.",SPECTACLE,Site archéologique de Carthage,"Carthage, Tunis, Tunisie",Carthage,carthage;sidi bou said;la marsa;tunis,Tunisie,36.85355165437612,10.322710891436305,HERITAGE_SITE,OUTDOOR,ALL,all,2,6,60,13,MEDIUM,True,musique;conte;rythme;ecoute,VERY_HIGH,RECOMMENDED
709,Conte musical - Site archéologique de Carthage,"Conte avec instruments, rythme et participation des enfants.",SPECTACLE,Site archéologique de Carthage,"Carthage, Tunis, Tunisie",Carthage,carthage;sidi bou said;la marsa;tunis,Tunisie,36.853092339549285,10.323867603199153,HERITAGE_SITE,OUTDOOR,SPRING,mai,2,6,60,15,MEDIUM,True,musique;conte;rythme;ecoute,VERY_HIGH,RECOMMENDED
710,Conte musical - Site archéologique de Carthage,"Conte avec instruments, rythme et participation des enfants.",SPECTACLE,Site archéologique de Carthage,"Carthage, Tunis, Tunisie",Carthage,carthage;sidi bou said;la marsa;tunis,Tunisie,36.85228216351121,10.323576164659768,HERITAGE_SITE,OUTDOOR,SUMMER,juillet,2,6,50,12,MEDIUM,True,musique;conte;rythme;ecoute,VERY_HIGH,RECOMMENDED
711,Conte musical - Site archéologique de Carthage,"Conte avec instruments, rythme et participation des enfants.",SPECTACLE,Site archéologique de Carthage,"Carthage, Tunis, Tunisie",Carthage,carthage;sidi bou said;la marsa;tunis,Tunisie,36.85366784880335,10.322563965761464,HERITAGE_SITE,OUTDOOR,AUTUMN,novembre,2,6,70,11,MEDIUM,True,musique;conte;rythme;ecoute,VERY_HIGH,RECOMMENDED
712,Conte musical - Site archéologique de Carthage,"Conte avec instruments, rythme et participation des enfants.",SPECTACLE,Site archéologique de Carthage,"Carthage, Tunis, Tunisie",Carthage,carthage;sidi bou said;la marsa;tunis,Tunisie,36.852145540624306,10.32324202925197,HERITAGE_SITE,OUTDOOR,WINTER,janvier,2,6,50,19,HIGH,True,musique;conte;rythme;ecoute,VERY_HIGH,RECOMMENDED
713,Atelier cuisine froide - Site archéologique de Carthage,"Préparation simple sans cuisson: fruits, tartines et hygiène.",ATELIER,Site archéologique de Carthage,"Carthage, Tunis, Tunisie",Carthage,carthage;sidi bou said;la marsa;tunis,Tunisie,36.85297472699386,10.32232758685145,HERITAGE_SITE,OUTDOOR,ALL,all,3,6,60,8,LOW,True,cuisine;hygiene;autonomie;gout,VERY_HIGH,HIGHLY_RECOMMENDED
714,Atelier cuisine froide - Site archéologique de Carthage,"Préparation simple sans cuisson: fruits, tartines et hygiène.",ATELIER,Site archéologique de Carthage,"Carthage, Tunis, Tunisie",Carthage,carthage;sidi bou said;la marsa;tunis,Tunisie,36.853697359993895,10.32309595004777,HERITAGE_SITE,OUTDOOR,SPRING,mars,3,6,65,8,LOW,True,cuisine;hygiene;autonomie;gout,VERY_HIGH,HIGHLY_RECOMMENDED
715,Atelier cuisine froide - Site archéologique de Carthage,"Préparation simple sans cuisson: fruits, tartines et hygiène.",ATELIER,Site archéologique de Carthage,"Carthage, Tunis, Tunisie",Carthage,carthage;sidi bou said;la marsa;tunis,Tunisie,36.85333422000134,10.323147150470342,HERITAGE_SITE,OUTDOOR,SUMMER,aout,3,6,70,14,MEDIUM,True,cuisine;hygiene;autonomie;gout,VERY_HIGH,RECOMMENDED
716,Atelier cuisine froide - Site archéologique de Carthage,"Préparation simple sans cuisson: fruits, tartines et hygiène.",ATELIER,Site archéologique de Carthage,"Carthage, Tunis, Tunisie",Carthage,carthage;sidi bou said;la marsa;tunis,Tunisie,36.85287531071627,10.322605360887609,HERITAGE_SITE,OUTDOOR,AUTUMN,septembre,3,6,50,14,MEDIUM,True,cuisine;hygiene;autonomie;gout,VERY_HIGH,RECOMMENDED
717,Atelier cuisine froide - Site archéologique de Carthage,"Préparation simple sans cuisson: fruits, tartines et hygiène.",ATELIER,Site archéologique de Carthage,"Carthage, Tunis, Tunisie",Carthage,carthage;sidi bou said;la marsa;tunis,Tunisie,36.85282260939659,10.322706394987915,HERITAGE_SITE,OUTDOOR,WINTER,janvier,3,6,60,8,LOW,True,cuisine;hygiene;autonomie;gout,VERY_HIGH,HIGHLY_RECOMMENDED
718,Chasse aux formes - Site archéologique de Carthage,Recherche de formes et couleurs dans un espace sécurisé.,ACTIVITE,Site archéologique de Carthage,"Carthage, Tunis, Tunisie",Carthage,carthage;sidi bou said;la marsa;tunis,Tunisie,36.852453500592574,10.323472874326024,HERITAGE_SITE,OUTDOOR,ALL,all,2,5,45,14,MEDIUM,True,formes;couleurs;observation;jeu,HIGH,RECOMMENDED
719,Chasse aux formes - Site archéologique de Carthage,Recherche de formes et couleurs dans un espace sécurisé.,ACTIVITE,Site archéologique de Carthage,"Carthage, Tunis, Tunisie",Carthage,carthage;sidi bou said;la marsa;tunis,Tunisie,36.853259916754865,10.323992936230281,HERITAGE_SITE,OUTDOOR,SPRING,avril,2,5,45,12,MEDIUM,True,formes;couleurs;observation;jeu,HIGH,RECOMMENDED
720,Chasse aux formes - Site archéologique de Carthage,Recherche de formes et couleurs dans un espace sécurisé.,ACTIVITE,Site archéologique de Carthage,"Carthage, Tunis, Tunisie",Carthage,carthage;sidi bou said;la marsa;tunis,Tunisie,36.8536492555087,10.322531973163088,HERITAGE_SITE,OUTDOOR,SUMMER,juin,2,5,45,8,LOW,True,formes;couleurs;observation;jeu,HIGH,RECOMMENDED
721,Chasse aux formes - Site archéologique de Carthage,Recherche de formes et couleurs dans un espace sécurisé.,ACTIVITE,Site archéologique de Carthage,"Carthage, Tunis, Tunisie",Carthage,carthage;sidi bou said;la marsa;tunis,Tunisie,36.852038886013815,10.323715801214236,HERITAGE_SITE,OUTDOOR,AUTUMN,octobre,2,5,45,8,LOW,True,formes;couleurs;observation;jeu,HIGH,RECOMMENDED
722,Chasse aux formes - Site archéologique de Carthage,Recherche de formes et couleurs dans un espace sécurisé.,ACTIVITE,Site archéologique de Carthage,"Carthage, Tunis, Tunisie",Carthage,carthage;sidi bou said;la marsa;tunis,Tunisie,36.85370603240351,10.323346010725457,HERITAGE_SITE,OUTDOOR,WINTER,decembre,2,5,60,12,MEDIUM,True,formes;couleurs;observation;jeu,HIGH,RECOMMENDED
723,Sortie patrimoine en images - Site archéologique de Carthage,"Découverte d un lieu historique avec photos, croquis et vocabulaire.",SORTIE,Site archéologique de Carthage,"Carthage, Tunis, Tunisie",Carthage,carthage;sidi bou said;la marsa;tunis,Tunisie,36.85205386121496,10.323862247959873,HERITAGE_SITE,OUTDOOR,ALL,all,4,6,125,11,MEDIUM,True,patrimoine;histoire;langage;sortie,HIGH,POSSIBLE
724,Sortie patrimoine en images - Site archéologique de Carthage,"Découverte d un lieu historique avec photos, croquis et vocabulaire.",SORTIE,Site archéologique de Carthage,"Carthage, Tunis, Tunisie",Carthage,carthage;sidi bou said;la marsa;tunis,Tunisie,36.852470022052636,10.323158649138689,HERITAGE_SITE,OUTDOOR,SPRING,mai,4,6,110,8,LOW,True,patrimoine;histoire;langage;sortie,HIGH,RECOMMENDED
725,Sortie patrimoine en images - Site archéologique de Carthage,"Découverte d un lieu historique avec photos, croquis et vocabulaire.",SORTIE,Site archéologique de Carthage,"Carthage, Tunis, Tunisie",Carthage,carthage;sidi bou said;la marsa;tunis,Tunisie,36.851954140062574,10.323210395555359,HERITAGE_SITE,OUTDOOR,SUMMER,juillet,4,6,125,19,HIGH,True,patrimoine;histoire;langage;sortie,HIGH,POSSIBLE
726,Sortie patrimoine en images - Site archéologique de Carthage,"Découverte d un lieu historique avec photos, croquis et vocabulaire.",SORTIE,Site archéologique de Carthage,"Carthage, Tunis, Tunisie",Carthage,carthage;sidi bou said;la marsa;tunis,Tunisie,36.852133762785314,10.322614619962202,HERITAGE_SITE,OUTDOOR,AUTUMN,septembre,4,6,110,17,MEDIUM,True,patrimoine;histoire;langage;sortie,HIGH,POSSIBLE
727,Sortie patrimoine en images - Site archéologique de Carthage,"Découverte d un lieu historique avec photos, croquis et vocabulaire.",SORTIE,Site archéologique de Carthage,"Carthage, Tunis, Tunisie",Carthage,carthage;sidi bou said;la marsa;tunis,Tunisie,36.853281559924916,10.322305137012064,HERITAGE_SITE,OUTDOOR,WINTER,fevrier,4,6,110,8,LOW,True,patrimoine;histoire;langage;sortie,HIGH,RECOMMENDED
728,Jardinage pédagogique - Site archéologique de Carthage,"Planter, arroser et comprendre les besoins d une plante.",ACTIVITE,Site archéologique de Carthage,"Carthage, Tunis, Tunisie",Carthage,carthage;sidi bou said;la marsa;tunis,Tunisie,36.851891963059785,10.323027952992662,HERITAGE_SITE,OUTDOOR,ALL,all,3,6,65,8,LOW,True,jardinage;nature;responsabilite;sensoriel,VERY_HIGH,HIGHLY_RECOMMENDED
729,Jardinage pédagogique - Site archéologique de Carthage,"Planter, arroser et comprendre les besoins d une plante.",ACTIVITE,Site archéologique de Carthage,"Carthage, Tunis, Tunisie",Carthage,carthage;sidi bou said;la marsa;tunis,Tunisie,36.852905729576996,10.324127895339043,HERITAGE_SITE,OUTDOOR,SPRING,mars,3,6,75,8,LOW,True,jardinage;nature;responsabilite;sensoriel,VERY_HIGH,HIGHLY_RECOMMENDED
730,Jardinage pédagogique - Site archéologique de Carthage,"Planter, arroser et comprendre les besoins d une plante.",ACTIVITE,Site archéologique de Carthage,"Carthage, Tunis, Tunisie",Carthage,carthage;sidi bou said;la marsa;tunis,Tunisie,36.852296526366715,10.32413170952976,HERITAGE_SITE,OUTDOOR,SUMMER,juin,3,6,70,10,MEDIUM,True,jardinage;nature;responsabilite;sensoriel,VERY_HIGH,RECOMMENDED
731,Jardinage pédagogique - Site archéologique de Carthage,"Planter, arroser et comprendre les besoins d une plante.",ACTIVITE,Site archéologique de Carthage,"Carthage, Tunis, Tunisie",Carthage,carthage;sidi bou said;la marsa;tunis,Tunisie,36.85294307192524,10.322538801859348,HERITAGE_SITE,OUTDOOR,AUTUMN,octobre,3,6,55,8,LOW,True,jardinage;nature;responsabilite;sensoriel,VERY_HIGH,HIGHLY_RECOMMENDED
732,Jardinage pédagogique - Site archéologique de Carthage,"Planter, arroser et comprendre les besoins d une plante.",ACTIVITE,Site archéologique de Carthage,"Carthage, Tunis, Tunisie",Carthage,carthage;sidi bou said;la marsa;tunis,Tunisie,36.85340867603892,10.324262827727882,HERITAGE_SITE,OUTDOOR,WINTER,decembre,3,6,75,8,LOW,True,jardinage;nature;responsabilite;sensoriel,VERY_HIGH,HIGHLY_RECOMMENDED
733,Sortie découverte nature - Théâtre Municipal de Tunis,"Observation des arbres, oiseaux, feuilles et petits jeux calmes.",SORTIE,Théâtre Municipal de Tunis,"Avenue Habib Bourguiba, Tunis, Tunisie",Tunis,tunis;centre ville;habib bourguiba,Tunisie,36.801532064459956,10.180547054959012,THEATER,INDOOR,ALL,all,3,6,105,11,MEDIUM,True,nature;observation;ecologie;sortie,VERY_HIGH,RECOMMENDED
734,Sortie découverte nature - Théâtre Municipal de Tunis,"Observation des arbres, oiseaux, feuilles et petits jeux calmes.",SORTIE,Théâtre Municipal de Tunis,"Avenue Habib Bourguiba, Tunis, Tunisie",Tunis,tunis;centre ville;habib bourguiba,Tunisie,36.80071349235189,10.179737838718305,THEATER,INDOOR,SPRING,avril,3,6,105,13,MEDIUM,True,nature;observation;ecologie;sortie,VERY_HIGH,RECOMMENDED
735,Sortie découverte nature - Théâtre Municipal de Tunis,"Observation des arbres, oiseaux, feuilles et petits jeux calmes.",SORTIE,Théâtre Municipal de Tunis,"Avenue Habib Bourguiba, Tunis, Tunisie",Tunis,tunis;centre ville;habib bourguiba,Tunisie,36.80104543504779,10.17992785338116,THEATER,INDOOR,SUMMER,aout,3,6,110,15,MEDIUM,True,nature;observation;ecologie;sortie,VERY_HIGH,RECOMMENDED
736,Sortie découverte nature - Théâtre Municipal de Tunis,"Observation des arbres, oiseaux, feuilles et petits jeux calmes.",SORTIE,Théâtre Municipal de Tunis,"Avenue Habib Bourguiba, Tunis, Tunisie",Tunis,tunis;centre ville;habib bourguiba,Tunisie,36.80010113275359,10.180864795065075,THEATER,INDOOR,AUTUMN,septembre,3,6,90,14,MEDIUM,True,nature;observation;ecologie;sortie,VERY_HIGH,RECOMMENDED
737,Sortie découverte nature - Théâtre Municipal de Tunis,"Observation des arbres, oiseaux, feuilles et petits jeux calmes.",SORTIE,Théâtre Municipal de Tunis,"Avenue Habib Bourguiba, Tunis, Tunisie",Tunis,tunis;centre ville;habib bourguiba,Tunisie,36.80107188367903,10.180386921612579,THEATER,INDOOR,WINTER,decembre,3,6,90,17,MEDIUM,True,nature;observation;ecologie;sortie,VERY_HIGH,RECOMMENDED
738,Mini randonnée éducative - Théâtre Municipal de Tunis,"Promenade courte avec pauses, consignes de sécurité et découverte.",SORTIE,Théâtre Municipal de Tunis,"Avenue Habib Bourguiba, Tunis, Tunisie",Tunis,tunis;centre ville;habib bourguiba,Tunisie,36.80131785830643,10.179752549660936,THEATER,INDOOR,ALL,all,4,6,105,10,MEDIUM,True,marche;nature;autonomie;securite,HIGH,POSSIBLE
739,Mini randonnée éducative - Théâtre Municipal de Tunis,"Promenade courte avec pauses, consignes de sécurité et découverte.",SORTIE,Théâtre Municipal de Tunis,"Avenue Habib Bourguiba, Tunis, Tunisie",Tunis,tunis;centre ville;habib bourguiba,Tunisie,36.80176623148379,10.179839631684006,THEATER,INDOOR,SPRING,mars,4,6,90,13,MEDIUM,True,marche;nature;autonomie;securite,HIGH,POSSIBLE
740,Mini randonnée éducative - Théâtre Municipal de Tunis,"Promenade courte avec pauses, consignes de sécurité et découverte.",SORTIE,Théâtre Municipal de Tunis,"Avenue Habib Bourguiba, Tunis, Tunisie",Tunis,tunis;centre ville;habib bourguiba,Tunisie,36.79988780053141,10.179462945146819,THEATER,INDOOR,SUMMER,juin,4,6,110,10,MEDIUM,True,marche;nature;autonomie;securite,HIGH,POSSIBLE
741,Mini randonnée éducative - Théâtre Municipal de Tunis,"Promenade courte avec pauses, consignes de sécurité et découverte.",SORTIE,Théâtre Municipal de Tunis,"Avenue Habib Bourguiba, Tunis, Tunisie",Tunis,tunis;centre ville;habib bourguiba,Tunisie,36.80174910958034,10.179169804835032,THEATER,INDOOR,AUTUMN,novembre,4,6,90,13,MEDIUM,True,marche;nature;autonomie;securite,HIGH,POSSIBLE
742,Mini randonnée éducative - Théâtre Municipal de Tunis,"Promenade courte avec pauses, consignes de sécurité et découverte.",SORTIE,Théâtre Municipal de Tunis,"Avenue Habib Bourguiba, Tunis, Tunisie",Tunis,tunis;centre ville;habib bourguiba,Tunisie,36.80143992578379,10.17914966096866,THEATER,INDOOR,WINTER,fevrier,4,6,90,13,MEDIUM,True,marche;nature;autonomie;securite,HIGH,POSSIBLE
743,Visite musée adaptée enfants - Théâtre Municipal de Tunis,Découverte accompagnée avec jeu de questions simples et dessins après visite.,SORTIE,Théâtre Municipal de Tunis,"Avenue Habib Bourguiba, Tunis, Tunisie",Tunis,tunis;centre ville;habib bourguiba,Tunisie,36.80172843654947,10.179473543469484,THEATER,INDOOR,ALL,all,4,6,135,17,MEDIUM,True,musee;culture;histoire;observation,VERY_HIGH,RECOMMENDED
744,Visite musée adaptée enfants - Théâtre Municipal de Tunis,Découverte accompagnée avec jeu de questions simples et dessins après visite.,SORTIE,Théâtre Municipal de Tunis,"Avenue Habib Bourguiba, Tunis, Tunisie",Tunis,tunis;centre ville;habib bourguiba,Tunisie,36.80146379966938,10.179652503137559,THEATER,INDOOR,SPRING,avril,4,6,140,17,MEDIUM,True,musee;culture;histoire;observation,VERY_HIGH,RECOMMENDED
745,Visite musée adaptée enfants - Théâtre Municipal de Tunis,Découverte accompagnée avec jeu de questions simples et dessins après visite.,SORTIE,Théâtre Municipal de Tunis,"Avenue Habib Bourguiba, Tunis, Tunisie",Tunis,tunis;centre ville;habib bourguiba,Tunisie,36.80168710937206,10.179272223692832,THEATER,INDOOR,SUMMER,juillet,4,6,120,8,LOW,True,musee;culture;histoire;observation,VERY_HIGH,RECOMMENDED
746,Visite musée adaptée enfants - Théâtre Municipal de Tunis,Découverte accompagnée avec jeu de questions simples et dessins après visite.,SORTIE,Théâtre Municipal de Tunis,"Avenue Habib Bourguiba, Tunis, Tunisie",Tunis,tunis;centre ville;habib bourguiba,Tunisie,36.800699133495485,10.179628066575624,THEATER,INDOOR,AUTUMN,septembre,4,6,120,8,LOW,True,musee;culture;histoire;observation,VERY_HIGH,RECOMMENDED
747,Visite musée adaptée enfants - Théâtre Municipal de Tunis,Découverte accompagnée avec jeu de questions simples et dessins après visite.,SORTIE,Théâtre Municipal de Tunis,"Avenue Habib Bourguiba, Tunis, Tunisie",Tunis,tunis;centre ville;habib bourguiba,Tunisie,36.800703834153836,10.179926693190113,THEATER,INDOOR,WINTER,fevrier,4,6,120,10,MEDIUM,True,musee;culture;histoire;observation,VERY_HIGH,RECOMMENDED
748,Spectacle marionnettes - Théâtre Municipal de Tunis,Spectacle court avec échange autour des émotions et personnages.,SPECTACLE,Théâtre Municipal de Tunis,"Avenue Habib Bourguiba, Tunis, Tunisie",Tunis,tunis;centre ville;habib bourguiba,Tunisie,36.80141519380936,10.17960842996577,THEATER,INDOOR,ALL,all,2,6,60,8,LOW,True,spectacle;marionnettes;emotions;langage,HIGH,RECOMMENDED
749,Spectacle marionnettes - Théâtre Municipal de Tunis,Spectacle court avec échange autour des émotions et personnages.,SPECTACLE,Théâtre Municipal de Tunis,"Avenue Habib Bourguiba, Tunis, Tunisie",Tunis,tunis;centre ville;habib bourguiba,Tunisie,36.799982425807585,10.179496437578923,THEATER,INDOOR,SPRING,mars,2,6,75,10,MEDIUM,True,spectacle;marionnettes;emotions;langage,HIGH,RECOMMENDED
750,Spectacle marionnettes - Théâtre Municipal de Tunis,Spectacle court avec échange autour des émotions et personnages.,SPECTACLE,Théâtre Municipal de Tunis,"Avenue Habib Bourguiba, Tunis, Tunisie",Tunis,tunis;centre ville;habib bourguiba,Tunisie,36.801154366753984,10.179520333585442,THEATER,INDOOR,SUMMER,juillet,2,6,70,14,MEDIUM,True,spectacle;marionnettes;emotions;langage,HIGH,RECOMMENDED
751,Spectacle marionnettes - Théâtre Municipal de Tunis,Spectacle court avec échange autour des émotions et personnages.,SPECTACLE,Théâtre Municipal de Tunis,"Avenue Habib Bourguiba, Tunis, Tunisie",Tunis,tunis;centre ville;habib bourguiba,Tunisie,36.8009119075231,10.180100241784004,THEATER,INDOOR,AUTUMN,septembre,2,6,60,15,MEDIUM,True,spectacle;marionnettes;emotions;langage,HIGH,RECOMMENDED
752,Spectacle marionnettes - Théâtre Municipal de Tunis,Spectacle court avec échange autour des émotions et personnages.,SPECTACLE,Théâtre Municipal de Tunis,"Avenue Habib Bourguiba, Tunis, Tunisie",Tunis,tunis;centre ville;habib bourguiba,Tunisie,36.80004290651101,10.179123338368987,THEATER,INDOOR,WINTER,janvier,2,6,70,8,LOW,True,spectacle;marionnettes;emotions;langage,HIGH,RECOMMENDED
753,Conte musical - Théâtre Municipal de Tunis,"Conte avec instruments, rythme et participation des enfants.",SPECTACLE,Théâtre Municipal de Tunis,"Avenue Habib Bourguiba, Tunis, Tunisie",Tunis,tunis;centre ville;habib bourguiba,Tunisie,36.80144734683038,10.179744479487631,THEATER,INDOOR,ALL,all,2,6,50,8,LOW,True,musique;conte;rythme;ecoute,VERY_HIGH,HIGHLY_RECOMMENDED
754,Conte musical - Théâtre Municipal de Tunis,"Conte avec instruments, rythme et participation des enfants.",SPECTACLE,Théâtre Municipal de Tunis,"Avenue Habib Bourguiba, Tunis, Tunisie",Tunis,tunis;centre ville;habib bourguiba,Tunisie,36.80163485716302,10.179149974361387,THEATER,INDOOR,SPRING,mai,2,6,50,17,MEDIUM,True,musique;conte;rythme;ecoute,VERY_HIGH,RECOMMENDED
755,Conte musical - Théâtre Municipal de Tunis,"Conte avec instruments, rythme et participation des enfants.",SPECTACLE,Théâtre Municipal de Tunis,"Avenue Habib Bourguiba, Tunis, Tunisie",Tunis,tunis;centre ville;habib bourguiba,Tunisie,36.79998395727732,10.180694550869307,THEATER,INDOOR,SUMMER,juin,2,6,65,12,MEDIUM,True,musique;conte;rythme;ecoute,VERY_HIGH,RECOMMENDED
756,Conte musical - Théâtre Municipal de Tunis,"Conte avec instruments, rythme et participation des enfants.",SPECTACLE,Théâtre Municipal de Tunis,"Avenue Habib Bourguiba, Tunis, Tunisie",Tunis,tunis;centre ville;habib bourguiba,Tunisie,36.79990127540183,10.180848263451068,THEATER,INDOOR,AUTUMN,septembre,2,6,70,11,MEDIUM,True,musique;conte;rythme;ecoute,VERY_HIGH,RECOMMENDED
757,Conte musical - Théâtre Municipal de Tunis,"Conte avec instruments, rythme et participation des enfants.",SPECTACLE,Théâtre Municipal de Tunis,"Avenue Habib Bourguiba, Tunis, Tunisie",Tunis,tunis;centre ville;habib bourguiba,Tunisie,36.799858964586,10.180366425833503,THEATER,INDOOR,WINTER,fevrier,2,6,60,15,MEDIUM,True,musique;conte;rythme;ecoute,VERY_HIGH,RECOMMENDED
758,Sortie patrimoine en images - Théâtre Municipal de Tunis,"Découverte d un lieu historique avec photos, croquis et vocabulaire.",SORTIE,Théâtre Municipal de Tunis,"Avenue Habib Bourguiba, Tunis, Tunisie",Tunis,tunis;centre ville;habib bourguiba,Tunisie,36.80161660843174,10.179549963538049,THEATER,INDOOR,ALL,all,4,6,130,10,MEDIUM,True,patrimoine;histoire;langage;sortie,HIGH,POSSIBLE
759,Sortie patrimoine en images - Théâtre Municipal de Tunis,"Découverte d un lieu historique avec photos, croquis et vocabulaire.",SORTIE,Théâtre Municipal de Tunis,"Avenue Habib Bourguiba, Tunis, Tunisie",Tunis,tunis;centre ville;habib bourguiba,Tunisie,36.801038353097695,10.17949156955849,THEATER,INDOOR,SPRING,mars,4,6,125,13,MEDIUM,True,patrimoine;histoire;langage;sortie,HIGH,POSSIBLE
760,Sortie patrimoine en images - Théâtre Municipal de Tunis,"Découverte d un lieu historique avec photos, croquis et vocabulaire.",SORTIE,Théâtre Municipal de Tunis,"Avenue Habib Bourguiba, Tunis, Tunisie",Tunis,tunis;centre ville;habib bourguiba,Tunisie,36.80075806185992,10.179175443102118,THEATER,INDOOR,SUMMER,juillet,4,6,130,17,MEDIUM,True,patrimoine;histoire;langage;sortie,HIGH,POSSIBLE
761,Sortie patrimoine en images - Théâtre Municipal de Tunis,"Découverte d un lieu historique avec photos, croquis et vocabulaire.",SORTIE,Théâtre Municipal de Tunis,"Avenue Habib Bourguiba, Tunis, Tunisie",Tunis,tunis;centre ville;habib bourguiba,Tunisie,36.80108530505128,10.180594395883766,THEATER,INDOOR,AUTUMN,septembre,4,6,120,12,MEDIUM,True,patrimoine;histoire;langage;sortie,HIGH,POSSIBLE
762,Sortie patrimoine en images - Théâtre Municipal de Tunis,"Découverte d un lieu historique avec photos, croquis et vocabulaire.",SORTIE,Théâtre Municipal de Tunis,"Avenue Habib Bourguiba, Tunis, Tunisie",Tunis,tunis;centre ville;habib bourguiba,Tunisie,36.80177880723153,10.180563831533691,THEATER,INDOOR,WINTER,fevrier,4,6,125,14,MEDIUM,True,patrimoine;histoire;langage;sortie,HIGH,POSSIBLE
763,Atelier peinture et couleurs - Cité de la Culture - Tunis,"Peinture guidée, reconnaissance des couleurs et expression libre.",ATELIER,Cité de la Culture - Tunis,"Avenue Mohamed V, Tunis, Tunisie",Tunis,tunis;cite de la culture;mohamed v;centre ville,Tunisie,36.81108903561207,10.183469358970882,CULTURE_CENTER,INDOOR,ALL,all,2,6,60,9,MEDIUM,True,art;peinture;couleurs;motricite_fine,HIGH,RECOMMENDED
764,Atelier peinture et couleurs - Cité de la Culture - Tunis,"Peinture guidée, reconnaissance des couleurs et expression libre.",ATELIER,Cité de la Culture - Tunis,"Avenue Mohamed V, Tunis, Tunisie",Tunis,tunis;cite de la culture;mohamed v;centre ville,Tunisie,36.810359631747396,10.18313775513466,CULTURE_CENTER,INDOOR,SPRING,avril,2,6,55,7,LOW,True,art;peinture;couleurs;motricite_fine,HIGH,RECOMMENDED
765,Atelier peinture et couleurs - Cité de la Culture - Tunis,"Peinture guidée, reconnaissance des couleurs et expression libre.",ATELIER,Cité de la Culture - Tunis,"Avenue Mohamed V, Tunis, Tunisie",Tunis,tunis;cite de la culture;mohamed v;centre ville,Tunisie,36.81011718246056,10.184483062646862,CULTURE_CENTER,INDOOR,SUMMER,juin,2,6,60,7,LOW,True,art;peinture;couleurs;motricite_fine,HIGH,RECOMMENDED
766,Atelier peinture et couleurs - Cité de la Culture - Tunis,"Peinture guidée, reconnaissance des couleurs et expression libre.",ATELIER,Cité de la Culture - Tunis,"Avenue Mohamed V, Tunis, Tunisie",Tunis,tunis;cite de la culture;mohamed v;centre ville,Tunisie,36.81194795972347,10.18270026867461,CULTURE_CENTER,INDOOR,AUTUMN,novembre,2,6,55,5,LOW,True,art;peinture;couleurs;motricite_fine,HIGH,RECOMMENDED
767,Atelier peinture et couleurs - Cité de la Culture - Tunis,"Peinture guidée, reconnaissance des couleurs et expression libre.",ATELIER,Cité de la Culture - Tunis,"Avenue Mohamed V, Tunis, Tunisie",Tunis,tunis;cite de la culture;mohamed v;centre ville,Tunisie,36.81163257032322,10.18433451896514,CULTURE_CENTER,INDOOR,WINTER,janvier,2,6,45,11,MEDIUM,True,art;peinture;couleurs;motricite_fine,HIGH,RECOMMENDED
768,Atelier pâte à modeler - Cité de la Culture - Tunis,Modelage sensoriel avec formes simples et consignes adaptées.,ATELIER,Cité de la Culture - Tunis,"Avenue Mohamed V, Tunis, Tunisie",Tunis,tunis;cite de la culture;mohamed v;centre ville,Tunisie,36.81115138421724,10.184465329271516,CULTURE_CENTER,INDOOR,ALL,all,2,5,60,5,LOW,True,sensoriel;pate_a_modeler;motricite_fine,HIGH,RECOMMENDED
769,Atelier pâte à modeler - Cité de la Culture - Tunis,Modelage sensoriel avec formes simples et consignes adaptées.,ATELIER,Cité de la Culture - Tunis,"Avenue Mohamed V, Tunis, Tunisie",Tunis,tunis;cite de la culture;mohamed v;centre ville,Tunisie,36.81035220073516,10.183685039018362,CULTURE_CENTER,INDOOR,SPRING,avril,2,5,55,5,LOW,True,sensoriel;pate_a_modeler;motricite_fine,HIGH,RECOMMENDED
770,Atelier pâte à modeler - Cité de la Culture - Tunis,Modelage sensoriel avec formes simples et consignes adaptées.,ATELIER,Cité de la Culture - Tunis,"Avenue Mohamed V, Tunis, Tunisie",Tunis,tunis;cite de la culture;mohamed v;centre ville,Tunisie,36.81140690576584,10.183203364296967,CULTURE_CENTER,INDOOR,SUMMER,aout,2,5,50,5,LOW,True,sensoriel;pate_a_modeler;motricite_fine,HIGH,RECOMMENDED
771,Atelier pâte à modeler - Cité de la Culture - Tunis,Modelage sensoriel avec formes simples et consignes adaptées.,ATELIER,Cité de la Culture - Tunis,"Avenue Mohamed V, Tunis, Tunisie",Tunis,tunis;cite de la culture;mohamed v;centre ville,Tunisie,36.81167339368147,10.184120802326227,CULTURE_CENTER,INDOOR,AUTUMN,novembre,2,5,60,5,LOW,True,sensoriel;pate_a_modeler;motricite_fine,HIGH,RECOMMENDED
772,Atelier pâte à modeler - Cité de la Culture - Tunis,Modelage sensoriel avec formes simples et consignes adaptées.,ATELIER,Cité de la Culture - Tunis,"Avenue Mohamed V, Tunis, Tunisie",Tunis,tunis;cite de la culture;mohamed v;centre ville,Tunisie,36.81035111353532,10.1825759274824,CULTURE_CENTER,INDOOR,WINTER,fevrier,2,5,40,7,LOW,True,sensoriel;pate_a_modeler;motricite_fine,HIGH,RECOMMENDED
773,Lecture de contes illustrés - Cité de la Culture - Tunis,"Histoires courtes, images et discussion pour stimuler le langage.",ACTIVITE,Cité de la Culture - Tunis,"Avenue Mohamed V, Tunis, Tunisie",Tunis,tunis;cite de la culture;mohamed v;centre ville,Tunisie,36.81120332557289,10.182539855979778,CULTURE_CENTER,INDOOR,ALL,all,2,6,50,5,LOW,True,lecture;contes;langage;calme,VERY_HIGH,HIGHLY_RECOMMENDED
774,Lecture de contes illustrés - Cité de la Culture - Tunis,"Histoires courtes, images et discussion pour stimuler le langage.",ACTIVITE,Cité de la Culture - Tunis,"Avenue Mohamed V, Tunis, Tunisie",Tunis,tunis;cite de la culture;mohamed v;centre ville,Tunisie,36.81183579237184,10.182902928766705,CULTURE_CENTER,INDOOR,SPRING,mars,2,6,40,7,LOW,True,lecture;contes;langage;calme,VERY_HIGH,HIGHLY_RECOMMENDED
775,Lecture de contes illustrés - Cité de la Culture - Tunis,"Histoires courtes, images et discussion pour stimuler le langage.",ACTIVITE,Cité de la Culture - Tunis,"Avenue Mohamed V, Tunis, Tunisie",Tunis,tunis;cite de la culture;mohamed v;centre ville,Tunisie,36.81183756157461,10.184188568172877,CULTURE_CENTER,INDOOR,SUMMER,juillet,2,6,45,5,LOW,True,lecture;contes;langage;calme,VERY_HIGH,HIGHLY_RECOMMENDED
776,Lecture de contes illustrés - Cité de la Culture - Tunis,"Histoires courtes, images et discussion pour stimuler le langage.",ACTIVITE,Cité de la Culture - Tunis,"Avenue Mohamed V, Tunis, Tunisie",Tunis,tunis;cite de la culture;mohamed v;centre ville,Tunisie,36.810295424037974,10.183909392683464,CULTURE_CENTER,INDOOR,AUTUMN,septembre,2,6,40,5,LOW,True,lecture;contes;langage;calme,VERY_HIGH,HIGHLY_RECOMMENDED
777,Lecture de contes illustrés - Cité de la Culture - Tunis,"Histoires courtes, images et discussion pour stimuler le langage.",ACTIVITE,Cité de la Culture - Tunis,"Avenue Mohamed V, Tunis, Tunisie",Tunis,tunis;cite de la culture;mohamed v;centre ville,Tunisie,36.81172133893318,10.184421117500552,CULTURE_CENTER,INDOOR,WINTER,decembre,2,6,45,11,MEDIUM,True,lecture;contes;langage;calme,VERY_HIGH,RECOMMENDED
778,Sortie découverte nature - Cité de la Culture - Tunis,"Observation des arbres, oiseaux, feuilles et petits jeux calmes.",SORTIE,Cité de la Culture - Tunis,"Avenue Mohamed V, Tunis, Tunisie",Tunis,tunis;cite de la culture;mohamed v;centre ville,Tunisie,36.81020206434036,10.183103530307452,CULTURE_CENTER,INDOOR,ALL,all,3,6,100,14,MEDIUM,True,nature;observation;ecologie;sortie,VERY_HIGH,RECOMMENDED
779,Sortie découverte nature - Cité de la Culture - Tunis,"Observation des arbres, oiseaux, feuilles et petits jeux calmes.",SORTIE,Cité de la Culture - Tunis,"Avenue Mohamed V, Tunis, Tunisie",Tunis,tunis;cite de la culture;mohamed v;centre ville,Tunisie,36.81192132420074,10.18379836053129,CULTURE_CENTER,INDOOR,SPRING,mars,3,6,100,14,MEDIUM,True,nature;observation;ecologie;sortie,VERY_HIGH,RECOMMENDED
780,Sortie découverte nature - Cité de la Culture - Tunis,"Observation des arbres, oiseaux, feuilles et petits jeux calmes.",SORTIE,Cité de la Culture - Tunis,"Avenue Mohamed V, Tunis, Tunisie",Tunis,tunis;cite de la culture;mohamed v;centre ville,Tunisie,36.81177920043363,10.18372741797249,CULTURE_CENTER,INDOOR,SUMMER,aout,3,6,105,16,MEDIUM,True,nature;observation;ecologie;sortie,VERY_HIGH,RECOMMENDED
781,Sortie découverte nature - Cité de la Culture - Tunis,"Observation des arbres, oiseaux, feuilles et petits jeux calmes.",SORTIE,Cité de la Culture - Tunis,"Avenue Mohamed V, Tunis, Tunisie",Tunis,tunis;cite de la culture;mohamed v;centre ville,Tunisie,36.810756768216294,10.183967989946732,CULTURE_CENTER,INDOOR,AUTUMN,septembre,3,6,105,11,MEDIUM,True,nature;observation;ecologie;sortie,VERY_HIGH,RECOMMENDED
782,Sortie découverte nature - Cité de la Culture - Tunis,"Observation des arbres, oiseaux, feuilles et petits jeux calmes.",SORTIE,Cité de la Culture - Tunis,"Avenue Mohamed V, Tunis, Tunisie",Tunis,tunis;cite de la culture;mohamed v;centre ville,Tunisie,36.81000359581335,10.183904016896319,CULTURE_CENTER,INDOOR,WINTER,decembre,3,6,110,10,MEDIUM,True,nature;observation;ecologie;sortie,VERY_HIGH,RECOMMENDED
783,Mini randonnée éducative - Cité de la Culture - Tunis,"Promenade courte avec pauses, consignes de sécurité et découverte.",SORTIE,Cité de la Culture - Tunis,"Avenue Mohamed V, Tunis, Tunisie",Tunis,tunis;cite de la culture;mohamed v;centre ville,Tunisie,36.81036416351203,10.183136433823721,CULTURE_CENTER,INDOOR,ALL,all,4,6,100,11,MEDIUM,True,marche;nature;autonomie;securite,HIGH,POSSIBLE
784,Mini randonnée éducative - Cité de la Culture - Tunis,"Promenade courte avec pauses, consignes de sécurité et découverte.",SORTIE,Cité de la Culture - Tunis,"Avenue Mohamed V, Tunis, Tunisie",Tunis,tunis;cite de la culture;mohamed v;centre ville,Tunisie,36.81187337558711,10.182781286736297,CULTURE_CENTER,INDOOR,SPRING,mai,4,6,90,11,MEDIUM,True,marche;nature;autonomie;securite,HIGH,POSSIBLE
785,Mini randonnée éducative - Cité de la Culture - Tunis,"Promenade courte avec pauses, consignes de sécurité et découverte.",SORTIE,Cité de la Culture - Tunis,"Avenue Mohamed V, Tunis, Tunisie",Tunis,tunis;cite de la culture;mohamed v;centre ville,Tunisie,36.810335774833504,10.18427064050679,CULTURE_CENTER,INDOOR,SUMMER,juin,4,6,90,10,MEDIUM,True,marche;nature;autonomie;securite,HIGH,POSSIBLE
786,Mini randonnée éducative - Cité de la Culture - Tunis,"Promenade courte avec pauses, consignes de sécurité et découverte.",SORTIE,Cité de la Culture - Tunis,"Avenue Mohamed V, Tunis, Tunisie",Tunis,tunis;cite de la culture;mohamed v;centre ville,Tunisie,36.81002279124059,10.182919368568802,CULTURE_CENTER,INDOOR,AUTUMN,novembre,4,6,90,10,MEDIUM,True,marche;nature;autonomie;securite,HIGH,POSSIBLE
787,Mini randonnée éducative - Cité de la Culture - Tunis,"Promenade courte avec pauses, consignes de sécurité et découverte.",SORTIE,Cité de la Culture - Tunis,"Avenue Mohamed V, Tunis, Tunisie",Tunis,tunis;cite de la culture;mohamed v;centre ville,Tunisie,36.81144082717599,10.182596294915466,CULTURE_CENTER,INDOOR,WINTER,janvier,4,6,110,7,LOW,True,marche;nature;autonomie;securite,HIGH,RECOMMENDED
788,Visite musée adaptée enfants - Cité de la Culture - Tunis,Découverte accompagnée avec jeu de questions simples et dessins après visite.,SORTIE,Cité de la Culture - Tunis,"Avenue Mohamed V, Tunis, Tunisie",Tunis,tunis;cite de la culture;mohamed v;centre ville,Tunisie,36.811769103995175,10.183486163986949,CULTURE_CENTER,INDOOR,ALL,all,4,6,140,9,MEDIUM,True,musee;culture;histoire;observation,VERY_HIGH,RECOMMENDED
789,Visite musée adaptée enfants - Cité de la Culture - Tunis,Découverte accompagnée avec jeu de questions simples et dessins après visite.,SORTIE,Cité de la Culture - Tunis,"Avenue Mohamed V, Tunis, Tunisie",Tunis,tunis;cite de la culture;mohamed v;centre ville,Tunisie,36.81020285711927,10.183458978500795,CULTURE_CENTER,INDOOR,SPRING,avril,4,6,130,14,MEDIUM,True,musee;culture;histoire;observation,VERY_HIGH,RECOMMENDED
790,Visite musée adaptée enfants - Cité de la Culture - Tunis,Découverte accompagnée avec jeu de questions simples et dessins après visite.,SORTIE,Cité de la Culture - Tunis,"Avenue Mohamed V, Tunis, Tunisie",Tunis,tunis;cite de la culture;mohamed v;centre ville,Tunisie,36.81159838913151,10.18256682557307,CULTURE_CENTER,INDOOR,SUMMER,juin,4,6,120,9,MEDIUM,True,musee;culture;histoire;observation,VERY_HIGH,RECOMMENDED
791,Visite musée adaptée enfants - Cité de la Culture - Tunis,Découverte accompagnée avec jeu de questions simples et dessins après visite.,SORTIE,Cité de la Culture - Tunis,"Avenue Mohamed V, Tunis, Tunisie",Tunis,tunis;cite de la culture;mohamed v;centre ville,Tunisie,36.810148400803534,10.182840210406303,CULTURE_CENTER,INDOOR,AUTUMN,octobre,4,6,140,7,LOW,True,musee;culture;histoire;observation,VERY_HIGH,RECOMMENDED
792,Visite musée adaptée enfants - Cité de la Culture - Tunis,Découverte accompagnée avec jeu de questions simples et dessins après visite.,SORTIE,Cité de la Culture - Tunis,"Avenue Mohamed V, Tunis, Tunisie",Tunis,tunis;cite de la culture;mohamed v;centre ville,Tunisie,36.811883668287074,10.184456083045797,CULTURE_CENTER,INDOOR,WINTER,decembre,4,6,135,10,MEDIUM,True,musee;culture;histoire;observation,VERY_HIGH,RECOMMENDED
793,Spectacle marionnettes - Cité de la Culture - Tunis,Spectacle court avec échange autour des émotions et personnages.,SPECTACLE,Cité de la Culture - Tunis,"Avenue Mohamed V, Tunis, Tunisie",Tunis,tunis;cite de la culture;mohamed v;centre ville,Tunisie,36.811786452345295,10.183909009293185,CULTURE_CENTER,INDOOR,ALL,all,2,6,80,16,MEDIUM,True,spectacle;marionnettes;emotions;langage,HIGH,RECOMMENDED
794,Spectacle marionnettes - Cité de la Culture - Tunis,Spectacle court avec échange autour des émotions et personnages.,SPECTACLE,Cité de la Culture - Tunis,"Avenue Mohamed V, Tunis, Tunisie",Tunis,tunis;cite de la culture;mohamed v;centre ville,Tunisie,36.81177950654081,10.182814207554662,CULTURE_CENTER,INDOOR,SPRING,mai,2,6,60,10,MEDIUM,True,spectacle;marionnettes;emotions;langage,HIGH,RECOMMENDED
795,Spectacle marionnettes - Cité de la Culture - Tunis,Spectacle court avec échange autour des émotions et personnages.,SPECTACLE,Cité de la Culture - Tunis,"Avenue Mohamed V, Tunis, Tunisie",Tunis,tunis;cite de la culture;mohamed v;centre ville,Tunisie,36.8108185597315,10.183608224864633,CULTURE_CENTER,INDOOR,SUMMER,juillet,2,6,75,5,LOW,True,spectacle;marionnettes;emotions;langage,HIGH,RECOMMENDED
796,Spectacle marionnettes - Cité de la Culture - Tunis,Spectacle court avec échange autour des émotions et personnages.,SPECTACLE,Cité de la Culture - Tunis,"Avenue Mohamed V, Tunis, Tunisie",Tunis,tunis;cite de la culture;mohamed v;centre ville,Tunisie,36.810475096569895,10.182599270886078,CULTURE_CENTER,INDOOR,AUTUMN,novembre,2,6,80,10,MEDIUM,True,spectacle;marionnettes;emotions;langage,HIGH,RECOMMENDED
797,Spectacle marionnettes - Cité de la Culture - Tunis,Spectacle court avec échange autour des émotions et personnages.,SPECTACLE,Cité de la Culture - Tunis,"Avenue Mohamed V, Tunis, Tunisie",Tunis,tunis;cite de la culture;mohamed v;centre ville,Tunisie,36.81000763114434,10.182675256718614,CULTURE_CENTER,INDOOR,WINTER,decembre,2,6,80,8,LOW,True,spectacle;marionnettes;emotions;langage,HIGH,RECOMMENDED
798,Conte musical - Cité de la Culture - Tunis,"Conte avec instruments, rythme et participation des enfants.",SPECTACLE,Cité de la Culture - Tunis,"Avenue Mohamed V, Tunis, Tunisie",Tunis,tunis;cite de la culture;mohamed v;centre ville,Tunisie,36.810051471385464,10.182841664383385,CULTURE_CENTER,INDOOR,ALL,all,2,6,65,5,LOW,True,musique;conte;rythme;ecoute,VERY_HIGH,HIGHLY_RECOMMENDED
799,Conte musical - Cité de la Culture - Tunis,"Conte avec instruments, rythme et participation des enfants.",SPECTACLE,Cité de la Culture - Tunis,"Avenue Mohamed V, Tunis, Tunisie",Tunis,tunis;cite de la culture;mohamed v;centre ville,Tunisie,36.81061670680023,10.183294934697017,CULTURE_CENTER,INDOOR,SPRING,mars,2,6,70,9,MEDIUM,True,musique;conte;rythme;ecoute,VERY_HIGH,RECOMMENDED
800,Conte musical - Cité de la Culture - Tunis,"Conte avec instruments, rythme et participation des enfants.",SPECTACLE,Cité de la Culture - Tunis,"Avenue Mohamed V, Tunis, Tunisie",Tunis,tunis;cite de la culture;mohamed v;centre ville,Tunisie,36.811283732765084,10.183275054234041,CULTURE_CENTER,INDOOR,SUMMER,aout,2,6,65,7,LOW,True,musique;conte;rythme;ecoute,VERY_HIGH,HIGHLY_RECOMMENDED
801,Conte musical - Cité de la Culture - Tunis,"Conte avec instruments, rythme et participation des enfants.",SPECTACLE,Cité de la Culture - Tunis,"Avenue Mohamed V, Tunis, Tunisie",Tunis,tunis;cite de la culture;mohamed v;centre ville,Tunisie,36.81089155054159,10.183026591933366,CULTURE_CENTER,INDOOR,AUTUMN,octobre,2,6,70,7,LOW,True,musique;conte;rythme;ecoute,VERY_HIGH,HIGHLY_RECOMMENDED
802,Conte musical - Cité de la Culture - Tunis,"Conte avec instruments, rythme et participation des enfants.",SPECTACLE,Cité de la Culture - Tunis,"Avenue Mohamed V, Tunis, Tunisie",Tunis,tunis;cite de la culture;mohamed v;centre ville,Tunisie,36.81112849317583,10.182802261348847,CULTURE_CENTER,INDOOR,WINTER,janvier,2,6,50,8,LOW,True,musique;conte;rythme;ecoute,VERY_HIGH,HIGHLY_RECOMMENDED
803,Atelier cuisine froide - Cité de la Culture - Tunis,"Préparation simple sans cuisson: fruits, tartines et hygiène.",ATELIER,Cité de la Culture - Tunis,"Avenue Mohamed V, Tunis, Tunisie",Tunis,tunis;cite de la culture;mohamed v;centre ville,Tunisie,36.811336282347796,10.184116360314809,CULTURE_CENTER,INDOOR,ALL,all,3,6,70,5,LOW,True,cuisine;hygiene;autonomie;gout,VERY_HIGH,HIGHLY_RECOMMENDED
804,Atelier cuisine froide - Cité de la Culture - Tunis,"Préparation simple sans cuisson: fruits, tartines et hygiène.",ATELIER,Cité de la Culture - Tunis,"Avenue Mohamed V, Tunis, Tunisie",Tunis,tunis;cite de la culture;mohamed v;centre ville,Tunisie,36.81110720381231,10.18418159433286,CULTURE_CENTER,INDOOR,SPRING,mai,3,6,70,5,LOW,True,cuisine;hygiene;autonomie;gout,VERY_HIGH,HIGHLY_RECOMMENDED
805,Atelier cuisine froide - Cité de la Culture - Tunis,"Préparation simple sans cuisson: fruits, tartines et hygiène.",ATELIER,Cité de la Culture - Tunis,"Avenue Mohamed V, Tunis, Tunisie",Tunis,tunis;cite de la culture;mohamed v;centre ville,Tunisie,36.81114542858126,10.182971284038965,CULTURE_CENTER,INDOOR,SUMMER,aout,3,6,65,9,MEDIUM,True,cuisine;hygiene;autonomie;gout,VERY_HIGH,RECOMMENDED
806,Atelier cuisine froide - Cité de la Culture - Tunis,"Préparation simple sans cuisson: fruits, tartines et hygiène.",ATELIER,Cité de la Culture - Tunis,"Avenue Mohamed V, Tunis, Tunisie",Tunis,tunis;cite de la culture;mohamed v;centre ville,Tunisie,36.81180555440268,10.183928611398262,CULTURE_CENTER,INDOOR,AUTUMN,septembre,3,6,60,9,MEDIUM,True,cuisine;hygiene;autonomie;gout,VERY_HIGH,RECOMMENDED
807,Atelier cuisine froide - Cité de la Culture - Tunis,"Préparation simple sans cuisson: fruits, tartines et hygiène.",ATELIER,Cité de la Culture - Tunis,"Avenue Mohamed V, Tunis, Tunisie",Tunis,tunis;cite de la culture;mohamed v;centre ville,Tunisie,36.81034575794561,10.184468735980499,CULTURE_CENTER,INDOOR,WINTER,decembre,3,6,60,9,MEDIUM,True,cuisine;hygiene;autonomie;gout,VERY_HIGH,RECOMMENDED
808,Chasse aux formes - Cité de la Culture - Tunis,Recherche de formes et couleurs dans un espace sécurisé.,ACTIVITE,Cité de la Culture - Tunis,"Avenue Mohamed V, Tunis, Tunisie",Tunis,tunis;cite de la culture;mohamed v;centre ville,Tunisie,36.81025237199728,10.183346749798632,CULTURE_CENTER,INDOOR,ALL,all,2,5,65,5,LOW,True,formes;couleurs;observation;jeu,HIGH,RECOMMENDED
809,Chasse aux formes - Cité de la Culture - Tunis,Recherche de formes et couleurs dans un espace sécurisé.,ACTIVITE,Cité de la Culture - Tunis,"Avenue Mohamed V, Tunis, Tunisie",Tunis,tunis;cite de la culture;mohamed v;centre ville,Tunisie,36.81166821623735,10.183015772719976,CULTURE_CENTER,INDOOR,SPRING,mars,2,5,45,5,LOW,True,formes;couleurs;observation;jeu,HIGH,RECOMMENDED
810,Chasse aux formes - Cité de la Culture - Tunis,Recherche de formes et couleurs dans un espace sécurisé.,ACTIVITE,Cité de la Culture - Tunis,"Avenue Mohamed V, Tunis, Tunisie",Tunis,tunis;cite de la culture;mohamed v;centre ville,Tunisie,36.81111272840794,10.183604108383152,CULTURE_CENTER,INDOOR,SUMMER,juin,2,5,60,9,MEDIUM,True,formes;couleurs;observation;jeu,HIGH,RECOMMENDED
811,Chasse aux formes - Cité de la Culture - Tunis,Recherche de formes et couleurs dans un espace sécurisé.,ACTIVITE,Cité de la Culture - Tunis,"Avenue Mohamed V, Tunis, Tunisie",Tunis,tunis;cite de la culture;mohamed v;centre ville,Tunisie,36.811834323821564,10.182524727594652,CULTURE_CENTER,INDOOR,AUTUMN,novembre,2,5,65,9,MEDIUM,True,formes;couleurs;observation;jeu,HIGH,RECOMMENDED
812,Chasse aux formes - Cité de la Culture - Tunis,Recherche de formes et couleurs dans un espace sécurisé.,ACTIVITE,Cité de la Culture - Tunis,"Avenue Mohamed V, Tunis, Tunisie",Tunis,tunis;cite de la culture;mohamed v;centre ville,Tunisie,36.810299284639186,10.183633187854111,CULTURE_CENTER,INDOOR,WINTER,decembre,2,5,45,9,MEDIUM,True,formes;couleurs;observation;jeu,HIGH,RECOMMENDED
813,Sortie patrimoine en images - Cité de la Culture - Tunis,"Découverte d un lieu historique avec photos, croquis et vocabulaire.",SORTIE,Cité de la Culture - Tunis,"Avenue Mohamed V, Tunis, Tunisie",Tunis,tunis;cite de la culture;mohamed v;centre ville,Tunisie,36.81155908939393,10.18407149126062,CULTURE_CENTER,INDOOR,ALL,all,4,6,125,10,MEDIUM,True,patrimoine;histoire;langage;sortie,HIGH,POSSIBLE
814,Sortie patrimoine en images - Cité de la Culture - Tunis,"Découverte d un lieu historique avec photos, croquis et vocabulaire.",SORTIE,Cité de la Culture - Tunis,"Avenue Mohamed V, Tunis, Tunisie",Tunis,tunis;cite de la culture;mohamed v;centre ville,Tunisie,36.811309575341426,10.183644046479598,CULTURE_CENTER,INDOOR,SPRING,avril,4,6,130,10,MEDIUM,True,patrimoine;histoire;langage;sortie,HIGH,POSSIBLE
815,Sortie patrimoine en images - Cité de la Culture - Tunis,"Découverte d un lieu historique avec photos, croquis et vocabulaire.",SORTIE,Cité de la Culture - Tunis,"Avenue Mohamed V, Tunis, Tunisie",Tunis,tunis;cite de la culture;mohamed v;centre ville,Tunisie,36.81080594791686,10.183736488977203,CULTURE_CENTER,INDOOR,SUMMER,juin,4,6,130,8,LOW,True,patrimoine;histoire;langage;sortie,HIGH,RECOMMENDED
816,Sortie patrimoine en images - Cité de la Culture - Tunis,"Découverte d un lieu historique avec photos, croquis et vocabulaire.",SORTIE,Cité de la Culture - Tunis,"Avenue Mohamed V, Tunis, Tunisie",Tunis,tunis;cite de la culture;mohamed v;centre ville,Tunisie,36.81138102750834,10.182598581951048,CULTURE_CENTER,INDOOR,AUTUMN,septembre,4,6,130,12,MEDIUM,True,patrimoine;histoire;langage;sortie,HIGH,POSSIBLE
817,Sortie patrimoine en images - Cité de la Culture - Tunis,"Découverte d un lieu historique avec photos, croquis et vocabulaire.",SORTIE,Cité de la Culture - Tunis,"Avenue Mohamed V, Tunis, Tunisie",Tunis,tunis;cite de la culture;mohamed v;centre ville,Tunisie,36.810675732162856,10.184087304119812,CULTURE_CENTER,INDOOR,WINTER,janvier,4,6,125,7,LOW,True,patrimoine;histoire;langage;sortie,HIGH,RECOMMENDED
818,Jardinage pédagogique - Cité de la Culture - Tunis,"Planter, arroser et comprendre les besoins d une plante.",ACTIVITE,Cité de la Culture - Tunis,"Avenue Mohamed V, Tunis, Tunisie",Tunis,tunis;cite de la culture;mohamed v;centre ville,Tunisie,36.81168569313722,10.184216469566467,CULTURE_CENTER,INDOOR,ALL,all,3,6,55,7,LOW,True,jardinage;nature;responsabilite;sensoriel,VERY_HIGH,HIGHLY_RECOMMENDED
819,Jardinage pédagogique - Cité de la Culture - Tunis,"Planter, arroser et comprendre les besoins d une plante.",ACTIVITE,Cité de la Culture - Tunis,"Avenue Mohamed V, Tunis, Tunisie",Tunis,tunis;cite de la culture;mohamed v;centre ville,Tunisie,36.81060096089504,10.183987447283315,CULTURE_CENTER,INDOOR,SPRING,mars,3,6,70,5,LOW,True,jardinage;nature;responsabilite;sensoriel,VERY_HIGH,HIGHLY_RECOMMENDED
820,Jardinage pédagogique - Cité de la Culture - Tunis,"Planter, arroser et comprendre les besoins d une plante.",ACTIVITE,Cité de la Culture - Tunis,"Avenue Mohamed V, Tunis, Tunisie",Tunis,tunis;cite de la culture;mohamed v;centre ville,Tunisie,36.81120995826491,10.182678573700606,CULTURE_CENTER,INDOOR,SUMMER,juillet,3,6,75,9,MEDIUM,True,jardinage;nature;responsabilite;sensoriel,VERY_HIGH,RECOMMENDED
821,Jardinage pédagogique - Cité de la Culture - Tunis,"Planter, arroser et comprendre les besoins d une plante.",ACTIVITE,Cité de la Culture - Tunis,"Avenue Mohamed V, Tunis, Tunisie",Tunis,tunis;cite de la culture;mohamed v;centre ville,Tunisie,36.81148188959784,10.184018986590454,CULTURE_CENTER,INDOOR,AUTUMN,septembre,3,6,70,9,MEDIUM,True,jardinage;nature;responsabilite;sensoriel,VERY_HIGH,RECOMMENDED
822,Jardinage pédagogique - Cité de la Culture - Tunis,"Planter, arroser et comprendre les besoins d une plante.",ACTIVITE,Cité de la Culture - Tunis,"Avenue Mohamed V, Tunis, Tunisie",Tunis,tunis;cite de la culture;mohamed v;centre ville,Tunisie,36.81158298078416,10.182631233935224,CULTURE_CENTER,INDOOR,WINTER,decembre,3,6,75,11,MEDIUM,True,jardinage;nature;responsabilite;sensoriel,VERY_HIGH,RECOMMENDED
823,Atelier peinture et couleurs - Bibliothèque Nationale de Tunisie,"Peinture guidée, reconnaissance des couleurs et expression libre.",ATELIER,Bibliothèque Nationale de Tunisie,"Boulevard du 9 Avril 1938, Tunis, Tunisie",Tunis,tunis;9 avril;bab saadoun;bardo,Tunisie,36.799861032859255,10.158648572434176,LIBRARY,INDOOR,ALL,all,2,6,45,0,LOW,True,art;peinture;couleurs;motricite_fine,HIGH,RECOMMENDED
824,Atelier peinture et couleurs - Bibliothèque Nationale de Tunisie,"Peinture guidée, reconnaissance des couleurs et expression libre.",ATELIER,Bibliothèque Nationale de Tunisie,"Boulevard du 9 Avril 1938, Tunis, Tunisie",Tunis,tunis;9 avril;bab saadoun;bardo,Tunisie,36.800050361112255,10.1580014535522,LIBRARY,INDOOR,SPRING,mars,2,6,45,0,LOW,True,art;peinture;couleurs;motricite_fine,HIGH,RECOMMENDED
825,Atelier peinture et couleurs - Bibliothèque Nationale de Tunisie,"Peinture guidée, reconnaissance des couleurs et expression libre.",ATELIER,Bibliothèque Nationale de Tunisie,"Boulevard du 9 Avril 1938, Tunis, Tunisie",Tunis,tunis;9 avril;bab saadoun;bardo,Tunisie,36.79921289733426,10.159436062138681,LIBRARY,INDOOR,SUMMER,juin,2,6,55,0,LOW,True,art;peinture;couleurs;motricite_fine,HIGH,RECOMMENDED
826,Atelier peinture et couleurs - Bibliothèque Nationale de Tunisie,"Peinture guidée, reconnaissance des couleurs et expression libre.",ATELIER,Bibliothèque Nationale de Tunisie,"Boulevard du 9 Avril 1938, Tunis, Tunisie",Tunis,tunis;9 avril;bab saadoun;bardo,Tunisie,36.79994701258338,10.158610252749874,LIBRARY,INDOOR,AUTUMN,octobre,2,6,45,2,LOW,True,art;peinture;couleurs;motricite_fine,HIGH,RECOMMENDED
827,Atelier peinture et couleurs - Bibliothèque Nationale de Tunisie,"Peinture guidée, reconnaissance des couleurs et expression libre.",ATELIER,Bibliothèque Nationale de Tunisie,"Boulevard du 9 Avril 1938, Tunis, Tunisie",Tunis,tunis;9 avril;bab saadoun;bardo,Tunisie,36.798783876189184,10.158577573478134,LIBRARY,INDOOR,WINTER,fevrier,2,6,65,0,LOW,True,art;peinture;couleurs;motricite_fine,HIGH,RECOMMENDED
828,Atelier pâte à modeler - Bibliothèque Nationale de Tunisie,Modelage sensoriel avec formes simples et consignes adaptées.,ATELIER,Bibliothèque Nationale de Tunisie,"Boulevard du 9 Avril 1938, Tunis, Tunisie",Tunis,tunis;9 avril;bab saadoun;bardo,Tunisie,36.80022104075656,10.158549164578123,LIBRARY,INDOOR,ALL,all,2,5,55,0,LOW,True,sensoriel;pate_a_modeler;motricite_fine,HIGH,RECOMMENDED
829,Atelier pâte à modeler - Bibliothèque Nationale de Tunisie,Modelage sensoriel avec formes simples et consignes adaptées.,ATELIER,Bibliothèque Nationale de Tunisie,"Boulevard du 9 Avril 1938, Tunis, Tunisie",Tunis,tunis;9 avril;bab saadoun;bardo,Tunisie,36.799975307540514,10.158117319854334,LIBRARY,INDOOR,SPRING,avril,2,5,40,0,LOW,True,sensoriel;pate_a_modeler;motricite_fine,HIGH,RECOMMENDED
830,Atelier pâte à modeler - Bibliothèque Nationale de Tunisie,Modelage sensoriel avec formes simples et consignes adaptées.,ATELIER,Bibliothèque Nationale de Tunisie,"Boulevard du 9 Avril 1938, Tunis, Tunisie",Tunis,tunis;9 avril;bab saadoun;bardo,Tunisie,36.79907313134149,10.157925814811197,LIBRARY,INDOOR,SUMMER,juillet,2,5,50,0,LOW,True,sensoriel;pate_a_modeler;motricite_fine,HIGH,RECOMMENDED
831,Atelier pâte à modeler - Bibliothèque Nationale de Tunisie,Modelage sensoriel avec formes simples et consignes adaptées.,ATELIER,Bibliothèque Nationale de Tunisie,"Boulevard du 9 Avril 1938, Tunis, Tunisie",Tunis,tunis;9 avril;bab saadoun;bardo,Tunisie,36.799655390492184,10.158138167158537,LIBRARY,INDOOR,AUTUMN,septembre,2,5,60,0,LOW,True,sensoriel;pate_a_modeler;motricite_fine,HIGH,RECOMMENDED
832,Atelier pâte à modeler - Bibliothèque Nationale de Tunisie,Modelage sensoriel avec formes simples et consignes adaptées.,ATELIER,Bibliothèque Nationale de Tunisie,"Boulevard du 9 Avril 1938, Tunis, Tunisie",Tunis,tunis;9 avril;bab saadoun;bardo,Tunisie,36.800029259860224,10.159534276711458,LIBRARY,INDOOR,WINTER,fevrier,2,5,40,0,LOW,True,sensoriel;pate_a_modeler;motricite_fine,HIGH,RECOMMENDED
833,Lecture de contes illustrés - Bibliothèque Nationale de Tunisie,"Histoires courtes, images et discussion pour stimuler le langage.",ACTIVITE,Bibliothèque Nationale de Tunisie,"Boulevard du 9 Avril 1938, Tunis, Tunisie",Tunis,tunis;9 avril;bab saadoun;bardo,Tunisie,36.80012303087611,10.15889474310835,LIBRARY,INDOOR,ALL,all,2,6,30,4,LOW,True,lecture;contes;langage;calme,VERY_HIGH,HIGHLY_RECOMMENDED
834,Lecture de contes illustrés - Bibliothèque Nationale de Tunisie,"Histoires courtes, images et discussion pour stimuler le langage.",ACTIVITE,Bibliothèque Nationale de Tunisie,"Boulevard du 9 Avril 1938, Tunis, Tunisie",Tunis,tunis;9 avril;bab saadoun;bardo,Tunisie,36.799516687765795,10.159486009936115,LIBRARY,INDOOR,SPRING,mars,2,6,45,2,LOW,True,lecture;contes;langage;calme,VERY_HIGH,HIGHLY_RECOMMENDED
835,Lecture de contes illustrés - Bibliothèque Nationale de Tunisie,"Histoires courtes, images et discussion pour stimuler le langage.",ACTIVITE,Bibliothèque Nationale de Tunisie,"Boulevard du 9 Avril 1938, Tunis, Tunisie",Tunis,tunis;9 avril;bab saadoun;bardo,Tunisie,36.80000317234619,10.158517996037782,LIBRARY,INDOOR,SUMMER,juillet,2,6,40,4,LOW,True,lecture;contes;langage;calme,VERY_HIGH,HIGHLY_RECOMMENDED
836,Lecture de contes illustrés - Bibliothèque Nationale de Tunisie,"Histoires courtes, images et discussion pour stimuler le langage.",ACTIVITE,Bibliothèque Nationale de Tunisie,"Boulevard du 9 Avril 1938, Tunis, Tunisie",Tunis,tunis;9 avril;bab saadoun;bardo,Tunisie,36.799654392312775,10.159248621642941,LIBRARY,INDOOR,AUTUMN,octobre,2,6,50,2,LOW,True,lecture;contes;langage;calme,VERY_HIGH,HIGHLY_RECOMMENDED
837,Lecture de contes illustrés - Bibliothèque Nationale de Tunisie,"Histoires courtes, images et discussion pour stimuler le langage.",ACTIVITE,Bibliothèque Nationale de Tunisie,"Boulevard du 9 Avril 1938, Tunis, Tunisie",Tunis,tunis;9 avril;bab saadoun;bardo,Tunisie,36.798314695145365,10.159598858759736,LIBRARY,INDOOR,WINTER,fevrier,2,6,45,0,LOW,True,lecture;contes;langage;calme,VERY_HIGH,HIGHLY_RECOMMENDED
838,Sortie découverte nature - Bibliothèque Nationale de Tunisie,"Observation des arbres, oiseaux, feuilles et petits jeux calmes.",SORTIE,Bibliothèque Nationale de Tunisie,"Boulevard du 9 Avril 1938, Tunis, Tunisie",Tunis,tunis;9 avril;bab saadoun;bardo,Tunisie,36.79948754508509,10.15816535375563,LIBRARY,INDOOR,ALL,all,3,6,90,11,MEDIUM,True,nature;observation;ecologie;sortie,VERY_HIGH,RECOMMENDED
839,Sortie découverte nature - Bibliothèque Nationale de Tunisie,"Observation des arbres, oiseaux, feuilles et petits jeux calmes.",SORTIE,Bibliothèque Nationale de Tunisie,"Boulevard du 9 Avril 1938, Tunis, Tunisie",Tunis,tunis;9 avril;bab saadoun;bardo,Tunisie,36.800276721931645,10.158881189491229,LIBRARY,INDOOR,SPRING,avril,3,6,105,3,LOW,True,nature;observation;ecologie;sortie,VERY_HIGH,HIGHLY_RECOMMENDED
840,Sortie découverte nature - Bibliothèque Nationale de Tunisie,"Observation des arbres, oiseaux, feuilles et petits jeux calmes.",SORTIE,Bibliothèque Nationale de Tunisie,"Boulevard du 9 Avril 1938, Tunis, Tunisie",Tunis,tunis;9 avril;bab saadoun;bardo,Tunisie,36.79859985859271,10.159130948776607,LIBRARY,INDOOR,SUMMER,juillet,3,6,90,2,LOW,True,nature;observation;ecologie;sortie,VERY_HIGH,HIGHLY_RECOMMENDED
841,Sortie découverte nature - Bibliothèque Nationale de Tunisie,"Observation des arbres, oiseaux, feuilles et petits jeux calmes.",SORTIE,Bibliothèque Nationale de Tunisie,"Boulevard du 9 Avril 1938, Tunis, Tunisie",Tunis,tunis;9 avril;bab saadoun;bardo,Tunisie,36.79893917147638,10.157879859017152,LIBRARY,INDOOR,AUTUMN,novembre,3,6,90,9,MEDIUM,True,nature;observation;ecologie;sortie,VERY_HIGH,RECOMMENDED
842,Sortie découverte nature - Bibliothèque Nationale de Tunisie,"Observation des arbres, oiseaux, feuilles et petits jeux calmes.",SORTIE,Bibliothèque Nationale de Tunisie,"Boulevard du 9 Avril 1938, Tunis, Tunisie",Tunis,tunis;9 avril;bab saadoun;bardo,Tunisie,36.79881885254542,10.158437131372162,LIBRARY,INDOOR,WINTER,fevrier,3,6,110,7,LOW,True,nature;observation;ecologie;sortie,VERY_HIGH,HIGHLY_RECOMMENDED
843,Mini randonnée éducative - Bibliothèque Nationale de Tunisie,"Promenade courte avec pauses, consignes de sécurité et découverte.",SORTIE,Bibliothèque Nationale de Tunisie,"Boulevard du 9 Avril 1938, Tunis, Tunisie",Tunis,tunis;9 avril;bab saadoun;bardo,Tunisie,36.79971613791876,10.158744084868074,LIBRARY,INDOOR,ALL,all,4,6,100,5,LOW,True,marche;nature;autonomie;securite,HIGH,RECOMMENDED
844,Mini randonnée éducative - Bibliothèque Nationale de Tunisie,"Promenade courte avec pauses, consignes de sécurité et découverte.",SORTIE,Bibliothèque Nationale de Tunisie,"Boulevard du 9 Avril 1938, Tunis, Tunisie",Tunis,tunis;9 avril;bab saadoun;bardo,Tunisie,36.799369270203094,10.159169794110593,LIBRARY,INDOOR,SPRING,avril,4,6,105,5,LOW,True,marche;nature;autonomie;securite,HIGH,RECOMMENDED
845,Mini randonnée éducative - Bibliothèque Nationale de Tunisie,"Promenade courte avec pauses, consignes de sécurité et découverte.",SORTIE,Bibliothèque Nationale de Tunisie,"Boulevard du 9 Avril 1938, Tunis, Tunisie",Tunis,tunis;9 avril;bab saadoun;bardo,Tunisie,36.79998127738919,10.159352989568685,LIBRARY,INDOOR,SUMMER,aout,4,6,100,2,LOW,True,marche;nature;autonomie;securite,HIGH,RECOMMENDED
846,Mini randonnée éducative - Bibliothèque Nationale de Tunisie,"Promenade courte avec pauses, consignes de sécurité et découverte.",SORTIE,Bibliothèque Nationale de Tunisie,"Boulevard du 9 Avril 1938, Tunis, Tunisie",Tunis,tunis;9 avril;bab saadoun;bardo,Tunisie,36.798555888279395,10.15811730370112,LIBRARY,INDOOR,AUTUMN,octobre,4,6,100,3,LOW,True,marche;nature;autonomie;securite,HIGH,RECOMMENDED
847,Mini randonnée éducative - Bibliothèque Nationale de Tunisie,"Promenade courte avec pauses, consignes de sécurité et découverte.",SORTIE,Bibliothèque Nationale de Tunisie,"Boulevard du 9 Avril 1938, Tunis, Tunisie",Tunis,tunis;9 avril;bab saadoun;bardo,Tunisie,36.79847859964404,10.15831056679224,LIBRARY,INDOOR,WINTER,fevrier,4,6,105,7,LOW,True,marche;nature;autonomie;securite,HIGH,RECOMMENDED
848,Visite musée adaptée enfants - Bibliothèque Nationale de Tunisie,Découverte accompagnée avec jeu de questions simples et dessins après visite.,SORTIE,Bibliothèque Nationale de Tunisie,"Boulevard du 9 Avril 1938, Tunis, Tunisie",Tunis,tunis;9 avril;bab saadoun;bardo,Tunisie,36.79904336485953,10.158771141390414,LIBRARY,INDOOR,ALL,all,4,6,140,7,LOW,True,musee;culture;histoire;observation,VERY_HIGH,RECOMMENDED
849,Visite musée adaptée enfants - Bibliothèque Nationale de Tunisie,Découverte accompagnée avec jeu de questions simples et dessins après visite.,SORTIE,Bibliothèque Nationale de Tunisie,"Boulevard du 9 Avril 1938, Tunis, Tunisie",Tunis,tunis;9 avril;bab saadoun;bardo,Tunisie,36.800032786739386,10.158767149239486,LIBRARY,INDOOR,SPRING,mars,4,6,120,4,LOW,True,musee;culture;histoire;observation,VERY_HIGH,RECOMMENDED
850,Visite musée adaptée enfants - Bibliothèque Nationale de Tunisie,Découverte accompagnée avec jeu de questions simples et dessins après visite.,SORTIE,Bibliothèque Nationale de Tunisie,"Boulevard du 9 Avril 1938, Tunis, Tunisie",Tunis,tunis;9 avril;bab saadoun;bardo,Tunisie,36.79853963187438,10.158961395528639,LIBRARY,INDOOR,SUMMER,juillet,4,6,135,5,LOW,True,musee;culture;histoire;observation,VERY_HIGH,RECOMMENDED
851,Visite musée adaptée enfants - Bibliothèque Nationale de Tunisie,Découverte accompagnée avec jeu de questions simples et dessins après visite.,SORTIE,Bibliothèque Nationale de Tunisie,"Boulevard du 9 Avril 1938, Tunis, Tunisie",Tunis,tunis;9 avril;bab saadoun;bardo,Tunisie,36.79857473051835,10.15800059318159,LIBRARY,INDOOR,AUTUMN,octobre,4,6,140,0,LOW,True,musee;culture;histoire;observation,VERY_HIGH,RECOMMENDED
852,Visite musée adaptée enfants - Bibliothèque Nationale de Tunisie,Découverte accompagnée avec jeu de questions simples et dessins après visite.,SORTIE,Bibliothèque Nationale de Tunisie,"Boulevard du 9 Avril 1938, Tunis, Tunisie",Tunis,tunis;9 avril;bab saadoun;bardo,Tunisie,36.7989327669153,10.15903133691222,LIBRARY,INDOOR,WINTER,fevrier,4,6,120,4,LOW,True,musee;culture;histoire;observation,VERY_HIGH,RECOMMENDED
853,Spectacle marionnettes - Bibliothèque Nationale de Tunisie,Spectacle court avec échange autour des émotions et personnages.,SPECTACLE,Bibliothèque Nationale de Tunisie,"Boulevard du 9 Avril 1938, Tunis, Tunisie",Tunis,tunis;9 avril;bab saadoun;bardo,Tunisie,36.79956206554453,10.157953648533127,LIBRARY,INDOOR,ALL,all,2,6,60,7,LOW,True,spectacle;marionnettes;emotions;langage,HIGH,RECOMMENDED
854,Spectacle marionnettes - Bibliothèque Nationale de Tunisie,Spectacle court avec échange autour des émotions et personnages.,SPECTACLE,Bibliothèque Nationale de Tunisie,"Boulevard du 9 Avril 1938, Tunis, Tunisie",Tunis,tunis;9 avril;bab saadoun;bardo,Tunisie,36.79871876473667,10.15914708454264,LIBRARY,INDOOR,SPRING,mars,2,6,70,7,LOW,True,spectacle;marionnettes;emotions;langage,HIGH,RECOMMENDED
855,Spectacle marionnettes - Bibliothèque Nationale de Tunisie,Spectacle court avec échange autour des émotions et personnages.,SPECTACLE,Bibliothèque Nationale de Tunisie,"Boulevard du 9 Avril 1938, Tunis, Tunisie",Tunis,tunis;9 avril;bab saadoun;bardo,Tunisie,36.79952895947745,10.158866975081406,LIBRARY,INDOOR,SUMMER,juillet,2,6,80,0,LOW,True,spectacle;marionnettes;emotions;langage,HIGH,RECOMMENDED
856,Spectacle marionnettes - Bibliothèque Nationale de Tunisie,Spectacle court avec échange autour des émotions et personnages.,SPECTACLE,Bibliothèque Nationale de Tunisie,"Boulevard du 9 Avril 1938, Tunis, Tunisie",Tunis,tunis;9 avril;bab saadoun;bardo,Tunisie,36.79830933827516,10.158667565205684,LIBRARY,INDOOR,AUTUMN,octobre,2,6,75,7,LOW,True,spectacle;marionnettes;emotions;langage,HIGH,RECOMMENDED
857,Spectacle marionnettes - Bibliothèque Nationale de Tunisie,Spectacle court avec échange autour des émotions et personnages.,SPECTACLE,Bibliothèque Nationale de Tunisie,"Boulevard du 9 Avril 1938, Tunis, Tunisie",Tunis,tunis;9 avril;bab saadoun;bardo,Tunisie,36.798681153419885,10.158953496283354,LIBRARY,INDOOR,WINTER,decembre,2,6,70,7,LOW,True,spectacle;marionnettes;emotions;langage,HIGH,RECOMMENDED
858,Conte musical - Bibliothèque Nationale de Tunisie,"Conte avec instruments, rythme et participation des enfants.",SPECTACLE,Bibliothèque Nationale de Tunisie,"Boulevard du 9 Avril 1938, Tunis, Tunisie",Tunis,tunis;9 avril;bab saadoun;bardo,Tunisie,36.800053970270525,10.158224184520973,LIBRARY,INDOOR,ALL,all,2,6,50,5,LOW,True,musique;conte;rythme;ecoute,VERY_HIGH,HIGHLY_RECOMMENDED
859,Conte musical - Bibliothèque Nationale de Tunisie,"Conte avec instruments, rythme et participation des enfants.",SPECTACLE,Bibliothèque Nationale de Tunisie,"Boulevard du 9 Avril 1938, Tunis, Tunisie",Tunis,tunis;9 avril;bab saadoun;bardo,Tunisie,36.798912230184186,10.15773057404494,LIBRARY,INDOOR,SPRING,avril,2,6,50,11,MEDIUM,True,musique;conte;rythme;ecoute,VERY_HIGH,RECOMMENDED
860,Conte musical - Bibliothèque Nationale de Tunisie,"Conte avec instruments, rythme et participation des enfants.",SPECTACLE,Bibliothèque Nationale de Tunisie,"Boulevard du 9 Avril 1938, Tunis, Tunisie",Tunis,tunis;9 avril;bab saadoun;bardo,Tunisie,36.79975566382289,10.158792739837232,LIBRARY,INDOOR,SUMMER,juillet,2,6,65,5,LOW,True,musique;conte;rythme;ecoute,VERY_HIGH,HIGHLY_RECOMMENDED
861,Conte musical - Bibliothèque Nationale de Tunisie,"Conte avec instruments, rythme et participation des enfants.",SPECTACLE,Bibliothèque Nationale de Tunisie,"Boulevard du 9 Avril 1938, Tunis, Tunisie",Tunis,tunis;9 avril;bab saadoun;bardo,Tunisie,36.80029227782937,10.158580357369173,LIBRARY,INDOOR,AUTUMN,octobre,2,6,60,3,LOW,True,musique;conte;rythme;ecoute,VERY_HIGH,HIGHLY_RECOMMENDED
862,Conte musical - Bibliothèque Nationale de Tunisie,"Conte avec instruments, rythme et participation des enfants.",SPECTACLE,Bibliothèque Nationale de Tunisie,"Boulevard du 9 Avril 1938, Tunis, Tunisie",Tunis,tunis;9 avril;bab saadoun;bardo,Tunisie,36.79875683656967,10.159054337656272,LIBRARY,INDOOR,WINTER,decembre,2,6,60,4,LOW,True,musique;conte;rythme;ecoute,VERY_HIGH,HIGHLY_RECOMMENDED
863,Atelier cuisine froide - Bibliothèque Nationale de Tunisie,"Préparation simple sans cuisson: fruits, tartines et hygiène.",ATELIER,Bibliothèque Nationale de Tunisie,"Boulevard du 9 Avril 1938, Tunis, Tunisie",Tunis,tunis;9 avril;bab saadoun;bardo,Tunisie,36.799768153238624,10.158779385669598,LIBRARY,INDOOR,ALL,all,3,6,60,0,LOW,True,cuisine;hygiene;autonomie;gout,VERY_HIGH,HIGHLY_RECOMMENDED
864,Atelier cuisine froide - Bibliothèque Nationale de Tunisie,"Préparation simple sans cuisson: fruits, tartines et hygiène.",ATELIER,Bibliothèque Nationale de Tunisie,"Boulevard du 9 Avril 1938, Tunis, Tunisie",Tunis,tunis;9 avril;bab saadoun;bardo,Tunisie,36.79972222018019,10.159184254310091,LIBRARY,INDOOR,SPRING,mars,3,6,70,2,LOW,True,cuisine;hygiene;autonomie;gout,VERY_HIGH,HIGHLY_RECOMMENDED
865,Atelier cuisine froide - Bibliothèque Nationale de Tunisie,"Préparation simple sans cuisson: fruits, tartines et hygiène.",ATELIER,Bibliothèque Nationale de Tunisie,"Boulevard du 9 Avril 1938, Tunis, Tunisie",Tunis,tunis;9 avril;bab saadoun;bardo,Tunisie,36.79984249932669,10.158846269554624,LIBRARY,INDOOR,SUMMER,aout,3,6,50,2,LOW,True,cuisine;hygiene;autonomie;gout,VERY_HIGH,HIGHLY_RECOMMENDED
866,Atelier cuisine froide - Bibliothèque Nationale de Tunisie,"Préparation simple sans cuisson: fruits, tartines et hygiène.",ATELIER,Bibliothèque Nationale de Tunisie,"Boulevard du 9 Avril 1938, Tunis, Tunisie",Tunis,tunis;9 avril;bab saadoun;bardo,Tunisie,36.799607135236805,10.157639483533028,LIBRARY,INDOOR,AUTUMN,novembre,3,6,50,0,LOW,True,cuisine;hygiene;autonomie;gout,VERY_HIGH,HIGHLY_RECOMMENDED
867,Atelier cuisine froide - Bibliothèque Nationale de Tunisie,"Préparation simple sans cuisson: fruits, tartines et hygiène.",ATELIER,Bibliothèque Nationale de Tunisie,"Boulevard du 9 Avril 1938, Tunis, Tunisie",Tunis,tunis;9 avril;bab saadoun;bardo,Tunisie,36.79906050752586,10.158694564769458,LIBRARY,INDOOR,WINTER,janvier,3,6,70,4,LOW,True,cuisine;hygiene;autonomie;gout,VERY_HIGH,HIGHLY_RECOMMENDED
868,Chasse aux formes - Bibliothèque Nationale de Tunisie,Recherche de formes et couleurs dans un espace sécurisé.,ACTIVITE,Bibliothèque Nationale de Tunisie,"Boulevard du 9 Avril 1938, Tunis, Tunisie",Tunis,tunis;9 avril;bab saadoun;bardo,Tunisie,36.79871098983132,10.158971480057096,LIBRARY,INDOOR,ALL,all,2,5,45,0,LOW,True,formes;couleurs;observation;jeu,HIGH,RECOMMENDED
869,Chasse aux formes - Bibliothèque Nationale de Tunisie,Recherche de formes et couleurs dans un espace sécurisé.,ACTIVITE,Bibliothèque Nationale de Tunisie,"Boulevard du 9 Avril 1938, Tunis, Tunisie",Tunis,tunis;9 avril;bab saadoun;bardo,Tunisie,36.79962332915218,10.158924965931778,LIBRARY,INDOOR,SPRING,avril,2,5,60,4,LOW,True,formes;couleurs;observation;jeu,HIGH,RECOMMENDED
870,Chasse aux formes - Bibliothèque Nationale de Tunisie,Recherche de formes et couleurs dans un espace sécurisé.,ACTIVITE,Bibliothèque Nationale de Tunisie,"Boulevard du 9 Avril 1938, Tunis, Tunisie",Tunis,tunis;9 avril;bab saadoun;bardo,Tunisie,36.79970145269241,10.158437651503542,LIBRARY,INDOOR,SUMMER,aout,2,5,45,6,LOW,True,formes;couleurs;observation;jeu,HIGH,RECOMMENDED
871,Chasse aux formes - Bibliothèque Nationale de Tunisie,Recherche de formes et couleurs dans un espace sécurisé.,ACTIVITE,Bibliothèque Nationale de Tunisie,"Boulevard du 9 Avril 1938, Tunis, Tunisie",Tunis,tunis;9 avril;bab saadoun;bardo,Tunisie,36.79853546913688,10.157828025105369,LIBRARY,INDOOR,AUTUMN,novembre,2,5,45,6,LOW,True,formes;couleurs;observation;jeu,HIGH,RECOMMENDED
872,Chasse aux formes - Bibliothèque Nationale de Tunisie,Recherche de formes et couleurs dans un espace sécurisé.,ACTIVITE,Bibliothèque Nationale de Tunisie,"Boulevard du 9 Avril 1938, Tunis, Tunisie",Tunis,tunis;9 avril;bab saadoun;bardo,Tunisie,36.799518003618715,10.159155917833194,LIBRARY,INDOOR,WINTER,janvier,2,5,55,0,LOW,True,formes;couleurs;observation;jeu,HIGH,RECOMMENDED
873,Sortie patrimoine en images - Bibliothèque Nationale de Tunisie,"Découverte d un lieu historique avec photos, croquis et vocabulaire.",SORTIE,Bibliothèque Nationale de Tunisie,"Boulevard du 9 Avril 1938, Tunis, Tunisie",Tunis,tunis;9 avril;bab saadoun;bardo,Tunisie,36.79911951246106,10.157920747197261,LIBRARY,INDOOR,ALL,all,4,6,130,7,LOW,True,patrimoine;histoire;langage;sortie,HIGH,RECOMMENDED
874,Sortie patrimoine en images - Bibliothèque Nationale de Tunisie,"Découverte d un lieu historique avec photos, croquis et vocabulaire.",SORTIE,Bibliothèque Nationale de Tunisie,"Boulevard du 9 Avril 1938, Tunis, Tunisie",Tunis,tunis;9 avril;bab saadoun;bardo,Tunisie,36.79876901053195,10.157625498802537,LIBRARY,INDOOR,SPRING,mars,4,6,110,7,LOW,True,patrimoine;histoire;langage;sortie,HIGH,RECOMMENDED
875,Sortie patrimoine en images - Bibliothèque Nationale de Tunisie,"Découverte d un lieu historique avec photos, croquis et vocabulaire.",SORTIE,Bibliothèque Nationale de Tunisie,"Boulevard du 9 Avril 1938, Tunis, Tunisie",Tunis,tunis;9 avril;bab saadoun;bardo,Tunisie,36.79928820805772,10.159498892031461,LIBRARY,INDOOR,SUMMER,juin,4,6,110,11,MEDIUM,True,patrimoine;histoire;langage;sortie,HIGH,POSSIBLE
876,Sortie patrimoine en images - Bibliothèque Nationale de Tunisie,"Découverte d un lieu historique avec photos, croquis et vocabulaire.",SORTIE,Bibliothèque Nationale de Tunisie,"Boulevard du 9 Avril 1938, Tunis, Tunisie",Tunis,tunis;9 avril;bab saadoun;bardo,Tunisie,36.79958867358314,10.15851350246949,LIBRARY,INDOOR,AUTUMN,novembre,4,6,125,3,LOW,True,patrimoine;histoire;langage;sortie,HIGH,RECOMMENDED
877,Sortie patrimoine en images - Bibliothèque Nationale de Tunisie,"Découverte d un lieu historique avec photos, croquis et vocabulaire.",SORTIE,Bibliothèque Nationale de Tunisie,"Boulevard du 9 Avril 1938, Tunis, Tunisie",Tunis,tunis;9 avril;bab saadoun;bardo,Tunisie,36.79849961783012,10.157949403617891,LIBRARY,INDOOR,WINTER,janvier,4,6,110,4,LOW,True,patrimoine;histoire;langage;sortie,HIGH,RECOMMENDED
878,Jardinage pédagogique - Bibliothèque Nationale de Tunisie,"Planter, arroser et comprendre les besoins d une plante.",ACTIVITE,Bibliothèque Nationale de Tunisie,"Boulevard du 9 Avril 1938, Tunis, Tunisie",Tunis,tunis;9 avril;bab saadoun;bardo,Tunisie,36.79902042932811,10.158953533064018,LIBRARY,INDOOR,ALL,all,3,6,75,2,LOW,True,jardinage;nature;responsabilite;sensoriel,VERY_HIGH,HIGHLY_RECOMMENDED
879,Jardinage pédagogique - Bibliothèque Nationale de Tunisie,"Planter, arroser et comprendre les besoins d une plante.",ACTIVITE,Bibliothèque Nationale de Tunisie,"Boulevard du 9 Avril 1938, Tunis, Tunisie",Tunis,tunis;9 avril;bab saadoun;bardo,Tunisie,36.79848999694067,10.159116408009682,LIBRARY,INDOOR,SPRING,mai,3,6,55,0,LOW,True,jardinage;nature;responsabilite;sensoriel,VERY_HIGH,HIGHLY_RECOMMENDED
880,Jardinage pédagogique - Bibliothèque Nationale de Tunisie,"Planter, arroser et comprendre les besoins d une plante.",ACTIVITE,Bibliothèque Nationale de Tunisie,"Boulevard du 9 Avril 1938, Tunis, Tunisie",Tunis,tunis;9 avril;bab saadoun;bardo,Tunisie,36.79962671005499,10.157941024552713,LIBRARY,INDOOR,SUMMER,juin,3,6,70,0,LOW,True,jardinage;nature;responsabilite;sensoriel,VERY_HIGH,HIGHLY_RECOMMENDED
881,Jardinage pédagogique - Bibliothèque Nationale de Tunisie,"Planter, arroser et comprendre les besoins d une plante.",ACTIVITE,Bibliothèque Nationale de Tunisie,"Boulevard du 9 Avril 1938, Tunis, Tunisie",Tunis,tunis;9 avril;bab saadoun;bardo,Tunisie,36.79883661879716,10.159066135890678,LIBRARY,INDOOR,AUTUMN,octobre,3,6,70,6,LOW,True,jardinage;nature;responsabilite;sensoriel,VERY_HIGH,HIGHLY_RECOMMENDED
882,Jardinage pédagogique - Bibliothèque Nationale de Tunisie,"Planter, arroser et comprendre les besoins d une plante.",ACTIVITE,Bibliothèque Nationale de Tunisie,"Boulevard du 9 Avril 1938, Tunis, Tunisie",Tunis,tunis;9 avril;bab saadoun;bardo,Tunisie,36.79852766399981,10.158400500451958,LIBRARY,INDOOR,WINTER,janvier,3,6,75,0,LOW,True,jardinage;nature;responsabilite;sensoriel,VERY_HIGH,HIGHLY_RECOMMENDED
883,Atelier peinture et couleurs - Maison de la Culture Ibn Rachiq,"Peinture guidée, reconnaissance des couleurs et expression libre.",ATELIER,Maison de la Culture Ibn Rachiq,"Rue de Paris, Tunis, Tunisie",Tunis,tunis;centre ville;rue de paris;lafayette,Tunisie,36.804171416690735,10.1811798048623,CULTURE_CENTER,INDOOR,ALL,all,2,6,65,5,LOW,True,art;peinture;couleurs;motricite_fine,HIGH,RECOMMENDED
884,Atelier peinture et couleurs - Maison de la Culture Ibn Rachiq,"Peinture guidée, reconnaissance des couleurs et expression libre.",ATELIER,Maison de la Culture Ibn Rachiq,"Rue de Paris, Tunis, Tunisie",Tunis,tunis;centre ville;rue de paris;lafayette,Tunisie,36.802726113112755,10.181192339747048,CULTURE_CENTER,INDOOR,SPRING,avril,2,6,45,3,LOW,True,art;peinture;couleurs;motricite_fine,HIGH,RECOMMENDED
885,Atelier peinture et couleurs - Maison de la Culture Ibn Rachiq,"Peinture guidée, reconnaissance des couleurs et expression libre.",ATELIER,Maison de la Culture Ibn Rachiq,"Rue de Paris, Tunis, Tunisie",Tunis,tunis;centre ville;rue de paris;lafayette,Tunisie,36.80333205543326,10.18098150060598,CULTURE_CENTER,INDOOR,SUMMER,juin,2,6,65,3,LOW,True,art;peinture;couleurs;motricite_fine,HIGH,RECOMMENDED
886,Atelier peinture et couleurs - Maison de la Culture Ibn Rachiq,"Peinture guidée, reconnaissance des couleurs et expression libre.",ATELIER,Maison de la Culture Ibn Rachiq,"Rue de Paris, Tunis, Tunisie",Tunis,tunis;centre ville;rue de paris;lafayette,Tunisie,36.80325950155823,10.180517197829653,CULTURE_CENTER,INDOOR,AUTUMN,septembre,2,6,45,9,MEDIUM,True,art;peinture;couleurs;motricite_fine,HIGH,RECOMMENDED
887,Atelier peinture et couleurs - Maison de la Culture Ibn Rachiq,"Peinture guidée, reconnaissance des couleurs et expression libre.",ATELIER,Maison de la Culture Ibn Rachiq,"Rue de Paris, Tunis, Tunisie",Tunis,tunis;centre ville;rue de paris;lafayette,Tunisie,36.803466159312734,10.180776245553984,CULTURE_CENTER,INDOOR,WINTER,fevrier,2,6,65,3,LOW,True,art;peinture;couleurs;motricite_fine,HIGH,RECOMMENDED
888,Atelier pâte à modeler - Maison de la Culture Ibn Rachiq,Modelage sensoriel avec formes simples et consignes adaptées.,ATELIER,Maison de la Culture Ibn Rachiq,"Rue de Paris, Tunis, Tunisie",Tunis,tunis;centre ville;rue de paris;lafayette,Tunisie,36.80259194465076,10.180323225734456,CULTURE_CENTER,INDOOR,ALL,all,2,5,55,7,LOW,True,sensoriel;pate_a_modeler;motricite_fine,HIGH,RECOMMENDED
889,Atelier pâte à modeler - Maison de la Culture Ibn Rachiq,Modelage sensoriel avec formes simples et consignes adaptées.,ATELIER,Maison de la Culture Ibn Rachiq,"Rue de Paris, Tunis, Tunisie",Tunis,tunis;centre ville;rue de paris;lafayette,Tunisie,36.80403505743658,10.180953298016247,CULTURE_CENTER,INDOOR,SPRING,mars,2,5,50,9,MEDIUM,True,sensoriel;pate_a_modeler;motricite_fine,HIGH,RECOMMENDED
890,Atelier pâte à modeler - Maison de la Culture Ibn Rachiq,Modelage sensoriel avec formes simples et consignes adaptées.,ATELIER,Maison de la Culture Ibn Rachiq,"Rue de Paris, Tunis, Tunisie",Tunis,tunis;centre ville;rue de paris;lafayette,Tunisie,36.80353819935803,10.181176483286926,CULTURE_CENTER,INDOOR,SUMMER,aout,2,5,40,5,LOW,True,sensoriel;pate_a_modeler;motricite_fine,HIGH,RECOMMENDED
891,Atelier pâte à modeler - Maison de la Culture Ibn Rachiq,Modelage sensoriel avec formes simples et consignes adaptées.,ATELIER,Maison de la Culture Ibn Rachiq,"Rue de Paris, Tunis, Tunisie",Tunis,tunis;centre ville;rue de paris;lafayette,Tunisie,36.80346385935464,10.181127421287838,CULTURE_CENTER,INDOOR,AUTUMN,octobre,2,5,60,3,LOW,True,sensoriel;pate_a_modeler;motricite_fine,HIGH,RECOMMENDED
892,Atelier pâte à modeler - Maison de la Culture Ibn Rachiq,Modelage sensoriel avec formes simples et consignes adaptées.,ATELIER,Maison de la Culture Ibn Rachiq,"Rue de Paris, Tunis, Tunisie",Tunis,tunis;centre ville;rue de paris;lafayette,Tunisie,36.80428412376326,10.181025828022577,CULTURE_CENTER,INDOOR,WINTER,decembre,2,5,40,9,MEDIUM,True,sensoriel;pate_a_modeler;motricite_fine,HIGH,RECOMMENDED
893,Lecture de contes illustrés - Maison de la Culture Ibn Rachiq,"Histoires courtes, images et discussion pour stimuler le langage.",ACTIVITE,Maison de la Culture Ibn Rachiq,"Rue de Paris, Tunis, Tunisie",Tunis,tunis;centre ville;rue de paris;lafayette,Tunisie,36.80351113514377,10.180738577873287,CULTURE_CENTER,INDOOR,ALL,all,2,6,50,3,LOW,True,lecture;contes;langage;calme,VERY_HIGH,HIGHLY_RECOMMENDED
894,Lecture de contes illustrés - Maison de la Culture Ibn Rachiq,"Histoires courtes, images et discussion pour stimuler le langage.",ACTIVITE,Maison de la Culture Ibn Rachiq,"Rue de Paris, Tunis, Tunisie",Tunis,tunis;centre ville;rue de paris;lafayette,Tunisie,36.80400286000209,10.180441267631068,CULTURE_CENTER,INDOOR,SPRING,mars,2,6,45,3,LOW,True,lecture;contes;langage;calme,VERY_HIGH,HIGHLY_RECOMMENDED
895,Lecture de contes illustrés - Maison de la Culture Ibn Rachiq,"Histoires courtes, images et discussion pour stimuler le langage.",ACTIVITE,Maison de la Culture Ibn Rachiq,"Rue de Paris, Tunis, Tunisie",Tunis,tunis;centre ville;rue de paris;lafayette,Tunisie,36.803513858664374,10.180900991139461,CULTURE_CENTER,INDOOR,SUMMER,juillet,2,6,50,3,LOW,True,lecture;contes;langage;calme,VERY_HIGH,HIGHLY_RECOMMENDED
896,Lecture de contes illustrés - Maison de la Culture Ibn Rachiq,"Histoires courtes, images et discussion pour stimuler le langage.",ACTIVITE,Maison de la Culture Ibn Rachiq,"Rue de Paris, Tunis, Tunisie",Tunis,tunis;centre ville;rue de paris;lafayette,Tunisie,36.80265766119151,10.180688377752919,CULTURE_CENTER,INDOOR,AUTUMN,octobre,2,6,50,3,LOW,True,lecture;contes;langage;calme,VERY_HIGH,HIGHLY_RECOMMENDED
897,Lecture de contes illustrés - Maison de la Culture Ibn Rachiq,"Histoires courtes, images et discussion pour stimuler le langage.",ACTIVITE,Maison de la Culture Ibn Rachiq,"Rue de Paris, Tunis, Tunisie",Tunis,tunis;centre ville;rue de paris;lafayette,Tunisie,36.803394136239824,10.180037413704106,CULTURE_CENTER,INDOOR,WINTER,decembre,2,6,50,7,LOW,True,lecture;contes;langage;calme,VERY_HIGH,HIGHLY_RECOMMENDED
898,Sortie découverte nature - Maison de la Culture Ibn Rachiq,"Observation des arbres, oiseaux, feuilles et petits jeux calmes.",SORTIE,Maison de la Culture Ibn Rachiq,"Rue de Paris, Tunis, Tunisie",Tunis,tunis;centre ville;rue de paris;lafayette,Tunisie,36.803306879317944,10.179871663864807,CULTURE_CENTER,INDOOR,ALL,all,3,6,90,3,LOW,True,nature;observation;ecologie;sortie,VERY_HIGH,HIGHLY_RECOMMENDED
899,Sortie découverte nature - Maison de la Culture Ibn Rachiq,"Observation des arbres, oiseaux, feuilles et petits jeux calmes.",SORTIE,Maison de la Culture Ibn Rachiq,"Rue de Paris, Tunis, Tunisie",Tunis,tunis;centre ville;rue de paris;lafayette,Tunisie,36.80377507624484,10.181580221797649,CULTURE_CENTER,INDOOR,SPRING,mars,3,6,100,14,MEDIUM,True,nature;observation;ecologie;sortie,VERY_HIGH,RECOMMENDED
900,Sortie découverte nature - Maison de la Culture Ibn Rachiq,"Observation des arbres, oiseaux, feuilles et petits jeux calmes.",SORTIE,Maison de la Culture Ibn Rachiq,"Rue de Paris, Tunis, Tunisie",Tunis,tunis;centre ville;rue de paris;lafayette,Tunisie,36.80322668495514,10.17990855042661,CULTURE_CENTER,INDOOR,SUMMER,aout,3,6,100,10,MEDIUM,True,nature;observation;ecologie;sortie,VERY_HIGH,RECOMMENDED
901,Sortie découverte nature - Maison de la Culture Ibn Rachiq,"Observation des arbres, oiseaux, feuilles et petits jeux calmes.",SORTIE,Maison de la Culture Ibn Rachiq,"Rue de Paris, Tunis, Tunisie",Tunis,tunis;centre ville;rue de paris;lafayette,Tunisie,36.80403483279973,10.180999902303116,CULTURE_CENTER,INDOOR,AUTUMN,octobre,3,6,105,10,MEDIUM,True,nature;observation;ecologie;sortie,VERY_HIGH,RECOMMENDED
902,Sortie découverte nature - Maison de la Culture Ibn Rachiq,"Observation des arbres, oiseaux, feuilles et petits jeux calmes.",SORTIE,Maison de la Culture Ibn Rachiq,"Rue de Paris, Tunis, Tunisie",Tunis,tunis;centre ville;rue de paris;lafayette,Tunisie,36.80269487404465,10.181117820507612,CULTURE_CENTER,INDOOR,WINTER,fevrier,3,6,90,7,LOW,True,nature;observation;ecologie;sortie,VERY_HIGH,HIGHLY_RECOMMENDED
903,Mini randonnée éducative - Maison de la Culture Ibn Rachiq,"Promenade courte avec pauses, consignes de sécurité et découverte.",SORTIE,Maison de la Culture Ibn Rachiq,"Rue de Paris, Tunis, Tunisie",Tunis,tunis;centre ville;rue de paris;lafayette,Tunisie,36.80415976777127,10.181728867366909,CULTURE_CENTER,INDOOR,ALL,all,4,6,105,8,LOW,True,marche;nature;autonomie;securite,HIGH,RECOMMENDED
904,Mini randonnée éducative - Maison de la Culture Ibn Rachiq,"Promenade courte avec pauses, consignes de sécurité et découverte.",SORTIE,Maison de la Culture Ibn Rachiq,"Rue de Paris, Tunis, Tunisie",Tunis,tunis;centre ville;rue de paris;lafayette,Tunisie,36.80390419210652,10.17989155621971,CULTURE_CENTER,INDOOR,SPRING,mai,4,6,100,12,MEDIUM,True,marche;nature;autonomie;securite,HIGH,POSSIBLE
905,Mini randonnée éducative - Maison de la Culture Ibn Rachiq,"Promenade courte avec pauses, consignes de sécurité et découverte.",SORTIE,Maison de la Culture Ibn Rachiq,"Rue de Paris, Tunis, Tunisie",Tunis,tunis;centre ville;rue de paris;lafayette,Tunisie,36.803985021780754,10.180618421514435,CULTURE_CENTER,INDOOR,SUMMER,juillet,4,6,105,8,LOW,True,marche;nature;autonomie;securite,HIGH,RECOMMENDED
906,Mini randonnée éducative - Maison de la Culture Ibn Rachiq,"Promenade courte avec pauses, consignes de sécurité et découverte.",SORTIE,Maison de la Culture Ibn Rachiq,"Rue de Paris, Tunis, Tunisie",Tunis,tunis;centre ville;rue de paris;lafayette,Tunisie,36.80274149161473,10.181504388743532,CULTURE_CENTER,INDOOR,AUTUMN,novembre,4,6,100,3,LOW,True,marche;nature;autonomie;securite,HIGH,RECOMMENDED
907,Mini randonnée éducative - Maison de la Culture Ibn Rachiq,"Promenade courte avec pauses, consignes de sécurité et découverte.",SORTIE,Maison de la Culture Ibn Rachiq,"Rue de Paris, Tunis, Tunisie",Tunis,tunis;centre ville;rue de paris;lafayette,Tunisie,36.803175867097195,10.18131429868362,CULTURE_CENTER,INDOOR,WINTER,janvier,4,6,90,8,LOW,True,marche;nature;autonomie;securite,HIGH,RECOMMENDED
908,Visite musée adaptée enfants - Maison de la Culture Ibn Rachiq,Découverte accompagnée avec jeu de questions simples et dessins après visite.,SORTIE,Maison de la Culture Ibn Rachiq,"Rue de Paris, Tunis, Tunisie",Tunis,tunis;centre ville;rue de paris;lafayette,Tunisie,36.80404429034727,10.180701009193918,CULTURE_CENTER,INDOOR,ALL,all,4,6,130,9,MEDIUM,True,musee;culture;histoire;observation,VERY_HIGH,RECOMMENDED
909,Visite musée adaptée enfants - Maison de la Culture Ibn Rachiq,Découverte accompagnée avec jeu de questions simples et dessins après visite.,SORTIE,Maison de la Culture Ibn Rachiq,"Rue de Paris, Tunis, Tunisie",Tunis,tunis;centre ville;rue de paris;lafayette,Tunisie,36.80397242786063,10.180906452657808,CULTURE_CENTER,INDOOR,SPRING,avril,4,6,140,8,LOW,True,musee;culture;histoire;observation,VERY_HIGH,RECOMMENDED
910,Visite musée adaptée enfants - Maison de la Culture Ibn Rachiq,Découverte accompagnée avec jeu de questions simples et dessins après visite.,SORTIE,Maison de la Culture Ibn Rachiq,"Rue de Paris, Tunis, Tunisie",Tunis,tunis;centre ville;rue de paris;lafayette,Tunisie,36.804062162994164,10.181620362972874,CULTURE_CENTER,INDOOR,SUMMER,aout,4,6,130,12,MEDIUM,True,musee;culture;histoire;observation,VERY_HIGH,RECOMMENDED
911,Visite musée adaptée enfants - Maison de la Culture Ibn Rachiq,Découverte accompagnée avec jeu de questions simples et dessins après visite.,SORTIE,Maison de la Culture Ibn Rachiq,"Rue de Paris, Tunis, Tunisie",Tunis,tunis;centre ville;rue de paris;lafayette,Tunisie,36.80327481115844,10.18100109204361,CULTURE_CENTER,INDOOR,AUTUMN,novembre,4,6,135,3,LOW,True,musee;culture;histoire;observation,VERY_HIGH,RECOMMENDED
912,Visite musée adaptée enfants - Maison de la Culture Ibn Rachiq,Découverte accompagnée avec jeu de questions simples et dessins après visite.,SORTIE,Maison de la Culture Ibn Rachiq,"Rue de Paris, Tunis, Tunisie",Tunis,tunis;centre ville;rue de paris;lafayette,Tunisie,36.80445900152041,10.181631820483394,CULTURE_CENTER,INDOOR,WINTER,fevrier,4,6,130,10,MEDIUM,True,musee;culture;histoire;observation,VERY_HIGH,RECOMMENDED
913,Spectacle marionnettes - Maison de la Culture Ibn Rachiq,Spectacle court avec échange autour des émotions et personnages.,SPECTACLE,Maison de la Culture Ibn Rachiq,"Rue de Paris, Tunis, Tunisie",Tunis,tunis;centre ville;rue de paris;lafayette,Tunisie,36.80442718707536,10.181740983299823,CULTURE_CENTER,INDOOR,ALL,all,2,6,80,8,LOW,True,spectacle;marionnettes;emotions;langage,HIGH,RECOMMENDED
914,Spectacle marionnettes - Maison de la Culture Ibn Rachiq,Spectacle court avec échange autour des émotions et personnages.,SPECTACLE,Maison de la Culture Ibn Rachiq,"Rue de Paris, Tunis, Tunisie",Tunis,tunis;centre ville;rue de paris;lafayette,Tunisie,36.80370504889935,10.181572873710817,CULTURE_CENTER,INDOOR,SPRING,mars,2,6,75,6,LOW,True,spectacle;marionnettes;emotions;langage,HIGH,RECOMMENDED
915,Spectacle marionnettes - Maison de la Culture Ibn Rachiq,Spectacle court avec échange autour des émotions et personnages.,SPECTACLE,Maison de la Culture Ibn Rachiq,"Rue de Paris, Tunis, Tunisie",Tunis,tunis;centre ville;rue de paris;lafayette,Tunisie,36.80392374871279,10.181671024154925,CULTURE_CENTER,INDOOR,SUMMER,aout,2,6,70,12,MEDIUM,True,spectacle;marionnettes;emotions;langage,HIGH,RECOMMENDED
916,Spectacle marionnettes - Maison de la Culture Ibn Rachiq,Spectacle court avec échange autour des émotions et personnages.,SPECTACLE,Maison de la Culture Ibn Rachiq,"Rue de Paris, Tunis, Tunisie",Tunis,tunis;centre ville;rue de paris;lafayette,Tunisie,36.80392876907126,10.181173222594637,CULTURE_CENTER,INDOOR,AUTUMN,septembre,2,6,70,8,LOW,True,spectacle;marionnettes;emotions;langage,HIGH,RECOMMENDED
917,Spectacle marionnettes - Maison de la Culture Ibn Rachiq,Spectacle court avec échange autour des émotions et personnages.,SPECTACLE,Maison de la Culture Ibn Rachiq,"Rue de Paris, Tunis, Tunisie",Tunis,tunis;centre ville;rue de paris;lafayette,Tunisie,36.80358498295686,10.181073754869734,CULTURE_CENTER,INDOOR,WINTER,fevrier,2,6,60,8,LOW,True,spectacle;marionnettes;emotions;langage,HIGH,RECOMMENDED
918,Conte musical - Maison de la Culture Ibn Rachiq,"Conte avec instruments, rythme et participation des enfants.",SPECTACLE,Maison de la Culture Ibn Rachiq,"Rue de Paris, Tunis, Tunisie",Tunis,tunis;centre ville;rue de paris;lafayette,Tunisie,36.80346073984478,10.180941276388506,CULTURE_CENTER,INDOOR,ALL,all,2,6,70,10,MEDIUM,True,musique;conte;rythme;ecoute,VERY_HIGH,RECOMMENDED
919,Conte musical - Maison de la Culture Ibn Rachiq,"Conte avec instruments, rythme et participation des enfants.",SPECTACLE,Maison de la Culture Ibn Rachiq,"Rue de Paris, Tunis, Tunisie",Tunis,tunis;centre ville;rue de paris;lafayette,Tunisie,36.80425495446991,10.180644772738342,CULTURE_CENTER,INDOOR,SPRING,mai,2,6,50,12,MEDIUM,True,musique;conte;rythme;ecoute,VERY_HIGH,RECOMMENDED
920,Conte musical - Maison de la Culture Ibn Rachiq,"Conte avec instruments, rythme et participation des enfants.",SPECTACLE,Maison de la Culture Ibn Rachiq,"Rue de Paris, Tunis, Tunisie",Tunis,tunis;centre ville;rue de paris;lafayette,Tunisie,36.80326174062707,10.179906129999015,CULTURE_CENTER,INDOOR,SUMMER,aout,2,6,50,3,LOW,True,musique;conte;rythme;ecoute,VERY_HIGH,HIGHLY_RECOMMENDED
921,Conte musical - Maison de la Culture Ibn Rachiq,"Conte avec instruments, rythme et participation des enfants.",SPECTACLE,Maison de la Culture Ibn Rachiq,"Rue de Paris, Tunis, Tunisie",Tunis,tunis;centre ville;rue de paris;lafayette,Tunisie,36.80446706478725,10.18116678065733,CULTURE_CENTER,INDOOR,AUTUMN,septembre,2,6,60,5,LOW,True,musique;conte;rythme;ecoute,VERY_HIGH,HIGHLY_RECOMMENDED
922,Conte musical - Maison de la Culture Ibn Rachiq,"Conte avec instruments, rythme et participation des enfants.",SPECTACLE,Maison de la Culture Ibn Rachiq,"Rue de Paris, Tunis, Tunisie",Tunis,tunis;centre ville;rue de paris;lafayette,Tunisie,36.80400718789609,10.179864612766485,CULTURE_CENTER,INDOOR,WINTER,decembre,2,6,70,5,LOW,True,musique;conte;rythme;ecoute,VERY_HIGH,HIGHLY_RECOMMENDED
923,Atelier cuisine froide - Maison de la Culture Ibn Rachiq,"Préparation simple sans cuisson: fruits, tartines et hygiène.",ATELIER,Maison de la Culture Ibn Rachiq,"Rue de Paris, Tunis, Tunisie",Tunis,tunis;centre ville;rue de paris;lafayette,Tunisie,36.80373221766752,10.181151052027039,CULTURE_CENTER,INDOOR,ALL,all,3,6,60,3,LOW,True,cuisine;hygiene;autonomie;gout,VERY_HIGH,HIGHLY_RECOMMENDED
924,Atelier cuisine froide - Maison de la Culture Ibn Rachiq,"Préparation simple sans cuisson: fruits, tartines et hygiène.",ATELIER,Maison de la Culture Ibn Rachiq,"Rue de Paris, Tunis, Tunisie",Tunis,tunis;centre ville;rue de paris;lafayette,Tunisie,36.80327777332422,10.180821844607358,CULTURE_CENTER,INDOOR,SPRING,mai,3,6,65,9,MEDIUM,True,cuisine;hygiene;autonomie;gout,VERY_HIGH,RECOMMENDED
925,Atelier cuisine froide - Maison de la Culture Ibn Rachiq,"Préparation simple sans cuisson: fruits, tartines et hygiène.",ATELIER,Maison de la Culture Ibn Rachiq,"Rue de Paris, Tunis, Tunisie",Tunis,tunis;centre ville;rue de paris;lafayette,Tunisie,36.804352969622336,10.180575109297283,CULTURE_CENTER,INDOOR,SUMMER,aout,3,6,65,3,LOW,True,cuisine;hygiene;autonomie;gout,VERY_HIGH,HIGHLY_RECOMMENDED
926,Atelier cuisine froide - Maison de la Culture Ibn Rachiq,"Préparation simple sans cuisson: fruits, tartines et hygiène.",ATELIER,Maison de la Culture Ibn Rachiq,"Rue de Paris, Tunis, Tunisie",Tunis,tunis;centre ville;rue de paris;lafayette,Tunisie,36.80252593047535,10.180302682256745,CULTURE_CENTER,INDOOR,AUTUMN,novembre,3,6,70,3,LOW,True,cuisine;hygiene;autonomie;gout,VERY_HIGH,HIGHLY_RECOMMENDED
927,Atelier cuisine froide - Maison de la Culture Ibn Rachiq,"Préparation simple sans cuisson: fruits, tartines et hygiène.",ATELIER,Maison de la Culture Ibn Rachiq,"Rue de Paris, Tunis, Tunisie",Tunis,tunis;centre ville;rue de paris;lafayette,Tunisie,36.804010215410415,10.180893230273401,CULTURE_CENTER,INDOOR,WINTER,decembre,3,6,60,5,LOW,True,cuisine;hygiene;autonomie;gout,VERY_HIGH,HIGHLY_RECOMMENDED
928,Chasse aux formes - Maison de la Culture Ibn Rachiq,Recherche de formes et couleurs dans un espace sécurisé.,ACTIVITE,Maison de la Culture Ibn Rachiq,"Rue de Paris, Tunis, Tunisie",Tunis,tunis;centre ville;rue de paris;lafayette,Tunisie,36.803088355443606,10.180154851796976,CULTURE_CENTER,INDOOR,ALL,all,2,5,45,3,LOW,True,formes;couleurs;observation;jeu,HIGH,RECOMMENDED
929,Chasse aux formes - Maison de la Culture Ibn Rachiq,Recherche de formes et couleurs dans un espace sécurisé.,ACTIVITE,Maison de la Culture Ibn Rachiq,"Rue de Paris, Tunis, Tunisie",Tunis,tunis;centre ville;rue de paris;lafayette,Tunisie,36.80397015897205,10.180038707622545,CULTURE_CENTER,INDOOR,SPRING,mars,2,5,45,3,LOW,True,formes;couleurs;observation;jeu,HIGH,RECOMMENDED
930,Chasse aux formes - Maison de la Culture Ibn Rachiq,Recherche de formes et couleurs dans un espace sécurisé.,ACTIVITE,Maison de la Culture Ibn Rachiq,"Rue de Paris, Tunis, Tunisie",Tunis,tunis;centre ville;rue de paris;lafayette,Tunisie,36.80361319724119,10.18006013306023,CULTURE_CENTER,INDOOR,SUMMER,juillet,2,5,60,5,LOW,True,formes;couleurs;observation;jeu,HIGH,RECOMMENDED
931,Chasse aux formes - Maison de la Culture Ibn Rachiq,Recherche de formes et couleurs dans un espace sécurisé.,ACTIVITE,Maison de la Culture Ibn Rachiq,"Rue de Paris, Tunis, Tunisie",Tunis,tunis;centre ville;rue de paris;lafayette,Tunisie,36.80343266267642,10.18167498890094,CULTURE_CENTER,INDOOR,AUTUMN,septembre,2,5,45,5,LOW,True,formes;couleurs;observation;jeu,HIGH,RECOMMENDED
932,Chasse aux formes - Maison de la Culture Ibn Rachiq,Recherche de formes et couleurs dans un espace sécurisé.,ACTIVITE,Maison de la Culture Ibn Rachiq,"Rue de Paris, Tunis, Tunisie",Tunis,tunis;centre ville;rue de paris;lafayette,Tunisie,36.803693760664025,10.181347321899718,CULTURE_CENTER,INDOOR,WINTER,decembre,2,5,60,5,LOW,True,formes;couleurs;observation;jeu,HIGH,RECOMMENDED
933,Sortie patrimoine en images - Maison de la Culture Ibn Rachiq,"Découverte d un lieu historique avec photos, croquis et vocabulaire.",SORTIE,Maison de la Culture Ibn Rachiq,"Rue de Paris, Tunis, Tunisie",Tunis,tunis;centre ville;rue de paris;lafayette,Tunisie,36.803600320359436,10.179945761590957,CULTURE_CENTER,INDOOR,ALL,all,4,6,125,12,MEDIUM,True,patrimoine;histoire;langage;sortie,HIGH,POSSIBLE
934,Sortie patrimoine en images - Maison de la Culture Ibn Rachiq,"Découverte d un lieu historique avec photos, croquis et vocabulaire.",SORTIE,Maison de la Culture Ibn Rachiq,"Rue de Paris, Tunis, Tunisie",Tunis,tunis;centre ville;rue de paris;lafayette,Tunisie,36.803541212574665,10.181372516478675,CULTURE_CENTER,INDOOR,SPRING,mai,4,6,120,3,LOW,True,patrimoine;histoire;langage;sortie,HIGH,RECOMMENDED
935,Sortie patrimoine en images - Maison de la Culture Ibn Rachiq,"Découverte d un lieu historique avec photos, croquis et vocabulaire.",SORTIE,Maison de la Culture Ibn Rachiq,"Rue de Paris, Tunis, Tunisie",Tunis,tunis;centre ville;rue de paris;lafayette,Tunisie,36.80330683413285,10.180498805901724,CULTURE_CENTER,INDOOR,SUMMER,juillet,4,6,120,14,MEDIUM,True,patrimoine;histoire;langage;sortie,HIGH,POSSIBLE
936,Sortie patrimoine en images - Maison de la Culture Ibn Rachiq,"Découverte d un lieu historique avec photos, croquis et vocabulaire.",SORTIE,Maison de la Culture Ibn Rachiq,"Rue de Paris, Tunis, Tunisie",Tunis,tunis;centre ville;rue de paris;lafayette,Tunisie,36.803221595649326,10.18023689057157,CULTURE_CENTER,INDOOR,AUTUMN,novembre,4,6,130,8,LOW,True,patrimoine;histoire;langage;sortie,HIGH,RECOMMENDED
937,Sortie patrimoine en images - Maison de la Culture Ibn Rachiq,"Découverte d un lieu historique avec photos, croquis et vocabulaire.",SORTIE,Maison de la Culture Ibn Rachiq,"Rue de Paris, Tunis, Tunisie",Tunis,tunis;centre ville;rue de paris;lafayette,Tunisie,36.80383787693599,10.180691334492568,CULTURE_CENTER,INDOOR,WINTER,fevrier,4,6,120,3,LOW,True,patrimoine;histoire;langage;sortie,HIGH,RECOMMENDED
938,Jardinage pédagogique - Maison de la Culture Ibn Rachiq,"Planter, arroser et comprendre les besoins d une plante.",ACTIVITE,Maison de la Culture Ibn Rachiq,"Rue de Paris, Tunis, Tunisie",Tunis,tunis;centre ville;rue de paris;lafayette,Tunisie,36.80386510272154,10.180441874021014,CULTURE_CENTER,INDOOR,ALL,all,3,6,55,3,LOW,True,jardinage;nature;responsabilite;sensoriel,VERY_HIGH,HIGHLY_RECOMMENDED
939,Jardinage pédagogique - Maison de la Culture Ibn Rachiq,"Planter, arroser et comprendre les besoins d une plante.",ACTIVITE,Maison de la Culture Ibn Rachiq,"Rue de Paris, Tunis, Tunisie",Tunis,tunis;centre ville;rue de paris;lafayette,Tunisie,36.80358047462588,10.180365657988558,CULTURE_CENTER,INDOOR,SPRING,avril,3,6,70,5,LOW,True,jardinage;nature;responsabilite;sensoriel,VERY_HIGH,HIGHLY_RECOMMENDED
940,Jardinage pédagogique - Maison de la Culture Ibn Rachiq,"Planter, arroser et comprendre les besoins d une plante.",ACTIVITE,Maison de la Culture Ibn Rachiq,"Rue de Paris, Tunis, Tunisie",Tunis,tunis;centre ville;rue de paris;lafayette,Tunisie,36.80339111379514,10.179887703321821,CULTURE_CENTER,INDOOR,SUMMER,aout,3,6,65,9,MEDIUM,True,jardinage;nature;responsabilite;sensoriel,VERY_HIGH,RECOMMENDED
941,Jardinage pédagogique - Maison de la Culture Ibn Rachiq,"Planter, arroser et comprendre les besoins d une plante.",ACTIVITE,Maison de la Culture Ibn Rachiq,"Rue de Paris, Tunis, Tunisie",Tunis,tunis;centre ville;rue de paris;lafayette,Tunisie,36.802664690896094,10.179991912862173,CULTURE_CENTER,INDOOR,AUTUMN,octobre,3,6,55,9,MEDIUM,True,jardinage;nature;responsabilite;sensoriel,VERY_HIGH,RECOMMENDED
942,Jardinage pédagogique - Maison de la Culture Ibn Rachiq,"Planter, arroser et comprendre les besoins d une plante.",ACTIVITE,Maison de la Culture Ibn Rachiq,"Rue de Paris, Tunis, Tunisie",Tunis,tunis;centre ville;rue de paris;lafayette,Tunisie,36.80292156294987,10.181059028967821,CULTURE_CENTER,INDOOR,WINTER,fevrier,3,6,65,3,LOW,True,jardinage;nature;responsabilite;sensoriel,VERY_HIGH,HIGHLY_RECOMMENDED
943,Lecture de contes illustrés - Trampolia Tunisia Mall,"Histoires courtes, images et discussion pour stimuler le langage.",ACTIVITE,Trampolia Tunisia Mall,"Tunisia Mall, Les Berges du Lac 2, Tunis, Tunisie",Tunis,lac 2;tunis;tunisia mall;la marsa;carthage,Tunisie,36.84897133015549,10.278511159135963,PLAYGROUND,INDOOR,ALL,all,2,6,50,22,HIGH,True,lecture;contes;langage;calme,VERY_HIGH,RECOMMENDED
944,Lecture de contes illustrés - Trampolia Tunisia Mall,"Histoires courtes, images et discussion pour stimuler le langage.",ACTIVITE,Trampolia Tunisia Mall,"Tunisia Mall, Les Berges du Lac 2, Tunis, Tunisie",Tunis,lac 2;tunis;tunisia mall;la marsa;carthage,Tunisie,36.84879378165135,10.278407509154436,PLAYGROUND,INDOOR,SPRING,mai,2,6,50,18,MEDIUM,True,lecture;contes;langage;calme,VERY_HIGH,RECOMMENDED
945,Lecture de contes illustrés - Trampolia Tunisia Mall,"Histoires courtes, images et discussion pour stimuler le langage.",ACTIVITE,Trampolia Tunisia Mall,"Tunisia Mall, Les Berges du Lac 2, Tunis, Tunisie",Tunis,lac 2;tunis;tunisia mall;la marsa;carthage,Tunisie,36.84737577262949,10.278246496058319,PLAYGROUND,INDOOR,SUMMER,aout,2,6,40,20,HIGH,True,lecture;contes;langage;calme,VERY_HIGH,RECOMMENDED
946,Lecture de contes illustrés - Trampolia Tunisia Mall,"Histoires courtes, images et discussion pour stimuler le langage.",ACTIVITE,Trampolia Tunisia Mall,"Tunisia Mall, Les Berges du Lac 2, Tunis, Tunisie",Tunis,lac 2;tunis;tunisia mall;la marsa;carthage,Tunisie,36.847440884184465,10.279743238637263,PLAYGROUND,INDOOR,AUTUMN,octobre,2,6,45,24,HIGH,True,lecture;contes;langage;calme,VERY_HIGH,RECOMMENDED
947,Lecture de contes illustrés - Trampolia Tunisia Mall,"Histoires courtes, images et discussion pour stimuler le langage.",ACTIVITE,Trampolia Tunisia Mall,"Tunisia Mall, Les Berges du Lac 2, Tunis, Tunisie",Tunis,lac 2;tunis;tunisia mall;la marsa;carthage,Tunisie,36.84820225132749,10.278908896041408,PLAYGROUND,INDOOR,WINTER,janvier,2,6,45,22,HIGH,True,lecture;contes;langage;calme,VERY_HIGH,RECOMMENDED
948,Sortie découverte nature - Trampolia Tunisia Mall,"Observation des arbres, oiseaux, feuilles et petits jeux calmes.",SORTIE,Trampolia Tunisia Mall,"Tunisia Mall, Les Berges du Lac 2, Tunis, Tunisie",Tunis,lac 2;tunis;tunisia mall;la marsa;carthage,Tunisie,36.84864659746466,10.279169668740122,PLAYGROUND,INDOOR,ALL,all,3,6,90,21,HIGH,True,nature;observation;ecologie;sortie,VERY_HIGH,RECOMMENDED
949,Sortie découverte nature - Trampolia Tunisia Mall,"Observation des arbres, oiseaux, feuilles et petits jeux calmes.",SORTIE,Trampolia Tunisia Mall,"Tunisia Mall, Les Berges du Lac 2, Tunis, Tunisie",Tunis,lac 2;tunis;tunisia mall;la marsa;carthage,Tunisie,36.84870176406277,10.278245178889598,PLAYGROUND,INDOOR,SPRING,mai,3,6,90,24,HIGH,True,nature;observation;ecologie;sortie,VERY_HIGH,RECOMMENDED
950,Sortie découverte nature - Trampolia Tunisia Mall,"Observation des arbres, oiseaux, feuilles et petits jeux calmes.",SORTIE,Trampolia Tunisia Mall,"Tunisia Mall, Les Berges du Lac 2, Tunis, Tunisie",Tunis,lac 2;tunis;tunisia mall;la marsa;carthage,Tunisie,36.847473010442876,10.279630548482041,PLAYGROUND,INDOOR,SUMMER,juillet,3,6,110,25,HIGH,True,nature;observation;ecologie;sortie,VERY_HIGH,RECOMMENDED
951,Sortie découverte nature - Trampolia Tunisia Mall,"Observation des arbres, oiseaux, feuilles et petits jeux calmes.",SORTIE,Trampolia Tunisia Mall,"Tunisia Mall, Les Berges du Lac 2, Tunis, Tunisie",Tunis,lac 2;tunis;tunisia mall;la marsa;carthage,Tunisie,36.847361638302715,10.278412646948299,PLAYGROUND,INDOOR,AUTUMN,octobre,3,6,100,27,HIGH,True,nature;observation;ecologie;sortie,VERY_HIGH,RECOMMENDED
952,Sortie découverte nature - Trampolia Tunisia Mall,"Observation des arbres, oiseaux, feuilles et petits jeux calmes.",SORTIE,Trampolia Tunisia Mall,"Tunisia Mall, Les Berges du Lac 2, Tunis, Tunisie",Tunis,lac 2;tunis;tunisia mall;la marsa;carthage,Tunisie,36.84788995693863,10.27936809133804,PLAYGROUND,INDOOR,WINTER,decembre,3,6,105,27,HIGH,True,nature;observation;ecologie;sortie,VERY_HIGH,RECOMMENDED
953,Mini randonnée éducative - Trampolia Tunisia Mall,"Promenade courte avec pauses, consignes de sécurité et découverte.",SORTIE,Trampolia Tunisia Mall,"Tunisia Mall, Les Berges du Lac 2, Tunis, Tunisie",Tunis,lac 2;tunis;tunisia mall;la marsa;carthage,Tunisie,36.84840704837553,10.27921013949128,PLAYGROUND,INDOOR,ALL,all,4,6,90,20,HIGH,True,marche;nature;autonomie;securite,HIGH,POSSIBLE
954,Mini randonnée éducative - Trampolia Tunisia Mall,"Promenade courte avec pauses, consignes de sécurité et découverte.",SORTIE,Trampolia Tunisia Mall,"Tunisia Mall, Les Berges du Lac 2, Tunis, Tunisie",Tunis,lac 2;tunis;tunisia mall;la marsa;carthage,Tunisie,36.84849330977491,10.279174304097108,PLAYGROUND,INDOOR,SPRING,mars,4,6,90,23,HIGH,True,marche;nature;autonomie;securite,HIGH,POSSIBLE
955,Mini randonnée éducative - Trampolia Tunisia Mall,"Promenade courte avec pauses, consignes de sécurité et découverte.",SORTIE,Trampolia Tunisia Mall,"Tunisia Mall, Les Berges du Lac 2, Tunis, Tunisie",Tunis,lac 2;tunis;tunisia mall;la marsa;carthage,Tunisie,36.84878286096608,10.279551874693391,PLAYGROUND,INDOOR,SUMMER,juillet,4,6,100,23,HIGH,True,marche;nature;autonomie;securite,HIGH,POSSIBLE
956,Mini randonnée éducative - Trampolia Tunisia Mall,"Promenade courte avec pauses, consignes de sécurité et découverte.",SORTIE,Trampolia Tunisia Mall,"Tunisia Mall, Les Berges du Lac 2, Tunis, Tunisie",Tunis,lac 2;tunis;tunisia mall;la marsa;carthage,Tunisie,36.84762190871513,10.278541575938714,PLAYGROUND,INDOOR,AUTUMN,octobre,4,6,105,24,HIGH,True,marche;nature;autonomie;securite,HIGH,POSSIBLE
957,Mini randonnée éducative - Trampolia Tunisia Mall,"Promenade courte avec pauses, consignes de sécurité et découverte.",SORTIE,Trampolia Tunisia Mall,"Tunisia Mall, Les Berges du Lac 2, Tunis, Tunisie",Tunis,lac 2;tunis;tunisia mall;la marsa;carthage,Tunisie,36.8486419558227,10.279234585288945,PLAYGROUND,INDOOR,WINTER,decembre,4,6,90,18,MEDIUM,True,marche;nature;autonomie;securite,HIGH,POSSIBLE
958,Visite musée adaptée enfants - Trampolia Tunisia Mall,Découverte accompagnée avec jeu de questions simples et dessins après visite.,SORTIE,Trampolia Tunisia Mall,"Tunisia Mall, Les Berges du Lac 2, Tunis, Tunisie",Tunis,lac 2;tunis;tunisia mall;la marsa;carthage,Tunisie,36.84858934902772,10.278246289144317,PLAYGROUND,INDOOR,ALL,all,4,6,120,27,HIGH,True,musee;culture;histoire;observation,VERY_HIGH,POSSIBLE
959,Visite musée adaptée enfants - Trampolia Tunisia Mall,Découverte accompagnée avec jeu de questions simples et dessins après visite.,SORTIE,Trampolia Tunisia Mall,"Tunisia Mall, Les Berges du Lac 2, Tunis, Tunisie",Tunis,lac 2;tunis;tunisia mall;la marsa;carthage,Tunisie,36.84875117851467,10.279074380820267,PLAYGROUND,INDOOR,SPRING,avril,4,6,135,18,MEDIUM,True,musee;culture;histoire;observation,VERY_HIGH,RECOMMENDED
960,Visite musée adaptée enfants - Trampolia Tunisia Mall,Découverte accompagnée avec jeu de questions simples et dessins après visite.,SORTIE,Trampolia Tunisia Mall,"Tunisia Mall, Les Berges du Lac 2, Tunis, Tunisie",Tunis,lac 2;tunis;tunisia mall;la marsa;carthage,Tunisie,36.8486109459614,10.27830009011455,PLAYGROUND,INDOOR,SUMMER,juillet,4,6,120,23,HIGH,True,musee;culture;histoire;observation,VERY_HIGH,POSSIBLE
961,Visite musée adaptée enfants - Trampolia Tunisia Mall,Découverte accompagnée avec jeu de questions simples et dessins après visite.,SORTIE,Trampolia Tunisia Mall,"Tunisia Mall, Les Berges du Lac 2, Tunis, Tunisie",Tunis,lac 2;tunis;tunisia mall;la marsa;carthage,Tunisie,36.84820129195643,10.279332684860519,PLAYGROUND,INDOOR,AUTUMN,septembre,4,6,135,23,HIGH,True,musee;culture;histoire;observation,VERY_HIGH,POSSIBLE
962,Visite musée adaptée enfants - Trampolia Tunisia Mall,Découverte accompagnée avec jeu de questions simples et dessins après visite.,SORTIE,Trampolia Tunisia Mall,"Tunisia Mall, Les Berges du Lac 2, Tunis, Tunisie",Tunis,lac 2;tunis;tunisia mall;la marsa;carthage,Tunisie,36.84843110401581,10.278828986871357,PLAYGROUND,INDOOR,WINTER,fevrier,4,6,135,24,HIGH,True,musee;culture;histoire;observation,VERY_HIGH,POSSIBLE
963,Parcours motricité - Trampolia Tunisia Mall,"Sauts, équilibre, tunnel et coordination avec encadrement.",SPORT,Trampolia Tunisia Mall,"Tunisia Mall, Les Berges du Lac 2, Tunis, Tunisie",Tunis,lac 2;tunis;tunisia mall;la marsa;carthage,Tunisie,36.84730966376533,10.27859235027709,PLAYGROUND,INDOOR,ALL,all,2,6,55,22,HIGH,True,sport;motricite;coordination;energie,HIGH,POSSIBLE
964,Parcours motricité - Trampolia Tunisia Mall,"Sauts, équilibre, tunnel et coordination avec encadrement.",SPORT,Trampolia Tunisia Mall,"Tunisia Mall, Les Berges du Lac 2, Tunis, Tunisie",Tunis,lac 2;tunis;tunisia mall;la marsa;carthage,Tunisie,36.84898022011756,10.278368611664765,PLAYGROUND,INDOOR,SPRING,mai,2,6,60,25,HIGH,True,sport;motricite;coordination;energie,HIGH,POSSIBLE
965,Parcours motricité - Trampolia Tunisia Mall,"Sauts, équilibre, tunnel et coordination avec encadrement.",SPORT,Trampolia Tunisia Mall,"Tunisia Mall, Les Berges du Lac 2, Tunis, Tunisie",Tunis,lac 2;tunis;tunisia mall;la marsa;carthage,Tunisie,36.84801748320423,10.278710943592891,PLAYGROUND,INDOOR,SUMMER,juillet,2,6,45,25,HIGH,True,sport;motricite;coordination;energie,HIGH,POSSIBLE
966,Parcours motricité - Trampolia Tunisia Mall,"Sauts, équilibre, tunnel et coordination avec encadrement.",SPORT,Trampolia Tunisia Mall,"Tunisia Mall, Les Berges du Lac 2, Tunis, Tunisie",Tunis,lac 2;tunis;tunisia mall;la marsa;carthage,Tunisie,36.84898358599068,10.279817427310741,PLAYGROUND,INDOOR,AUTUMN,septembre,2,6,55,24,HIGH,True,sport;motricite;coordination;energie,HIGH,POSSIBLE
967,Parcours motricité - Trampolia Tunisia Mall,"Sauts, équilibre, tunnel et coordination avec encadrement.",SPORT,Trampolia Tunisia Mall,"Tunisia Mall, Les Berges du Lac 2, Tunis, Tunisie",Tunis,lac 2;tunis;tunisia mall;la marsa;carthage,Tunisie,36.84876708923409,10.279353237770147,PLAYGROUND,INDOOR,WINTER,fevrier,2,6,45,21,HIGH,True,sport;motricite;coordination;energie,HIGH,POSSIBLE
968,Jeux collectifs doux - Trampolia Tunisia Mall,Jeux de ballon simples pour apprendre les règles et l équipe.,SPORT,Trampolia Tunisia Mall,"Tunisia Mall, Les Berges du Lac 2, Tunis, Tunisie",Tunis,lac 2;tunis;tunisia mall;la marsa;carthage,Tunisie,36.848563252988924,10.279725284799664,PLAYGROUND,INDOOR,ALL,all,3,6,80,23,HIGH,True,sport;cooperation;ballon;regles,HIGH,POSSIBLE
969,Jeux collectifs doux - Trampolia Tunisia Mall,Jeux de ballon simples pour apprendre les règles et l équipe.,SPORT,Trampolia Tunisia Mall,"Tunisia Mall, Les Berges du Lac 2, Tunis, Tunisie",Tunis,lac 2;tunis;tunisia mall;la marsa;carthage,Tunisie,36.84840318799706,10.279186938647836,PLAYGROUND,INDOOR,SPRING,mai,3,6,80,18,MEDIUM,True,sport;cooperation;ballon;regles,HIGH,RECOMMENDED
970,Jeux collectifs doux - Trampolia Tunisia Mall,Jeux de ballon simples pour apprendre les règles et l équipe.,SPORT,Trampolia Tunisia Mall,"Tunisia Mall, Les Berges du Lac 2, Tunis, Tunisie",Tunis,lac 2;tunis;tunisia mall;la marsa;carthage,Tunisie,36.848084996691696,10.279882875087441,PLAYGROUND,INDOOR,SUMMER,aout,3,6,75,21,HIGH,True,sport;cooperation;ballon;regles,HIGH,POSSIBLE
971,Jeux collectifs doux - Trampolia Tunisia Mall,Jeux de ballon simples pour apprendre les règles et l équipe.,SPORT,Trampolia Tunisia Mall,"Tunisia Mall, Les Berges du Lac 2, Tunis, Tunisie",Tunis,lac 2;tunis;tunisia mall;la marsa;carthage,Tunisie,36.84832082398669,10.278893570315299,PLAYGROUND,INDOOR,AUTUMN,septembre,3,6,60,27,HIGH,True,sport;cooperation;ballon;regles,HIGH,POSSIBLE
972,Jeux collectifs doux - Trampolia Tunisia Mall,Jeux de ballon simples pour apprendre les règles et l équipe.,SPORT,Trampolia Tunisia Mall,"Tunisia Mall, Les Berges du Lac 2, Tunis, Tunisie",Tunis,lac 2;tunis;tunisia mall;la marsa;carthage,Tunisie,36.84866832331368,10.279614412142546,PLAYGROUND,INDOOR,WINTER,fevrier,3,6,70,23,HIGH,True,sport;cooperation;ballon;regles,HIGH,POSSIBLE
973,Fête saisonnière - Trampolia Tunisia Mall,"Décoration, chants, jeux et goûter selon la saison.",FETE,Trampolia Tunisia Mall,"Tunisia Mall, Les Berges du Lac 2, Tunis, Tunisie",Tunis,lac 2;tunis;tunisia mall;la marsa;carthage,Tunisie,36.84765829036782,10.279997423663225,PLAYGROUND,INDOOR,ALL,all,2,6,85,22,HIGH,True,fete;chants;decoration;socialisation,HIGH,POSSIBLE
974,Fête saisonnière - Trampolia Tunisia Mall,"Décoration, chants, jeux et goûter selon la saison.",FETE,Trampolia Tunisia Mall,"Tunisia Mall, Les Berges du Lac 2, Tunis, Tunisie",Tunis,lac 2;tunis;tunisia mall;la marsa;carthage,Tunisie,36.847380839652104,10.279622944755667,PLAYGROUND,INDOOR,SPRING,mai,2,6,85,25,HIGH,True,fete;chants;decoration;socialisation,HIGH,POSSIBLE
975,Fête saisonnière - Trampolia Tunisia Mall,"Décoration, chants, jeux et goûter selon la saison.",FETE,Trampolia Tunisia Mall,"Tunisia Mall, Les Berges du Lac 2, Tunis, Tunisie",Tunis,lac 2;tunis;tunisia mall;la marsa;carthage,Tunisie,36.8477680373377,10.27943717120002,PLAYGROUND,INDOOR,SUMMER,juin,2,6,90,23,HIGH,True,fete;chants;decoration;socialisation,HIGH,POSSIBLE
976,Fête saisonnière - Trampolia Tunisia Mall,"Décoration, chants, jeux et goûter selon la saison.",FETE,Trampolia Tunisia Mall,"Tunisia Mall, Les Berges du Lac 2, Tunis, Tunisie",Tunis,lac 2;tunis;tunisia mall;la marsa;carthage,Tunisie,36.849063103962635,10.27817980939717,PLAYGROUND,INDOOR,AUTUMN,octobre,2,6,90,25,HIGH,True,fete;chants;decoration;socialisation,HIGH,POSSIBLE
977,Fête saisonnière - Trampolia Tunisia Mall,"Décoration, chants, jeux et goûter selon la saison.",FETE,Trampolia Tunisia Mall,"Tunisia Mall, Les Berges du Lac 2, Tunis, Tunisie",Tunis,lac 2;tunis;tunisia mall;la marsa;carthage,Tunisie,36.84895929431131,10.279769744532434,PLAYGROUND,INDOOR,WINTER,decembre,2,6,90,29,HIGH,True,fete;chants;decoration;socialisation,HIGH,POSSIBLE
978,Chasse aux formes - Trampolia Tunisia Mall,Recherche de formes et couleurs dans un espace sécurisé.,ACTIVITE,Trampolia Tunisia Mall,"Tunisia Mall, Les Berges du Lac 2, Tunis, Tunisie",Tunis,lac 2;tunis;tunisia mall;la marsa;carthage,Tunisie,36.848388700124175,10.278447699632892,PLAYGROUND,INDOOR,ALL,all,2,5,65,24,HIGH,True,formes;couleurs;observation;jeu,HIGH,POSSIBLE
979,Chasse aux formes - Trampolia Tunisia Mall,Recherche de formes et couleurs dans un espace sécurisé.,ACTIVITE,Trampolia Tunisia Mall,"Tunisia Mall, Les Berges du Lac 2, Tunis, Tunisie",Tunis,lac 2;tunis;tunisia mall;la marsa;carthage,Tunisie,36.848606673093116,10.279770938135353,PLAYGROUND,INDOOR,SPRING,avril,2,5,60,24,HIGH,True,formes;couleurs;observation;jeu,HIGH,POSSIBLE
980,Chasse aux formes - Trampolia Tunisia Mall,Recherche de formes et couleurs dans un espace sécurisé.,ACTIVITE,Trampolia Tunisia Mall,"Tunisia Mall, Les Berges du Lac 2, Tunis, Tunisie",Tunis,lac 2;tunis;tunisia mall;la marsa;carthage,Tunisie,36.848332743564335,10.278805796015519,PLAYGROUND,INDOOR,SUMMER,juillet,2,5,60,18,MEDIUM,True,formes;couleurs;observation;jeu,HIGH,RECOMMENDED
981,Chasse aux formes - Trampolia Tunisia Mall,Recherche de formes et couleurs dans un espace sécurisé.,ACTIVITE,Trampolia Tunisia Mall,"Tunisia Mall, Les Berges du Lac 2, Tunis, Tunisie",Tunis,lac 2;tunis;tunisia mall;la marsa;carthage,Tunisie,36.84907434388703,10.278113195373145,PLAYGROUND,INDOOR,AUTUMN,octobre,2,5,55,22,HIGH,True,formes;couleurs;observation;jeu,HIGH,POSSIBLE
982,Chasse aux formes - Trampolia Tunisia Mall,Recherche de formes et couleurs dans un espace sécurisé.,ACTIVITE,Trampolia Tunisia Mall,"Tunisia Mall, Les Berges du Lac 2, Tunis, Tunisie",Tunis,lac 2;tunis;tunisia mall;la marsa;carthage,Tunisie,36.84775998153206,10.279129082546286,PLAYGROUND,INDOOR,WINTER,janvier,2,5,60,18,MEDIUM,True,formes;couleurs;observation;jeu,HIGH,RECOMMENDED
983,Sortie patrimoine en images - Trampolia Tunisia Mall,"Découverte d un lieu historique avec photos, croquis et vocabulaire.",SORTIE,Trampolia Tunisia Mall,"Tunisia Mall, Les Berges du Lac 2, Tunis, Tunisie",Tunis,lac 2;tunis;tunisia mall;la marsa;carthage,Tunisie,36.84767381135162,10.27882444588843,PLAYGROUND,INDOOR,ALL,all,4,6,110,18,MEDIUM,True,patrimoine;histoire;langage;sortie,HIGH,POSSIBLE
984,Sortie patrimoine en images - Trampolia Tunisia Mall,"Découverte d un lieu historique avec photos, croquis et vocabulaire.",SORTIE,Trampolia Tunisia Mall,"Tunisia Mall, Les Berges du Lac 2, Tunis, Tunisie",Tunis,lac 2;tunis;tunisia mall;la marsa;carthage,Tunisie,36.84892234525875,10.27954051131775,PLAYGROUND,INDOOR,SPRING,mai,4,6,130,21,HIGH,True,patrimoine;histoire;langage;sortie,HIGH,POSSIBLE
985,Sortie patrimoine en images - Trampolia Tunisia Mall,"Découverte d un lieu historique avec photos, croquis et vocabulaire.",SORTIE,Trampolia Tunisia Mall,"Tunisia Mall, Les Berges du Lac 2, Tunis, Tunisie",Tunis,lac 2;tunis;tunisia mall;la marsa;carthage,Tunisie,36.84772140790211,10.278422492519725,PLAYGROUND,INDOOR,SUMMER,aout,4,6,130,25,HIGH,True,patrimoine;histoire;langage;sortie,HIGH,POSSIBLE
986,Sortie patrimoine en images - Trampolia Tunisia Mall,"Découverte d un lieu historique avec photos, croquis et vocabulaire.",SORTIE,Trampolia Tunisia Mall,"Tunisia Mall, Les Berges du Lac 2, Tunis, Tunisie",Tunis,lac 2;tunis;tunisia mall;la marsa;carthage,Tunisie,36.8475557702299,10.279284695320742,PLAYGROUND,INDOOR,AUTUMN,septembre,4,6,120,18,MEDIUM,True,patrimoine;histoire;langage;sortie,HIGH,POSSIBLE
987,Sortie patrimoine en images - Trampolia Tunisia Mall,"Découverte d un lieu historique avec photos, croquis et vocabulaire.",SORTIE,Trampolia Tunisia Mall,"Tunisia Mall, Les Berges du Lac 2, Tunis, Tunisie",Tunis,lac 2;tunis;tunisia mall;la marsa;carthage,Tunisie,36.84908159534294,10.27839373020017,PLAYGROUND,INDOOR,WINTER,fevrier,4,6,120,24,HIGH,True,patrimoine;histoire;langage;sortie,HIGH,POSSIBLE
988,Jardinage pédagogique - Trampolia Tunisia Mall,"Planter, arroser et comprendre les besoins d une plante.",ACTIVITE,Trampolia Tunisia Mall,"Tunisia Mall, Les Berges du Lac 2, Tunis, Tunisie",Tunis,lac 2;tunis;tunisia mall;la marsa;carthage,Tunisie,36.84914489374131,10.279133281385276,PLAYGROUND,INDOOR,ALL,all,3,6,75,20,HIGH,True,jardinage;nature;responsabilite;sensoriel,VERY_HIGH,RECOMMENDED
989,Jardinage pédagogique - Trampolia Tunisia Mall,"Planter, arroser et comprendre les besoins d une plante.",ACTIVITE,Trampolia Tunisia Mall,"Tunisia Mall, Les Berges du Lac 2, Tunis, Tunisie",Tunis,lac 2;tunis;tunisia mall;la marsa;carthage,Tunisie,36.848575245413464,10.279857017965906,PLAYGROUND,INDOOR,SPRING,mai,3,6,70,24,HIGH,True,jardinage;nature;responsabilite;sensoriel,VERY_HIGH,RECOMMENDED
990,Jardinage pédagogique - Trampolia Tunisia Mall,"Planter, arroser et comprendre les besoins d une plante.",ACTIVITE,Trampolia Tunisia Mall,"Tunisia Mall, Les Berges du Lac 2, Tunis, Tunisie",Tunis,lac 2;tunis;tunisia mall;la marsa;carthage,Tunisie,36.84819840672324,10.280085551647415,PLAYGROUND,INDOOR,SUMMER,juin,3,6,75,18,MEDIUM,True,jardinage;nature;responsabilite;sensoriel,VERY_HIGH,RECOMMENDED
991,Jardinage pédagogique - Trampolia Tunisia Mall,"Planter, arroser et comprendre les besoins d une plante.",ACTIVITE,Trampolia Tunisia Mall,"Tunisia Mall, Les Berges du Lac 2, Tunis, Tunisie",Tunis,lac 2;tunis;tunisia mall;la marsa;carthage,Tunisie,36.84896072714941,10.279301677428823,PLAYGROUND,INDOOR,AUTUMN,septembre,3,6,65,18,MEDIUM,True,jardinage;nature;responsabilite;sensoriel,VERY_HIGH,RECOMMENDED
992,Jardinage pédagogique - Trampolia Tunisia Mall,"Planter, arroser et comprendre les besoins d une plante.",ACTIVITE,Trampolia Tunisia Mall,"Tunisia Mall, Les Berges du Lac 2, Tunis, Tunisie",Tunis,lac 2;tunis;tunisia mall;la marsa;carthage,Tunisie,36.84782904139709,10.279548373596155,PLAYGROUND,INDOOR,WINTER,fevrier,3,6,70,24,HIGH,True,jardinage;nature;responsabilite;sensoriel,VERY_HIGH,RECOMMENDED
993,Lecture de contes illustrés - Magic City Azur City,"Histoires courtes, images et discussion pour stimuler le langage.",ACTIVITE,Magic City Azur City,"Azur City, Ben Arous, Tunisie",Ben Arous,ben arous;azur city;banlieue sud;ezzahra;hammam lif,Tunisie,36.694793066725,10.312637685794082,PLAYGROUND,INDOOR,ALL,all,2,6,50,22,HIGH,True,lecture;contes;langage;calme,VERY_HIGH,RECOMMENDED
994,Lecture de contes illustrés - Magic City Azur City,"Histoires courtes, images et discussion pour stimuler le langage.",ACTIVITE,Magic City Azur City,"Azur City, Ben Arous, Tunisie",Ben Arous,ben arous;azur city;banlieue sud;ezzahra;hammam lif,Tunisie,36.69381714022781,10.312904697098176,PLAYGROUND,INDOOR,SPRING,avril,2,6,50,18,MEDIUM,True,lecture;contes;langage;calme,VERY_HIGH,RECOMMENDED
995,Lecture de contes illustrés - Magic City Azur City,"Histoires courtes, images et discussion pour stimuler le langage.",ACTIVITE,Magic City Azur City,"Azur City, Ben Arous, Tunisie",Ben Arous,ben arous;azur city;banlieue sud;ezzahra;hammam lif,Tunisie,36.69379259715345,10.31345173837098,PLAYGROUND,INDOOR,SUMMER,juin,2,6,30,24,HIGH,True,lecture;contes;langage;calme,VERY_HIGH,RECOMMENDED
996,Lecture de contes illustrés - Magic City Azur City,"Histoires courtes, images et discussion pour stimuler le langage.",ACTIVITE,Magic City Azur City,"Azur City, Ben Arous, Tunisie",Ben Arous,ben arous;azur city;banlieue sud;ezzahra;hammam lif,Tunisie,36.69510476630207,10.312686379931602,PLAYGROUND,INDOOR,AUTUMN,novembre,2,6,40,24,HIGH,True,lecture;contes;langage;calme,VERY_HIGH,RECOMMENDED
997,Lecture de contes illustrés - Magic City Azur City,"Histoires courtes, images et discussion pour stimuler le langage.",ACTIVITE,Magic City Azur City,"Azur City, Ben Arous, Tunisie",Ben Arous,ben arous;azur city;banlieue sud;ezzahra;hammam lif,Tunisie,36.6952550435573,10.314293937905694,PLAYGROUND,INDOOR,WINTER,fevrier,2,6,50,24,HIGH,True,lecture;contes;langage;calme,VERY_HIGH,RECOMMENDED
998,Sortie découverte nature - Magic City Azur City,"Observation des arbres, oiseaux, feuilles et petits jeux calmes.",SORTIE,Magic City Azur City,"Azur City, Ben Arous, Tunisie",Ben Arous,ben arous;azur city;banlieue sud;ezzahra;hammam lif,Tunisie,36.6943407549005,10.312586876566673,PLAYGROUND,INDOOR,ALL,all,3,6,110,27,HIGH,True,nature;observation;ecologie;sortie,VERY_HIGH,RECOMMENDED
999,Sortie découverte nature - Magic City Azur City,"Observation des arbres, oiseaux, feuilles et petits jeux calmes.",SORTIE,Magic City Azur City,"Azur City, Ben Arous, Tunisie",Ben Arous,ben arous;azur city;banlieue sud;ezzahra;hammam lif,Tunisie,36.69430103562756,10.314109242077787,PLAYGROUND,INDOOR,SPRING,mars,3,6,90,25,HIGH,True,nature;observation;ecologie;sortie,VERY_HIGH,RECOMMENDED
1000,Sortie découverte nature - Magic City Azur City,"Observation des arbres, oiseaux, feuilles et petits jeux calmes.",SORTIE,Magic City Azur City,"Azur City, Ben Arous, Tunisie",Ben Arous,ben arous;azur city;banlieue sud;ezzahra;hammam lif,Tunisie,36.69455428247401,10.312965025781244,PLAYGROUND,INDOOR,SUMMER,juillet,3,6,90,21,HIGH,True,nature;observation;ecologie;sortie,VERY_HIGH,RECOMMENDED
1001,Sortie découverte nature - Magic City Azur City,"Observation des arbres, oiseaux, feuilles et petits jeux calmes.",SORTIE,Magic City Azur City,"Azur City, Ben Arous, Tunisie",Ben Arous,ben arous;azur city;banlieue sud;ezzahra;hammam lif,Tunisie,36.69441729340937,10.312878042027435,PLAYGROUND,INDOOR,AUTUMN,octobre,3,6,90,29,HIGH,True,nature;observation;ecologie;sortie,VERY_HIGH,RECOMMENDED
1002,Sortie découverte nature - Magic City Azur City,"Observation des arbres, oiseaux, feuilles et petits jeux calmes.",SORTIE,Magic City Azur City,"Azur City, Ben Arous, Tunisie",Ben Arous,ben arous;azur city;banlieue sud;ezzahra;hammam lif,Tunisie,36.694639523691045,10.313250059763408,PLAYGROUND,INDOOR,WINTER,fevrier,3,6,100,24,HIGH,True,nature;observation;ecologie;sortie,VERY_HIGH,RECOMMENDED
1003,Mini randonnée éducative - Magic City Azur City,"Promenade courte avec pauses, consignes de sécurité et découverte.",SORTIE,Magic City Azur City,"Azur City, Ben Arous, Tunisie",Ben Arous,ben arous;azur city;banlieue sud;ezzahra;hammam lif,Tunisie,36.69432453957955,10.312809557161122,PLAYGROUND,INDOOR,ALL,all,4,6,105,23,HIGH,True,marche;nature;autonomie;securite,HIGH,POSSIBLE
1004,Mini randonnée éducative - Magic City Azur City,"Promenade courte avec pauses, consignes de sécurité et découverte.",SORTIE,Magic City Azur City,"Azur City, Ben Arous, Tunisie",Ben Arous,ben arous;azur city;banlieue sud;ezzahra;hammam lif,Tunisie,36.694729340475284,10.313723761354023,PLAYGROUND,INDOOR,SPRING,avril,4,6,110,27,HIGH,True,marche;nature;autonomie;securite,HIGH,POSSIBLE
1005,Mini randonnée éducative - Magic City Azur City,"Promenade courte avec pauses, consignes de sécurité et découverte.",SORTIE,Magic City Azur City,"Azur City, Ben Arous, Tunisie",Ben Arous,ben arous;azur city;banlieue sud;ezzahra;hammam lif,Tunisie,36.69516757683393,10.313464935514013,PLAYGROUND,INDOOR,SUMMER,juin,4,6,105,27,HIGH,True,marche;nature;autonomie;securite,HIGH,POSSIBLE
1006,Mini randonnée éducative - Magic City Azur City,"Promenade courte avec pauses, consignes de sécurité et découverte.",SORTIE,Magic City Azur City,"Azur City, Ben Arous, Tunisie",Ben Arous,ben arous;azur city;banlieue sud;ezzahra;hammam lif,Tunisie,36.694107555290884,10.31311330617335,PLAYGROUND,INDOOR,AUTUMN,novembre,4,6,105,27,HIGH,True,marche;nature;autonomie;securite,HIGH,POSSIBLE
1007,Mini randonnée éducative - Magic City Azur City,"Promenade courte avec pauses, consignes de sécurité et découverte.",SORTIE,Magic City Azur City,"Azur City, Ben Arous, Tunisie",Ben Arous,ben arous;azur city;banlieue sud;ezzahra;hammam lif,Tunisie,36.69387613703691,10.314227661053229,PLAYGROUND,INDOOR,WINTER,fevrier,4,6,90,27,HIGH,True,marche;nature;autonomie;securite,HIGH,POSSIBLE
1008,Visite musée adaptée enfants - Magic City Azur City,Découverte accompagnée avec jeu de questions simples et dessins après visite.,SORTIE,Magic City Azur City,"Azur City, Ben Arous, Tunisie",Ben Arous,ben arous;azur city;banlieue sud;ezzahra;hammam lif,Tunisie,36.69516621852069,10.31439849035683,PLAYGROUND,INDOOR,ALL,all,4,6,120,21,HIGH,True,musee;culture;histoire;observation,VERY_HIGH,POSSIBLE
1009,Visite musée adaptée enfants - Magic City Azur City,Découverte accompagnée avec jeu de questions simples et dessins après visite.,SORTIE,Magic City Azur City,"Azur City, Ben Arous, Tunisie",Ben Arous,ben arous;azur city;banlieue sud;ezzahra;hammam lif,Tunisie,36.69517216224579,10.3141017074667,PLAYGROUND,INDOOR,SPRING,mars,4,6,120,27,HIGH,True,musee;culture;histoire;observation,VERY_HIGH,POSSIBLE
1010,Visite musée adaptée enfants - Magic City Azur City,Découverte accompagnée avec jeu de questions simples et dessins après visite.,SORTIE,Magic City Azur City,"Azur City, Ben Arous, Tunisie",Ben Arous,ben arous;azur city;banlieue sud;ezzahra;hammam lif,Tunisie,36.693610581266945,10.312682177168476,PLAYGROUND,INDOOR,SUMMER,juin,4,6,130,27,HIGH,True,musee;culture;histoire;observation,VERY_HIGH,POSSIBLE
1011,Visite musée adaptée enfants - Magic City Azur City,Découverte accompagnée avec jeu de questions simples et dessins après visite.,SORTIE,Magic City Azur City,"Azur City, Ben Arous, Tunisie",Ben Arous,ben arous;azur city;banlieue sud;ezzahra;hammam lif,Tunisie,36.69377628137863,10.313026183995929,PLAYGROUND,INDOOR,AUTUMN,octobre,4,6,135,27,HIGH,True,musee;culture;histoire;observation,VERY_HIGH,POSSIBLE
1012,Visite musée adaptée enfants - Magic City Azur City,Découverte accompagnée avec jeu de questions simples et dessins après visite.,SORTIE,Magic City Azur City,"Azur City, Ben Arous, Tunisie",Ben Arous,ben arous;azur city;banlieue sud;ezzahra;hammam lif,Tunisie,36.69504898942686,10.31436136998213,PLAYGROUND,INDOOR,WINTER,decembre,4,6,140,24,HIGH,True,musee;culture;histoire;observation,VERY_HIGH,POSSIBLE
1013,Parcours motricité - Magic City Azur City,"Sauts, équilibre, tunnel et coordination avec encadrement.",SPORT,Magic City Azur City,"Azur City, Ben Arous, Tunisie",Ben Arous,ben arous;azur city;banlieue sud;ezzahra;hammam lif,Tunisie,36.694642011086444,10.313923211663417,PLAYGROUND,INDOOR,ALL,all,2,6,45,29,HIGH,True,sport;motricite;coordination;energie,HIGH,POSSIBLE
1014,Parcours motricité - Magic City Azur City,"Sauts, équilibre, tunnel et coordination avec encadrement.",SPORT,Magic City Azur City,"Azur City, Ben Arous, Tunisie",Ben Arous,ben arous;azur city;banlieue sud;ezzahra;hammam lif,Tunisie,36.69362142079475,10.314201135272635,PLAYGROUND,INDOOR,SPRING,mars,2,6,60,25,HIGH,True,sport;motricite;coordination;energie,HIGH,POSSIBLE
1015,Parcours motricité - Magic City Azur City,"Sauts, équilibre, tunnel et coordination avec encadrement.",SPORT,Magic City Azur City,"Azur City, Ben Arous, Tunisie",Ben Arous,ben arous;azur city;banlieue sud;ezzahra;hammam lif,Tunisie,36.694621095700796,10.313896899465197,PLAYGROUND,INDOOR,SUMMER,juin,2,6,55,23,HIGH,True,sport;motricite;coordination;energie,HIGH,POSSIBLE
1016,Parcours motricité - Magic City Azur City,"Sauts, équilibre, tunnel et coordination avec encadrement.",SPORT,Magic City Azur City,"Azur City, Ben Arous, Tunisie",Ben Arous,ben arous;azur city;banlieue sud;ezzahra;hammam lif,Tunisie,36.694078513250574,10.312500574543709,PLAYGROUND,INDOOR,AUTUMN,novembre,2,6,55,21,HIGH,True,sport;motricite;coordination;energie,HIGH,POSSIBLE
1017,Parcours motricité - Magic City Azur City,"Sauts, équilibre, tunnel et coordination avec encadrement.",SPORT,Magic City Azur City,"Azur City, Ben Arous, Tunisie",Ben Arous,ben arous;azur city;banlieue sud;ezzahra;hammam lif,Tunisie,36.694306255326715,10.313290286234102,PLAYGROUND,INDOOR,WINTER,decembre,2,6,55,23,HIGH,True,sport;motricite;coordination;energie,HIGH,POSSIBLE
1018,Jeux collectifs doux - Magic City Azur City,Jeux de ballon simples pour apprendre les règles et l équipe.,SPORT,Magic City Azur City,"Azur City, Ben Arous, Tunisie",Ben Arous,ben arous;azur city;banlieue sud;ezzahra;hammam lif,Tunisie,36.695073851080295,10.312637234343873,PLAYGROUND,INDOOR,ALL,all,3,6,60,24,HIGH,True,sport;cooperation;ballon;regles,HIGH,POSSIBLE
1019,Jeux collectifs doux - Magic City Azur City,Jeux de ballon simples pour apprendre les règles et l équipe.,SPORT,Magic City Azur City,"Azur City, Ben Arous, Tunisie",Ben Arous,ben arous;azur city;banlieue sud;ezzahra;hammam lif,Tunisie,36.6952595296049,10.314330017947896,PLAYGROUND,INDOOR,SPRING,mai,3,6,75,25,HIGH,True,sport;cooperation;ballon;regles,HIGH,POSSIBLE
1020,Jeux collectifs doux - Magic City Azur City,Jeux de ballon simples pour apprendre les règles et l équipe.,SPORT,Magic City Azur City,"Azur City, Ben Arous, Tunisie",Ben Arous,ben arous;azur city;banlieue sud;ezzahra;hammam lif,Tunisie,36.69481272681598,10.312889050386172,PLAYGROUND,INDOOR,SUMMER,juillet,3,6,80,20,HIGH,True,sport;cooperation;ballon;regles,HIGH,POSSIBLE
1021,Jeux collectifs doux - Magic City Azur City,Jeux de ballon simples pour apprendre les règles et l équipe.,SPORT,Magic City Azur City,"Azur City, Ben Arous, Tunisie",Ben Arous,ben arous;azur city;banlieue sud;ezzahra;hammam lif,Tunisie,36.69395006957363,10.31351247619251,PLAYGROUND,INDOOR,AUTUMN,novembre,3,6,60,21,HIGH,True,sport;cooperation;ballon;regles,HIGH,POSSIBLE
1022,Jeux collectifs doux - Magic City Azur City,Jeux de ballon simples pour apprendre les règles et l équipe.,SPORT,Magic City Azur City,"Azur City, Ben Arous, Tunisie",Ben Arous,ben arous;azur city;banlieue sud;ezzahra;hammam lif,Tunisie,36.695494030930355,10.314105884485144,PLAYGROUND,INDOOR,WINTER,fevrier,3,6,75,23,HIGH,True,sport;cooperation;ballon;regles,HIGH,POSSIBLE
1023,Fête saisonnière - Magic City Azur City,"Décoration, chants, jeux et goûter selon la saison.",FETE,Magic City Azur City,"Azur City, Ben Arous, Tunisie",Ben Arous,ben arous;azur city;banlieue sud;ezzahra;hammam lif,Tunisie,36.6941002829834,10.313385537281127,PLAYGROUND,INDOOR,ALL,all,2,6,95,29,HIGH,True,fete;chants;decoration;socialisation,HIGH,POSSIBLE
1024,Fête saisonnière - Magic City Azur City,"Décoration, chants, jeux et goûter selon la saison.",FETE,Magic City Azur City,"Azur City, Ben Arous, Tunisie",Ben Arous,ben arous;azur city;banlieue sud;ezzahra;hammam lif,Tunisie,36.695114946570094,10.314422477450602,PLAYGROUND,INDOOR,SPRING,mai,2,6,95,22,HIGH,True,fete;chants;decoration;socialisation,HIGH,POSSIBLE
1025,Fête saisonnière - Magic City Azur City,"Décoration, chants, jeux et goûter selon la saison.",FETE,Magic City Azur City,"Azur City, Ben Arous, Tunisie",Ben Arous,ben arous;azur city;banlieue sud;ezzahra;hammam lif,Tunisie,36.695324046558554,10.313463940324132,PLAYGROUND,INDOOR,SUMMER,aout,2,6,90,27,HIGH,True,fete;chants;decoration;socialisation,HIGH,POSSIBLE
1026,Fête saisonnière - Magic City Azur City,"Décoration, chants, jeux et goûter selon la saison.",FETE,Magic City Azur City,"Azur City, Ben Arous, Tunisie",Ben Arous,ben arous;azur city;banlieue sud;ezzahra;hammam lif,Tunisie,36.695177312037266,10.312940764645887,PLAYGROUND,INDOOR,AUTUMN,septembre,2,6,85,27,HIGH,True,fete;chants;decoration;socialisation,HIGH,POSSIBLE
1027,Fête saisonnière - Magic City Azur City,"Décoration, chants, jeux et goûter selon la saison.",FETE,Magic City Azur City,"Azur City, Ben Arous, Tunisie",Ben Arous,ben arous;azur city;banlieue sud;ezzahra;hammam lif,Tunisie,36.69463300843441,10.312519446383428,PLAYGROUND,INDOOR,WINTER,janvier,2,6,90,25,HIGH,True,fete;chants;decoration;socialisation,HIGH,POSSIBLE
1028,Chasse aux formes - Magic City Azur City,Recherche de formes et couleurs dans un espace sécurisé.,ACTIVITE,Magic City Azur City,"Azur City, Ben Arous, Tunisie",Ben Arous,ben arous;azur city;banlieue sud;ezzahra;hammam lif,Tunisie,36.694174579165775,10.313297861273194,PLAYGROUND,INDOOR,ALL,all,2,5,60,18,MEDIUM,True,formes;couleurs;observation;jeu,HIGH,RECOMMENDED
1029,Chasse aux formes - Magic City Azur City,Recherche de formes et couleurs dans un espace sécurisé.,ACTIVITE,Magic City Azur City,"Azur City, Ben Arous, Tunisie",Ben Arous,ben arous;azur city;banlieue sud;ezzahra;hammam lif,Tunisie,36.695462792479674,10.313453110908178,PLAYGROUND,INDOOR,SPRING,mars,2,5,60,24,HIGH,True,formes;couleurs;observation;jeu,HIGH,POSSIBLE
1030,Chasse aux formes - Magic City Azur City,Recherche de formes et couleurs dans un espace sécurisé.,ACTIVITE,Magic City Azur City,"Azur City, Ben Arous, Tunisie",Ben Arous,ben arous;azur city;banlieue sud;ezzahra;hammam lif,Tunisie,36.694138151564935,10.314394236218126,PLAYGROUND,INDOOR,SUMMER,juin,2,5,55,24,HIGH,True,formes;couleurs;observation;jeu,HIGH,POSSIBLE
1031,Chasse aux formes - Magic City Azur City,Recherche de formes et couleurs dans un espace sécurisé.,ACTIVITE,Magic City Azur City,"Azur City, Ben Arous, Tunisie",Ben Arous,ben arous;azur city;banlieue sud;ezzahra;hammam lif,Tunisie,36.69406972274386,10.31298411303569,PLAYGROUND,INDOOR,AUTUMN,octobre,2,5,60,18,MEDIUM,True,formes;couleurs;observation;jeu,HIGH,RECOMMENDED
1032,Chasse aux formes - Magic City Azur City,Recherche de formes et couleurs dans un espace sécurisé.,ACTIVITE,Magic City Azur City,"Azur City, Ben Arous, Tunisie",Ben Arous,ben arous;azur city;banlieue sud;ezzahra;hammam lif,Tunisie,36.694005533117576,10.312999390867894,PLAYGROUND,INDOOR,WINTER,decembre,2,5,60,18,MEDIUM,True,formes;couleurs;observation;jeu,HIGH,RECOMMENDED
1033,Sortie patrimoine en images - Magic City Azur City,"Découverte d un lieu historique avec photos, croquis et vocabulaire.",SORTIE,Magic City Azur City,"Azur City, Ben Arous, Tunisie",Ben Arous,ben arous;azur city;banlieue sud;ezzahra;hammam lif,Tunisie,36.69383975698531,10.312656975145277,PLAYGROUND,INDOOR,ALL,all,4,6,130,18,MEDIUM,True,patrimoine;histoire;langage;sortie,HIGH,POSSIBLE
1034,Sortie patrimoine en images - Magic City Azur City,"Découverte d un lieu historique avec photos, croquis et vocabulaire.",SORTIE,Magic City Azur City,"Azur City, Ben Arous, Tunisie",Ben Arous,ben arous;azur city;banlieue sud;ezzahra;hammam lif,Tunisie,36.695515986180936,10.314196021191512,PLAYGROUND,INDOOR,SPRING,mai,4,6,125,23,HIGH,True,patrimoine;histoire;langage;sortie,HIGH,POSSIBLE
1035,Sortie patrimoine en images - Magic City Azur City,"Découverte d un lieu historique avec photos, croquis et vocabulaire.",SORTIE,Magic City Azur City,"Azur City, Ben Arous, Tunisie",Ben Arous,ben arous;azur city;banlieue sud;ezzahra;hammam lif,Tunisie,36.69539624240079,10.314261974497095,PLAYGROUND,INDOOR,SUMMER,aout,4,6,125,23,HIGH,True,patrimoine;histoire;langage;sortie,HIGH,POSSIBLE
1036,Sortie patrimoine en images - Magic City Azur City,"Découverte d un lieu historique avec photos, croquis et vocabulaire.",SORTIE,Magic City Azur City,"Azur City, Ben Arous, Tunisie",Ben Arous,ben arous;azur city;banlieue sud;ezzahra;hammam lif,Tunisie,36.69416053324637,10.31294418556616,PLAYGROUND,INDOOR,AUTUMN,octobre,4,6,120,23,HIGH,True,patrimoine;histoire;langage;sortie,HIGH,POSSIBLE
1037,Sortie patrimoine en images - Magic City Azur City,"Découverte d un lieu historique avec photos, croquis et vocabulaire.",SORTIE,Magic City Azur City,"Azur City, Ben Arous, Tunisie",Ben Arous,ben arous;azur city;banlieue sud;ezzahra;hammam lif,Tunisie,36.69455664015322,10.313581535891183,PLAYGROUND,INDOOR,WINTER,decembre,4,6,125,27,HIGH,True,patrimoine;histoire;langage;sortie,HIGH,POSSIBLE
1038,Jardinage pédagogique - Magic City Azur City,"Planter, arroser et comprendre les besoins d une plante.",ACTIVITE,Magic City Azur City,"Azur City, Ben Arous, Tunisie",Ben Arous,ben arous;azur city;banlieue sud;ezzahra;hammam lif,Tunisie,36.695320800260994,10.31405180792771,PLAYGROUND,INDOOR,ALL,all,3,6,75,22,HIGH,True,jardinage;nature;responsabilite;sensoriel,VERY_HIGH,RECOMMENDED
1039,Jardinage pédagogique - Magic City Azur City,"Planter, arroser et comprendre les besoins d une plante.",ACTIVITE,Magic City Azur City,"Azur City, Ben Arous, Tunisie",Ben Arous,ben arous;azur city;banlieue sud;ezzahra;hammam lif,Tunisie,36.69452014118009,10.313878421098119,PLAYGROUND,INDOOR,SPRING,mars,3,6,55,24,HIGH,True,jardinage;nature;responsabilite;sensoriel,VERY_HIGH,RECOMMENDED
1040,Jardinage pédagogique - Magic City Azur City,"Planter, arroser et comprendre les besoins d une plante.",ACTIVITE,Magic City Azur City,"Azur City, Ben Arous, Tunisie",Ben Arous,ben arous;azur city;banlieue sud;ezzahra;hammam lif,Tunisie,36.69435885600718,10.312701495652279,PLAYGROUND,INDOOR,SUMMER,aout,3,6,70,18,MEDIUM,True,jardinage;nature;responsabilite;sensoriel,VERY_HIGH,RECOMMENDED
1041,Jardinage pédagogique - Magic City Azur City,"Planter, arroser et comprendre les besoins d une plante.",ACTIVITE,Magic City Azur City,"Azur City, Ben Arous, Tunisie",Ben Arous,ben arous;azur city;banlieue sud;ezzahra;hammam lif,Tunisie,36.69397430488391,10.313025698069291,PLAYGROUND,INDOOR,AUTUMN,novembre,3,6,70,20,HIGH,True,jardinage;nature;responsabilite;sensoriel,VERY_HIGH,RECOMMENDED
1042,Jardinage pédagogique - Magic City Azur City,"Planter, arroser et comprendre les besoins d une plante.",ACTIVITE,Magic City Azur City,"Azur City, Ben Arous, Tunisie",Ben Arous,ben arous;azur city;banlieue sud;ezzahra;hammam lif,Tunisie,36.694286192920295,10.312867827348391,PLAYGROUND,INDOOR,WINTER,janvier,3,6,75,24,HIGH,True,jardinage;nature;responsabilite;sensoriel,VERY_HIGH,RECOMMENDED
1043,Lecture de contes illustrés - Dah Dah Happy Land Park,"Histoires courtes, images et discussion pour stimuler le langage.",ACTIVITE,Dah Dah Happy Land Park,"Les Berges du Lac, Tunis, Tunisie",Tunis,lac 1;tunis;dah dah;berge du lac,Tunisie,36.83483818588705,10.240504391526763,AMUSEMENT_PARK,OUTDOOR,ALL,all,2,6,45,15,MEDIUM,True,lecture;contes;langage;calme,VERY_HIGH,RECOMMENDED
1044,Lecture de contes illustrés - Dah Dah Happy Land Park,"Histoires courtes, images et discussion pour stimuler le langage.",ACTIVITE,Dah Dah Happy Land Park,"Les Berges du Lac, Tunis, Tunisie",Tunis,lac 1;tunis;dah dah;berge du lac,Tunisie,36.83490145798296,10.24014281943636,AMUSEMENT_PARK,OUTDOOR,SPRING,avril,2,6,40,17,MEDIUM,True,lecture;contes;langage;calme,VERY_HIGH,RECOMMENDED
1045,Lecture de contes illustrés - Dah Dah Happy Land Park,"Histoires courtes, images et discussion pour stimuler le langage.",ACTIVITE,Dah Dah Happy Land Park,"Les Berges du Lac, Tunis, Tunisie",Tunis,lac 1;tunis;dah dah;berge du lac,Tunisie,36.835608175162015,10.240110680094842,AMUSEMENT_PARK,OUTDOOR,SUMMER,juin,2,6,50,17,MEDIUM,True,lecture;contes;langage;calme,VERY_HIGH,RECOMMENDED
1046,Lecture de contes illustrés - Dah Dah Happy Land Park,"Histoires courtes, images et discussion pour stimuler le langage.",ACTIVITE,Dah Dah Happy Land Park,"Les Berges du Lac, Tunis, Tunisie",Tunis,lac 1;tunis;dah dah;berge du lac,Tunisie,36.83560007491647,10.240477084027969,AMUSEMENT_PARK,OUTDOOR,AUTUMN,septembre,2,6,50,15,MEDIUM,True,lecture;contes;langage;calme,VERY_HIGH,RECOMMENDED
1047,Lecture de contes illustrés - Dah Dah Happy Land Park,"Histoires courtes, images et discussion pour stimuler le langage.",ACTIVITE,Dah Dah Happy Land Park,"Les Berges du Lac, Tunis, Tunisie",Tunis,lac 1;tunis;dah dah;berge du lac,Tunisie,36.83484304133802,10.239268943369323,AMUSEMENT_PARK,OUTDOOR,WINTER,decembre,2,6,45,15,MEDIUM,True,lecture;contes;langage;calme,VERY_HIGH,RECOMMENDED
1048,Sortie découverte nature - Dah Dah Happy Land Park,"Observation des arbres, oiseaux, feuilles et petits jeux calmes.",SORTIE,Dah Dah Happy Land Park,"Les Berges du Lac, Tunis, Tunisie",Tunis,lac 1;tunis;dah dah;berge du lac,Tunisie,36.83450194806698,10.2407170039649,AMUSEMENT_PARK,OUTDOOR,ALL,all,3,6,90,22,HIGH,True,nature;observation;ecologie;sortie,VERY_HIGH,RECOMMENDED
1049,Sortie découverte nature - Dah Dah Happy Land Park,"Observation des arbres, oiseaux, feuilles et petits jeux calmes.",SORTIE,Dah Dah Happy Land Park,"Les Berges du Lac, Tunis, Tunisie",Tunis,lac 1;tunis;dah dah;berge du lac,Tunisie,36.83432668376059,10.239430934649912,AMUSEMENT_PARK,OUTDOOR,SPRING,avril,3,6,105,20,HIGH,True,nature;observation;ecologie;sortie,VERY_HIGH,RECOMMENDED
1050,Sortie découverte nature - Dah Dah Happy Land Park,"Observation des arbres, oiseaux, feuilles et petits jeux calmes.",SORTIE,Dah Dah Happy Land Park,"Les Berges du Lac, Tunis, Tunisie",Tunis,lac 1;tunis;dah dah;berge du lac,Tunisie,36.835489186440924,10.239519538244023,AMUSEMENT_PARK,OUTDOOR,SUMMER,juillet,3,6,105,18,MEDIUM,True,nature;observation;ecologie;sortie,VERY_HIGH,RECOMMENDED
1051,Sortie découverte nature - Dah Dah Happy Land Park,"Observation des arbres, oiseaux, feuilles et petits jeux calmes.",SORTIE,Dah Dah Happy Land Park,"Les Berges du Lac, Tunis, Tunisie",Tunis,lac 1;tunis;dah dah;berge du lac,Tunisie,36.834688280552925,10.239823521809596,AMUSEMENT_PARK,OUTDOOR,AUTUMN,novembre,3,6,105,24,HIGH,True,nature;observation;ecologie;sortie,VERY_HIGH,RECOMMENDED
1052,Sortie découverte nature - Dah Dah Happy Land Park,"Observation des arbres, oiseaux, feuilles et petits jeux calmes.",SORTIE,Dah Dah Happy Land Park,"Les Berges du Lac, Tunis, Tunisie",Tunis,lac 1;tunis;dah dah;berge du lac,Tunisie,36.83515370751285,10.240299730966228,AMUSEMENT_PARK,OUTDOOR,WINTER,fevrier,3,6,100,21,HIGH,True,nature;observation;ecologie;sortie,VERY_HIGH,RECOMMENDED
1053,Mini randonnée éducative - Dah Dah Happy Land Park,"Promenade courte avec pauses, consignes de sécurité et découverte.",SORTIE,Dah Dah Happy Land Park,"Les Berges du Lac, Tunis, Tunisie",Tunis,lac 1;tunis;dah dah;berge du lac,Tunisie,36.83465018057336,10.240020889051072,AMUSEMENT_PARK,OUTDOOR,ALL,all,4,6,110,20,HIGH,True,marche;nature;autonomie;securite,HIGH,POSSIBLE
1054,Mini randonnée éducative - Dah Dah Happy Land Park,"Promenade courte avec pauses, consignes de sécurité et découverte.",SORTIE,Dah Dah Happy Land Park,"Les Berges du Lac, Tunis, Tunisie",Tunis,lac 1;tunis;dah dah;berge du lac,Tunisie,36.834573047153114,10.240263424380966,AMUSEMENT_PARK,OUTDOOR,SPRING,mars,4,6,100,24,HIGH,True,marche;nature;autonomie;securite,HIGH,POSSIBLE
1055,Mini randonnée éducative - Dah Dah Happy Land Park,"Promenade courte avec pauses, consignes de sécurité et découverte.",SORTIE,Dah Dah Happy Land Park,"Les Berges du Lac, Tunis, Tunisie",Tunis,lac 1;tunis;dah dah;berge du lac,Tunisie,36.83526254681665,10.240143275147748,AMUSEMENT_PARK,OUTDOOR,SUMMER,juin,4,6,90,20,HIGH,True,marche;nature;autonomie;securite,HIGH,POSSIBLE
1056,Mini randonnée éducative - Dah Dah Happy Land Park,"Promenade courte avec pauses, consignes de sécurité et découverte.",SORTIE,Dah Dah Happy Land Park,"Les Berges du Lac, Tunis, Tunisie",Tunis,lac 1;tunis;dah dah;berge du lac,Tunisie,36.83445643587878,10.239633756483391,AMUSEMENT_PARK,OUTDOOR,AUTUMN,septembre,4,6,105,18,MEDIUM,True,marche;nature;autonomie;securite,HIGH,POSSIBLE
1057,Mini randonnée éducative - Dah Dah Happy Land Park,"Promenade courte avec pauses, consignes de sécurité et découverte.",SORTIE,Dah Dah Happy Land Park,"Les Berges du Lac, Tunis, Tunisie",Tunis,lac 1;tunis;dah dah;berge du lac,Tunisie,36.83528928858631,10.239542496202702,AMUSEMENT_PARK,OUTDOOR,WINTER,fevrier,4,6,110,22,HIGH,True,marche;nature;autonomie;securite,HIGH,POSSIBLE
1058,Visite musée adaptée enfants - Dah Dah Happy Land Park,Découverte accompagnée avec jeu de questions simples et dessins après visite.,SORTIE,Dah Dah Happy Land Park,"Les Berges du Lac, Tunis, Tunisie",Tunis,lac 1;tunis;dah dah;berge du lac,Tunisie,36.83517383954705,10.240931052065646,AMUSEMENT_PARK,OUTDOOR,ALL,all,4,6,140,22,HIGH,True,musee;culture;histoire;observation,VERY_HIGH,POSSIBLE
1059,Visite musée adaptée enfants - Dah Dah Happy Land Park,Découverte accompagnée avec jeu de questions simples et dessins après visite.,SORTIE,Dah Dah Happy Land Park,"Les Berges du Lac, Tunis, Tunisie",Tunis,lac 1;tunis;dah dah;berge du lac,Tunisie,36.834250079821466,10.23946925438437,AMUSEMENT_PARK,OUTDOOR,SPRING,mars,4,6,135,15,MEDIUM,True,musee;culture;histoire;observation,VERY_HIGH,RECOMMENDED
1060,Visite musée adaptée enfants - Dah Dah Happy Land Park,Découverte accompagnée avec jeu de questions simples et dessins après visite.,SORTIE,Dah Dah Happy Land Park,"Les Berges du Lac, Tunis, Tunisie",Tunis,lac 1;tunis;dah dah;berge du lac,Tunisie,36.83433382093008,10.239206018628114,AMUSEMENT_PARK,OUTDOOR,SUMMER,aout,4,6,120,15,MEDIUM,True,musee;culture;histoire;observation,VERY_HIGH,RECOMMENDED
1061,Visite musée adaptée enfants - Dah Dah Happy Land Park,Découverte accompagnée avec jeu de questions simples et dessins après visite.,SORTIE,Dah Dah Happy Land Park,"Les Berges du Lac, Tunis, Tunisie",Tunis,lac 1;tunis;dah dah;berge du lac,Tunisie,36.83405272982673,10.23979402504152,AMUSEMENT_PARK,OUTDOOR,AUTUMN,octobre,4,6,120,21,HIGH,True,musee;culture;histoire;observation,VERY_HIGH,POSSIBLE
1062,Visite musée adaptée enfants - Dah Dah Happy Land Park,Découverte accompagnée avec jeu de questions simples et dessins après visite.,SORTIE,Dah Dah Happy Land Park,"Les Berges du Lac, Tunis, Tunisie",Tunis,lac 1;tunis;dah dah;berge du lac,Tunisie,36.834310548724,10.240309665351086,AMUSEMENT_PARK,OUTDOOR,WINTER,decembre,4,6,140,22,HIGH,True,musee;culture;histoire;observation,VERY_HIGH,POSSIBLE
1063,Parcours motricité - Dah Dah Happy Land Park,"Sauts, équilibre, tunnel et coordination avec encadrement.",SPORT,Dah Dah Happy Land Park,"Les Berges du Lac, Tunis, Tunisie",Tunis,lac 1;tunis;dah dah;berge du lac,Tunisie,36.83449479303863,10.239568350560116,AMUSEMENT_PARK,OUTDOOR,ALL,all,2,6,55,17,MEDIUM,True,sport;motricite;coordination;energie,HIGH,RECOMMENDED
1064,Parcours motricité - Dah Dah Happy Land Park,"Sauts, équilibre, tunnel et coordination avec encadrement.",SPORT,Dah Dah Happy Land Park,"Les Berges du Lac, Tunis, Tunisie",Tunis,lac 1;tunis;dah dah;berge du lac,Tunisie,36.83405714258604,10.240327098270608,AMUSEMENT_PARK,OUTDOOR,SPRING,mars,2,6,60,21,HIGH,True,sport;motricite;coordination;energie,HIGH,POSSIBLE
1065,Parcours motricité - Dah Dah Happy Land Park,"Sauts, équilibre, tunnel et coordination avec encadrement.",SPORT,Dah Dah Happy Land Park,"Les Berges du Lac, Tunis, Tunisie",Tunis,lac 1;tunis;dah dah;berge du lac,Tunisie,36.83586971514333,10.240097090548945,AMUSEMENT_PARK,OUTDOOR,SUMMER,juillet,2,6,55,24,HIGH,True,sport;motricite;coordination;energie,HIGH,POSSIBLE
1066,Parcours motricité - Dah Dah Happy Land Park,"Sauts, équilibre, tunnel et coordination avec encadrement.",SPORT,Dah Dah Happy Land Park,"Les Berges du Lac, Tunis, Tunisie",Tunis,lac 1;tunis;dah dah;berge du lac,Tunisie,36.835181661853156,10.239913086840973,AMUSEMENT_PARK,OUTDOOR,AUTUMN,novembre,2,6,65,21,HIGH,True,sport;motricite;coordination;energie,HIGH,POSSIBLE
1067,Jeux collectifs doux - Dah Dah Happy Land Park,Jeux de ballon simples pour apprendre les règles et l équipe.,SPORT,Dah Dah Happy Land Park,"Les Berges du Lac, Tunis, Tunisie",Tunis,lac 1;tunis;dah dah;berge du lac,Tunisie,36.83527905649742,10.239619322656228,AMUSEMENT_PARK,OUTDOOR,ALL,all,3,6,75,26,HIGH,True,sport;cooperation;ballon;regles,HIGH,POSSIBLE
1068,Jeux collectifs doux - Dah Dah Happy Land Park,Jeux de ballon simples pour apprendre les règles et l équipe.,SPORT,Dah Dah Happy Land Park,"Les Berges du Lac, Tunis, Tunisie",Tunis,lac 1;tunis;dah dah;berge du lac,Tunisie,36.835609415532495,10.239883720611154,AMUSEMENT_PARK,OUTDOOR,SPRING,avril,3,6,75,21,HIGH,True,sport;cooperation;ballon;regles,HIGH,POSSIBLE
1069,Jeux collectifs doux - Dah Dah Happy Land Park,Jeux de ballon simples pour apprendre les règles et l équipe.,SPORT,Dah Dah Happy Land Park,"Les Berges du Lac, Tunis, Tunisie",Tunis,lac 1;tunis;dah dah;berge du lac,Tunisie,36.83460714583115,10.23900018469279,AMUSEMENT_PARK,OUTDOOR,SUMMER,juillet,3,6,70,17,MEDIUM,True,sport;cooperation;ballon;regles,HIGH,RECOMMENDED
1070,Jeux collectifs doux - Dah Dah Happy Land Park,Jeux de ballon simples pour apprendre les règles et l équipe.,SPORT,Dah Dah Happy Land Park,"Les Berges du Lac, Tunis, Tunisie",Tunis,lac 1;tunis;dah dah;berge du lac,Tunisie,36.83507019777608,10.240375539927514,AMUSEMENT_PARK,OUTDOOR,AUTUMN,octobre,3,6,80,20,HIGH,True,sport;cooperation;ballon;regles,HIGH,POSSIBLE
1071,Fête saisonnière - Dah Dah Happy Land Park,"Décoration, chants, jeux et goûter selon la saison.",FETE,Dah Dah Happy Land Park,"Les Berges du Lac, Tunis, Tunisie",Tunis,lac 1;tunis;dah dah;berge du lac,Tunisie,36.834018265199155,10.239860870626538,AMUSEMENT_PARK,OUTDOOR,ALL,all,2,6,90,22,HIGH,True,fete;chants;decoration;socialisation,HIGH,POSSIBLE
1072,Fête saisonnière - Dah Dah Happy Land Park,"Décoration, chants, jeux et goûter selon la saison.",FETE,Dah Dah Happy Land Park,"Les Berges du Lac, Tunis, Tunisie",Tunis,lac 1;tunis;dah dah;berge du lac,Tunisie,36.83509642439147,10.23937714195865,AMUSEMENT_PARK,OUTDOOR,SPRING,mai,2,6,95,15,MEDIUM,True,fete;chants;decoration;socialisation,HIGH,RECOMMENDED
1073,Fête saisonnière - Dah Dah Happy Land Park,"Décoration, chants, jeux et goûter selon la saison.",FETE,Dah Dah Happy Land Park,"Les Berges du Lac, Tunis, Tunisie",Tunis,lac 1;tunis;dah dah;berge du lac,Tunisie,36.83542987596597,10.240291981598581,AMUSEMENT_PARK,OUTDOOR,SUMMER,juillet,2,6,95,15,MEDIUM,True,fete;chants;decoration;socialisation,HIGH,RECOMMENDED
1074,Fête saisonnière - Dah Dah Happy Land Park,"Décoration, chants, jeux et goûter selon la saison.",FETE,Dah Dah Happy Land Park,"Les Berges du Lac, Tunis, Tunisie",Tunis,lac 1;tunis;dah dah;berge du lac,Tunisie,36.83484447876551,10.239479123629877,AMUSEMENT_PARK,OUTDOOR,AUTUMN,septembre,2,6,90,17,MEDIUM,True,fete;chants;decoration;socialisation,HIGH,RECOMMENDED
1075,Chasse aux formes - Dah Dah Happy Land Park,Recherche de formes et couleurs dans un espace sécurisé.,ACTIVITE,Dah Dah Happy Land Park,"Les Berges du Lac, Tunis, Tunisie",Tunis,lac 1;tunis;dah dah;berge du lac,Tunisie,36.835296914081916,10.240063888532054,AMUSEMENT_PARK,OUTDOOR,ALL,all,2,5,60,17,MEDIUM,True,formes;couleurs;observation;jeu,HIGH,RECOMMENDED
1076,Chasse aux formes - Dah Dah Happy Land Park,Recherche de formes et couleurs dans un espace sécurisé.,ACTIVITE,Dah Dah Happy Land Park,"Les Berges du Lac, Tunis, Tunisie",Tunis,lac 1;tunis;dah dah;berge du lac,Tunisie,36.835706964046786,10.239364814358005,AMUSEMENT_PARK,OUTDOOR,SPRING,avril,2,5,60,15,MEDIUM,True,formes;couleurs;observation;jeu,HIGH,RECOMMENDED
1077,Chasse aux formes - Dah Dah Happy Land Park,Recherche de formes et couleurs dans un espace sécurisé.,ACTIVITE,Dah Dah Happy Land Park,"Les Berges du Lac, Tunis, Tunisie",Tunis,lac 1;tunis;dah dah;berge du lac,Tunisie,36.8352354588278,10.239544268260904,AMUSEMENT_PARK,OUTDOOR,SUMMER,juin,2,5,65,19,HIGH,True,formes;couleurs;observation;jeu,HIGH,POSSIBLE
1078,Chasse aux formes - Dah Dah Happy Land Park,Recherche de formes et couleurs dans un espace sécurisé.,ACTIVITE,Dah Dah Happy Land Park,"Les Berges du Lac, Tunis, Tunisie",Tunis,lac 1;tunis;dah dah;berge du lac,Tunisie,36.834038790794494,10.239099264144446,AMUSEMENT_PARK,OUTDOOR,AUTUMN,septembre,2,5,45,17,MEDIUM,True,formes;couleurs;observation;jeu,HIGH,RECOMMENDED
1079,Chasse aux formes - Dah Dah Happy Land Park,Recherche de formes et couleurs dans un espace sécurisé.,ACTIVITE,Dah Dah Happy Land Park,"Les Berges du Lac, Tunis, Tunisie",Tunis,lac 1;tunis;dah dah;berge du lac,Tunisie,36.834564229075156,10.239250078405666,AMUSEMENT_PARK,OUTDOOR,WINTER,decembre,2,5,65,15,MEDIUM,True,formes;couleurs;observation;jeu,HIGH,RECOMMENDED
1080,Sortie patrimoine en images - Dah Dah Happy Land Park,"Découverte d un lieu historique avec photos, croquis et vocabulaire.",SORTIE,Dah Dah Happy Land Park,"Les Berges du Lac, Tunis, Tunisie",Tunis,lac 1;tunis;dah dah;berge du lac,Tunisie,36.8341803939663,10.239029449693763,AMUSEMENT_PARK,OUTDOOR,ALL,all,4,6,120,15,MEDIUM,True,patrimoine;histoire;langage;sortie,HIGH,POSSIBLE
1081,Sortie patrimoine en images - Dah Dah Happy Land Park,"Découverte d un lieu historique avec photos, croquis et vocabulaire.",SORTIE,Dah Dah Happy Land Park,"Les Berges du Lac, Tunis, Tunisie",Tunis,lac 1;tunis;dah dah;berge du lac,Tunisie,36.835571450677506,10.239996791511745,AMUSEMENT_PARK,OUTDOOR,SPRING,avril,4,6,125,22,HIGH,True,patrimoine;histoire;langage;sortie,HIGH,POSSIBLE
1082,Sortie patrimoine en images - Dah Dah Happy Land Park,"Découverte d un lieu historique avec photos, croquis et vocabulaire.",SORTIE,Dah Dah Happy Land Park,"Les Berges du Lac, Tunis, Tunisie",Tunis,lac 1;tunis;dah dah;berge du lac,Tunisie,36.83416044619447,10.24050113916325,AMUSEMENT_PARK,OUTDOOR,SUMMER,juillet,4,6,120,18,MEDIUM,True,patrimoine;histoire;langage;sortie,HIGH,POSSIBLE
1083,Sortie patrimoine en images - Dah Dah Happy Land Park,"Découverte d un lieu historique avec photos, croquis et vocabulaire.",SORTIE,Dah Dah Happy Land Park,"Les Berges du Lac, Tunis, Tunisie",Tunis,lac 1;tunis;dah dah;berge du lac,Tunisie,36.8341427693895,10.239940293553198,AMUSEMENT_PARK,OUTDOOR,AUTUMN,septembre,4,6,120,20,HIGH,True,patrimoine;histoire;langage;sortie,HIGH,POSSIBLE
1084,Sortie patrimoine en images - Dah Dah Happy Land Park,"Découverte d un lieu historique avec photos, croquis et vocabulaire.",SORTIE,Dah Dah Happy Land Park,"Les Berges du Lac, Tunis, Tunisie",Tunis,lac 1;tunis;dah dah;berge du lac,Tunisie,36.834243923112375,10.240536291341703,AMUSEMENT_PARK,OUTDOOR,WINTER,janvier,4,6,120,19,HIGH,True,patrimoine;histoire;langage;sortie,HIGH,POSSIBLE
1085,Jardinage pédagogique - Dah Dah Happy Land Park,"Planter, arroser et comprendre les besoins d une plante.",ACTIVITE,Dah Dah Happy Land Park,"Les Berges du Lac, Tunis, Tunisie",Tunis,lac 1;tunis;dah dah;berge du lac,Tunisie,36.835542450666054,10.239885921884285,AMUSEMENT_PARK,OUTDOOR,ALL,all,3,6,55,19,HIGH,True,jardinage;nature;responsabilite;sensoriel,VERY_HIGH,RECOMMENDED
1086,Jardinage pédagogique - Dah Dah Happy Land Park,"Planter, arroser et comprendre les besoins d une plante.",ACTIVITE,Dah Dah Happy Land Park,"Les Berges du Lac, Tunis, Tunisie",Tunis,lac 1;tunis;dah dah;berge du lac,Tunisie,36.8354706455584,10.239187920607941,AMUSEMENT_PARK,OUTDOOR,SPRING,mars,3,6,65,19,HIGH,True,jardinage;nature;responsabilite;sensoriel,VERY_HIGH,RECOMMENDED
1087,Jardinage pédagogique - Dah Dah Happy Land Park,"Planter, arroser et comprendre les besoins d une plante.",ACTIVITE,Dah Dah Happy Land Park,"Les Berges du Lac, Tunis, Tunisie",Tunis,lac 1;tunis;dah dah;berge du lac,Tunisie,36.83536288464012,10.23962421873117,AMUSEMENT_PARK,OUTDOOR,SUMMER,juillet,3,6,70,19,HIGH,True,jardinage;nature;responsabilite;sensoriel,VERY_HIGH,RECOMMENDED
1088,Jardinage pédagogique - Dah Dah Happy Land Park,"Planter, arroser et comprendre les besoins d une plante.",ACTIVITE,Dah Dah Happy Land Park,"Les Berges du Lac, Tunis, Tunisie",Tunis,lac 1;tunis;dah dah;berge du lac,Tunisie,36.83548944915738,10.240099159889235,AMUSEMENT_PARK,OUTDOOR,AUTUMN,septembre,3,6,55,15,MEDIUM,True,jardinage;nature;responsabilite;sensoriel,VERY_HIGH,RECOMMENDED
1089,Jardinage pédagogique - Dah Dah Happy Land Park,"Planter, arroser et comprendre les besoins d une plante.",ACTIVITE,Dah Dah Happy Land Park,"Les Berges du Lac, Tunis, Tunisie",Tunis,lac 1;tunis;dah dah;berge du lac,Tunisie,36.83527704002408,10.239397447263604,AMUSEMENT_PARK,OUTDOOR,WINTER,janvier,3,6,55,19,HIGH,True,jardinage;nature;responsabilite;sensoriel,VERY_HIGH,RECOMMENDED
1090,Lecture de contes illustrés - Jardin Public de La Marsa,"Histoires courtes, images et discussion pour stimuler le langage.",ACTIVITE,Jardin Public de La Marsa,"La Marsa, Tunis, Tunisie",La Marsa,la marsa;gammarth;carthage;sidi bou said;tunis,Tunisie,36.87914654812087,10.324171931675567,PARK,OUTDOOR,ALL,all,2,6,50,0,LOW,True,lecture;contes;langage;calme,VERY_HIGH,HIGHLY_RECOMMENDED
1091,Lecture de contes illustrés - Jardin Public de La Marsa,"Histoires courtes, images et discussion pour stimuler le langage.",ACTIVITE,Jardin Public de La Marsa,"La Marsa, Tunis, Tunisie",La Marsa,la marsa;gammarth;carthage;sidi bou said;tunis,Tunisie,36.877534720712816,10.324252200087678,PARK,OUTDOOR,SPRING,avril,2,6,30,0,LOW,True,lecture;contes;langage;calme,VERY_HIGH,HIGHLY_RECOMMENDED
1092,Lecture de contes illustrés - Jardin Public de La Marsa,"Histoires courtes, images et discussion pour stimuler le langage.",ACTIVITE,Jardin Public de La Marsa,"La Marsa, Tunis, Tunisie",La Marsa,la marsa;gammarth;carthage;sidi bou said;tunis,Tunisie,36.87721785971178,10.323783986738043,PARK,OUTDOOR,SUMMER,juillet,2,6,50,0,LOW,True,lecture;contes;langage;calme,VERY_HIGH,HIGHLY_RECOMMENDED
1093,Lecture de contes illustrés - Jardin Public de La Marsa,"Histoires courtes, images et discussion pour stimuler le langage.",ACTIVITE,Jardin Public de La Marsa,"La Marsa, Tunis, Tunisie",La Marsa,la marsa;gammarth;carthage;sidi bou said;tunis,Tunisie,36.87750998388486,10.325241594000003,PARK,OUTDOOR,AUTUMN,novembre,2,6,40,6,LOW,True,lecture;contes;langage;calme,VERY_HIGH,HIGHLY_RECOMMENDED
1094,Lecture de contes illustrés - Jardin Public de La Marsa,"Histoires courtes, images et discussion pour stimuler le langage.",ACTIVITE,Jardin Public de La Marsa,"La Marsa, Tunis, Tunisie",La Marsa,la marsa;gammarth;carthage;sidi bou said;tunis,Tunisie,36.87738280310461,10.324937289716877,PARK,OUTDOOR,WINTER,decembre,2,6,30,4,LOW,True,lecture;contes;langage;calme,VERY_HIGH,HIGHLY_RECOMMENDED
1095,Sortie découverte nature - Jardin Public de La Marsa,"Observation des arbres, oiseaux, feuilles et petits jeux calmes.",SORTIE,Jardin Public de La Marsa,"La Marsa, Tunis, Tunisie",La Marsa,la marsa;gammarth;carthage;sidi bou said;tunis,Tunisie,36.878489149793296,10.325102656280047,PARK,OUTDOOR,ALL,all,3,6,90,3,LOW,True,nature;observation;ecologie;sortie,VERY_HIGH,HIGHLY_RECOMMENDED
1096,Sortie découverte nature - Jardin Public de La Marsa,"Observation des arbres, oiseaux, feuilles et petits jeux calmes.",SORTIE,Jardin Public de La Marsa,"La Marsa, Tunis, Tunisie",La Marsa,la marsa;gammarth;carthage;sidi bou said;tunis,Tunisie,36.877833479118074,10.32481670088453,PARK,OUTDOOR,SPRING,mars,3,6,105,4,LOW,True,nature;observation;ecologie;sortie,VERY_HIGH,HIGHLY_RECOMMENDED
1097,Sortie découverte nature - Jardin Public de La Marsa,"Observation des arbres, oiseaux, feuilles et petits jeux calmes.",SORTIE,Jardin Public de La Marsa,"La Marsa, Tunis, Tunisie",La Marsa,la marsa;gammarth;carthage;sidi bou said;tunis,Tunisie,36.87857849996057,10.3244163349945,PARK,OUTDOOR,SUMMER,juillet,3,6,100,0,LOW,True,nature;observation;ecologie;sortie,VERY_HIGH,HIGHLY_RECOMMENDED
1098,Sortie découverte nature - Jardin Public de La Marsa,"Observation des arbres, oiseaux, feuilles et petits jeux calmes.",SORTIE,Jardin Public de La Marsa,"La Marsa, Tunis, Tunisie",La Marsa,la marsa;gammarth;carthage;sidi bou said;tunis,Tunisie,36.87861325195786,10.32481804958127,PARK,OUTDOOR,AUTUMN,octobre,3,6,110,3,LOW,True,nature;observation;ecologie;sortie,VERY_HIGH,HIGHLY_RECOMMENDED
1099,Sortie découverte nature - Jardin Public de La Marsa,"Observation des arbres, oiseaux, feuilles et petits jeux calmes.",SORTIE,Jardin Public de La Marsa,"La Marsa, Tunis, Tunisie",La Marsa,la marsa;gammarth;carthage;sidi bou said;tunis,Tunisie,36.878287241088564,10.324347361751384,PARK,OUTDOOR,WINTER,decembre,3,6,110,6,LOW,True,nature;observation;ecologie;sortie,VERY_HIGH,HIGHLY_RECOMMENDED
1100,Mini randonnée éducative - Jardin Public de La Marsa,"Promenade courte avec pauses, consignes de sécurité et découverte.",SORTIE,Jardin Public de La Marsa,"La Marsa, Tunis, Tunisie",La Marsa,la marsa;gammarth;carthage;sidi bou said;tunis,Tunisie,36.879028948003956,10.324809040620332,PARK,OUTDOOR,ALL,all,4,6,90,7,LOW,True,marche;nature;autonomie;securite,HIGH,RECOMMENDED
1101,Mini randonnée éducative - Jardin Public de La Marsa,"Promenade courte avec pauses, consignes de sécurité et découverte.",SORTIE,Jardin Public de La Marsa,"La Marsa, Tunis, Tunisie",La Marsa,la marsa;gammarth;carthage;sidi bou said;tunis,Tunisie,36.87779134532242,10.32422669853779,PARK,OUTDOOR,SPRING,mai,4,6,105,3,LOW,True,marche;nature;autonomie;securite,HIGH,RECOMMENDED
1102,Mini randonnée éducative - Jardin Public de La Marsa,"Promenade courte avec pauses, consignes de sécurité et découverte.",SORTIE,Jardin Public de La Marsa,"La Marsa, Tunis, Tunisie",La Marsa,la marsa;gammarth;carthage;sidi bou said;tunis,Tunisie,36.878211915465876,10.325167315482878,PARK,OUTDOOR,SUMMER,juillet,4,6,90,5,LOW,True,marche;nature;autonomie;securite,HIGH,RECOMMENDED
1103,Mini randonnée éducative - Jardin Public de La Marsa,"Promenade courte avec pauses, consignes de sécurité et découverte.",SORTIE,Jardin Public de La Marsa,"La Marsa, Tunis, Tunisie",La Marsa,la marsa;gammarth;carthage;sidi bou said;tunis,Tunisie,36.87767757311643,10.325142007125368,PARK,OUTDOOR,AUTUMN,novembre,4,6,110,7,LOW,True,marche;nature;autonomie;securite,HIGH,RECOMMENDED
1104,Mini randonnée éducative - Jardin Public de La Marsa,"Promenade courte avec pauses, consignes de sécurité et découverte.",SORTIE,Jardin Public de La Marsa,"La Marsa, Tunis, Tunisie",La Marsa,la marsa;gammarth;carthage;sidi bou said;tunis,Tunisie,36.87819509831914,10.324802935614498,PARK,OUTDOOR,WINTER,decembre,4,6,105,11,MEDIUM,True,marche;nature;autonomie;securite,HIGH,POSSIBLE
1105,Visite musée adaptée enfants - Jardin Public de La Marsa,Découverte accompagnée avec jeu de questions simples et dessins après visite.,SORTIE,Jardin Public de La Marsa,"La Marsa, Tunis, Tunisie",La Marsa,la marsa;gammarth;carthage;sidi bou said;tunis,Tunisie,36.87848180785957,10.323920928268079,PARK,OUTDOOR,ALL,all,4,6,120,5,LOW,True,musee;culture;histoire;observation,VERY_HIGH,RECOMMENDED
1106,Visite musée adaptée enfants - Jardin Public de La Marsa,Découverte accompagnée avec jeu de questions simples et dessins après visite.,SORTIE,Jardin Public de La Marsa,"La Marsa, Tunis, Tunisie",La Marsa,la marsa;gammarth;carthage;sidi bou said;tunis,Tunisie,36.87894698555516,10.324104158057377,PARK,OUTDOOR,SPRING,mars,4,6,140,0,LOW,True,musee;culture;histoire;observation,VERY_HIGH,RECOMMENDED
1107,Visite musée adaptée enfants - Jardin Public de La Marsa,Découverte accompagnée avec jeu de questions simples et dessins après visite.,SORTIE,Jardin Public de La Marsa,"La Marsa, Tunis, Tunisie",La Marsa,la marsa;gammarth;carthage;sidi bou said;tunis,Tunisie,36.87834202436271,10.325372599053212,PARK,OUTDOOR,SUMMER,juin,4,6,140,0,LOW,True,musee;culture;histoire;observation,VERY_HIGH,RECOMMENDED
1108,Visite musée adaptée enfants - Jardin Public de La Marsa,Découverte accompagnée avec jeu de questions simples et dessins après visite.,SORTIE,Jardin Public de La Marsa,"La Marsa, Tunis, Tunisie",La Marsa,la marsa;gammarth;carthage;sidi bou said;tunis,Tunisie,36.87838060182416,10.323798171254492,PARK,OUTDOOR,AUTUMN,novembre,4,6,130,11,MEDIUM,True,musee;culture;histoire;observation,VERY_HIGH,RECOMMENDED
1109,Visite musée adaptée enfants - Jardin Public de La Marsa,Découverte accompagnée avec jeu de questions simples et dessins après visite.,SORTIE,Jardin Public de La Marsa,"La Marsa, Tunis, Tunisie",La Marsa,la marsa;gammarth;carthage;sidi bou said;tunis,Tunisie,36.879060422073614,10.324117476186988,PARK,OUTDOOR,WINTER,fevrier,4,6,140,0,LOW,True,musee;culture;histoire;observation,VERY_HIGH,RECOMMENDED
1110,Parcours motricité - Jardin Public de La Marsa,"Sauts, équilibre, tunnel et coordination avec encadrement.",SPORT,Jardin Public de La Marsa,"La Marsa, Tunis, Tunisie",La Marsa,la marsa;gammarth;carthage;sidi bou said;tunis,Tunisie,36.87880203989802,10.323821400376572,PARK,OUTDOOR,ALL,all,2,6,65,3,LOW,True,sport;motricite;coordination;energie,HIGH,RECOMMENDED
1111,Parcours motricité - Jardin Public de La Marsa,"Sauts, équilibre, tunnel et coordination avec encadrement.",SPORT,Jardin Public de La Marsa,"La Marsa, Tunis, Tunisie",La Marsa,la marsa;gammarth;carthage;sidi bou said;tunis,Tunisie,36.87773163126899,10.323781306304548,PARK,OUTDOOR,SPRING,avril,2,6,45,5,LOW,True,sport;motricite;coordination;energie,HIGH,RECOMMENDED
1112,Parcours motricité - Jardin Public de La Marsa,"Sauts, équilibre, tunnel et coordination avec encadrement.",SPORT,Jardin Public de La Marsa,"La Marsa, Tunis, Tunisie",La Marsa,la marsa;gammarth;carthage;sidi bou said;tunis,Tunisie,36.87912117349087,10.323894238500316,PARK,OUTDOOR,SUMMER,juillet,2,6,55,0,LOW,True,sport;motricite;coordination;energie,HIGH,RECOMMENDED
1113,Parcours motricité - Jardin Public de La Marsa,"Sauts, équilibre, tunnel et coordination avec encadrement.",SPORT,Jardin Public de La Marsa,"La Marsa, Tunis, Tunisie",La Marsa,la marsa;gammarth;carthage;sidi bou said;tunis,Tunisie,36.877586238895745,10.32501375302745,PARK,OUTDOOR,AUTUMN,novembre,2,6,55,4,LOW,True,sport;motricite;coordination;energie,HIGH,RECOMMENDED
1114,Jeux collectifs doux - Jardin Public de La Marsa,Jeux de ballon simples pour apprendre les règles et l équipe.,SPORT,Jardin Public de La Marsa,"La Marsa, Tunis, Tunisie",La Marsa,la marsa;gammarth;carthage;sidi bou said;tunis,Tunisie,36.87831628321432,10.325192216752551,PARK,OUTDOOR,ALL,all,3,6,75,11,MEDIUM,True,sport;cooperation;ballon;regles,HIGH,RECOMMENDED
1115,Jeux collectifs doux - Jardin Public de La Marsa,Jeux de ballon simples pour apprendre les règles et l équipe.,SPORT,Jardin Public de La Marsa,"La Marsa, Tunis, Tunisie",La Marsa,la marsa;gammarth;carthage;sidi bou said;tunis,Tunisie,36.87853048470954,10.325465648038746,PARK,OUTDOOR,SPRING,mai,3,6,70,9,MEDIUM,True,sport;cooperation;ballon;regles,HIGH,RECOMMENDED
1116,Jeux collectifs doux - Jardin Public de La Marsa,Jeux de ballon simples pour apprendre les règles et l équipe.,SPORT,Jardin Public de La Marsa,"La Marsa, Tunis, Tunisie",La Marsa,la marsa;gammarth;carthage;sidi bou said;tunis,Tunisie,36.878209385561014,10.325015063762041,PARK,OUTDOOR,SUMMER,juin,3,6,80,9,MEDIUM,True,sport;cooperation;ballon;regles,HIGH,RECOMMENDED
1117,Jeux collectifs doux - Jardin Public de La Marsa,Jeux de ballon simples pour apprendre les règles et l équipe.,SPORT,Jardin Public de La Marsa,"La Marsa, Tunis, Tunisie",La Marsa,la marsa;gammarth;carthage;sidi bou said;tunis,Tunisie,36.87918292598123,10.32434930821724,PARK,OUTDOOR,AUTUMN,octobre,3,6,75,7,LOW,True,sport;cooperation;ballon;regles,HIGH,RECOMMENDED
1118,Fête saisonnière - Jardin Public de La Marsa,"Décoration, chants, jeux et goûter selon la saison.",FETE,Jardin Public de La Marsa,"La Marsa, Tunis, Tunisie",La Marsa,la marsa;gammarth;carthage;sidi bou said;tunis,Tunisie,36.878061176145465,10.32515173536723,PARK,OUTDOOR,ALL,all,2,6,85,9,MEDIUM,True,fete;chants;decoration;socialisation,HIGH,RECOMMENDED
1119,Fête saisonnière - Jardin Public de La Marsa,"Décoration, chants, jeux et goûter selon la saison.",FETE,Jardin Public de La Marsa,"La Marsa, Tunis, Tunisie",La Marsa,la marsa;gammarth;carthage;sidi bou said;tunis,Tunisie,36.87795012614974,10.324800477411243,PARK,OUTDOOR,SPRING,mai,2,6,90,6,LOW,True,fete;chants;decoration;socialisation,HIGH,RECOMMENDED
1120,Fête saisonnière - Jardin Public de La Marsa,"Décoration, chants, jeux et goûter selon la saison.",FETE,Jardin Public de La Marsa,"La Marsa, Tunis, Tunisie",La Marsa,la marsa;gammarth;carthage;sidi bou said;tunis,Tunisie,36.87911964886184,10.323700391255711,PARK,OUTDOOR,SUMMER,juillet,2,6,75,7,LOW,True,fete;chants;decoration;socialisation,HIGH,RECOMMENDED
1121,Fête saisonnière - Jardin Public de La Marsa,"Décoration, chants, jeux et goûter selon la saison.",FETE,Jardin Public de La Marsa,"La Marsa, Tunis, Tunisie",La Marsa,la marsa;gammarth;carthage;sidi bou said;tunis,Tunisie,36.87823521871768,10.325686824019108,PARK,OUTDOOR,AUTUMN,octobre,2,6,90,6,LOW,True,fete;chants;decoration;socialisation,HIGH,RECOMMENDED
1122,Chasse aux formes - Jardin Public de La Marsa,Recherche de formes et couleurs dans un espace sécurisé.,ACTIVITE,Jardin Public de La Marsa,"La Marsa, Tunis, Tunisie",La Marsa,la marsa;gammarth;carthage;sidi bou said;tunis,Tunisie,36.87780066792346,10.324143773406965,PARK,OUTDOOR,ALL,all,2,5,60,0,LOW,True,formes;couleurs;observation;jeu,HIGH,RECOMMENDED
1123,Chasse aux formes - Jardin Public de La Marsa,Recherche de formes et couleurs dans un espace sécurisé.,ACTIVITE,Jardin Public de La Marsa,"La Marsa, Tunis, Tunisie",La Marsa,la marsa;gammarth;carthage;sidi bou said;tunis,Tunisie,36.87903822416594,10.324722542976682,PARK,OUTDOOR,SPRING,mars,2,5,55,2,LOW,True,formes;couleurs;observation;jeu,HIGH,RECOMMENDED
1124,Chasse aux formes - Jardin Public de La Marsa,Recherche de formes et couleurs dans un espace sécurisé.,ACTIVITE,Jardin Public de La Marsa,"La Marsa, Tunis, Tunisie",La Marsa,la marsa;gammarth;carthage;sidi bou said;tunis,Tunisie,36.87812073961132,10.324012214212692,PARK,OUTDOOR,SUMMER,juin,2,5,60,0,LOW,True,formes;couleurs;observation;jeu,HIGH,RECOMMENDED
1125,Chasse aux formes - Jardin Public de La Marsa,Recherche de formes et couleurs dans un espace sécurisé.,ACTIVITE,Jardin Public de La Marsa,"La Marsa, Tunis, Tunisie",La Marsa,la marsa;gammarth;carthage;sidi bou said;tunis,Tunisie,36.87769971381177,10.324212487676904,PARK,OUTDOOR,AUTUMN,octobre,2,5,60,6,LOW,True,formes;couleurs;observation;jeu,HIGH,RECOMMENDED
1126,Chasse aux formes - Jardin Public de La Marsa,Recherche de formes et couleurs dans un espace sécurisé.,ACTIVITE,Jardin Public de La Marsa,"La Marsa, Tunis, Tunisie",La Marsa,la marsa;gammarth;carthage;sidi bou said;tunis,Tunisie,36.877999596496956,10.32553576360669,PARK,OUTDOOR,WINTER,decembre,2,5,45,6,LOW,True,formes;couleurs;observation;jeu,HIGH,RECOMMENDED
1127,Sortie patrimoine en images - Jardin Public de La Marsa,"Découverte d un lieu historique avec photos, croquis et vocabulaire.",SORTIE,Jardin Public de La Marsa,"La Marsa, Tunis, Tunisie",La Marsa,la marsa;gammarth;carthage;sidi bou said;tunis,Tunisie,36.877545804981715,10.32535141048877,PARK,OUTDOOR,ALL,all,4,6,110,5,LOW,True,patrimoine;histoire;langage;sortie,HIGH,RECOMMENDED
1128,Sortie patrimoine en images - Jardin Public de La Marsa,"Découverte d un lieu historique avec photos, croquis et vocabulaire.",SORTIE,Jardin Public de La Marsa,"La Marsa, Tunis, Tunisie",La Marsa,la marsa;gammarth;carthage;sidi bou said;tunis,Tunisie,36.878661578723914,10.324852567392313,PARK,OUTDOOR,SPRING,mai,4,6,110,2,LOW,True,patrimoine;histoire;langage;sortie,HIGH,RECOMMENDED
1129,Sortie patrimoine en images - Jardin Public de La Marsa,"Découverte d un lieu historique avec photos, croquis et vocabulaire.",SORTIE,Jardin Public de La Marsa,"La Marsa, Tunis, Tunisie",La Marsa,la marsa;gammarth;carthage;sidi bou said;tunis,Tunisie,36.8789595850053,10.324568608793863,PARK,OUTDOOR,SUMMER,juin,4,6,110,5,LOW,True,patrimoine;histoire;langage;sortie,HIGH,RECOMMENDED
1130,Sortie patrimoine en images - Jardin Public de La Marsa,"Découverte d un lieu historique avec photos, croquis et vocabulaire.",SORTIE,Jardin Public de La Marsa,"La Marsa, Tunis, Tunisie",La Marsa,la marsa;gammarth;carthage;sidi bou said;tunis,Tunisie,36.878467774206065,10.324964387240746,PARK,OUTDOOR,AUTUMN,septembre,4,6,110,6,LOW,True,patrimoine;histoire;langage;sortie,HIGH,RECOMMENDED
1131,Sortie patrimoine en images - Jardin Public de La Marsa,"Découverte d un lieu historique avec photos, croquis et vocabulaire.",SORTIE,Jardin Public de La Marsa,"La Marsa, Tunis, Tunisie",La Marsa,la marsa;gammarth;carthage;sidi bou said;tunis,Tunisie,36.87783863308042,10.324829825787985,PARK,OUTDOOR,WINTER,janvier,4,6,125,6,LOW,True,patrimoine;histoire;langage;sortie,HIGH,RECOMMENDED
1132,Jardinage pédagogique - Jardin Public de La Marsa,"Planter, arroser et comprendre les besoins d une plante.",ACTIVITE,Jardin Public de La Marsa,"La Marsa, Tunis, Tunisie",La Marsa,la marsa;gammarth;carthage;sidi bou said;tunis,Tunisie,36.87859553730519,10.32400639496521,PARK,OUTDOOR,ALL,all,3,6,75,6,LOW,True,jardinage;nature;responsabilite;sensoriel,VERY_HIGH,HIGHLY_RECOMMENDED
1133,Jardinage pédagogique - Jardin Public de La Marsa,"Planter, arroser et comprendre les besoins d une plante.",ACTIVITE,Jardin Public de La Marsa,"La Marsa, Tunis, Tunisie",La Marsa,la marsa;gammarth;carthage;sidi bou said;tunis,Tunisie,36.8783505097077,10.32388016590509,PARK,OUTDOOR,SPRING,avril,3,6,75,6,LOW,True,jardinage;nature;responsabilite;sensoriel,VERY_HIGH,HIGHLY_RECOMMENDED
1134,Jardinage pédagogique - Jardin Public de La Marsa,"Planter, arroser et comprendre les besoins d une plante.",ACTIVITE,Jardin Public de La Marsa,"La Marsa, Tunis, Tunisie",La Marsa,la marsa;gammarth;carthage;sidi bou said;tunis,Tunisie,36.87749602480132,10.324372336356081,PARK,OUTDOOR,SUMMER,juillet,3,6,75,4,LOW,True,jardinage;nature;responsabilite;sensoriel,VERY_HIGH,HIGHLY_RECOMMENDED
1135,Jardinage pédagogique - Jardin Public de La Marsa,"Planter, arroser et comprendre les besoins d une plante.",ACTIVITE,Jardin Public de La Marsa,"La Marsa, Tunis, Tunisie",La Marsa,la marsa;gammarth;carthage;sidi bou said;tunis,Tunisie,36.878296304810036,10.324225115953164,PARK,OUTDOOR,AUTUMN,novembre,3,6,75,0,LOW,True,jardinage;nature;responsabilite;sensoriel,VERY_HIGH,HIGHLY_RECOMMENDED
1136,Jardinage pédagogique - Jardin Public de La Marsa,"Planter, arroser et comprendre les besoins d une plante.",ACTIVITE,Jardin Public de La Marsa,"La Marsa, Tunis, Tunisie",La Marsa,la marsa;gammarth;carthage;sidi bou said;tunis,Tunisie,36.87874765027311,10.32396075034979,PARK,OUTDOOR,WINTER,fevrier,3,6,65,4,LOW,True,jardinage;nature;responsabilite;sensoriel,VERY_HIGH,HIGHLY_RECOMMENDED
1137,Lecture de contes illustrés - Plage de La Marsa,"Histoires courtes, images et discussion pour stimuler le langage.",ACTIVITE,Plage de La Marsa,"Plage de La Marsa, Tunis, Tunisie",La Marsa,la marsa;gammarth;carthage;sidi bou said;tunis,Tunisie,36.884118592354625,10.33197572219961,BEACH,OUTDOOR,ALL,all,2,6,40,4,LOW,True,lecture;contes;langage;calme,VERY_HIGH,HIGHLY_RECOMMENDED
1138,Lecture de contes illustrés - Plage de La Marsa,"Histoires courtes, images et discussion pour stimuler le langage.",ACTIVITE,Plage de La Marsa,"Plage de La Marsa, Tunis, Tunisie",La Marsa,la marsa;gammarth;carthage;sidi bou said;tunis,Tunisie,36.88499415753388,10.332048495564555,BEACH,OUTDOOR,SPRING,mai,2,6,40,6,LOW,True,lecture;contes;langage;calme,VERY_HIGH,HIGHLY_RECOMMENDED
1139,Lecture de contes illustrés - Plage de La Marsa,"Histoires courtes, images et discussion pour stimuler le langage.",ACTIVITE,Plage de La Marsa,"Plage de La Marsa, Tunis, Tunisie",La Marsa,la marsa;gammarth;carthage;sidi bou said;tunis,Tunisie,36.88455354379759,10.331646823282313,BEACH,OUTDOOR,SUMMER,juin,2,6,30,2,LOW,True,lecture;contes;langage;calme,VERY_HIGH,HIGHLY_RECOMMENDED
1140,Lecture de contes illustrés - Plage de La Marsa,"Histoires courtes, images et discussion pour stimuler le langage.",ACTIVITE,Plage de La Marsa,"Plage de La Marsa, Tunis, Tunisie",La Marsa,la marsa;gammarth;carthage;sidi bou said;tunis,Tunisie,36.883847081204735,10.331696615713694,BEACH,OUTDOOR,AUTUMN,septembre,2,6,45,4,LOW,True,lecture;contes;langage;calme,VERY_HIGH,HIGHLY_RECOMMENDED
1141,Lecture de contes illustrés - Plage de La Marsa,"Histoires courtes, images et discussion pour stimuler le langage.",ACTIVITE,Plage de La Marsa,"Plage de La Marsa, Tunis, Tunisie",La Marsa,la marsa;gammarth;carthage;sidi bou said;tunis,Tunisie,36.88431081971562,10.332539362584127,BEACH,OUTDOOR,WINTER,janvier,2,6,40,6,LOW,True,lecture;contes;langage;calme,VERY_HIGH,HIGHLY_RECOMMENDED
1142,Sortie découverte nature - Plage de La Marsa,"Observation des arbres, oiseaux, feuilles et petits jeux calmes.",SORTIE,Plage de La Marsa,"Plage de La Marsa, Tunis, Tunisie",La Marsa,la marsa;gammarth;carthage;sidi bou said;tunis,Tunisie,36.88464316810653,10.332605592048798,BEACH,OUTDOOR,ALL,all,3,6,100,7,LOW,True,nature;observation;ecologie;sortie,VERY_HIGH,HIGHLY_RECOMMENDED
1143,Sortie découverte nature - Plage de La Marsa,"Observation des arbres, oiseaux, feuilles et petits jeux calmes.",SORTIE,Plage de La Marsa,"Plage de La Marsa, Tunis, Tunisie",La Marsa,la marsa;gammarth;carthage;sidi bou said;tunis,Tunisie,36.88339937042721,10.331747641580641,BEACH,OUTDOOR,SPRING,avril,3,6,90,0,LOW,True,nature;observation;ecologie;sortie,VERY_HIGH,HIGHLY_RECOMMENDED
1144,Sortie découverte nature - Plage de La Marsa,"Observation des arbres, oiseaux, feuilles et petits jeux calmes.",SORTIE,Plage de La Marsa,"Plage de La Marsa, Tunis, Tunisie",La Marsa,la marsa;gammarth;carthage;sidi bou said;tunis,Tunisie,36.88489788183005,10.332853459390218,BEACH,OUTDOOR,SUMMER,juin,3,6,105,0,LOW,True,nature;observation;ecologie;sortie,VERY_HIGH,HIGHLY_RECOMMENDED
1145,Sortie découverte nature - Plage de La Marsa,"Observation des arbres, oiseaux, feuilles et petits jeux calmes.",SORTIE,Plage de La Marsa,"Plage de La Marsa, Tunis, Tunisie",La Marsa,la marsa;gammarth;carthage;sidi bou said;tunis,Tunisie,36.88460856154727,10.33161023610011,BEACH,OUTDOOR,AUTUMN,septembre,3,6,110,7,LOW,True,nature;observation;ecologie;sortie,VERY_HIGH,HIGHLY_RECOMMENDED
1146,Sortie découverte nature - Plage de La Marsa,"Observation des arbres, oiseaux, feuilles et petits jeux calmes.",SORTIE,Plage de La Marsa,"Plage de La Marsa, Tunis, Tunisie",La Marsa,la marsa;gammarth;carthage;sidi bou said;tunis,Tunisie,36.884480025970014,10.331423750627097,BEACH,OUTDOOR,WINTER,decembre,3,6,105,2,LOW,True,nature;observation;ecologie;sortie,VERY_HIGH,HIGHLY_RECOMMENDED
1147,Mini randonnée éducative - Plage de La Marsa,"Promenade courte avec pauses, consignes de sécurité et découverte.",SORTIE,Plage de La Marsa,"Plage de La Marsa, Tunis, Tunisie",La Marsa,la marsa;gammarth;carthage;sidi bou said;tunis,Tunisie,36.884246083985715,10.332984604256472,BEACH,OUTDOOR,ALL,all,4,6,90,9,MEDIUM,True,marche;nature;autonomie;securite,HIGH,POSSIBLE
1148,Mini randonnée éducative - Plage de La Marsa,"Promenade courte avec pauses, consignes de sécurité et découverte.",SORTIE,Plage de La Marsa,"Plage de La Marsa, Tunis, Tunisie",La Marsa,la marsa;gammarth;carthage;sidi bou said;tunis,Tunisie,36.88405359818106,10.331510912689126,BEACH,OUTDOOR,SPRING,avril,4,6,90,11,MEDIUM,True,marche;nature;autonomie;securite,HIGH,POSSIBLE
1149,Mini randonnée éducative - Plage de La Marsa,"Promenade courte avec pauses, consignes de sécurité et découverte.",SORTIE,Plage de La Marsa,"Plage de La Marsa, Tunis, Tunisie",La Marsa,la marsa;gammarth;carthage;sidi bou said;tunis,Tunisie,36.88423592955278,10.331106170497314,BEACH,OUTDOOR,SUMMER,juillet,4,6,90,5,LOW,True,marche;nature;autonomie;securite,HIGH,RECOMMENDED
1150,Mini randonnée éducative - Plage de La Marsa,"Promenade courte avec pauses, consignes de sécurité et découverte.",SORTIE,Plage de La Marsa,"Plage de La Marsa, Tunis, Tunisie",La Marsa,la marsa;gammarth;carthage;sidi bou said;tunis,Tunisie,36.88354262075816,10.332704165889515,BEACH,OUTDOOR,AUTUMN,septembre,4,6,105,9,MEDIUM,True,marche;nature;autonomie;securite,HIGH,POSSIBLE
1151,Mini randonnée éducative - Plage de La Marsa,"Promenade courte avec pauses, consignes de sécurité et découverte.",SORTIE,Plage de La Marsa,"Plage de La Marsa, Tunis, Tunisie",La Marsa,la marsa;gammarth;carthage;sidi bou said;tunis,Tunisie,36.88473482088571,10.332298822289506,BEACH,OUTDOOR,WINTER,decembre,4,6,100,3,LOW,True,marche;nature;autonomie;securite,HIGH,RECOMMENDED
1152,Visite musée adaptée enfants - Plage de La Marsa,Découverte accompagnée avec jeu de questions simples et dessins après visite.,SORTIE,Plage de La Marsa,"Plage de La Marsa, Tunis, Tunisie",La Marsa,la marsa;gammarth;carthage;sidi bou said;tunis,Tunisie,36.88495322387978,10.331199207423685,BEACH,OUTDOOR,ALL,all,4,6,135,9,MEDIUM,True,musee;culture;histoire;observation,VERY_HIGH,RECOMMENDED
1153,Visite musée adaptée enfants - Plage de La Marsa,Découverte accompagnée avec jeu de questions simples et dessins après visite.,SORTIE,Plage de La Marsa,"Plage de La Marsa, Tunis, Tunisie",La Marsa,la marsa;gammarth;carthage;sidi bou said;tunis,Tunisie,36.88317604133765,10.331397750400017,BEACH,OUTDOOR,SPRING,avril,4,6,140,11,MEDIUM,True,musee;culture;histoire;observation,VERY_HIGH,RECOMMENDED
1154,Visite musée adaptée enfants - Plage de La Marsa,Découverte accompagnée avec jeu de questions simples et dessins après visite.,SORTIE,Plage de La Marsa,"Plage de La Marsa, Tunis, Tunisie",La Marsa,la marsa;gammarth;carthage;sidi bou said;tunis,Tunisie,36.8834947842795,10.33205883072771,BEACH,OUTDOOR,SUMMER,aout,4,6,135,0,LOW,True,musee;culture;histoire;observation,VERY_HIGH,RECOMMENDED
1155,Visite musée adaptée enfants - Plage de La Marsa,Découverte accompagnée avec jeu de questions simples et dessins après visite.,SORTIE,Plage de La Marsa,"Plage de La Marsa, Tunis, Tunisie",La Marsa,la marsa;gammarth;carthage;sidi bou said;tunis,Tunisie,36.88331401050118,10.331693559805815,BEACH,OUTDOOR,AUTUMN,octobre,4,6,135,9,MEDIUM,True,musee;culture;histoire;observation,VERY_HIGH,RECOMMENDED
1156,Visite musée adaptée enfants - Plage de La Marsa,Découverte accompagnée avec jeu de questions simples et dessins après visite.,SORTIE,Plage de La Marsa,"Plage de La Marsa, Tunis, Tunisie",La Marsa,la marsa;gammarth;carthage;sidi bou said;tunis,Tunisie,36.88499198882249,10.332957175649723,BEACH,OUTDOOR,WINTER,janvier,4,6,135,2,LOW,True,musee;culture;histoire;observation,VERY_HIGH,RECOMMENDED
1157,Parcours motricité - Plage de La Marsa,"Sauts, équilibre, tunnel et coordination avec encadrement.",SPORT,Plage de La Marsa,"Plage de La Marsa, Tunis, Tunisie",La Marsa,la marsa;gammarth;carthage;sidi bou said;tunis,Tunisie,36.88351535872934,10.331774341179289,BEACH,OUTDOOR,ALL,all,2,6,45,5,LOW,True,sport;motricite;coordination;energie,HIGH,RECOMMENDED
1158,Parcours motricité - Plage de La Marsa,"Sauts, équilibre, tunnel et coordination avec encadrement.",SPORT,Plage de La Marsa,"Plage de La Marsa, Tunis, Tunisie",La Marsa,la marsa;gammarth;carthage;sidi bou said;tunis,Tunisie,36.883303416361535,10.33279435062994,BEACH,OUTDOOR,SPRING,mai,2,6,55,2,LOW,True,sport;motricite;coordination;energie,HIGH,RECOMMENDED
1159,Parcours motricité - Plage de La Marsa,"Sauts, équilibre, tunnel et coordination avec encadrement.",SPORT,Plage de La Marsa,"Plage de La Marsa, Tunis, Tunisie",La Marsa,la marsa;gammarth;carthage;sidi bou said;tunis,Tunisie,36.88492121138689,10.3322248967867,BEACH,OUTDOOR,SUMMER,juin,2,6,55,9,MEDIUM,True,sport;motricite;coordination;energie,HIGH,RECOMMENDED
1160,Parcours motricité - Plage de La Marsa,"Sauts, équilibre, tunnel et coordination avec encadrement.",SPORT,Plage de La Marsa,"Plage de La Marsa, Tunis, Tunisie",La Marsa,la marsa;gammarth;carthage;sidi bou said;tunis,Tunisie,36.88330549830834,10.332941074346191,BEACH,OUTDOOR,AUTUMN,octobre,2,6,60,5,LOW,True,sport;motricite;coordination;energie,HIGH,RECOMMENDED
1161,Jeux collectifs doux - Plage de La Marsa,Jeux de ballon simples pour apprendre les règles et l équipe.,SPORT,Plage de La Marsa,"Plage de La Marsa, Tunis, Tunisie",La Marsa,la marsa;gammarth;carthage;sidi bou said;tunis,Tunisie,36.88326354426454,10.332304945292154,BEACH,OUTDOOR,ALL,all,3,6,70,9,MEDIUM,True,sport;cooperation;ballon;regles,HIGH,RECOMMENDED
1162,Jeux collectifs doux - Plage de La Marsa,Jeux de ballon simples pour apprendre les règles et l équipe.,SPORT,Plage de La Marsa,"Plage de La Marsa, Tunis, Tunisie",La Marsa,la marsa;gammarth;carthage;sidi bou said;tunis,Tunisie,36.88441027277557,10.332047610967004,BEACH,OUTDOOR,SPRING,mars,3,6,70,7,LOW,True,sport;cooperation;ballon;regles,HIGH,RECOMMENDED
1163,Jeux collectifs doux - Plage de La Marsa,Jeux de ballon simples pour apprendre les règles et l équipe.,SPORT,Plage de La Marsa,"Plage de La Marsa, Tunis, Tunisie",La Marsa,la marsa;gammarth;carthage;sidi bou said;tunis,Tunisie,36.88486605989284,10.332834224241347,BEACH,OUTDOOR,SUMMER,juillet,3,6,75,5,LOW,True,sport;cooperation;ballon;regles,HIGH,RECOMMENDED
1164,Jeux collectifs doux - Plage de La Marsa,Jeux de ballon simples pour apprendre les règles et l équipe.,SPORT,Plage de La Marsa,"Plage de La Marsa, Tunis, Tunisie",La Marsa,la marsa;gammarth;carthage;sidi bou said;tunis,Tunisie,36.88489720312833,10.331236774581436,BEACH,OUTDOOR,AUTUMN,septembre,3,6,75,11,MEDIUM,True,sport;cooperation;ballon;regles,HIGH,RECOMMENDED
1165,Fête saisonnière - Plage de La Marsa,"Décoration, chants, jeux et goûter selon la saison.",FETE,Plage de La Marsa,"Plage de La Marsa, Tunis, Tunisie",La Marsa,la marsa;gammarth;carthage;sidi bou said;tunis,Tunisie,36.883058966692765,10.331637374891045,BEACH,OUTDOOR,ALL,all,2,6,95,5,LOW,True,fete;chants;decoration;socialisation,HIGH,RECOMMENDED
1166,Fête saisonnière - Plage de La Marsa,"Décoration, chants, jeux et goûter selon la saison.",FETE,Plage de La Marsa,"Plage de La Marsa, Tunis, Tunisie",La Marsa,la marsa;gammarth;carthage;sidi bou said;tunis,Tunisie,36.884491219459974,10.332643397031637,BEACH,OUTDOOR,SPRING,avril,2,6,90,5,LOW,True,fete;chants;decoration;socialisation,HIGH,RECOMMENDED
1167,Fête saisonnière - Plage de La Marsa,"Décoration, chants, jeux et goûter selon la saison.",FETE,Plage de La Marsa,"Plage de La Marsa, Tunis, Tunisie",La Marsa,la marsa;gammarth;carthage;sidi bou said;tunis,Tunisie,36.88326309176065,10.331052396442928,BEACH,OUTDOOR,SUMMER,juin,2,6,90,0,LOW,True,fete;chants;decoration;socialisation,HIGH,RECOMMENDED
1168,Fête saisonnière - Plage de La Marsa,"Décoration, chants, jeux et goûter selon la saison.",FETE,Plage de La Marsa,"Plage de La Marsa, Tunis, Tunisie",La Marsa,la marsa;gammarth;carthage;sidi bou said;tunis,Tunisie,36.88346182269747,10.33146436506854,BEACH,OUTDOOR,AUTUMN,novembre,2,6,75,11,MEDIUM,True,fete;chants;decoration;socialisation,HIGH,RECOMMENDED
1169,Chasse aux formes - Plage de La Marsa,Recherche de formes et couleurs dans un espace sécurisé.,ACTIVITE,Plage de La Marsa,"Plage de La Marsa, Tunis, Tunisie",La Marsa,la marsa;gammarth;carthage;sidi bou said;tunis,Tunisie,36.88315895086062,10.332559652499507,BEACH,OUTDOOR,ALL,all,2,5,55,2,LOW,True,formes;couleurs;observation;jeu,HIGH,RECOMMENDED
1170,Chasse aux formes - Plage de La Marsa,Recherche de formes et couleurs dans un espace sécurisé.,ACTIVITE,Plage de La Marsa,"Plage de La Marsa, Tunis, Tunisie",La Marsa,la marsa;gammarth;carthage;sidi bou said;tunis,Tunisie,36.88393752699661,10.332299137106151,BEACH,OUTDOOR,SPRING,mai,2,5,55,6,LOW,True,formes;couleurs;observation;jeu,HIGH,RECOMMENDED
1171,Chasse aux formes - Plage de La Marsa,Recherche de formes et couleurs dans un espace sécurisé.,ACTIVITE,Plage de La Marsa,"Plage de La Marsa, Tunis, Tunisie",La Marsa,la marsa;gammarth;carthage;sidi bou said;tunis,Tunisie,36.88394769384172,10.331327572750945,BEACH,OUTDOOR,SUMMER,juillet,2,5,55,4,LOW,True,formes;couleurs;observation;jeu,HIGH,RECOMMENDED
1172,Chasse aux formes - Plage de La Marsa,Recherche de formes et couleurs dans un espace sécurisé.,ACTIVITE,Plage de La Marsa,"Plage de La Marsa, Tunis, Tunisie",La Marsa,la marsa;gammarth;carthage;sidi bou said;tunis,Tunisie,36.88452907770826,10.331030028520905,BEACH,OUTDOOR,AUTUMN,septembre,2,5,60,4,LOW,True,formes;couleurs;observation;jeu,HIGH,RECOMMENDED
1173,Chasse aux formes - Plage de La Marsa,Recherche de formes et couleurs dans un espace sécurisé.,ACTIVITE,Plage de La Marsa,"Plage de La Marsa, Tunis, Tunisie",La Marsa,la marsa;gammarth;carthage;sidi bou said;tunis,Tunisie,36.884484733323326,10.332976486834927,BEACH,OUTDOOR,WINTER,janvier,2,5,55,0,LOW,True,formes;couleurs;observation;jeu,HIGH,RECOMMENDED
1174,Sortie patrimoine en images - Plage de La Marsa,"Découverte d un lieu historique avec photos, croquis et vocabulaire.",SORTIE,Plage de La Marsa,"Plage de La Marsa, Tunis, Tunisie",La Marsa,la marsa;gammarth;carthage;sidi bou said;tunis,Tunisie,36.884854206412356,10.332971255279173,BEACH,OUTDOOR,ALL,all,4,6,130,0,LOW,True,patrimoine;histoire;langage;sortie,HIGH,RECOMMENDED
1175,Sortie patrimoine en images - Plage de La Marsa,"Découverte d un lieu historique avec photos, croquis et vocabulaire.",SORTIE,Plage de La Marsa,"Plage de La Marsa, Tunis, Tunisie",La Marsa,la marsa;gammarth;carthage;sidi bou said;tunis,Tunisie,36.884775173831684,10.331855111366584,BEACH,OUTDOOR,SPRING,mai,4,6,110,5,LOW,True,patrimoine;histoire;langage;sortie,HIGH,RECOMMENDED
1176,Sortie patrimoine en images - Plage de La Marsa,"Découverte d un lieu historique avec photos, croquis et vocabulaire.",SORTIE,Plage de La Marsa,"Plage de La Marsa, Tunis, Tunisie",La Marsa,la marsa;gammarth;carthage;sidi bou said;tunis,Tunisie,36.88362579498283,10.332223009749342,BEACH,OUTDOOR,SUMMER,aout,4,6,110,9,MEDIUM,True,patrimoine;histoire;langage;sortie,HIGH,POSSIBLE
1177,Sortie patrimoine en images - Plage de La Marsa,"Découverte d un lieu historique avec photos, croquis et vocabulaire.",SORTIE,Plage de La Marsa,"Plage de La Marsa, Tunis, Tunisie",La Marsa,la marsa;gammarth;carthage;sidi bou said;tunis,Tunisie,36.883913800847935,10.332755533934272,BEACH,OUTDOOR,AUTUMN,novembre,4,6,120,3,LOW,True,patrimoine;histoire;langage;sortie,HIGH,RECOMMENDED
1178,Sortie patrimoine en images - Plage de La Marsa,"Découverte d un lieu historique avec photos, croquis et vocabulaire.",SORTIE,Plage de La Marsa,"Plage de La Marsa, Tunis, Tunisie",La Marsa,la marsa;gammarth;carthage;sidi bou said;tunis,Tunisie,36.88496766128741,10.331078503244486,BEACH,OUTDOOR,WINTER,fevrier,4,6,130,9,MEDIUM,True,patrimoine;histoire;langage;sortie,HIGH,POSSIBLE
1179,Jardinage pédagogique - Plage de La Marsa,"Planter, arroser et comprendre les besoins d une plante.",ACTIVITE,Plage de La Marsa,"Plage de La Marsa, Tunis, Tunisie",La Marsa,la marsa;gammarth;carthage;sidi bou said;tunis,Tunisie,36.884530319744805,10.332925184623143,BEACH,OUTDOOR,ALL,all,3,6,65,6,LOW,True,jardinage;nature;responsabilite;sensoriel,VERY_HIGH,HIGHLY_RECOMMENDED
1180,Jardinage pédagogique - Plage de La Marsa,"Planter, arroser et comprendre les besoins d une plante.",ACTIVITE,Plage de La Marsa,"Plage de La Marsa, Tunis, Tunisie",La Marsa,la marsa;gammarth;carthage;sidi bou said;tunis,Tunisie,36.88379607978291,10.331609108295645,BEACH,OUTDOOR,SPRING,avril,3,6,70,4,LOW,True,jardinage;nature;responsabilite;sensoriel,VERY_HIGH,HIGHLY_RECOMMENDED
1181,Jardinage pédagogique - Plage de La Marsa,"Planter, arroser et comprendre les besoins d une plante.",ACTIVITE,Plage de La Marsa,"Plage de La Marsa, Tunis, Tunisie",La Marsa,la marsa;gammarth;carthage;sidi bou said;tunis,Tunisie,36.8838449243649,10.332226268558488,BEACH,OUTDOOR,SUMMER,juillet,3,6,55,0,LOW,True,jardinage;nature;responsabilite;sensoriel,VERY_HIGH,HIGHLY_RECOMMENDED
1182,Jardinage pédagogique - Plage de La Marsa,"Planter, arroser et comprendre les besoins d une plante.",ACTIVITE,Plage de La Marsa,"Plage de La Marsa, Tunis, Tunisie",La Marsa,la marsa;gammarth;carthage;sidi bou said;tunis,Tunisie,36.8848073512933,10.331927157906144,BEACH,OUTDOOR,AUTUMN,novembre,3,6,75,6,LOW,True,jardinage;nature;responsabilite;sensoriel,VERY_HIGH,HIGHLY_RECOMMENDED
1183,Jardinage pédagogique - Plage de La Marsa,"Planter, arroser et comprendre les besoins d une plante.",ACTIVITE,Plage de La Marsa,"Plage de La Marsa, Tunis, Tunisie",La Marsa,la marsa;gammarth;carthage;sidi bou said;tunis,Tunisie,36.88322634317249,10.332557462283752,BEACH,OUTDOOR,WINTER,decembre,3,6,65,6,LOW,True,jardinage;nature;responsabilite;sensoriel,VERY_HIGH,HIGHLY_RECOMMENDED
1184,Lecture de contes illustrés - Parc Sidi Bou Saïd,"Histoires courtes, images et discussion pour stimuler le langage.",ACTIVITE,Parc Sidi Bou Saïd,"Sidi Bou Saïd, Tunis, Tunisie",Sidi Bou Saïd,sidi bou said;carthage;la marsa;tunis,Tunisie,36.87172711861019,10.344901771709695,PARK,OUTDOOR,ALL,all,2,6,40,4,LOW,True,lecture;contes;langage;calme,VERY_HIGH,HIGHLY_RECOMMENDED
1185,Lecture de contes illustrés - Parc Sidi Bou Saïd,"Histoires courtes, images et discussion pour stimuler le langage.",ACTIVITE,Parc Sidi Bou Saïd,"Sidi Bou Saïd, Tunis, Tunisie",Sidi Bou Saïd,sidi bou said;carthage;la marsa;tunis,Tunisie,36.872693235014566,10.345791589814453,PARK,OUTDOOR,SPRING,avril,2,6,50,6,LOW,True,lecture;contes;langage;calme,VERY_HIGH,HIGHLY_RECOMMENDED
1186,Lecture de contes illustrés - Parc Sidi Bou Saïd,"Histoires courtes, images et discussion pour stimuler le langage.",ACTIVITE,Parc Sidi Bou Saïd,"Sidi Bou Saïd, Tunis, Tunisie",Sidi Bou Saïd,sidi bou said;carthage;la marsa;tunis,Tunisie,36.87154814956026,10.34529715286057,PARK,OUTDOOR,SUMMER,juin,2,6,40,2,LOW,True,lecture;contes;langage;calme,VERY_HIGH,HIGHLY_RECOMMENDED
1187,Lecture de contes illustrés - Parc Sidi Bou Saïd,"Histoires courtes, images et discussion pour stimuler le langage.",ACTIVITE,Parc Sidi Bou Saïd,"Sidi Bou Saïd, Tunis, Tunisie",Sidi Bou Saïd,sidi bou said;carthage;la marsa;tunis,Tunisie,36.871082382481006,10.345412453419707,PARK,OUTDOOR,AUTUMN,novembre,2,6,45,0,LOW,True,lecture;contes;langage;calme,VERY_HIGH,HIGHLY_RECOMMENDED
1188,Lecture de contes illustrés - Parc Sidi Bou Saïd,"Histoires courtes, images et discussion pour stimuler le langage.",ACTIVITE,Parc Sidi Bou Saïd,"Sidi Bou Saïd, Tunis, Tunisie",Sidi Bou Saïd,sidi bou said;carthage;la marsa;tunis,Tunisie,36.87231455823755,10.34545374767171,PARK,OUTDOOR,WINTER,decembre,2,6,40,6,LOW,True,lecture;contes;langage;calme,VERY_HIGH,HIGHLY_RECOMMENDED
1189,Sortie découverte nature - Parc Sidi Bou Saïd,"Observation des arbres, oiseaux, feuilles et petits jeux calmes.",SORTIE,Parc Sidi Bou Saïd,"Sidi Bou Saïd, Tunis, Tunisie",Sidi Bou Saïd,sidi bou said;carthage;la marsa;tunis,Tunisie,36.871661214018516,10.345536520647569,PARK,OUTDOOR,ALL,all,3,6,105,9,MEDIUM,True,nature;observation;ecologie;sortie,VERY_HIGH,RECOMMENDED
1190,Sortie découverte nature - Parc Sidi Bou Saïd,"Observation des arbres, oiseaux, feuilles et petits jeux calmes.",SORTIE,Parc Sidi Bou Saïd,"Sidi Bou Saïd, Tunis, Tunisie",Sidi Bou Saïd,sidi bou said;carthage;la marsa;tunis,Tunisie,36.87263763707495,10.344357733529348,PARK,OUTDOOR,SPRING,mai,3,6,90,0,LOW,True,nature;observation;ecologie;sortie,VERY_HIGH,HIGHLY_RECOMMENDED
1191,Sortie découverte nature - Parc Sidi Bou Saïd,"Observation des arbres, oiseaux, feuilles et petits jeux calmes.",SORTIE,Parc Sidi Bou Saïd,"Sidi Bou Saïd, Tunis, Tunisie",Sidi Bou Saïd,sidi bou said;carthage;la marsa;tunis,Tunisie,36.8723603234942,10.345921932227109,PARK,OUTDOOR,SUMMER,juillet,3,6,105,5,LOW,True,nature;observation;ecologie;sortie,VERY_HIGH,HIGHLY_RECOMMENDED
1192,Sortie découverte nature - Parc Sidi Bou Saïd,"Observation des arbres, oiseaux, feuilles et petits jeux calmes.",SORTIE,Parc Sidi Bou Saïd,"Sidi Bou Saïd, Tunis, Tunisie",Sidi Bou Saïd,sidi bou said;carthage;la marsa;tunis,Tunisie,36.87269708382683,10.345920867759032,PARK,OUTDOOR,AUTUMN,novembre,3,6,90,0,LOW,True,nature;observation;ecologie;sortie,VERY_HIGH,HIGHLY_RECOMMENDED
1193,Sortie découverte nature - Parc Sidi Bou Saïd,"Observation des arbres, oiseaux, feuilles et petits jeux calmes.",SORTIE,Parc Sidi Bou Saïd,"Sidi Bou Saïd, Tunis, Tunisie",Sidi Bou Saïd,sidi bou said;carthage;la marsa;tunis,Tunisie,36.87181728531565,10.345710822112839,PARK,OUTDOOR,WINTER,fevrier,3,6,90,2,LOW,True,nature;observation;ecologie;sortie,VERY_HIGH,HIGHLY_RECOMMENDED
1194,Mini randonnée éducative - Parc Sidi Bou Saïd,"Promenade courte avec pauses, consignes de sécurité et découverte.",SORTIE,Parc Sidi Bou Saïd,"Sidi Bou Saïd, Tunis, Tunisie",Sidi Bou Saïd,sidi bou said;carthage;la marsa;tunis,Tunisie,36.871375756708034,10.34517772465437,PARK,OUTDOOR,ALL,all,4,6,110,9,MEDIUM,True,marche;nature;autonomie;securite,HIGH,POSSIBLE
1195,Mini randonnée éducative - Parc Sidi Bou Saïd,"Promenade courte avec pauses, consignes de sécurité et découverte.",SORTIE,Parc Sidi Bou Saïd,"Sidi Bou Saïd, Tunis, Tunisie",Sidi Bou Saïd,sidi bou said;carthage;la marsa;tunis,Tunisie,36.871058809834736,10.345200204208592,PARK,OUTDOOR,SPRING,avril,4,6,100,7,LOW,True,marche;nature;autonomie;securite,HIGH,RECOMMENDED
1196,Mini randonnée éducative - Parc Sidi Bou Saïd,"Promenade courte avec pauses, consignes de sécurité et découverte.",SORTIE,Parc Sidi Bou Saïd,"Sidi Bou Saïd, Tunis, Tunisie",Sidi Bou Saïd,sidi bou said;carthage;la marsa;tunis,Tunisie,36.8721572708511,10.345640242782611,PARK,OUTDOOR,SUMMER,aout,4,6,100,7,LOW,True,marche;nature;autonomie;securite,HIGH,RECOMMENDED
1197,Mini randonnée éducative - Parc Sidi Bou Saïd,"Promenade courte avec pauses, consignes de sécurité et découverte.",SORTIE,Parc Sidi Bou Saïd,"Sidi Bou Saïd, Tunis, Tunisie",Sidi Bou Saïd,sidi bou said;carthage;la marsa;tunis,Tunisie,36.871010127876,10.344698039666365,PARK,OUTDOOR,AUTUMN,septembre,4,6,100,0,LOW,True,marche;nature;autonomie;securite,HIGH,RECOMMENDED
1198,Mini randonnée éducative - Parc Sidi Bou Saïd,"Promenade courte avec pauses, consignes de sécurité et découverte.",SORTIE,Parc Sidi Bou Saïd,"Sidi Bou Saïd, Tunis, Tunisie",Sidi Bou Saïd,sidi bou said;carthage;la marsa;tunis,Tunisie,36.87149688309328,10.34584076939654,PARK,OUTDOOR,WINTER,decembre,4,6,90,11,MEDIUM,True,marche;nature;autonomie;securite,HIGH,POSSIBLE
1199,Visite musée adaptée enfants - Parc Sidi Bou Saïd,Découverte accompagnée avec jeu de questions simples et dessins après visite.,SORTIE,Parc Sidi Bou Saïd,"Sidi Bou Saïd, Tunis, Tunisie",Sidi Bou Saïd,sidi bou said;carthage;la marsa;tunis,Tunisie,36.87288747036126,10.344322670454861,PARK,OUTDOOR,ALL,all,4,6,135,3,LOW,True,musee;culture;histoire;observation,VERY_HIGH,RECOMMENDED
1200,Visite musée adaptée enfants - Parc Sidi Bou Saïd,Découverte accompagnée avec jeu de questions simples et dessins après visite.,SORTIE,Parc Sidi Bou Saïd,"Sidi Bou Saïd, Tunis, Tunisie",Sidi Bou Saïd,sidi bou said;carthage;la marsa;tunis,Tunisie,36.872474615159064,10.344354838534688,PARK,OUTDOOR,SPRING,mai,4,6,140,11,MEDIUM,True,musee;culture;histoire;observation,VERY_HIGH,RECOMMENDED
1201,Visite musée adaptée enfants - Parc Sidi Bou Saïd,Découverte accompagnée avec jeu de questions simples et dessins après visite.,SORTIE,Parc Sidi Bou Saïd,"Sidi Bou Saïd, Tunis, Tunisie",Sidi Bou Saïd,sidi bou said;carthage;la marsa;tunis,Tunisie,36.87276295963877,10.344186252575645,PARK,OUTDOOR,SUMMER,aout,4,6,135,9,MEDIUM,True,musee;culture;histoire;observation,VERY_HIGH,RECOMMENDED
1202,Visite musée adaptée enfants - Parc Sidi Bou Saïd,Découverte accompagnée avec jeu de questions simples et dessins après visite.,SORTIE,Parc Sidi Bou Saïd,"Sidi Bou Saïd, Tunis, Tunisie",Sidi Bou Saïd,sidi bou said;carthage;la marsa;tunis,Tunisie,36.87254052948456,10.345516883975675,PARK,OUTDOOR,AUTUMN,octobre,4,6,120,5,LOW,True,musee;culture;histoire;observation,VERY_HIGH,RECOMMENDED
1203,Visite musée adaptée enfants - Parc Sidi Bou Saïd,Découverte accompagnée avec jeu de questions simples et dessins après visite.,SORTIE,Parc Sidi Bou Saïd,"Sidi Bou Saïd, Tunis, Tunisie",Sidi Bou Saïd,sidi bou said;carthage;la marsa;tunis,Tunisie,36.87114404646001,10.345718815882124,PARK,OUTDOOR,WINTER,janvier,4,6,135,4,LOW,True,musee;culture;histoire;observation,VERY_HIGH,RECOMMENDED
1204,Parcours motricité - Parc Sidi Bou Saïd,"Sauts, équilibre, tunnel et coordination avec encadrement.",SPORT,Parc Sidi Bou Saïd,"Sidi Bou Saïd, Tunis, Tunisie",Sidi Bou Saïd,sidi bou said;carthage;la marsa;tunis,Tunisie,36.871949292418506,10.345391658994691,PARK,OUTDOOR,ALL,all,2,6,45,9,MEDIUM,True,sport;motricite;coordination;energie,HIGH,RECOMMENDED
1205,Parcours motricité - Parc Sidi Bou Saïd,"Sauts, équilibre, tunnel et coordination avec encadrement.",SPORT,Parc Sidi Bou Saïd,"Sidi Bou Saïd, Tunis, Tunisie",Sidi Bou Saïd,sidi bou said;carthage;la marsa;tunis,Tunisie,36.8728586998914,10.345057893246222,PARK,OUTDOOR,SPRING,mars,2,6,45,11,MEDIUM,True,sport;motricite;coordination;energie,HIGH,RECOMMENDED
1206,Parcours motricité - Parc Sidi Bou Saïd,"Sauts, équilibre, tunnel et coordination avec encadrement.",SPORT,Parc Sidi Bou Saïd,"Sidi Bou Saïd, Tunis, Tunisie",Sidi Bou Saïd,sidi bou said;carthage;la marsa;tunis,Tunisie,36.87147437460761,10.34521768921387,PARK,OUTDOOR,SUMMER,juillet,2,6,60,11,MEDIUM,True,sport;motricite;coordination;energie,HIGH,RECOMMENDED
1207,Parcours motricité - Parc Sidi Bou Saïd,"Sauts, équilibre, tunnel et coordination avec encadrement.",SPORT,Parc Sidi Bou Saïd,"Sidi Bou Saïd, Tunis, Tunisie",Sidi Bou Saïd,sidi bou said;carthage;la marsa;tunis,Tunisie,36.87289004867111,10.34470770668875,PARK,OUTDOOR,AUTUMN,octobre,2,6,55,11,MEDIUM,True,sport;motricite;coordination;energie,HIGH,RECOMMENDED
1208,Jeux collectifs doux - Parc Sidi Bou Saïd,Jeux de ballon simples pour apprendre les règles et l équipe.,SPORT,Parc Sidi Bou Saïd,"Sidi Bou Saïd, Tunis, Tunisie",Sidi Bou Saïd,sidi bou said;carthage;la marsa;tunis,Tunisie,36.87189279385089,10.345458369488,PARK,OUTDOOR,ALL,all,3,6,80,11,MEDIUM,True,sport;cooperation;ballon;regles,HIGH,RECOMMENDED
1209,Jeux collectifs doux - Parc Sidi Bou Saïd,Jeux de ballon simples pour apprendre les règles et l équipe.,SPORT,Parc Sidi Bou Saïd,"Sidi Bou Saïd, Tunis, Tunisie",Sidi Bou Saïd,sidi bou said;carthage;la marsa;tunis,Tunisie,36.871365443278975,10.34458097612827,PARK,OUTDOOR,SPRING,avril,3,6,70,5,LOW,True,sport;cooperation;ballon;regles,HIGH,RECOMMENDED
1210,Jeux collectifs doux - Parc Sidi Bou Saïd,Jeux de ballon simples pour apprendre les règles et l équipe.,SPORT,Parc Sidi Bou Saïd,"Sidi Bou Saïd, Tunis, Tunisie",Sidi Bou Saïd,sidi bou said;carthage;la marsa;tunis,Tunisie,36.87182977126874,10.345593465106457,PARK,OUTDOOR,SUMMER,juin,3,6,70,0,LOW,True,sport;cooperation;ballon;regles,HIGH,RECOMMENDED
1211,Jeux collectifs doux - Parc Sidi Bou Saïd,Jeux de ballon simples pour apprendre les règles et l équipe.,SPORT,Parc Sidi Bou Saïd,"Sidi Bou Saïd, Tunis, Tunisie",Sidi Bou Saïd,sidi bou said;carthage;la marsa;tunis,Tunisie,36.870990984379254,10.34469930008889,PARK,OUTDOOR,AUTUMN,novembre,3,6,70,7,LOW,True,sport;cooperation;ballon;regles,HIGH,RECOMMENDED
1212,Fête saisonnière - Parc Sidi Bou Saïd,"Décoration, chants, jeux et goûter selon la saison.",FETE,Parc Sidi Bou Saïd,"Sidi Bou Saïd, Tunis, Tunisie",Sidi Bou Saïd,sidi bou said;carthage;la marsa;tunis,Tunisie,36.87130237427786,10.344563253406502,PARK,OUTDOOR,ALL,all,2,6,75,5,LOW,True,fete;chants;decoration;socialisation,HIGH,RECOMMENDED
1213,Fête saisonnière - Parc Sidi Bou Saïd,"Décoration, chants, jeux et goûter selon la saison.",FETE,Parc Sidi Bou Saïd,"Sidi Bou Saïd, Tunis, Tunisie",Sidi Bou Saïd,sidi bou said;carthage;la marsa;tunis,Tunisie,36.87199998719876,10.34553406520197,PARK,OUTDOOR,SPRING,avril,2,6,75,7,LOW,True,fete;chants;decoration;socialisation,HIGH,RECOMMENDED
1214,Fête saisonnière - Parc Sidi Bou Saïd,"Décoration, chants, jeux et goûter selon la saison.",FETE,Parc Sidi Bou Saïd,"Sidi Bou Saïd, Tunis, Tunisie",Sidi Bou Saïd,sidi bou said;carthage;la marsa;tunis,Tunisie,36.87169209865219,10.345137843081593,PARK,OUTDOOR,SUMMER,aout,2,6,75,5,LOW,True,fete;chants;decoration;socialisation,HIGH,RECOMMENDED
1215,Fête saisonnière - Parc Sidi Bou Saïd,"Décoration, chants, jeux et goûter selon la saison.",FETE,Parc Sidi Bou Saïd,"Sidi Bou Saïd, Tunis, Tunisie",Sidi Bou Saïd,sidi bou said;carthage;la marsa;tunis,Tunisie,36.87256765060034,10.345844559530505,PARK,OUTDOOR,AUTUMN,septembre,2,6,95,3,LOW,True,fete;chants;decoration;socialisation,HIGH,RECOMMENDED
1216,Chasse aux formes - Parc Sidi Bou Saïd,Recherche de formes et couleurs dans un espace sécurisé.,ACTIVITE,Parc Sidi Bou Saïd,"Sidi Bou Saïd, Tunis, Tunisie",Sidi Bou Saïd,sidi bou said;carthage;la marsa;tunis,Tunisie,36.87249450876765,10.34529130444133,PARK,OUTDOOR,ALL,all,2,5,65,4,LOW,True,formes;couleurs;observation;jeu,HIGH,RECOMMENDED
1217,Chasse aux formes - Parc Sidi Bou Saïd,Recherche de formes et couleurs dans un espace sécurisé.,ACTIVITE,Parc Sidi Bou Saïd,"Sidi Bou Saïd, Tunis, Tunisie",Sidi Bou Saïd,sidi bou said;carthage;la marsa;tunis,Tunisie,36.87268411665357,10.345073935089946,PARK,OUTDOOR,SPRING,mars,2,5,60,4,LOW,True,formes;couleurs;observation;jeu,HIGH,RECOMMENDED
1218,Chasse aux formes - Parc Sidi Bou Saïd,Recherche de formes et couleurs dans un espace sécurisé.,ACTIVITE,Parc Sidi Bou Saïd,"Sidi Bou Saïd, Tunis, Tunisie",Sidi Bou Saïd,sidi bou said;carthage;la marsa;tunis,Tunisie,36.87275557995353,10.344112044570373,PARK,OUTDOOR,SUMMER,juillet,2,5,60,4,LOW,True,formes;couleurs;observation;jeu,HIGH,RECOMMENDED
1219,Chasse aux formes - Parc Sidi Bou Saïd,Recherche de formes et couleurs dans un espace sécurisé.,ACTIVITE,Parc Sidi Bou Saïd,"Sidi Bou Saïd, Tunis, Tunisie",Sidi Bou Saïd,sidi bou said;carthage;la marsa;tunis,Tunisie,36.8720103544166,10.344037436860923,PARK,OUTDOOR,AUTUMN,novembre,2,5,60,2,LOW,True,formes;couleurs;observation;jeu,HIGH,RECOMMENDED
1220,Chasse aux formes - Parc Sidi Bou Saïd,Recherche de formes et couleurs dans un espace sécurisé.,ACTIVITE,Parc Sidi Bou Saïd,"Sidi Bou Saïd, Tunis, Tunisie",Sidi Bou Saïd,sidi bou said;carthage;la marsa;tunis,Tunisie,36.872839226584865,10.344560920057308,PARK,OUTDOOR,WINTER,janvier,2,5,45,0,LOW,True,formes;couleurs;observation;jeu,HIGH,RECOMMENDED
1221,Sortie patrimoine en images - Parc Sidi Bou Saïd,"Découverte d un lieu historique avec photos, croquis et vocabulaire.",SORTIE,Parc Sidi Bou Saïd,"Sidi Bou Saïd, Tunis, Tunisie",Sidi Bou Saïd,sidi bou said;carthage;la marsa;tunis,Tunisie,36.872153021695226,10.345684811549873,PARK,OUTDOOR,ALL,all,4,6,130,5,LOW,True,patrimoine;histoire;langage;sortie,HIGH,RECOMMENDED
1222,Sortie patrimoine en images - Parc Sidi Bou Saïd,"Découverte d un lieu historique avec photos, croquis et vocabulaire.",SORTIE,Parc Sidi Bou Saïd,"Sidi Bou Saïd, Tunis, Tunisie",Sidi Bou Saïd,sidi bou said;carthage;la marsa;tunis,Tunisie,36.872629187381,10.34550308041734,PARK,OUTDOOR,SPRING,mars,4,6,125,6,LOW,True,patrimoine;histoire;langage;sortie,HIGH,RECOMMENDED
1223,Sortie patrimoine en images - Parc Sidi Bou Saïd,"Découverte d un lieu historique avec photos, croquis et vocabulaire.",SORTIE,Parc Sidi Bou Saïd,"Sidi Bou Saïd, Tunis, Tunisie",Sidi Bou Saïd,sidi bou said;carthage;la marsa;tunis,Tunisie,36.87172773913572,10.344994108868795,PARK,OUTDOOR,SUMMER,aout,4,6,120,3,LOW,True,patrimoine;histoire;langage;sortie,HIGH,RECOMMENDED
1224,Sortie patrimoine en images - Parc Sidi Bou Saïd,"Découverte d un lieu historique avec photos, croquis et vocabulaire.",SORTIE,Parc Sidi Bou Saïd,"Sidi Bou Saïd, Tunis, Tunisie",Sidi Bou Saïd,sidi bou said;carthage;la marsa;tunis,Tunisie,36.871332279758526,10.344604636597262,PARK,OUTDOOR,AUTUMN,octobre,4,6,110,7,LOW,True,patrimoine;histoire;langage;sortie,HIGH,RECOMMENDED
1225,Sortie patrimoine en images - Parc Sidi Bou Saïd,"Découverte d un lieu historique avec photos, croquis et vocabulaire.",SORTIE,Parc Sidi Bou Saïd,"Sidi Bou Saïd, Tunis, Tunisie",Sidi Bou Saïd,sidi bou said;carthage;la marsa;tunis,Tunisie,36.87272670769233,10.344887548185975,PARK,OUTDOOR,WINTER,janvier,4,6,110,0,LOW,True,patrimoine;histoire;langage;sortie,HIGH,RECOMMENDED
1226,Jardinage pédagogique - Parc Sidi Bou Saïd,"Planter, arroser et comprendre les besoins d une plante.",ACTIVITE,Parc Sidi Bou Saïd,"Sidi Bou Saïd, Tunis, Tunisie",Sidi Bou Saïd,sidi bou said;carthage;la marsa;tunis,Tunisie,36.87270991160124,10.344308155554387,PARK,OUTDOOR,ALL,all,3,6,70,4,LOW,True,jardinage;nature;responsabilite;sensoriel,VERY_HIGH,HIGHLY_RECOMMENDED
1227,Jardinage pédagogique - Parc Sidi Bou Saïd,"Planter, arroser et comprendre les besoins d une plante.",ACTIVITE,Parc Sidi Bou Saïd,"Sidi Bou Saïd, Tunis, Tunisie",Sidi Bou Saïd,sidi bou said;carthage;la marsa;tunis,Tunisie,36.87152071741782,10.344654675903072,PARK,OUTDOOR,SPRING,avril,3,6,55,6,LOW,True,jardinage;nature;responsabilite;sensoriel,VERY_HIGH,HIGHLY_RECOMMENDED
1228,Jardinage pédagogique - Parc Sidi Bou Saïd,"Planter, arroser et comprendre les besoins d une plante.",ACTIVITE,Parc Sidi Bou Saïd,"Sidi Bou Saïd, Tunis, Tunisie",Sidi Bou Saïd,sidi bou said;carthage;la marsa;tunis,Tunisie,36.87131037422008,10.34407310507386,PARK,OUTDOOR,SUMMER,aout,3,6,75,0,LOW,True,jardinage;nature;responsabilite;sensoriel,VERY_HIGH,HIGHLY_RECOMMENDED
1229,Jardinage pédagogique - Parc Sidi Bou Saïd,"Planter, arroser et comprendre les besoins d une plante.",ACTIVITE,Parc Sidi Bou Saïd,"Sidi Bou Saïd, Tunis, Tunisie",Sidi Bou Saïd,sidi bou said;carthage;la marsa;tunis,Tunisie,36.87113167197412,10.344621962635701,PARK,OUTDOOR,AUTUMN,novembre,3,6,55,6,LOW,True,jardinage;nature;responsabilite;sensoriel,VERY_HIGH,HIGHLY_RECOMMENDED
1230,Jardinage pédagogique - Parc Sidi Bou Saïd,"Planter, arroser et comprendre les besoins d une plante.",ACTIVITE,Parc Sidi Bou Saïd,"Sidi Bou Saïd, Tunis, Tunisie",Sidi Bou Saïd,sidi bou said;carthage;la marsa;tunis,Tunisie,36.87264375018607,10.344666579506798,PARK,OUTDOOR,WINTER,fevrier,3,6,55,6,LOW,True,jardinage;nature;responsabilite;sensoriel,VERY_HIGH,HIGHLY_RECOMMENDED
